1,35.371004,xCase,low,remains,public,health,state,confirm,novel,general,work,22,16
2,44.364492,low,remains,people,american,health,spread,keep,take,state,work,43,45
3,33.467529,cdc,conside,considers,immediate,measure,preparedness,serious,situation,take,able,2,11
4,52.592375,health,state,low,remains,community,need,protect,provide,information,public,44,18
5,37.807384,concerned,effort,health,help,iran,need,neighbor,people,public,response,1,47
6,39.604537,addition,also,america,area,certain,country,high,screen,thank,traveler,1,55
7,43.561698,reduce,face,hand,new,often,soap,state,wash,water,adam,6,11
8,43.685544,allow,around,attend,xContinue,due,event,general,issue,order,able,1,19
9,56.457718,high,condition,illness,severe,stay,disease,home,immune,individual,medical,5,19
10,47.383796,general,surgeon,use,adam,american,average,everything,fact,great,low,2,55
11,47.991007,care,complication,contract,especially,health,issue,know,mild,people,senior,2,53
12,49.835955,ask,population,protect,visitor,access,addition,care,department,effort,employee,2,12
13,49.820289,control,everything,life,see,take,unnecessary,able,abundance,access,accurate,1,19
14,50.824630,another,base,child,death,high,kid,medical,potential,school,able,1,19
15,50.913345,change,event,lagov,lalege,significant,use,would,able,abundance,access,1,39
16,52.831076,develop,doctor,dr,governor,ohioready,patient,put,able,abundance,access,1,19
17,54.688113,action,area,begin,determine,exposure,great,include,issue,new,outbreak,1,4
18,57.104803,high,take,reduce,spread,test,today,adult,appear,especially,everyday,11,11
19,61.373461,test,available,become,date,keep,list,location,pursue,safely,site,3,7
20,57.294473,health,age,assessment,away,chief,condition,could,determine,doctor,effort,2,19
21,60.069427,must,population,watch,also,begin,business,care,center,change,chief,4,19
22,59.907303,around,clock,community,family,front,grocery,home,identify,important,keep,1,8
23,61.928171,another,business,close,discuss,essential,healthcare,impact,maryland,must,necessary,1,17
24,66.331091,order,day,executive,quarantine,state,area,direct,high,issue,require,4,5
25,64.917442,address,among,business,childcare,community,employee,first,food,immediate,include,1,18
26,68.993181,high,fight,go,call,health,make,must,test,together,able,6,3
27,72.029433,woman,xContinue,front,great,line,men,protect,community,department,despite,3,2
28,71.795903,across,america,xContinue,environmental,face,health,law,leadership,letter,nation,1,3
29,71.978102,day,implement,like,measure,new,park,reduce,safety,state,tomorrow,1,1
30,73.819606,age,condition,death,elderly,hospitalize,however,likely,see,young,able,1,19
