1,6.840035,create,johnson,oann,able,access,across,additional,address,agree,allow,1,34
2,35.077315,begin,clinical,nih,trial,able,access,across,additional,address,agree,1,28
3,37.800718,begin,xCase,conduct,confirm,critical,diagnose,diagnostic,laboratory,patient,potential,1,15
4,52.871726,anywhere,xBreak,first,launch,partner,record,time,trial,work,world,9,28
5,51.939778,test,health,xCase,positive,state,presumptive,associate,colorado,get,indeterminate,24,23
6,62.705318,fight,help,create,xGlobal,join,researcher,team,uhinthecom,able,access,4,8
7,50.618345,ensure,help,need,test,thanks,able,access,across,additional,address,1,34
8,54.143993,allow,ass,effort,make,pandemic,plan,test,time,week,well,1,2
9,55.198044,begin,candidate,evaluate,first,health,human,new,official,trial,update,1,34
10,61.648227,patient,spread,doctor,equipment,health,hospital,life,protective,save,slow,12,17
11,56.694372,launch,nih,clinicaltrial,phase,candidate,evaluate,investigational,today,trial,enrollment,4,34
12,57.226013,complication,confirm,connecticut,due,man,person,death,die,difficult,family,2,15
13,61.085654,need,combat,necessary,resource,state,ventilator,work,allow,bed,xCase,6,5
14,60.179780,get,one,president,process,test,able,access,across,additional,address,1,34
15,60.810810,also,another,come,healthcare,medical,slow,system,time,able,access,1,13
16,62.214329,experience,first,hydroxychloroquine,line,save,able,access,across,additional,address,1,34
17,66.890101,health,hospital,patient,provide,state,able,address,assist,bed,care,4,1
18,70.522020,agree,america,american,announce,another,approach,burden,customer,ease,example,2,28
19,68.873553,hospital,medical,researcher,team,able,access,across,additional,address,agree,1,8
20,70.080043,clinical,first,genetic,jan,publish,record,sequence,timeline,trial,announce,4,28
21,71.767731,bergen,care,critical,nurse,patient,recovery,step,thank,ventilator,work,1,14
22,73.013588,america,anyone,barrier,cost,insurer,seek,test,able,access,across,1,30
23,74.148900,effective,hydroxychloroquine,oann,able,access,across,additional,address,agree,allow,1,34
24,75.533681,allow,country,die,medical,people,two,able,access,across,additional,1,34
25,75.829763,comfort,federal,hospital,patient,relief,stress,system,usn,additional,agree,2,26
