1,2020-01-28 19:11:06,34,johnson johnson create coronavirus vaccine oann
2,2020-02-26 00:52:47,28,news nih clinical trial remdesivir treat covid begin
3,2020-02-28 18:14:29,15,receive approval laboratory rockyhill begin conduct diagnostic test coronavirus save critical time diagnose treat potential future patient still confirm case ct
4,2020-03-02 23:44:10,30,president met pharmaceutical company actively work develop covid vaccine dis
4,2020-03-09 22:08:14,6,state coronavirus task force met afternoon enhance strong coordinate effort prevent identity treat potential case covid work closely cdc monitor development keep tennessean safe learn
4,2020-03-09 22:13:18,23,new covid case people test positive covid co base test complete pm today additionally one case provide conclusive result treat positive receive conclusive result
4,2020-03-12 15:12:35,15,proteinsciences meriden researcher biotech company work develop covid vaccine
4,2020-03-17 16:41:01,3,arrive u army medical research development command appreciate hard work individual work fortdetrick detect prevent treat covid usamrdc usamriid
4,2020-03-17 18:00:59,28,partner launch first covid vaccine trial anywhere world record break time world face new public health threat often american scientist entrepreneur first start uncover way fight back
4,2020-03-19 20:17:58,28,nih partner launch first covid vaccine trial anywhere world record break time learn
4,2020-03-20 21:56:41,28,partner launch first covid vaccine trial anywhere world record break time
4,2020-03-21 19:15:41,28,partner launch first covid vaccine trial anywhere world record break time
5,2020-03-07 16:00:50,19,currently confirm case covid michigan must prepare combat disease spread state michigan step waive fee test treatment associate coronavirus michigan medicaid program
5,2020-03-07 16:06:31,32,proactive measure arizona able conduct rapid turnaround test quickly provide treatment service anyone diagnose covid continue share information timely transparent manner learn
5,2020-03-08 16:49:44,15,today state laboratory confirm first presumptive positive case covid involve connecticut resident patient resident wilton year age treat
5,2020-03-09 17:44:03,32,director team take proactive measure protect public health work federal local partner right arizona able conduct rapid turnaround test quickly provide treatment service anyone diagnose covid
5,2020-03-10 02:37:12,23,covid colorado update arapahoe county woman international travel history test positive covid brings total number case state presumptive indeterminate treat positive
5,2020-03-10 18:59:48,7,today nh insurance dept issue order require nh health insurer cover service associate test covid without cost share take series measure design promote early detection access prevention treatment recovery service
5,2020-03-10 20:52:00,2,nd emergency commission vote today accept million federal fund contain mitigate spread covid grateful congress approve billion coronavirus preparedness prevention treatment effort
5,2020-03-11 18:52:45,34,together put policy plan prevent detect treat create vaccine coronavirus save life america world america get do
5,2020-03-11 19:10:38,23,update additional confirm case covid coronavirus colorado base overnight test result brings total indeterminate treat positive
5,2020-03-12 03:28:52,23,covid tonight total presumptive indeterminate treat positive case covid colorado accord late test state lab case track late
5,2020-03-12 15:49:42,24,say treat presumptive positive coronavirus case like positive
5,2020-03-12 18:25:50,21,earlier week announce health insurance provider cover cost associate test treatment coronavirus please let worry cost keep get test covid
5,2020-03-12 19:27:43,13,crisis treat like one together covid covid ohioready
5,2020-03-12 23:31:18,23,covid tonight presumptive positive case covid colorado include one indeterminate case public health treat presumptive positive people test far track late
5,2020-03-13 15:30:57,12,emergency afford place barrier new mexican test treatment need need encourage people get test treatment need emergency state employee health plan follow policy coronavirus
5,2020-03-13 16:21:20,15,reminder anyone experience symptom strongly urge contact medical provider seek treatment general question covid call guidance also check state website
5,2020-03-14 19:21:48,25,commit serve need resident address covid outbreak direct issue guidance member access service need test treat covid
5,2020-03-14 22:06:08,17,think might covid call health care provider show doctor ass symptom travel history doctor help arrange medical treatment need without put others risk
5,2020-03-15 00:11:54,14,sad announce second death individual covid female treat medical center monmouth county please wash hand frequently practice social distance get together
5,2020-03-15 20:08:27,14,today sent urgent letter ask federal government authorize special enrollment period new jersey allow resident access health insurance must increase access covid screen test treatment new jerseyans
5,2020-03-16 19:41:22,13,hope ohioan follow directive mass gathering year crisis come together treat like huge national crisis covid covid ohioready
5,2020-03-17 00:19:21,14,sad announce third death individual covid male treat bergen county prayer family difficult time
5,2020-03-21 13:42:21,22,want thank people front line public health emergency doctor nurse public health professional first responder even scientist race develop new test vaccine covid
5,2020-04-06 18:32:58,20,two major idaho insurance carrier voluntarily waive health treatment cost associate covid idaho dep
6,2020-03-08 04:02:15,34,donates quarterly salary help fight coronavirus find vaccine
6,2020-03-24 19:13:43,8,join global fight researcher team help create vaccine covid uhinthecom
6,2020-03-30 20:45:03,8,join global fight researcher team help create vaccine covid uhinthecommunity
6,2020-04-03 19:47:25,8,join global fight researcher team help create vaccine covid uhinthecom
7,2020-03-12 13:51:52,34,thanks help ensure community coverage covid test treatment need
8,2020-03-16 02:28:48,2,decision make effort reduce rate infection allow time gather data well ass test treatment capability plan education event extend covid pandemic situation reassess end week
9,2020-03-17 03:46:38,34,update first human trial evaluate candidate vaccine new coronavirus begin seattle u health official
10,2020-03-18 00:02:53,4,expand telemedicine option help doctor across texas continue treat patient mitigate spread covid
10,2020-03-18 20:52:53,10,post update guidance healthcare worker treat patient suspect confirm covid link
10,2020-03-18 23:57:08,18,wary anyone sell product claim prevent treat cure covid issue warn
10,2020-03-19 16:03:37,27,critical preserve personal protective equipment oregon health care worker keep safe treat covid patient
10,2020-03-20 17:45:38,17,mitigate spread covid slow number new case ensure hospital health care worker capacity resource treat sick flatten curve
10,2020-03-20 17:45:39,17,people leave family every day expose risk covid treat patient save life
10,2020-03-23 21:08:22,32,weekend arizona receive shipment thousand personal protective equipment local hospital medical professional address covid outbreak treat patient
10,2020-03-24 17:48:56,9,effective tomorrow march restrict nonessential medical dental veterinary procedure conserve protective equipment need doctor treat patient covid visit learn donate ppe
10,2020-03-24 22:08:40,31,today announce detail tomorrow statewide day prayer service spotlight new effort underway wv manufacture drug potentially treat covid provide update effort slow spread stayhomewv
10,2020-03-26 12:14:42,29,commend ambassador johnson team colleague effort assist namibia coronavirus outbreak donation essential country treat affected patient critical save life
10,2020-03-31 15:10:17,29,express immense gratitude every doctor every first responder every nurse treat patient across country commitment serve others heroic particularly nation world come together fight coronavirus salute
10,2020-04-03 14:00:01,21,stay home practice good health habit few covid case hospital bed time treat patient life save please part slow spread illness
11,2020-03-18 03:38:30,34,thanks support follow launch investigational vaccine covid proud hardworking nih comm
11,2020-03-18 03:40:19,34,launch record speed nih start enrollment phase clinicaltrial investigational vaccine covid heal
11,2020-03-18 03:40:33,34,nih today launch phase clinicaltrial evaluate vaccine candidate coronavirus covid trial
11,2020-03-20 03:46:01,28,nih today launch phase clinicaltrial evaluate vaccine candidate coronavirus covid trial
12,2020-03-18 20:02:39,15,sadness today confirm first death person connecticut due severe complication covid patient man recently admit danbury hospital receive treatment
12,2020-03-19 12:51:10,15,morning sadly confirm report nd person connecticut die due complication covid man year old resident new canaan treat heart family friend difficult time
13,2020-03-19 22:43:02,33,procurement regulation temporarily suspend allow state agency rapidly acquire resource combat covid virus dhec temporarily suspend enforcement certificate need regulation necessary expedite treatment virus
13,2020-03-20 01:44:47,31,confirm three new case covid state positive individual treat home cov
13,2020-03-20 01:53:40,28,discuss counterpart step take combat covid include social distance travel restriction plan maintain availability necessary medical supply optimize test procedure work vaccine treatment
13,2020-03-20 21:49:15,23,drop toiletpaper treat friend need coronavirus coronaviruscolorado doingmypartco
13,2020-03-23 17:30:11,15,ventilator need treat covid ct work day week make
13,2020-04-02 12:47:50,5,commit building resource help combat covid need help number hospital bed icu bed ventilator share pm follow guidance issue need treat together togetherky
14,2020-03-22 03:20:20,34,fact president trump process get coronavirus vaccine test occur one faste
15,2020-03-22 18:29:01,13,crucial time war slow invader healthcare system time treat come covid also time treat everyone another medical problem time essence
16,2020-03-24 04:10:05,34,experience suggests hydroxychloroquine first line treatment covid use save
17,2020-03-27 18:05:06,11,fortunate maryland top health research facility world confident state ability leader develop treatment perhaps even vaccine covid
17,2020-03-27 23:22:57,1,week radio address share initiative launch assist rural hospital provide support front line treat covid patient learn
17,2020-03-28 16:45:49,26,work three dedicate covid only hospital prepare bed treatment coronavirus patient safest thing
17,2020-03-30 23:18:55,16,critical health professional able treat missourian covid crisis must provide flexibility alternative delivery method professional state provide care missouri
18,2020-03-30 01:32:32,28,announce agree waive copays deductible coronavirus treatment customer help ease burden american family pandemic another example whole of america approach take combat covid
18,2020-04-03 21:33:47,28,announce blue cross blue shield company agree waive cost share covid treatment customer help ease burden american family another example all of america approach lead
19,2020-03-30 19:59:22,8,jabsom researcher team wuhan hospital medical team study hypnotic treat covid
20,2020-03-31 17:23:40,14,yesterday announce crack physician pharmacist hoard certain prescription drug inappropriately prescribe certain drug investigate potential treat covid must start protect supply
20,2020-03-31 18:18:14,13,grateful hard work know rapid diagnostic process health care provider public health official well identify treat prevent spread covid work save life
20,2020-03-31 18:57:57,28,record timeline covid vaccine clinical trial jan coronavirus genetic sequence first publish jan share candidate vaccine sequence manufacturer mar st human patient receives investigational vaccine nih support clinical trial
20,2020-04-01 21:07:00,28,record timeline covid vaccine clinical trial jan coronavirus genetic sequence first publish jan
21,2020-04-02 17:26:59,14,lorna mickie miquiabas recovery room nurse north bergen step plate work critical care treat covid patient ventilator superhero can not thank enough
22,2020-04-03 23:21:01,30,cost barrier anyone seek test treatment coronavirus america private insurer takin
23,2020-04-05 02:35:52,34,hydroxychloroquine prove effective treatment coronavirus patien oann
24,2020-04-06 11:49:57,34,humanitarian reason passenger two coronavirus stricken cruise ship give medical treatment appropriate allow disembark strict supervision carefully do people die country would allow dock
25,2020-04-06 16:23:12,26,hospital pull miracle daily basis monumental challenge sustain pace ask federal government allow usn comfort treat covid patient serve relief valve stress hospital system
25,2020-04-06 21:29:25,26,break spoke president agree request treat covid patient usn comfort mean additional bed staffed federal personnel provide much need relief stress hospital system
