1,2020-01-21 23:01:27,14,like thank quick response novel coronavirus base know risk general public low time full statement
1,2020-01-24 20:17:50,42,state health official carefully monitoring novel coronavirus prepared current risk new yorkers low concerned might ill please follow guidance
1,2020-01-24 21:36:13,24,morning center disease control prevention announce confirmation first case illinois novel coronavirus individual travel city wuhan central china time risk general public remains low
1,2020-02-04 23:09:11,31,time report suspect case novel coronavirus identify wyoming risk wyoming resident virus remains low
1,2020-02-07 15:08:25,20,hospital follow proper infection control protocol evaluate individual new jersey currently confirm case novel coronavirus risk resident remains low information novel coronavirus visit
1,2020-02-09 01:14:40,20,four passenger cruise ship docked bayonne test negative novel coronavirus new jersey currently confirm case novel coronavirus risk resident remains low information novel coronavirus visit
1,2020-02-28 17:01:04,24,heighten concern raise cdc potential coronavirus case join lori lightfoot address state coronavirus risk illinois remains low general public
1,2020-02-28 18:37:13,43,zero confirm case coronavirus oregon risk oregonian contract remains low however escalate global health crisis must make sure ready inform
1,2020-03-02 00:51:35,42,learn st positive case covid ny patient contract virus iran isolated reason undue anxiety general risk remains low ny diligently manage situation provide info becomes available
1,2020-03-02 22:10:35,15,case coronavirus maine today risk state remains low must prepared respond swiftly effectively potential case today convene coronavirus response team read
1,2020-03-02 23:09:42,53,arizona continue work state local federal partner ensure take action protect public health prepare potential case minimize risk arizonan covid
1,2020-03-03 03:50:35,16,commissioner dr kathleen toomey knew georgia would likely confirm case covid plan immediate risk covid general public however remains low time gapol
1,2020-03-04 21:00:35,33,individual risk coronavirus idaho still low situation rapidly evolve expect confirm case idaho point idaho prepared must part prevent spread coronavirus
1,2020-03-07 14:14:20,15,sure heard coronavirus sometimes refer covid report risk maine resident remains low mean prepare
1,2020-03-07 15:02:32,16,confirm three new case covid georgia risk georgian remains low read gapol coronavirus
1,2020-03-08 01:33:13,35,work closely federal military local partner respond covid case ft belvoir risk virginian remains low please continue stay aware take basic health precaution
1,2020-03-09 23:05:54,53,covid update arizona work protect public health prepare potential additional case minimize risk arizonan
1,2020-03-09 23:30:05,31,old adult underlie chronic illness risk severe covid illness wyoming continue prepare work protect public health event case appear within state information visit
1,2020-03-10 20:18:00,35,important take care virginia activate public health emergency leave state employee recently travel high risk area coronavirus encourage private business explore telework option
1,2020-03-11 16:06:49,16,although risk covid remains low georgia never hurt make plan protect vulnerable population
1,2020-03-15 21:00:02,18,today direct state government implement measure minimize face to face contact accelerate remote work initiative wake covid public health emergency case suspend certain non critical function order minimize public health risk
1,2020-03-17 20:25:18,11,elderly adult underlie health condition great risk covid infection respiratory illness avoid attend public gathering coronavirus
2,2020-01-30 02:32:27,14,risk novel coronavirus remains low wa part due excellent performance state local health department remain hard work ensure safety wellbeing washingtonian
2,2020-01-31 20:55:20,45,time risk american remains low work keep way continue work monitor respond mitigate spread coronavirus ensure american accurate up to date health travel information
2,2020-01-31 21:32:42,45,today take decisive action minimize risk spread coronavirus united state since take office president trump clear top priority safety american people
2,2020-02-03 20:54:10,42,risk new yorkers novel coronavirus remains low take every precaution question concern symptom travel new yorkers call ny department health coronavirus hotline
2,2020-02-03 22:18:44,45,execute multi layer cross agency public health response coronavirus work safeguard health safety american people time risk american public low work keep way
2,2020-02-04 18:10:55,42,update still confirm case novel coronavirus new york state test return negative still pending risk new yorkers still low urge everyone remain vigilant stay inform
2,2020-02-07 18:59:44,10,one confirm case coronavirus wisconsin secretary designee andrea palm want assure risk general public low wash hand cover cough sick stay home
2,2020-02-10 19:10:15,42,update still confirm case novel coronavirus new york state test return negative pending risk new yorkers low continue take every necessary precaution protect new yorkers
2,2020-03-01 14:16:38,45,spoke work keep american safe respond coronavirus fine public health system world risk american public low time covid
2,2020-03-02 00:52:06,55,health human service secretary alex azar coronavirus risk average american remains low wor
2,2020-03-02 20:50:51,37,morning met discus potential danger coronavirus iowa remains low risk take every precaution keep iowan safe healthy
2,2020-03-02 20:52:20,38,update risk coronavirus remains low delawarean best practice stay healthy avoid spread germ wash hand cover cough disinfect surface frequently stay home sick de update coronavirus
2,2020-03-02 21:59:45,52,currently wv case covid wvians unlikely expose covid time immediate health risk low need make triple sure keep wvians safe up to date info visit
2,2020-03-03 16:01:10,51,risk spread coronavirus remains low important american people cautious inform
2,2020-03-03 16:29:06,45,risk spread coronavirus remains low important american people cautious inform
2,2020-03-03 20:52:22,20,covid update test result negative late pui nj nj resident low risk individua
2,2020-03-04 21:58:13,35,together prepare covid since january execute public health plan time risk coronavirus commonwealth low important virginian part keep community safe
2,2020-03-04 23:46:50,55,congress agree provide billion fight coronavirus mean resource need keep america safe keep risk worker family low great news health economy nation
2,2020-03-07 04:25:03,51,important know risk american public contact coronavirus remains low
2,2020-03-09 22:08:37,20,provide state county local govts school flexibility take proactive step prepare impact covid remember overall risk individual covid remains low take step abundance precaution
2,2020-03-11 20:33:05,41,task force state official work around clock keep people inform safe north carolinian call coronavirus hotline question concern precaution step take person believe may risk
2,2020-03-12 13:47:38,49,make safety security health american people top priority whole government approach unprecedented preemptive action take continue keep risk coronavirus american low
2,2020-03-12 15:04:46,48,risk average american remains low last night outline unprecedented step government take protect american coronavirus aggressive approach help defeat virus
2,2020-03-12 15:55:03,4,work interagency partner mitigate risk spread covid want ensure service member family dod civilian personnel safe possible one top priority remains protection welfare people
2,2020-03-12 15:55:05,4,dod continue follow guidance country risk assessment issue guidance regard covid safety force remains big concern encourage everyone visit info stay healthy outbreak
2,2020-03-12 15:57:24,32,helpful information coronavirus website please review stay aware late news take extra measure reduce risk expose covid share resource alpolitics
2,2020-03-12 16:22:34,38,delawarean question covid exposure risk contact division public health call center tty pm email dphcall late de response
2,2020-03-12 18:03:40,51,risk american public contract coronavirus remains low every american make sure pay speci
2,2020-03-12 19:30:07,46,today announce guidance outline flexibility state administer unemployment insurance affected american administration work decrease risk coronavirus assist affected employee
2,2020-03-16 02:01:56,51,american people whole risk serious illness coronavirus remains low continue focus
2,2020-03-16 06:24:30,50,know many heard young people low risk still expose covid pas on to
2,2020-03-16 18:40:23,38,gather people increase risk delawarean come contact coronavirus let make challenge situation bad
2,2020-03-16 22:39:11,45,even young healthy risk contract carry covid activity increase
2,2020-03-19 14:29:00,19,even young otherwise healthy risk increase risk others critical part slow spread covid covid ohioready
2,2020-03-19 21:01:06,20,break enact moratorium remove people home due eviction foreclosure renter homeowner evict notice keep people home protects u increase risk contract spread covid
2,2020-03-20 17:45:39,24,people leave family every day expose risk covid treat patient save life
2,2020-03-20 17:48:12,8,write request creation special day open enrollment period individual especially at risk covid access affordable health coverage read full letter
2,2020-03-20 19:57:30,23,want every vermonter know understand economic emotional toll covid u people hurt business risk let assure pull every lever turn every dial support folk time vtpoli
2,2020-03-20 19:59:18,45,risk transmit coronavirus help protect vulnerable part slow spread learn mo
2,2020-03-23 22:06:19,4,dramatically decrease risk infection slow covid spread visit update guidance
2,2020-03-29 16:24:45,42,heartbroken new york lose detective cedric dixon year veteran rd precinct coronavirus first responder risk life every day protect people state word express gratitude hero
2,2020-03-30 18:21:35,53,work slow spread covid focus protect at risk vulnerable provide nearly million today food bank service support homeless aztogether
2,2020-04-04 00:15:39,18,virus incredibly contagious resident nursing home assist living facility particularly risk critical new mexican part slow spread covid stay home action affect life others stay home
3,2020-02-23 18:00:24,45,cdc considers covid serious situation take preparedness measure immediate risk conside
3,2020-02-25 02:28:59,11,cdc considers covid serious situation take preparedness measure immediate risk conside
4,2020-02-28 03:41:31,51,risk coronavirus u remains low direct result unprecedented action president
4,2020-03-01 20:34:23,40,risk massachusetts covid remains low website include resource preparedness checklist help
4,2020-03-02 22:27:58,40,massachusetts remains low risk one confirm case coronavirus date state official continue coordinate implement cdc guidance website resource important information resident
4,2020-03-03 00:00:15,18,glad part covid call today penny governor across country department health work healthcare provider identify patient risk provide test manage infection control procedure
4,2020-03-03 00:08:40,12,announce today state lab ready begin test covid begin patient high risk infection
4,2020-03-03 16:28:19,42,thank legislature swift action passing emergency authorization ensure ny resource respond coronavirus overall risk nyers remains low law provide hospital drs tool need protect health
4,2020-03-04 17:16:40,22,risk missourian remains low administration focus education provide timely accurate information additional information resource regard covid missouri visit
4,2020-03-06 16:38:10,20,response current outbreak covid issue guidance school district throughout state one private school bergen county close abundance caution risk public health remains low
4,2020-03-06 21:58:51,19,call center staff include license nurse infectious disease expert available answer question provide accurate information covid risk public state response
4,2020-03-07 16:46:09,21,risk staff patient remains low pm today commissioner coleman mitchell hold news briefing bridgeport representative provide medium connecticut resident information regard covid case
4,2020-03-09 22:43:19,52,encourage west virginian visit up to date information covid also set hotline available toll free provide accurate information disease risk public state response
4,2020-03-10 00:44:09,17,state official identify maryland sixth confirm case covid pg county resident contract virus out of state travel appear major concern exposure risk community connection previous positive case
4,2020-03-11 21:03:55,12,utah third confirm case test call clinician identify at risk covid test curbside use arup test test capacity increase streamline utah detail soon
4,2020-03-11 21:07:58,29,learn sign symptom covid include fever cough difficulty breathing stay home sick risk severe illness consider stay home avoid others sick
4,2020-03-11 22:44:01,52,encourage west virginian visit up to date information covid also set hotline available toll free provide accurate information disease risk public state response
4,2020-03-11 22:59:20,39,old generation risk say speak coronavirus
4,2020-03-12 00:55:04,18,today issue strong precautionary step new mexican take face novel coronavirus rapidly evolve situation new mexican follow best practice minimize risk community exposure panic prepare
4,2020-03-12 15:33:50,8,despite increase test community nh dhhs yet identify widespread transmission nh individual test positive without clearly identify risk factor travel contact confirm covid case
4,2020-03-12 15:33:50,8,person develops fever respiratory symptom cough shortness breath stay home away others seek health advice phone healthcare provider discus symptom risk factor covid
4,2020-03-12 17:37:23,18,new mexican take step protect face novel coronavirus rapidly evolve situation new mexican follow best practice minimize risk community exposure
4,2020-03-13 17:57:23,18,ask new mexican take step protect community face covid situation continue evolve new mexican follow best practice minimize risk community exposure coronavirus
4,2020-03-13 18:02:59,39,step necessary protect health safety people louisiana risk covid lagov lalege
4,2020-03-13 21:00:32,18,begin monday march new mexico public school close three week mitigate risk community spread covid closing currently effective april may extend condition warrant nmgov nmed coronavirus
4,2020-03-13 21:25:42,8,time remains low risk new hampshire covid know evidence suggest widespread community transmission declaration allow state remain top rapidly evolve situation
4,2020-03-14 00:00:15,8,new hampshire join state declare emergency due new coronavirus governor say risk remains low
4,2020-03-14 03:04:41,31,wyoming confirm second know case covid state patient hospitalize old adult male fremont county resident currently unknown exposure risk share additional information becomes available
4,2020-03-14 21:10:29,39,underscore fact underlie health issue risk coronavirus compromise immune system old take extra precaution avoid become affected coronavirus lagov lalege
4,2020-03-14 22:06:08,24,think might covid call health care provider show doctor ass symptom travel history doctor help arrange medical treatment need without put others risk
4,2020-03-15 23:32:41,30,top priority protect health safety montanan particularly vulnerable time face potential extraordinary health risk coronavirus state
4,2020-03-16 12:33:55,4,continue ass covid dod institute risk assessment medical evaluation health screening dod service member personnel recently travel medical professional ensure everyone get care need
4,2020-03-17 02:11:14,19,time face unprecedented public health crisis conduct election tomorrow would force poll worker voter place unacceptable health risk contract coronavirus
4,2020-03-17 02:49:52,19,three page order sign tonight director close polling location ohio due risk covid face voter poll worker covid ohioready
4,2020-03-17 16:22:38,39,great example kind social distance slow outbreak covid reduce chance infection among high risk population thank lagov
4,2020-03-18 21:03:32,51,need test coronavirus first patient high medical risk helper work front
4,2020-03-18 22:09:01,30,expand telemedicine provide physical mental substance use care montanan need without overwhelm health care facility respond covid risk unnecessary exposure
4,2020-03-19 18:18:44,38,need work together flattenthecurve reduce spread covid front end need protect population risk senior citizen grandparent mom dad compromise health situation
4,2020-03-20 00:10:01,47,mexico foreign secretary work closely travel restriction balance protect citizen transmission covid together reduce public health risk prioritize essential cross border commerce trade
4,2020-03-23 22:06:19,4,continue ass covid order protect people institute risk assessment medical evaluation health screening dod service member personnel recently travel
4,2020-03-28 17:24:41,34,first responder front line battle covid risk life help fellow pa ians need help get streamline process get health care professional hospital save life
4,2020-03-30 16:47:05,5,every doctor healthcare worker front line pandemic thank thank tireless work keep community safe willingness risk health help save others true hero nationaldoctorsday
4,2020-03-30 20:30:33,15,covid continue impact state know old resident need personal care particular risk
4,2020-03-30 21:25:50,27,doctor healthcare worker across state thank thank front line fight covid thank risk safety every day save life fellow oklahoman true hero nationaldoctorsday
4,2020-03-31 00:41:15,28,fitting today nationaldoctorsday doctor health care worker deserve deepest gratitude risk life save others pandemic work around clock help stay home stayhomemn
4,2020-03-31 14:37:24,42,today equalpayday never urgent close gender pay gap woman front line risk health safety life family battle coronavirus deserve equal pay period
5,2020-02-28 18:24:05,47,deeply concerned spread coronavirus iran public health risk iranian people neighbor offer humanitarian assistance people iran help unmet need response effort
6,2020-03-01 13:31:59,55,coronavirus addition screen traveler prior boarding certain designate high risk country area within country also screen arrive america thank
7,2020-03-02 12:28:53,55,reduce risk new coronavirus covid
7,2020-03-02 13:34:14,44,reduce risk new coronavirus covid
7,2020-03-02 15:45:57,21,welcome vadm adam state laboratory rockyhill coronavirus briefing reduce risk transmit potential illness greet someone always good idea throwthebow
7,2020-03-04 14:45:36,25,reduce risk exposure respiratory disease like covid wash hand often soap water least second
7,2020-03-09 20:27:07,11,key consideration prevent reduce covid risk meeting event consider whether face to face meeti
7,2020-03-10 21:59:59,27,covid one top priority work minimize risk citizen state please remember wash hand often soap water avoid close contact people sick avoid touch face learn visit
8,2020-03-05 15:28:38,19,issue order arnold sport festival held around columbus weekend athletic event allow continue athlete allow compete general spectator prohibit attend due risk covid
9,2020-03-07 20:21:18,19,prioritize test high risk elderly compromise immune system covid question call ask odh go
9,2020-03-14 22:06:08,24,meet certain criterion physician may test covid prioritize severe illness high risk complication weaken immune system old adult medical condition heart lung disease
9,2020-03-17 19:17:48,35,virginian chronic health condition old increase risk severe illness covid self quarantine must part regularly check high risk individual stay home
9,2020-03-17 19:24:22,19,one u individual critically important must mindful must try stay away thing put risk unnecessary risk neighbor friend covid covid ohioready
9,2020-04-02 16:53:13,35,great question ebony covid new disease limited information risk factor know people underlie medical condition could high risk severe illness virus stay home practice good hygiene key
10,2020-03-09 05:07:31,55,surgeon general jerome adam use comment downplay risk coronavirus president
10,2020-03-09 11:20:43,55,fake news medium partner democrat party everything within semi considerable power use great inflame coronavirus situation far beyond fact would warrant surgeon general risk low average american
11,2020-03-09 22:29:56,53,covid mild people contract know senior especially underlie health issue risk serious complication thanks long term care hospital provider join discussion covid prevention effort
11,2020-03-09 23:07:04,53,know covid mild people contract senior especially underlie health issue risk serious complication dr christ close communication health leader care elderly population
12,2020-03-10 18:40:31,19,nursing home ask nursing home screen visitor vendor etc illness effort protect at risk population reside covid
12,2020-03-12 19:29:56,12,addition ask local health department protect high risk population require long term care care facility restrict access monitor employee visitor symptom covid
13,2020-03-11 18:42:40,19,see covid predictable ability control risk everything life involves risk take unnecessary risk
14,2020-03-12 18:48:55,19,school tell base happen elsewhere unless child another medical problem risk death covid child high kid potential carrier
15,2020-03-12 20:56:40,39,bill would use event risk covid necessitates significant change ongoing legislative session lagov lalege
16,2020-03-14 18:58:12,19,dr andy thomas governor dewine advisor group develop series guideline doctor postpone elective surgery put patient risk covid covid ohioready
17,2020-03-16 15:32:20,4,since covid outbreak begin take host action include issue new travel restriction area determine pose great risk exposure
18,2020-03-16 20:36:49,13,family today suffer ultimate loss due covid sadly underscore severe virus especially high risk hoosier state take unprecedented action slow spread every hoosier follow precautionary measure
18,2020-03-17 01:54:23,42,folk please adhere high risk wildfire year heavily involve coronavirus response
18,2020-03-17 19:13:12,55,waiver medicare beneficiary high risk covid able receive specific set
18,2020-03-17 19:18:48,10,moment ago announce pm tonight bar close restaurant take out delivery statewide top priority time keep wisconsinite safe healthy reduce spread covid especially high risk
18,2020-03-17 19:38:54,16,old adult appear twice likely serious covid illness take everyday precaution reduce risk ex
18,2020-03-17 20:26:11,11,old adult appear twice likely serious covid illness take everyday precaution reduce risk ex
18,2020-03-17 22:44:36,9,encourage see response alaska diverse private sector provide service protect high risk citizen covid
18,2020-03-17 23:34:13,18,one night celebration worth risk health wellbeing around stem spread covid protect public health absolute importance include stpatricksday way protect celebrate home
18,2020-03-18 02:56:05,11,suspend service activity place worship stay home high risk take precautionary measure visit nursing home retirement long term care facility someone household test covid keep entire household home
18,2020-03-19 15:57:22,54,update receive shipment reagent processing high risk test today thank help covid
18,2020-03-30 18:35:29,19,today covid dashboard remember limited test test sickest people high risk healthcare worker
19,2020-03-18 15:09:06,7,remote assessment site drive through test site quickly become available tennessean safely pursue covid test without take unnecessary risk keep list up to date location become available
19,2020-03-18 18:21:05,19,must reserve test sickest risk covid
19,2020-04-01 14:27:31,7,statewide covid test site available tennessean safely pursue test without take unnecessary risk tennessean first call usual source care keep list up to date location become available
20,2020-03-18 17:16:44,30,significant step contain spread coronavirus know lack health insurance often result delay see doctor turn away could fuel pandemic put montanan risk
20,2020-03-19 18:54:15,19,many different age health condition prisoner local jail assessment do determine jail inmate high risk covid safely release effort safeguard others jail chief justice maureen connor
21,2020-03-20 23:38:26,14,watch discuss protection at risk employee covid outbreak live
21,2020-03-21 13:54:25,29,watch message dr joneigh khaldun mdhhs chief medical executive covid high risk population
21,2020-03-22 18:34:29,19,business stay open must follow good protocol regard health nothing new nothing already talk socialdistancing wash hand separate operating hour at risk population etc inthistogetherohio
21,2020-03-22 18:38:22,19,childcare center begin thursday must operate temporary pandemic child care license also go maximum six child per room dramatic change necessary minimize risk kid covid ohioready
22,2020-03-21 20:47:58,8,grocery store worker front line covid work around clock keep nh family fed identify community transmission important shopper keep reusable bag home give potential risk bagger grocer customer
23,2020-03-23 21:18:01,17,today order close non essential business maryland another necessary step respond covid must act flatten curve risk catastrophic impact healthcare system today discuss
24,2020-03-25 18:09:27,5,reduce covid risk correctional setting governor issue executive order direct
24,2020-03-25 21:34:16,26,dr birx dr fauci agree high risk traveler ny tri state area expose covid appreciate support executive order require individual fly fl self quarantine day
24,2020-03-30 14:38:59,23,light significant risk pose spread covid sign order require person come outside state vermont anything essential purpose home quarantine day read
24,2020-03-30 21:30:11,52,today issue executive order direct anyone travel west virginia high risk area quarantine day also make decision close state park campground must vigilant effort slow spread covid
25,2020-03-26 21:02:34,18,alltogethernm fund first address immediate need include food supply at risk community support childcare worker support frontlines covid grant address income insecurity among small business employee
26,2020-03-27 18:15:26,6,covid flu cold high risk develop fever symptom call doctor sic
26,2020-03-27 20:08:24,3,research method reduce risk environmental transmission coronavirus via contaminate surface material expedite registration action related pesticide address coronavirus
26,2020-03-29 20:34:21,42,new drive thru coronavirus test center come bronx facility co op city open monday resident must make appointment call priority go high risk individual
26,2020-03-30 19:51:41,29,say morning want make something clear high risk covid see fight health utmost importance say go get together meant matter get back
26,2020-04-02 15:48:08,24,ever need many people possible access health care seek test ever go able fight covid eliminate major risk people
26,2020-04-04 18:31:47,19,director know fight leadership every ohioan must pull together keep healthy especially old adult old citizen high risk covid
27,2020-03-31 14:41:57,36,bailey woman help mountain community get grocery protect risk covid
27,2020-04-01 19:00:00,2,men woman continue fight front line spread coronavirus great risk sincere gratitude protect homeland know whole department behind
27,2020-04-06 13:29:33,2,men woman front line confront coronavirus pandemic interfacing million traveler ensure safety despite great risk nation thank continue keep transportation system secure
28,2020-04-02 18:07:33,3,nation face unprecedented situation covid present imminent health risk worker across america today letter congressional leadership set record straight epa continue enforce nation environmental law
29,2020-04-02 22:29:55,1,start tomorrow arkansas state park implement new safety measure like day use operation reduce risk overcrowd park discourage visitor out of state threat covid pass askgovhutchinson
30,2020-04-04 18:41:41,19,covid death breakdown hospitalize age death likely at risk elderly however see death young pre exist condition
