id,created_at,text
1247237641667411968,2020-04-06 19:00:00,"ICE is bringing stranded Americans home! 

So far, 11 @ICEgov Air flights have returned 853 Americans who were stuck in Central and South American countries after they closed their borders. https://t.co/FFy6l3MFQl"
1247207441386921991,2020-04-06 17:00:00,".@FEMA's airbridge brought 170k more N95 masks, 2.85 million other masks, 18,650 more medical gowns, and 11.8 million more gloves to @RickIntlAirport in Columbus, OH for national distribution. @DHSgov is getting critical supplies to where they are needed most to #SlowTheSpread https://t.co/pW7wl2Nrxe"
1247154479658491904,2020-04-06 13:29:33,"The men and women of @TSA are on the front lines in confronting the #coronavirus pandemic, interfacing with millions of travelers to ensure their safety - despite great risk to themselves. The nation and I thank you for continuing to keep our transportation systems secure."
1246781915627167750,2020-04-05 12:49:07,".@FEMA, @USCG, and @usairforce
worked together to bring badly needed supplies to American Samoa this week. @DHSgov is working 24/7 to make sure that all states and territories receive the critical equipment they need to fight #coronavirus, #SlowTheSpread, and save lives. https://t.co/ihI8JhqjL8"
1246221945718239232,2020-04-03 23:44:00,"A shipment of PPE coordinated by @FEMA landed in Hawaii for distribution throughout the state, the Northern Mariana Islands, Guam, and American Samoa. @DHSgov is working around the clock to get critical supplies to where they are needed throughout the US and its territories https://t.co/ULqIYGaZ4g"
1246191243488571392,2020-04-03 21:42:00,".@FEMA has done an amazing job in coordinating 6 #Airbridge flights since Sunday, with another 27 scheduled through April 18. These flights are bringing essential medical supplies to critical locations across the country battling the #coronavirus pandemic https://t.co/OIJodjKWml"
1246180673825767431,2020-04-03 21:00:00,Watch this incredible time lapse video of @FEMA’s joint effort with the Army Corps of Engineers and other partners to stand up a brand new hospital at @McCormick_Place in Chicago. This will help immensely in the fight against the #coronavirus pandemic https://t.co/jgYudoAqTG
1246169835538702338,2020-04-03 20:16:56,"Today, I met with @FEMA_Pete, @SecWilkie, and others at @FEMA’s National Response Coordination Center to discuss the ongoing fight against #coronavirus with our partners in the whole-of-America effort to #SlowTheSpread https://t.co/Vs16mJU42u"
1245448349211230208,2020-04-01 20:30:00,Talked today with selected CEOs from @BizRoundtable. The private sector is a vital partner in helping defeat this pandemic. Looking forward to our continued discussions.
1245425701710262272,2020-04-01 19:00:00,The men and women of @DHSgov continue to fight on the front lines against the further spread of #coronavirus - at great risk to themselves. You have my sincere gratitude as you protect the homeland and know that the whole Department is behind you. https://t.co/FboMiHK6st
1245415382330093568,2020-04-01 18:19:00,"Thank you to all of the executives and ambassadors across the country for joining me today on a call with @MeridianIntl. 

Your leadership and support are invaluable to our nation during this critical period."
1245009580662435842,2020-03-31 15:26:29,"Scammers constantly adapt to prey on the vulnerable during crises – and the #coronavirus pandemic is no exception. @FCC is warning consumers about numerous ongoing scams, from fake testing kits and unproven cures to government imposters. More: https://t.co/Fl5ijEhSXe"
1244994443410890754,2020-03-31 14:26:20,"Americans are stepping up to the plate to take on #coronavirus. From the medical staff on the front lines, to those doing their part by social distancing, to the essential personnel keeping our supply chains steady and our grocery stores full, we thank you all. #TogetherApart"
1244923267992993792,2020-03-31 09:43:31,"Places like Detroit, New Orleans, and Chicago are receiving nitrile gloves, test kits, Tyvek suits, surgical masks, plastic aprons, and N-95 masks where they can be immediately put to use."
1244923265736466432,2020-03-31 09:43:30,Thanks to @FEMA for continuing to lead the whole of government response to the #coronavirus pandemic. FEMA is coordinating the shipping of medical supplies to make sure they reach critical locations.
1244692464176369666,2020-03-30 18:26:23,"Thank you to all the incredible doctors and medical staff across the nation, putting themselves at risk every day. In helping your fellow Americans, you embody the spirit of this great country. #NationalDoctorsDay https://t.co/J9UOkTk87j"
1244673393099788289,2020-03-30 17:10:36,"To our governors: Remember, @DHSgov is here to support you as you make the decisions that you believe are best for the residents of your state. https://t.co/05OMuWz4L9"
1244673391476510721,2020-03-30 17:10:36,"Among many topics, we discussed @CISAgov's Essential Critical Infrastructure Worker list and the importance of keeping the economy moving (guidance here: https://t.co/XRzQ7ebOzm )."
1244673389836591104,2020-03-30 17:10:35,"Today, I participated with @VP on a productive call with America’s governors, who play an integral role in the fight against #coronavirus. Working together, we are bringing a whole-of-government approach that is locally executed, state managed, and federally supported."
1244644215717535744,2020-03-30 15:14:40,"Yesterday, thanks to a coordinated effort from @FEMA, a flight with 80 tons of personal protection equipment for NY, NJ &amp; CT delivered:

-130,000 N95 respirators
-1.8 million face masks and gowns
-30 million gloves 
-thousands of thermometers https://t.co/r803lZ0gvA"
1244093615472812038,2020-03-29 02:46:46,"This Advisory does not apply to essential critical infrastructure workers, as defined by @DHSgov: 

https://t.co/XRzQ7ebOzm"
1244093614222905344,2020-03-29 02:46:46,"Given recent developments and after consultations with the @WhiteHouse Coronavirus Task Force, @CDCgov has issued a Domestic Travel Advisory for NY, NJ, and CT. 

See more here: https://t.co/QQEBX9ZySK"
1243683028200837125,2020-03-27 23:35:15,"To the brave men and women of @dhsgov:

Our country is now at an inflection point in history and our actions today will determine what's remembered for generations. As we face the challenges of the #coronavirus pandemic, know that you have my complete support and that of the Dept https://t.co/hkLA7EdUtZ"
1243536643430264832,2020-03-27 13:53:34,"Americans Abroad: 

If you've been to an area with current travel restrictions due to the #coronavirus pandemic, you can still come home anytime. You'll just follow these guidelines: https://t.co/PWhfau0wPo"
1243233837506867202,2020-03-26 17:50:19,"The men and women of @DHSgov are on the front lines every day, fighting against the spread of #coronavirus to protect the homeland. Here’s what we’re doing: https://t.co/irIrFpLHKm"
1243221172902223872,2020-03-26 17:00:00,"15 days to control the spread of #coronavirus and #flattenthecurve. Keep social distancing, avoid unnecessary travel, and maintain good personal hygiene. 

Thank you, America, for your sacrifice during this difficult time. 

#Allinthistogether"
1243203454060900353,2020-03-26 15:49:35,Protecting both the health and national security of the American people continues to be the top priority for the President of the United States and @DHSgov.
1243203452844625921,2020-03-26 15:49:35,Extending the deadline will also allow @DHSgov to work with Congress to implement needed changes to expedite the issuance of REAL IDs once the current health crisis concludes.
1243203451347185664,2020-03-26 15:49:35,States across the country are temporarily closing or restricting access to DMVs. This action will preclude millions of people from applying for and receiving their REAL ID.
1243203449963139073,2020-03-26 15:49:34,The federal state and local response to the spread of #coronavirus here in the US necessitates a delay in this deadline. Our state and local partners are working tirelessly with the Admin to #flattenthecurve and we want to remove any impediments to response and recovery efforts
1243203448386007040,2020-03-26 15:49:34,"I have determined that states require a 12 month delay and that the new deadline for REAL ID enforcement is October 1, 2021. DHS will publish a notice of the new deadline in the Federal Register in the coming days."
1243203446725017601,2020-03-26 15:49:33,"THREAD: Due to circumstances resulting from the #coronavirus pandemic and the national emergency declaration, @DHSgov, as directed by President @realDonaldTrump, is extending the REAL ID enforcement deadline beyond the current October 1, 2020 deadline."
1243169748835336192,2020-03-26 13:35:39,"At the National Biodefense Analysis and Countermeasures Center lab, @dhsscitech is learning how the virus persists on surfaces or in the air - and what methods are best to disinfect it."
1243169747405017089,2020-03-26 13:35:39,".@dhsgov is conducting ongoing #coronavirus research that will help in the country's fight against the pandemic. 

More: https://t.co/C95WsbX8zY"
1242820374007623680,2020-03-25 14:27:22,"If your business has relief supplies or medical equipment available, contact: FEMA-Industry@fema.dhs.gov"
1242820372770291714,2020-03-25 14:27:22,Thank you to the incredible business community for its support of the American people during the #coronavirus pandemic. We've had an overwhelmingly positive response from American companies wanting to help through in kind donations or contracts at cut-rate prices.
1242528357956423680,2020-03-24 19:07:00,"Questions about the recent border measures taken to prevent the further spread of #coronavirus? 

@DHSgov has answers: 

https://t.co/JGn7fK4wwr"
1242508480994557953,2020-03-24 17:48:01,"I had a chance to thank Southwest Border Sheriffs today for their continued partnership with @DHSgov and the work they do every day to keep our communities safe. 

They are now at the forefront of some of the aggressive and proactive measures we're taking to stop #coronavirus"
1242261819294732289,2020-03-24 01:27:52,The @VP and @FEMA are in constant communication with governors and emergency managers in every state and territory and many tribal nations. Appreciate the governors for joining us on a video conference today.
1242201957613350913,2020-03-23 21:30:00,"The non-essential travel restrictions at our borders are working. Border crossings at Ports of Entry are down 54% while legitimate economic trade and travel is fully operational. 

Thank you @CBP for keeping our country safe and our economic supply chains open and operating."
1242198685662031872,2020-03-23 21:17:00,"Working closely with @HawleyMO, @DHSgov assisted with bringing these young Americans home during this time of crisis. My sincere gratitude to all of those involved.
 
https://t.co/ESNJnkbLvd"
1242191377217306624,2020-03-23 20:47:57,Hearing #coronavirus information from your friends? Stick to the facts from official sources to help keep you and your family safe! Check out @FEMA’s Rumor Control page: https://t.co/Hq7rUMD21J
1241885678188859392,2020-03-23 00:33:13,"RT @CBPMarkMorgan: Since @CBP began implementing @CDCgov order, we've seen a major decline in traffic at our borders—54% decrease at ports…"
1241802446793564161,2020-03-22 19:02:29,"Do not believe the messages about a national lock down. 

Russia and other cyber actors use US social media to create discord on any controversial issue. 

Follow trusted local and federal government sources. https://t.co/zzq5hcfSgK"
1241758404240121858,2020-03-22 16:07:28,There are a number of measures every American can take to #SlowTheSpread 👉 https://t.co/wPJygfyZbe https://t.co/VbirKiZAJG
1241709245365653505,2020-03-22 12:52:08,"In January, the President took immediate and decisive action to implement travel restrictions to prevent the further spread of #coronavirus. 

As of today, @DHSgov has now conducted enhanced medical screenings for 266,898 Americans returning home from impacted areas. https://t.co/PQxFomejzH"
1241689610482323456,2020-03-22 11:34:07,"Tune in to Sunday Morning Futures at 10AM. 

I’ll be on with @MariaBartiromo to discuss the joint measures USA, Mexico and Canada are implementing at our borders to protect our citizens against coronavirus and still allow for essential trade/travel."
1241401241466478592,2020-03-21 16:28:14,RT @FEMA_Pete: Tune in to @whitehouse #COVID19 task force press briefing at 12:30 PM EST. I will be delivering live updates alongside Presi…
1241391644202512384,2020-03-21 15:50:06,The men and women of @fema are fully activated and working with governors in all 50 states and our territories to coordinate the federal response to coronavirus. https://t.co/xq10Mim2El
1241350645862580224,2020-03-21 13:07:11,"In January, the President took immediate and decisive action to implement travel restrictions to prevent the further spread of #coronavirus. 

As of today, @DHSgov has now conducted enhanced medical screenings for 214,451 Americans returning home from impacted areas. https://t.co/GT87K4g3Pj"
1241314312200900608,2020-03-21 10:42:49,"Tune in to Fox and Friends at 8AM. 

I’ll be on to discuss the joint measures USA, Mexico and Canada are implementing at our borders to protect our citizens against coronavirus and still allow for essential trade/travel."
1241113388304019456,2020-03-20 21:24:25,"Hearing a lot about texts from ""friends at DHS"" or ""friends with connections at DHS"" that say DHS is planning a national lock down. 

THIS IS NOT TRUE. 

Do not believe the disinformation campaigns. Please do not pass it along. Use trusted local and federal government sources."
1241097177436286976,2020-03-20 20:20:00,"Working collaboratively together, we are taking a North American approach to stopping the spread of #coronavirus. That's why the US and Mexico are temporarily restricting all non-essential travel across their borders, effective March 21. https://t.co/JdqpJqnziJ"
1241084918903472128,2020-03-20 19:31:17,"Working collaboratively together, we are taking a North American approach to stopping the spread of #coronavirus. That's why the US and Canada are temporarily restricting all non-essential travel across their borders, effective March 21. https://t.co/ysDm8dKcyJ"
1240978624607653893,2020-03-20 12:28:55,Tune in to Fox Business.  I’m joining @MariaBartiromo at 8:30am. https://t.co/WrBmsdLoJS
1240775722588942337,2020-03-19 23:02:39,"Tune in to @ABC digital live tonight at 7:10. I’ll be on to discuss the coronavirus related travel restrictions, the process for Americans to return to the US, today’s visit to @FEMA with VP and POTUS, and more."
1240774756003176461,2020-03-19 22:58:48,RT @CISAgov: Just Released: Guidance on the Essential Critical Infrastructure Workforce: Ensuring Community and National Resilience in #COV…
1240630723704434690,2020-03-19 13:26:28,"To the workforce fighting #coronavirus spread:

It's at these critical times that I am in awe of the men and women of @DHSgov who stand watch to secure our homeland... Thank you for what you do every day to protect the American people.

Full video here: 
https://t.co/WA9JshcOxf https://t.co/NQNljv2eFP"
1240379535067164672,2020-03-18 20:48:20,The U.S. &amp; Canada are working closely together &amp; suspending all non-essential travel across our northern border to help control the spread of coronavirus. Essential commercial trade/travel &amp; commerce will NOT be impacted. We will maintain a secure &amp; strong economic supply chain.
1240256136017629184,2020-03-18 12:38:00,Read the new guidelines from the @CDCgov and @WhiteHouse for Americans to help slow the spread of #coronavirus over the next 15 days. https://t.co/f0m8XLKg11
1240008755997290496,2020-03-17 20:15:00,I agree with @POTUS. @CBP is doing a great job. Thankful for all CBP and the entire @DHSgov workforce does. https://t.co/ILHW2tQOP2
1239994265134080004,2020-03-17 19:17:25,"The #coronavirus is a serious public health issue and we are asking every American to do their part to help slow the spread and protect our vulnerable neighbors. 
-Wash your hands
-Avoid large social gatherings &amp; travel
-Self-quarantine if unwell
-Contact your health provider https://t.co/vLd0JFxYhI"
1239969607881908226,2020-03-17 17:39:26,"DHS is working on the front lines to stop the spread of #coronavirus in the US through enhanced entry screening for travelers from affected areas. We have now screened more than 127,000 travelers from impacted countries at our specially designated airports. https://t.co/zmX9PjrYbQ"
1239710705844137995,2020-03-17 00:30:39,RT @realDonaldTrump: https://t.co/ZLmk41FA3H
1239593080342355970,2020-03-16 16:43:15,Average wait times on Sunday for Americans returning home from coronavirus affected areas were 27.2 minutes.  This was in line with normal customs wait times for international arrivals.  Great work by @CBP.  We will continue our strong efforts to keep Americans safe. https://t.co/hPXTwp7GgA
1239525342882258944,2020-03-16 12:14:05,RT @WHNSC: Text message rumors of a national #quarantine are FAKE. There is no national lockdown. @CDCgov has and will continue to post the…
1239047030401572866,2020-03-15 04:33:27,"2/2 I understand this is very stressful. In these unprecedented times, we ask for your patience. It currently takes ~60 seconds for medical professionals to screen each passenger. We will be increasing capacity but the health and safety of the American public is first &amp; foremost."
1239046105180114944,2020-03-15 04:29:46,DHS is aware of the long lines for passengers who are undergoing increased medical screening requirements. Right now we are working to add additional screening capacity and working with the airlines to expedite the process. 1(/2)
1238983965081509889,2020-03-15 00:22:51,RT @CBP: CBP officers seized suspected counterfeit COVID-19 test kits. At-home COVID-19 test kits found online are fake. Authorized testing…
1238969103907524608,2020-03-14 23:23:47,"Under the National Emergency Declaration, @FEMA is working with @HHS and state and local authorities to prepare for and respond to the coronavirus wherever needed. These professionals are tested and proven experts at managing emergency situations."
1238942100701528065,2020-03-14 21:36:29,Today I joined @POTUS and @VP to brief reporters on the latest @DHSgov is doing to keep the American people safe and healthy. https://t.co/vwDUNY35hc
1238654499805429761,2020-03-14 02:33:40,Here are the FACTS about all coronavirus travel restrictions - simple explanation of the restrictions and who/what they do and do not apply to. https://t.co/74IKbLSfFC
1238608421915680768,2020-03-13 23:30:34,"US Citizens, Legal Permanent Residents, and their families returning home from a coronavirus affected country will travel through one of 13 airports and self quarantine once they are home. https://t.co/csKKlMWzYd"
1238596379892744193,2020-03-13 22:42:43,Decision by the US cruise line industry to suspend operations for 30 days to keep passengers healthy &amp; safe is HUGE. Really great move by the industry &amp; @CLIAGlobal. DHS stands ready to work with the industry in the weeks ahead.
1238271681396948992,2020-03-13 01:12:29,I commend Princess &amp; Viking for initiating a voluntary pause in their operations to protect the health &amp; safety of passengers &amp; crew. I encourage others in the industry to follow the lead. @POTUS and I are grateful and fully support the industry &amp; their importance to the economy.
1237915985476227078,2020-03-12 01:39:04,The action @POTUS is taking to deny entry to foreign nationals who have been in coronavirus-affected areas will keep Americans safe &amp; save lives. These are not easy decisions but they are required. I will issue guidance within 48 hours outlining details.https://t.co/KYXE7JKswC https://t.co/zgi6r5FoZq
1237857859854946306,2020-03-11 21:48:06,Big Supreme Court win for the American people and the ability to deliver timely immigration results with MPP https://t.co/jvQTOjE89B
1237444930248880128,2020-03-10 18:27:16,We know that Russia has an ongoing influence campaign when it comes to our elections. They want to sow discord and undermine our system of government. @DHSgov &amp; @CISAgov are educating all voters on how to spot disinformation and build resilience to foreign interference. https://t.co/yOgYNUBFfy
1237409317311205379,2020-03-10 16:05:45,One-stop information source up and running. Please visit https://t.co/6zfJSsGKtg for information on the virus and how you can take preventative and precautionary measures to keep your family safe and healthy. https://t.co/pG2h4Ze5DR
1237400887624073217,2020-03-10 15:32:16,RT @Mike_Pence: Keep yourself and those around you safe from the Coronavirus: https://t.co/XHz9BWzxq0
1237073302595817482,2020-03-09 17:50:33,"As always, great job by the men and women of the @USCG for their work over the weekend to bring medical supplies to the coronavirus affected cruise ship off California and for also medevac-ing individuals with unrelated medical conditions. #SemperParatus https://t.co/NNEiZ1jpG0"
1236463275774226432,2020-03-08 01:26:31,Productive conversation w/ cruise line industry in FL today. Under @VP’s leadership the industry has agreed to further enhance medical screenings and other measures to ensure health/safety. @DHS @USCG &amp; CDC will use our expertise to inform these enhanced measures. More info soon. https://t.co/2gvRecY0eb
1236449072854306816,2020-03-08 00:30:05,"RT @Mike_Pence: Thank you @marcorubio, @GovRonDeSantis, @SenRickScott, Dr. Redfield, @DHS_Wolf and leaders from the cruise line industry fo…"
1236350000109686784,2020-03-07 17:56:24,I look forward to joining @VP Pence @GovRonDesantis @MarcoRubio &amp; @SenRickScott for a discussion with cruise industry leadership today in Florida. We remain focused on the health and safety of the American people.
1236004895448272905,2020-03-06 19:05:05,"The destruction in Tennessee by the tornados is surreal, but @POTUS’s message to Tennessee is clear: We are with you. Appreciate the hard work of @FEMA and the entire DHS workforce on the ground. https://t.co/vvnNDzds6w"
1235659774630522882,2020-03-05 20:13:42,"Today I joined AG Barr and top officials from the U.K., Australia, Canada, and New Zealand to release the Voluntary Principles to Combat Online Child Sexual Exploitation. We are fully committed to protecting the world’s children from this global crime. https://t.co/BS0EPFNR5U"
1235639752168259584,2020-03-05 18:54:08,"The New York Association of County Clerks is urging Governor Cuomo and the State Legislature to restore cooperation and information sharing with and all law enforcement agencies, including CBP and ICE. Appreciate their strong support for rule of law and national security. https://t.co/MMvs8USWSl"
1235589255163977729,2020-03-05 15:33:29,This morning I met with Chancellor Gold of the University of Nebraska about the university’s role in quarantining and caring for Americans repatriated from China. I appreciate their work to keep Americans safe and healthy. It’s a whole of America effort. https://t.co/ioC0wLK7aU
1235547782511026176,2020-03-05 12:48:41,"RT @WhiteHouse: President @realDonaldTrump is putting Americans' safety first by securing our border, confronting global threats, and uphol…"
1235346284858552320,2020-03-04 23:28:00,I agree with @MayorOfLA Garcetti. https://t.co/55oNngb2Mi
1235283392205291525,2020-03-04 19:18:05,"Good discussion today w/ @POTUS, @VP &amp; airline CEOs about preparations &amp; preventative measures being taken by the airline industry to ensure travelers’ health &amp; safety. @DHSgov personnel &amp; contractors are on the front lines at air, land &amp; seaports keeping Americans safe. https://t.co/H4yVc50fEp"
1235017574032838658,2020-03-04 01:41:49,"RT @SenGaryPeters: As Ranking Member of @HSGAC I’m working to keep communities in Michigan and across the country safe and secure.
 
@DHS_W…"
1234967286047330304,2020-03-03 22:22:00,".@DHSgov is partnering with federal, state &amp; local govs to secure our election systems. This Super Tuesday, don’t forget that state or local election officials are the most trusted source for election information. More: https://t.co/lSuUrQey50"
1234925259310223360,2020-03-03 19:35:00,"Good to discuss FY21 budget and policy priorities before the House Committee on Homeland Security @HomelandDems &amp; @HomelandGOP this morning. The Department continues to lean forward on election security, Coronavirus, border security and more. https://t.co/pqUYLqnRKd"
1234917332322930688,2020-03-03 19:03:30,My heart goes out to the people of Tennessee after the deadly tornados. The state has the full support of the Department. @FEMA is in touch with local and state emergency response officials and stands ready to support in any way needed.
1234545930176692224,2020-03-02 18:27:41,"Good discussion this morning w/  @AGAshleyMoody, @UtahAG Reyes &amp; @AGRutledge about Federal &amp; State efforts to end human trafficking. We all agree a victim-focused approach is necessary. Grateful for the support &amp; coordination between these states &amp; @DHSgov law enforcement. https://t.co/Gx2hlw6lPX"
1234138290611200000,2020-03-01 15:27:52,Today marks 17 years since the founding of the Department of Homeland Security. From the ashes of 9/11 grew the finest law enforcement &amp; homeland security professionals on earth. It was a privilege to help stand up DHS then &amp; is an honor to lead the team now. Thank you all. https://t.co/bmB0uCLdkW
1233917831177232394,2020-03-01 00:51:50,"This must end. It’s time for sanctuary cities to provide sanctuary to law-abiding citizens and not to criminal aliens.
https://t.co/fYDBW06ZIH"
1233521630867083264,2020-02-28 22:37:29,RT @NCSBE: Thanks to @DHS_Wolf for taking time Thursday to discuss election security with several North Carolina election officials and par…
1233443265145442304,2020-02-28 17:26:05,I know I speak for the entire @DHSgov team when I say it’s an honor to call the men and women of @USCG our shipmates. I’m humbled by the warm reception and honor of being recognized as their Service Secretary. https://t.co/5mHEjPfsxh
1233374941879373825,2020-02-28 12:54:35,Impressed with North Carolina election security preparations. Great partnership with our @CISAgov officials and happy to see NC has fully auditable paper ballots as we head into Super Tuesday. https://t.co/HveK9gmbmm
1232806579633901568,2020-02-26 23:16:07,RT @Mike_Pence: Honored to present the President's Cup Cybersecurity Competition Awards with @DHS_Wolf &amp; members of the Military! Since the…
1232804390517530626,2020-02-26 23:07:25,Looking forward to meeting North Carolina elections officials tomorrow in Charlotte. We are working with elections officials in all 50 states and both major parties to secure Super Tuesday and all 2020 elections. https://t.co/MvvhPIg65F
1232774097639297025,2020-02-26 21:07:03,"Thank you, @RepCuellar. I agree. The men and women working at the border are incredible professionals. https://t.co/zoMpkEkpIV"
1232306397141925890,2020-02-25 14:08:34,"Joining @SenateApprops and @BudgetGOP hearing this morning on the President’s FY21 budget. Looking forward to a good discussion on the Department’s work to secure the homeland by air, land, sea, and cyberspace. Tune in here: https://t.co/YPotoHHUAB"
1232051323052396544,2020-02-24 21:15:00,The overall coronavirus threat to the American public remains low thx to measures taken early on by the fed gov. @DHSgov  @CDCgov @StateDept &amp; other agencies are working 24/7 to ensure the safety of the American people. Visit the CDC for more information: https://t.co/gQKUFGCcU9
1232041004162785283,2020-02-24 20:34:00,Today the US government will fully implement the public charge rule. This rule implements long-standing law and American values by ensuring those who seek to immigrate to the US are self-reliant and do not take advantage of taxpayer-funded social services. https://t.co/QMMToDOMSt
1232036850916876292,2020-02-24 20:17:30,"RT @USBPChief: Border Wall System update:

▫️ 126 miles completed
▫️ 213 miles under construction
▫️ 414 miles in pre-construction https://…"
1232020892194086913,2020-02-24 19:14:05,"Thanks to the hard work of ICE, the U.S. Attorney &amp; several police depts, a TX man was sentenced to 40yrs in prison for creating child pornography. This would not have been possible if not for strong collaboration b/w state, local &amp; fed law enforcement https://t.co/5QR1c3QGjr"
1230851399543611393,2020-02-21 13:46:56,"RT @USCG: #ICYMI, you can watch the State of the Coast Guard Address here: https://t.co/ds2VMWzBib 
#CoastGuard2020 #WhyIServeCG https://t.…"
1230671145931825153,2020-02-21 01:50:40,"Special thanks to the governments of Honduras, Guatemala, El Salvador, Panama, and Costa Rica for their continued partnership. We’re making significant strides toward a more secure, prosperous hemisphere because of our combined efforts. Looking forward to our continued success. https://t.co/msj8PdJGhS"
1230605190602121237,2020-02-20 21:28:35,RT @usembassyhn: Palabras del Secretario Interino @DHS_Wolf de @DHSgov en la XII Conferencia Regional de Seguridad en #Honduras. https://t.…
1230504965921177602,2020-02-20 14:50:20,"It’s a pleasure to join officials for the 12th Regional Security Conference in Honduras. I look forward to continuing a historic level of regional coordination to address irregular migration, border security &amp; transnational criminal organizations in Central America. https://t.co/wAyB1W81Ja"
1230252640606588929,2020-02-19 22:07:41,"Ensuring every state is compliant by October is a top @DHSgov priority. After soliciting ideas from state &amp; local partners, DHS is allowing states to electronically receive required documents from applicants prior to their DMV visit to obtain a #REALID https://t.co/i1vt0hkJEF"
1230229753124335617,2020-02-19 20:36:44,The teams at @CISAgov and @DHSgov are working with officials in all 50 states and both major political parties to protect our 2020 elections. https://t.co/g28H86H6la
1229953749990461440,2020-02-19 02:20:00,Great to be with @POTUS in California today to meet with the US Olympic &amp; Paralympic Committee. LA is a vibrant city and will host a world-class games in 2028. DHS looks forward to making it safe and secure. 🇺🇸 https://t.co/hDhQWXk0OA
1229907079579799553,2020-02-18 23:14:32,"RT @tatereeves: When disaster strikes, that's when you find out who your real friends are. Truly blessed that @VP @Mike_Pence, @GregAbbott_…"
1229798896450330626,2020-02-18 16:04:40,"Building a border wall system, at one time, was very bipartisan and nonpolitical. It's only now that some are choosing politics over security. This administration will continue to use existing resources and authorities to get the job done. https://t.co/J6lNnajBe1"
1229740469007065089,2020-02-18 12:12:29,"Tune in now, I’m joining Fox and Friends to give an update on border wall construction."
1229137839616675841,2020-02-16 20:17:51,DHS law enforcement will continue to assist one another in enforcing our border security and immigration laws. https://t.co/eccqLmwuX4
1229112998486212616,2020-02-16 18:39:09,120 miles of new border wall and counting... https://t.co/E3FTAY3hBw
1229062960510853120,2020-02-16 15:20:19,RT @greta: I appreciate @DHS_Wolf doing an interview on Full Court Press - check https://t.co/zDWKC9ODe2 for times the show broadcasts wher…
1228813156769726464,2020-02-15 22:47:41,RT @greta: See Acting Sec of Homeland Security on Full Court Press Sunday - check https://t.co/zDWKC9ODe2 for the time the show broadcasts…
1228806789904445440,2020-02-15 22:22:23,Tune in to Full Court Press with @greta tomorrow on your local station. We had a good discussion on a number of topics from border wall construction and sanctuary cities to what I think of the President tweeting. https://t.co/2DDc3iueK4
1228787674397519875,2020-02-15 21:06:26,"It was a powerful moment when Daria Ortiz spoke about her grandmother’s murder by a criminal illegal alien and called for an end to sanctuary cities. We support you Daria, and will keep fighting. https://t.co/sctRrHsz0E"
1228452333115314177,2020-02-14 22:53:54,Tune in to @TuckerCarlson. We will discuss misguided attempts to abolish all immigration enforcement and make our country less secure.
1228310589526638592,2020-02-14 13:30:40,RT @CBP: Happy #ValentinesDay! CBP agriculture specialists around the country have been working tirelessly behind the scenes to make sure t…
1228299271277088768,2020-02-14 12:45:41,RT @MariaBartiromo: GM #HappyValentinesDay2020 join us now ⁦@MorningsMaria⁩ ⁦@FoxBusiness⁩ the ceo of ⁦@GODIVA⁩ is here + ⁦@dagenmcdowell⁩…
1228074694894596096,2020-02-13 21:53:18,"Today, I joined @POTUS Trump &amp; Governor Cuomo for a productive meeting. The relationship between New York &amp; the Fed government is very important but has been made difficult by the unilateral actions of NY regarding the sharing of critical security information with DHS. Statement: https://t.co/QS4ub5QiRj"
1227940484275982336,2020-02-13 13:00:00,".@DHSgov has been working hard to keep congress informed on the coronavirus. We appreciate @SenGaryPeters’ support for DHS’s ongoing work at our air, land and sea ports to protect the homeland from this threat. https://t.co/LPhcPYqY5p"
1227778375101624322,2020-02-13 02:15:50,Law enforcement is united against New York’s dangerous law that prohibits information sharing with @DHSgov law enforcement. @FLEOAORG @WDNYnews @SDNYnews @EDNYnews @USAO_NDNY @NYSACOP https://t.co/c3FKjtxJJn
1227674599359418368,2020-02-12 19:23:28,"It was a pleasure to speak to our partners across the homeland security enterprise at the Corporate Security Symposium in Scottsdale. Our collaboration with industry isn’t just important, it is mission critical. Thank you to all participants for helping create a safer Homeland. https://t.co/bAHpgTwIyG"
1227408166922551296,2020-02-12 01:44:45,"Great to spend a day in the life of DHS law enforcement trainees at @FLETC Artesia, the world’s premier law enforcement training facility. Agents complete rigorous courses in tactics, ops, firearms, human trafficking awareness &amp; more, equipping them for success in the field. https://t.co/Aoq8msm8JJ"
1227343711656235008,2020-02-11 21:28:38,"These men and women have displayed the highest level of personal and professional perseverance, earning them the privilege of wearing the badge. To Border Patrol Academy Class 1132–thank you for your service. Stay safe, and Honor First! https://t.co/I7VgvqhmZv"
1227343250291183616,2020-02-11 21:26:48,"I’m proud of the Border Patrol’s role in securing our Nation. My pride can only be matched by gratitude for agents that stand the watch. Today, this elite group of patriots grew by 28. I’m privileged to have welcomed these Border Patrol Academy graduates to the @DHSgov family. https://t.co/N3mR10PBEt"
1227311453411192834,2020-02-11 19:20:27,"Good lunch break with trainees at @FLETC Artesia. After graduation, this group will join the Uniformed Division of the @SecretService. Grateful for their service. https://t.co/Idbv5WMo50"
1226974224482476039,2020-02-10 21:00:25,"Thank you @POTUS for continued support for @DHSgov. FY21 budget includes:
✅$2B new wall
✅$1.1B election &amp; cyber security 
✅$1.6B @USCG polar security cutter
✅$2.5B grants for states, local, tribal govs including for targeted violence &amp; terrorism prevention 
➕ much more"
1226964664694853632,2020-02-10 20:22:26,"RT @DHSgov: .@DHSgov is proud to announce the launch of https://t.co/zIOHhGShC3, in collaboration with @usedgov, @TheJusticeDept &amp; @HHSGov…"
1226962010652520448,2020-02-10 20:11:53,"I'm grateful to the Parkland Parents who helped @DHSgov &amp; other agencies create https://t.co/jXn1J2Kinc. This website provides important tools for schools on threat assessments, security, emergency planning, and trainings designed to help local officials prepare for incidents."
1226953476426649600,2020-02-10 19:37:59,"This week is the 2 year anniversary of the tragedy at Stoneman Douglas High School in Parkland, Florida. The 17 lives lost will always be remembered through the action they inspired in their friends, family, teachers, and this Administration."
1226685326783111169,2020-02-10 01:52:27,"RT @Heritage: Gov. Cuomo failed to note that New York is the ONLY state to shut off @CBP access to DMV records. 

New York's Trusted Travel…"
1226585377642860544,2020-02-09 19:15:17,"Again: Nothing to do with drivers licenses.  NY is the ONLY state that restricts @CBP access to their data across the board. Not only immigration purposes but law enforcement purposes, customs purposes and also for trade and travel facilitation purposes. https://t.co/bvvRGpLdfA"
1226533953949097984,2020-02-09 15:50:57,"This has nothing to do with illegal aliens receiving drivers licenses. NY is the ONLY state to shut off CBP access to DMV records used for law enforcement purposes in our homeland security mission. Without access, CBP cannot vet Trusted Traveler applicants. It’s that simple."
1226269281941426176,2020-02-08 22:19:14,RT @FRCdc: LISTEN @tperkins and @DHS_Wolf discuss the dangers and problems with New York's Green Light Law. #nationalsecurity #immigration…
1226269110255964161,2020-02-08 22:18:33,RT @MariaBartiromo: Tomorrow #Exclusive ⁦@SundayFutures⁩ ⁦@FoxNews⁩ 10am #Live ⁦@RudyGiuliani⁩ ⁦@DHS_Wolf⁩ ⁦@DHSgov⁩ secy ⁦@SenatorTimScott…
1225856821103091714,2020-02-07 19:00:16,I made clear to the Governor yesterday that suspending Trusted Traveler Programs for NY had nothing to do with drivers licenses and everything to do with the breakdown in information sharing. My response to the press conference. https://t.co/kzzZ18p1sc
1225752863009361921,2020-02-07 12:07:10,"RT @RepStefanik: Once again, Governor Cuomo's reckless Green Light Law is hindering our federal and state law enforcement and other agencie…"
1225574346502148097,2020-02-07 00:17:48,RT @RepLeeZeldin: DHS needs access to certain information in order to do its job. New York needs to restore full access ASAP! It's not an o…
1225552248392028160,2020-02-06 22:50:00,"The Department of Homeland Security was founded in the ashes of 9/11 on the foundation of federal, state and local governments sharing information. We need to remove information sharing stove pipes, not create new ones. https://t.co/6Y1jbxWzj6"
1225544040185286656,2020-02-06 22:17:23,"If @CBP cannot verify an individual is a low risk global traveler, they cannot keep the homeland safe. Unfortunately we had to suspend NYers access to Trusted Traveler Programs b/c New York banned the DMV from providing us with risk-assessment information. https://t.co/0wd3zShO2E"
1225465627378421760,2020-02-06 17:05:48,RT @RepTomReed: The Department of Homeland Security provides many services to New York not provided to other states. Albany must repeal the…
1225465620256432129,2020-02-06 17:05:46,"RT @RepTomReed: The Green Light Law is dangerous. As someone who lived through 9/11, I am astonished how Governor Cuomo could disregard the…"
1225454295090368512,2020-02-06 16:20:46,.@DHSgov notified New York DMV that New York residents can no longer enroll or re-enroll in certain trusted traveler programs like Global Entry because we no longer have access to NY data to ensure that their residents meet those program requirements. We must do our job. https://t.co/Fyj7srjy8n
1225216378954711043,2020-02-06 00:35:22,Tune in: I’ll join @TuckerCarlson tonight at 8:30.
1224906088820170753,2020-02-05 04:02:23,RT @trish_regan: A SPECIAL edition of #TrishRegan Primetime RIGHT NOW on #FoxBusiness - #POTUS’ #SOTU  address Reax + exclusive analysis fr…
1224902938960809984,2020-02-05 03:49:52,"Tonight, President @RealDonaldTrump sent a strong message to leaders of Sanctuary Cities who play politics with public safety: If you will not protect your people, we will. #SOTU  https://t.co/GZr0cfxJSf"
1224821139643555840,2020-02-04 22:24:50,The American people can expect to hear about the ongoing progress @POTUS is making on the southwest border crisis #SOTU  🇺🇸 https://t.co/4lAVJ4Ns5z
1224674522403627008,2020-02-04 12:42:14,You never know who you’ll run into at the Fox News bureau. Great to see @SenMcSallyAZ this morning. https://t.co/69cL40yGwi
1224478343661264897,2020-02-03 23:42:41,"Tune in to @LouDobbs tonight at 7:10. We will discuss @DHSgov’s work to keep Americans safe from the coronavirus, new travel/visa restrictions, and the progress we are making at the southwest border."
1224103352281288707,2020-02-02 22:52:36,"While America’s eyes are on the game, @DHSgov has eyes on the air, land, sea and cyberspace making sure the event is safe and secure. Appreciate the around the clock work of the men and women of @SecretService @CISAgov @CBP @ICEgov @USCG and many many others in the DHS family. https://t.co/01g9OqovYu"
1224056083402100741,2020-02-02 19:44:46,Incredible job by @CBP @ICEgov and the entire team for saving Super Bowl fans $123 million on everything from fake tickets and Super Bowl rings to counterfeit memorabilia. https://t.co/kQUTGibdz1
1223997373036335105,2020-02-02 15:51:29,Facts are stubborn. The new travel restrictions do not apply to 350 million people – as some of our critics would lead you to believe. Such statements are grossly inaccurate and irresponsible. https://t.co/YY7YfONvnc
1223953320601116672,2020-02-02 12:56:26,There is no more fundamental right than to know who is entering our country. @POTUS proclamation continues to raise the bar of security around the world.  https://t.co/lrlXZDvqB2
1223807128143646721,2020-02-02 03:15:31,Protecting the American people requires holding other countries accountable for the information they provide us. Homeland Security is National Security. https://t.co/qXl4dEfhpQ
1223379327716294657,2020-01-31 22:55:35,"Honored to recognize Dr. Daniel Kaniewski, Deputy Administrator for Resilience @FEMA, for his tireless service to our Nation. Dan is a force for good at @DHSgov and a great friend. Best of luck Dan! https://t.co/fUaUiJVX6V"
1223375563328577549,2020-01-31 22:40:38,"Today @POTUS signed a proclamation issuing tailored travel restrictions on 6 countries that currently fail to meet the minimum US security standards set by this Administration. Through this action, we are raising the baseline of security around the world. https://t.co/lrlXZDvqB2"
1222645397807665152,2020-01-29 22:19:13,".@DHSgov has been in Miami for months working with our Federal, State, and local partners to ensure a safe and secure #SuperBowl week. We protect the event by air, land, sea and cyberspace. 🇺🇸 https://t.co/1YN6m9NCwf"
1222573218684461057,2020-01-29 17:32:24,"The #SuperBowl brings in half a billion dollars of economic activity &amp; 200k visitors, making it a potential target for counterfeiters, human traffickers or violent actors. While there is no specific, credible threat against the game, @DHSgov is working hard to keep everyone safe. https://t.co/LshHZQU7XP"
1222327565895000064,2020-01-29 01:16:16,🇺🇸 Proud to honor the @USCG and @CBPAMO teams who helped our neighbors in the Bahamas after Hurricane Dorian.  #SemperParatus https://t.co/ZOJnOyo9On
1222290839239524352,2020-01-28 22:50:19,Bravo Zulu to the @USCG and @CBPAMO teams who provided humanitarian support to the Bahamas after Hurricane Dorian. It was an honor and pleasure to recognize them today. 🇺🇸 https://t.co/2mcVVS0vCv
1222259215235940354,2020-01-28 20:44:40,Today @ComdtUSCG and I commemorated the 40th Anniversary of the sinking of @USCG Cutter Blackthorn. This tragic accident took the lives of 23 Coast Guardsman. Today and always we remember their service and sacrifice. https://t.co/i32F6YndbJ
1222182485838258176,2020-01-28 15:39:46,"Interesting operational tour of Port Tampa Bay. @DHSgov was founded to ensure lawful trade and travel and secure critical infrastructure. It’s vitally important to our economic security and national security that ports remain secure against land, air, sea and cyber threats. https://t.co/cihMahc0U1"
1221914591921430528,2020-01-27 21:55:15,Wheels up to #Florida. Looking forward to spending time with the men and women of @USCG @CBP  @CBPAMO @ICEgov @SecretService and our partners at @DeptofDefense https://t.co/iQVgXb0yHo
1221245780494888961,2020-01-26 01:37:38,"RT @DHSgov: .@DHS_Wolf: ""The counterfeiting and pirating of goods must be stopped in its tracks and DHS is leading the way in protecting bo…"
1221192163423408129,2020-01-25 22:04:35,"While the @CDC is leading gov efforts on the Coronavirus, @DHSgov is taking prudent &amp; necessary precautions at @TSA @CBP @FEMA @USCG @DHScwmd &amp; other components to keep our employees &amp; the homeland safe &amp; secure. For info on the coronavirus visit the CDC https://t.co/gQKUFGCcU9"
1221138703499890690,2020-01-25 18:32:09,"This Administration is cracking down on the sale of counterfeit goods. This issue is much bigger than buying  knock-off luxury goods. Counterfeit pharmaceuticals, cosmetics and even auto parts sold online injure and kill countless people every year. https://t.co/yIxWs8pT2p"
1221089677068906497,2020-01-25 15:17:20,"I applaud @POTUS for signing into law a bill that codifies funding for nonprofits to defend against domestic terrorist threats. @DHSgov will continue to support faith based organizations and remains committed to their defense and first amendment rights. 
https://t.co/MCQifAaxJC"
1220850507050356745,2020-01-24 23:26:57,Congratulations to Rodney Scott who will be the next U.S. Border Patrol Chief. Thank you to @USBPChief Carla Provost for years of excellence and service. #HonorFirst
1219988818801176577,2020-01-22 14:22:55,"I commend the Government of Mexico for maintaining the integrity of their border, despite outbreaks of violence and lawlessness by people who are attempting to illegally enter. Read my full statement here:  https://t.co/4xshcF6sVo https://t.co/TWuQGXmWll"
1219697744392093698,2020-01-21 19:06:17,"The policies we’ve put in place across the border have reduced illegal crossings by more than 70%. Now, those who try to enter illegally are being returned, removed, or repatriated and learning they were sold a bag of lies by smugglers. https://t.co/cR1VfxiYo0"
1219645213347647496,2020-01-21 15:37:33,This administration has done more than any of its predecessors to ensure a safe &amp; secure election process. We are working closely w/ state &amp; local partners so they have the tools they need to combat interference from Russia or any other nefarious actor. https://t.co/3f4auUuTdQ
1219310363814088704,2020-01-20 17:26:59,"DHS is working closely with Development Finance Corporation to identify investments that will improve port security and trade facilitation, as well as increase economic opportunity in the region, reducing one of the biggest push factors in illegal migration. 3/3"
1219310171635245057,2020-01-20 17:26:13,"A secure region is a stable and prosperous region that will attract both public and private investment, and will provide opportunities and economic security for the youth of these countries who represent the future of Central America. 2/3"
1219310065292861445,2020-01-20 17:25:47,"Illegal migration is a regional problem, so @DHSgov has been taking a regional approach to address the push and pull factors. In 2019, we signed 12 agreements with Honduras, Guatemala &amp; El Salvador to improve security and stability in the region. 1/3"
1219247466333253633,2020-01-20 13:17:03,"Thank you to everyone who observes #MLKDay through acts of community service that honor Dr. King’s life and teachings on dignity, respect, freedom, and equality. To find volunteer opportunities in your local area, please visit https://t.co/UE9LeD6xfL"
1218569886781313025,2020-01-18 16:24:35,Proud to deliver this to @POTUS @RealDonaldTrump this week on behalf of the men and women of U.S. Border Patrol and @USBPChiefYum. 101 miles of wall and counting! https://t.co/VFot4e1ki9
1218282081874337792,2020-01-17 21:20:57,Thank you former Congresswoman Harmon and former Secretary Chertoff for the robust discussion about the evolution of @DHSgov and the threats facing the homeland. https://t.co/3fO4jdJAvS
1218281795550109697,2020-01-17 21:19:49,Today I joined @HomelandExperts Group at @TheWilsonCenter to discuss the work by @DHSgov to secure the homeland against a variety of threats leading into 2020. https://t.co/alJZxvp3gR
1218236277801332736,2020-01-17 18:18:57,The caravan will face a series of hurdles as they attempt to illegally enter the US including enforcement by Guatemala and Mexico and new policies that restore integrity to the US immigration system. https://t.co/cb0FaxVJDE
1218141605879787520,2020-01-17 12:02:45,I’ll be on Fox and Friends at 7:30am. I hope you can tune in.
1217938398092152833,2020-01-16 22:35:16,"It was my privilege to swear in @FEMA_Pete today following his overwhelmingly bipartisan Senate confirmation. Pete is an incredible public servant, @USMC veteran, former state emergency manager and now the @fema Administrator. Congratulations! https://t.co/b30nGVF528"
1217909678165970944,2020-01-16 20:41:09,"No words can capture the depravity of the individuals who commit human trafficking, forced labor, and child sexual exploitation. As a society, we don’t talk about it enough. I’m asking you to use your voice to help @DHSgov end these crimes. https://t.co/JdYYdWpnGR"
1217600924744585216,2020-01-16 00:14:17,"There has been a complete breakdown of law &amp; order in New York City. NYC proudly passed sanctuary city laws &amp; bragged about it for months. But now they, &amp; more importantly, the citizens of NYC are facing the deadly consequences of the sanctuary policies. https://t.co/esXd5yYi1Q"
1217555459906904070,2020-01-15 21:13:37,"Today we released the first-ever @DHSgov strategy to combat human trafficking, child exploitation, and the trade of goods produced with forced labor. Over 40 different actions called out. Thank you to @Heritage for hosting. https://t.co/2xtqDmJdsi"
1217553831699062792,2020-01-15 21:07:09,Thank you to @RepDanCrenshaw @RepAnnWagner and our partners for discussing @DHSgov efforts to address human trafficking. https://t.co/hozXMjjIev
1217245352300023808,2020-01-15 00:41:21,"@POTUS @SecretaryRoss @DHSgov @DrGiammattei The United States remains committed to working with President @DrGiammattei, VP Castillo and his cabinet to continue progress on security and stability in the region. https://t.co/4yKLQHD7WL"
1217245108938117120,2020-01-15 00:40:23,"From @POTUS, @SecretaryRoss, and all of us at @DHSgov, congratulations to @DrGiammattei on being sworn in today as Guatemala’s new President! I look forward to building on our countries' already strong relationship. https://t.co/51G8zreP7N"
1217141323763011585,2020-01-14 17:47:59,Congratulations to @FEMA_Pete on his bipartisan Senate confirmation today. Pete has proven to be an invaluable leader of the agency over the last 10 months.  Look forward to our continued work together.  https://t.co/ddObJF4E93
1216412542332997633,2020-01-12 17:32:04,The entire federal government is committed to the recovery and safety of Puerto Rico. I joined @FEMA_Pete and @USGS for a discussion today on our ongoing coordination with Puerto Rican officials. We are leaning forward to support their response to the earthquake and aftershocks. https://t.co/S3TpKIkNeX
1216068971977269248,2020-01-11 18:46:51,First 100 miles and counting. Thank you @POTUS. https://t.co/BFVRF3hwry
1216067284579471361,2020-01-11 18:40:08,".@DHSgov is committed to the fight to #EndTrafficking. This week we wore blue to raise awareness of this modern day form of slavery. DHS will continue to investigate, rescue victims &amp; bring those who are responsible to justice. Next week DHS will release its first HT Strategy. https://t.co/jGbHJ3Wubf"
1215771442144411648,2020-01-10 23:04:34,@DanielHongell Thank you!  Just doing my job.
1215766570300895232,2020-01-10 22:45:12,"6AM morning muster with Border Patrol, DOD and partners working with us in Yuma Sector. Appreciate all they do. https://t.co/sQEktHGJCn"
1215726032344371201,2020-01-10 20:04:07,"New wall in Yuma, AZ, next to old vehicle barrier. https://t.co/M8nLA7OwHX"
1215674002154278912,2020-01-10 16:37:22,"Good discussion with Yuma Mayor Nicholls and Arizona Border Sheriffs Wilmot, Dannels and Napier this morning. These sheriffs are responsible for over 90% the Arizona-Mexico border and are doing a fantastic job. https://t.co/O7ooKTlEYh"
1215661495050092548,2020-01-10 15:47:40,The new border wall system reduces illegal border crossings. The results don’t lie. Watch today’s press conference at 1:20 ET/11:20 AZ time. Livestream link here: https://t.co/krvcaSbSg3
1215475572345688064,2020-01-10 03:28:53,"Proud to serve alongside the more than 60,000 law enforcement officers at DHS. @SecretService @FLETC @ICEgov @CBP @TSA FPS and others. https://t.co/l0FhXF25i5"
1215357334064549888,2020-01-09 19:39:03,"Wheels up to Yuma, Arizona. Very happy to see the decision from the 5th Circuit Court of Appeals. We will continue to build the wall for the American people. https://t.co/hLLefCReiM"
1215351720173113344,2020-01-09 19:16:44,Good discussion with President Hernandez and his cabinet on security and prosperity issues. We finalized the details of the ACA and look forward to implementing in the coming weeks. https://t.co/MMaG0j2RcY
1215016451591098372,2020-01-08 21:04:30,Good meeting with @fema senior leadership this morning on the recent earthquakes in Puerto Rico and the agency’s response. Incident Management Assistance Team and Urban Search and Rescue teams deployed and engaged. https://t.co/GcBiWEYtNi
1215014628587126785,2020-01-08 20:57:15,Gov @wandavazquezg and all of Puerto Rico has the full support of @FEMA &amp; @DHSgov as they recover from recent earthquakes. I appreciate the governor making time to talk with me today about the impacts to our island territory.
1214948930070482951,2020-01-08 16:36:12,"Visited the team at @CISAgov to discuss cyber threats, election security, Iranian cyber capabilities &amp; the impressive work CISA does to protect critical infrastructure. They’ve been training for years &amp; stand vigilant to respond to any threat against the homeland should one arise"
1214744735006502912,2020-01-08 03:04:48,I appreciate House and Senate Homeland Committees allowing @DHSgov leadership &amp; me to brief them this evening on our full range of protective measures and enhanced posture. https://t.co/Ug2cqN4r8p
1214611438892924928,2020-01-07 18:15:08,"RT @FEMA_Pete: We have teams in #PuertoRico, New York and D.C. working hard to aid the ongoing response to the recent earthquakes on the is…"
1214537653116440581,2020-01-07 13:21:56,I am monitoring the earthquake and after-shocks in Puerto Rico closely. @DHSgov stands ready to assist with assessments and recovery. @FEMA has been in touch with the Governor and other PR officials and is responding appropriately.
1214336290096926720,2020-01-07 00:01:47,Semper Paratus! Always Ready! @USCG https://t.co/9kjsCoMdpi
1214174373902520321,2020-01-06 13:18:23,"Protecting faith based organizations from violence has been a top priority of mine. Last week, I directed DHS component agencies to implement a series of steps to increase preparedness and prevention to help stop future attacks https://t.co/xRBGSTODqe"
1213872696787980292,2020-01-05 17:19:38,"A good reminder from @CISAGov: In times of heightened threats, organizations should increase monitoring, back up systems, implement multifactor authentication, &amp; have an incident response plan ready. More info on threats &amp; prevention/preparedness tips at https://t.co/QrJdBOeEJz"
1213585937881534467,2020-01-04 22:20:09,"The new @DHSgov NTAS Bulletin on the threat landscape was issued to inform &amp; reassure the American public, state/local governments &amp; private partners that DHS is actively monitoring &amp; preparing for any specific, credible threat, should one arise. https://t.co/iNnHU1TI9A"
1213527986772881410,2020-01-04 18:29:52,"Yesterday, I briefed @BennieGThompson @RepMikeRogersAL @SenGaryPeters &amp; @SenRonJohnson of House &amp; Senate Homeland Security committees on DHS's enhanced posture &amp; operational enhancements taken by agencies. Will continue to keep Congress informed on DHS actions moving forward"
1213250038626951168,2020-01-04 00:05:24,"At this time there is no specific, credible threat against the homeland. DHS operational components are implementing measures to enhance homeland security within their authorities and mission sets when necessary and prudent."
1213160215715209216,2020-01-03 18:08:29,I commend the President’s decisive action to protect American lives both abroad and at home. Full statement: https://t.co/xy0oSIzCzs
1212815223549300737,2020-01-02 19:17:36,"NY's recently passed “Green Light Law” is dangerous. It explicitly restricts DHS access to critical information used for national security purposes. Homeland Security Investigations &amp; CBP will not have the info needed to investigate crimes, build cases &amp; enhance officer safety. https://t.co/tnQjsmcb1U"
