id,created_at,text
1247241751699640321,2020-04-06 19:16:20,@aryeshalicar @SawsanChebli @usbotschaft @RegBerlin True.
1247140345202212866,2020-04-06 12:33:23,"RT @bopanc: #Austria will be the first European country to start exiting the #coronavirus lockdown already on 14.04, with a plan to fully r…"
1246880758209413120,2020-04-05 19:21:53,"RT @Alyssafarah: Love this verse, Jeremiah 6:8, which hangs in th entrance to the Pentagon: “whom shall I send &amp; who will go for us?”  “Her…"
1246840956831305728,2020-04-05 16:43:43,@johnatkinsonIL @realDonaldTrump @keithnegley why? Christ doesn’t ask we come perfect. He asks that we come. This is a basic tenet.
1246818174315704321,2020-04-05 15:13:12,Palm Sunday. The triumphant entrance of Christ. https://t.co/BA3mcYL0Cw
1246816818246942729,2020-04-05 15:07:48,"RT @MKarnitschnig: This episode tells you everything you need to know about German-US relations. 71 yrs after Berlin Airlift, Berlin mayor…"
1246785504500121600,2020-04-05 13:03:23,RT @lovestohootowls: @RichardGrenell God brought this meditation to me this am to think about and share. 1Peter 5:7-10 here in the Amplifie…
1246776327988019202,2020-04-05 12:26:55,"“And when He entered Jerusalem, the whole city was stirred up, saying, “Who is this?” And the crowds said, “This is the prophet Jesus, from Nazareth of Galilee.” Matthew 21:10,11

Hosanna!"
1246771135875895296,2020-04-05 12:06:17,RT @BenWeinthal: I am delighted that my story below is currently the most read article @Jerusalem_Post :Venezuelan navy ship fired shots at…
1246626030523166720,2020-04-05 02:29:41,RT @realDonaldTrump: Palm Sunday is the beginning of a Holy week for many people of Faith and a great day to lift our voices in Prayer. I w…
1246583461818904576,2020-04-04 23:40:32,Now the WashPost has corrected the story. cc: @jeffmason1 https://t.co/5dnkAMJnie
1246548860199153665,2020-04-04 21:23:02,cc: @jeffmason1 https://t.co/yH3GBI0KAv
1246548386817376257,2020-04-04 21:21:09,This accusation should be corrected by @jeffmason1. https://t.co/jwFkG8YHYG
1246518952550895617,2020-04-04 19:24:12,We are honored to have such an incredibly qualified expert. https://t.co/abHi7kgebs
1246500018963578880,2020-04-04 18:08:58,RT @Scavino45: 30 DAYS TO SLOW THE SPREAD https://t.co/kDhWLl7api
1246403440798040065,2020-04-04 11:45:11,RT @SecPompeo: The United States will not forget #DanielPearl. We continue to honor his legacy as a courageous journalist and demand justic…
1246266263044833285,2020-04-04 02:40:06,RT @CBS_Herridge: #FISA BREAKING: Fallout from IG Horowitz audit 3/31 as surveillance court orders FBI to provide “names” and “docket numbe…
1246192261475512320,2020-04-03 21:46:02,"RT @JuddPDeere45: .@realDonaldTrump: ...our destiny remains unchanged – we will vanquish the virus, we will heal our citizens, and we will…"
1245756216057487362,2020-04-02 16:53:21,Good news! https://t.co/Mz1vJzMyU4
1245654297477439494,2020-04-02 10:08:22,The American fighting spirit! https://t.co/jwf0sqYMW7
1245434515931172867,2020-04-01 19:35:02,"RT @realDonaldTrump: Upon information and belief, Iran or its proxies are planning a sneak attack on U.S. troops and/or assets in Iraq. If…"
1245433804321361920,2020-04-01 19:32:12,RT @BenWeinthal: Breaking. German health minister stops flights from Iran due to lack of transparency. Read more @Jerusalem_Post https://t.…
1245332788242513920,2020-04-01 12:50:48,RT @USEmbPristina: The United States has been clear that #Kosovo should drop all tariffs and not create new barriers because these policies…
1245132320052523008,2020-03-31 23:34:13,Soooo true. @richwilkersonjr https://t.co/ttyUxbnLyr
1244967004588695554,2020-03-31 12:37:18,RT @AsaadHannaa: Someone: Great idea! Our neighbor is older and lives alone so I gave her 3 colour pieces of paper for her window which fac…
1244941801347317767,2020-03-31 10:57:09,Americans are proud of your commitment to our country. Thank you! #EmbassyCrew https://t.co/ZA4aHGRMin
1244760023466729472,2020-03-30 22:54:50,RT @WH45OTMP: Big salute to Ford/GE/UAW moving in ‘Trump time’ to speed urgently needed ventilators to the front lines of the war against t…
1244745411312717824,2020-03-30 21:56:46,"RT @jarengrenell: ""a negative mindset never leads to a positive life"" 

- @craiggroeschel"
1244745133825970176,2020-03-30 21:55:40,"RT @guypbenson: I actually love that the WH briefing included CEO’s, each of whom explained how their business is joining America’s all-han…"
1243981059085262848,2020-03-28 19:19:31,RT @robertcobrien: Honored to join ⁦@realDonaldTrump⁩ and SECDEF to see USNS Comfort off to New York. Her sister ship USNS Mercy is in my h…
1243960298148712448,2020-03-28 17:57:01,. @realDonaldTrump: “The Comfort will arrive at Pier 90 in Manhattan on Monday and see patients on Tuesday.” #USA https://t.co/esEbB5su3n
1243617425125519360,2020-03-27 19:14:34,"RT @Petrit: Oh. @RichardGrenell, the Acting Director of National Intelligence &amp; Special Envoy of President @realDonaldTrump for dialogue be…"
1243287850201874436,2020-03-26 21:24:57,RT @Petrit: This settles it. Much needed for all the peddlers in conspiracies and fake news. Joint Statement of Special Presidential Envoy…
1242974010981449729,2020-03-26 00:37:52,RT @RichardGrenell: It is impossible to convey just how much love the American people have for the Levinson family. Our hearts are broken f…
1242968830214909953,2020-03-26 00:17:17,"RT @RepLeeZeldin: Huge THANK YOU to @SoftBank for purchasing &amp; donating 1.4 Million n95 masks ""to those on the front lines testing, prevent…"
1242937668754976771,2020-03-25 22:13:27,It is impossible to convey just how much love the American people have for the Levinson family. Our hearts are broken for them and we share their pain. America mourns with the Levinsons. https://t.co/xT7HjKckYi
1242877527816908800,2020-03-25 18:14:28,RT @HeyTammyBruce: My latest at @WashTimes: “President Trump’s acting DNI @RichardGrenell appoints first woman to lead the National Counter…
1242600211756855298,2020-03-24 23:52:31,"RT @JuddPDeere45: U.S. was more prepared for pandemic than any other country, Johns Hopkins study found | https://t.co/I0OAHtix9e"
1242550191569412096,2020-03-24 20:33:45,"RT @USAmbKosovo: Pleased to see the Assembly will hold a session on the no-confidence vote tomorrow.   As I told the PM today, it is import…"
1242242976576831489,2020-03-24 00:13:00,RT @TocRadio: Acting DNI @RichardGrenell tapped two women to key intel positions Monday -- Lora Schiao will be the first ever woman to lead…
1241831494223568896,2020-03-22 20:57:54,"thanks, @NeilDiamond https://t.co/tFw84VXpP8"
1241712661966073858,2020-03-22 13:05:43,RT @Mike_Pence: The chorus of prayers coming up from communities across the Country is making the difference it always has in the life of t…
1241705219240734722,2020-03-22 12:36:08,Digital church this morning:  @CornerstoneChpl #wearethechurch
1241510000838750217,2020-03-21 23:40:24,It tried. I beat it. I wish you good health always. https://t.co/jsh0RW9PxQ
1241167891933868036,2020-03-21 01:00:59,@JohnCastorani Thanks. And agree.
1241167719233466371,2020-03-21 01:00:18,There isn’t just your way of doing things. Diversity! https://t.co/jq3mKWiHj7
1241167224737542144,2020-03-21 00:58:20,Communicating to the American people is always appropriate. Transparency is paramount to our democracy right now. The Washington way is for secrecy and elites controlling the message. https://t.co/bAgSZqkAj4
1241164085556908032,2020-03-21 00:45:52,"Completely disagree. When China pushes propaganda, US officials must speak out clearly. Asking US officials to stay silent is odd. Social media is how we communicate with the public. I’ll keep doing it. https://t.co/p3EeqEvNHV"
1241161131881836545,2020-03-21 00:34:08,"RT @SecPompeo: Disinformation is not only coming from random actors around the world - but also from the Chinese Communist Party, Russia, a…"
1241121806880309255,2020-03-20 21:57:52,RT @MacaesBruno: @ianbremmer @RichardGrenell Richard is right. Even some people in Beijing think it was a mistake
1241117597359317007,2020-03-20 21:41:08,@ianbremmer Nah. The world knows. Our allies are furious. Just wait.
1241116539501371393,2020-03-20 21:36:56,The one who started the fire should never be praised for acting like a firefighter later. https://t.co/TamLo0MkHM
1241115432263847937,2020-03-20 21:32:32,"RT @DHS_Wolf: Hearing a lot about texts from ""friends at DHS"" or ""friends with connections at DHS"" that say DHS is planning a national lock…"
1241077177501745152,2020-03-20 19:00:31,نوروز پیروز؛ به امید سالی مملو از تندرستی، نیکبختی و شادکامی برای شما.
1240951887442083840,2020-03-20 10:42:40,"RT @WHNSC: As we saw over the wkend, disinfo is being spread online about a supposed national lockdown and grounding flights. Be skeptical…"
1240772505209577472,2020-03-19 22:49:52,"RT @realDonaldTrump: THANK YOU to our Police Officers, Fire Fighters, and EMS who help us defeat the Virus every day. Our proud nation is g…"
1240729651678453760,2020-03-19 19:59:35,Not true. And Ellen is refusing to update her erroneous story with ON THE RECORD quotes from DNI press officials. This is a concerning pattern. https://t.co/WTw6LPq1hD
1240450603324772353,2020-03-19 01:30:44,"RT @WHNSC: The Chinese Communist Party suppressed initial reports on the Chinese Virus and punished doctors and journalists, causing Chines…"
1240445605954179077,2020-03-19 01:10:53,RT @jarengrenell: praying for doctors and nurses in the #USA and around the world who are on the front lines of #Covid_19... we're with you…
1240228115303092224,2020-03-18 10:46:39,"RT @realDonaldTrump: For the people that are now out of work because of the important and necessary containment policies, for instance the…"
1240085529607188481,2020-03-18 01:20:04,"RT @GOPLeader: GREAT news for seniors on Medicare → You can now stay home and see any doctor licensed in your state using FaceTime, Skype,…"
1240074723754684425,2020-03-18 00:37:08,"RT @USAmbIsrael: King Solomon warned, “The spirit of a man will sustain him in sickness, but who can bear a broken spirit?” (Proverbs 18:14…"
1240032055129509888,2020-03-17 21:47:35,RT @usbotschaft: .@CureVacAG has been clear – there was no such attempt.  It’s not political - it's a #global crisis; we all want a global…
1239697256208633856,2020-03-16 23:37:12,RT @realDonaldTrump: https://t.co/tit0HdkE4e
1239684255317471235,2020-03-16 22:45:33,"RT @usbotschaft: “CureVac has not received from the U.S. government or related entities an offer before, during and since the task force me…"
1239638549613416450,2020-03-16 19:43:56,"The @AP has been the ONLY accurate news outlet on this issue. Will the many others correct their stories?
https://t.co/IZ1S3OpCEc"
1239590547150569474,2020-03-16 16:33:11,RT @usbotschaft: #CureVac makes it clear - the story is incorrect.
1239590354271289346,2020-03-16 16:32:25,"RT @CureVacAG: To make it clear again on coronavirus: CureVac has not received from the US government or related entities an offer before,…"
1239497986348105728,2020-03-16 10:25:23,RT @WHNSC: Text message rumors of a national #quarantine are FAKE. There is no national lockdown. @CDCgov has and will continue to post the…
1239275245527334917,2020-03-15 19:40:17,@fritzfrey You report on politics? I’m the current Ambassador. #facts
1239248345329274881,2020-03-15 17:53:24,"Not true. The Welt story was wrong. But Business Insider, Reuters and others went with it anyway despite not having their own sources. Now everyone is back peddling. https://t.co/88UohluwTj"
1239209032663040000,2020-03-15 15:17:11,God bless you. Try and find a way to be uplifting maybe? https://t.co/UXQyQTSDRH
1239208182460960781,2020-03-15 15:13:48,This is my first online church experience. It’s fine for a week or two but I don’t think this is a good regular option. I need the full experience. #coronasunday
1239207291620114434,2020-03-15 15:10:16,@H_Bomb1105 Today please.
1239207225903767552,2020-03-15 15:10:00,RT @realDonaldTrump: TODAY IS A NATIONAL DAY OF PRAYER. GOD BLESS EVERYONE!
1239186563910840322,2020-03-15 13:47:54,RT @bokamotoESPN: Dana White (@danawhite) on the Khabib Nurmagomedov (@TeamKhabib) vs. Tony Ferguson (@TonyFergusonXT) fight scheduled on A…
1238597373212995586,2020-03-13 22:46:40,RT @realDonaldTrump: We will remove or eliminate every obstacle necessary to deliver our people the care they need. No resource will be spa…
1238571891192979461,2020-03-13 21:05:25,"RT @realDonaldTrump: To unleash the full power of the Federal Government in this effort, today I am officially declaring a National Emergen…"
1238259126230188032,2020-03-13 00:22:36,"RT @PentagonPresSec: This evening, the U.S. conducted defensive precision strikes against Kataib Hizbollah facilities across Iraq. These s…"
1238112260272390144,2020-03-12 14:39:00,"RT @usbotschaft: #COVID19-related questions about international #travel, including to the United States?  Check the @CDCgov travel page: ht…"
1238112229242912768,2020-03-12 14:38:53,RT @usbotschaft: Full Text of @POTUS Proclamation on Suspension of Entry of Certain Additional Persons Who Pose a Risk of Transmitting 2019…
1238065712381468678,2020-03-12 11:34:02,"RT @realDonaldTrump: The Media should view this as a time of unity and strength. We have a common enemy, actually, an enemy of the World, t…"
1237485324089151497,2020-03-10 21:07:47,RT @Mike_Pence: Keep yourself and those around you safe from the Coronavirus: https://t.co/XHz9BWzxq0
1237441437224112128,2020-03-10 18:13:23,Not remotely true. But I know in DC you are allowed to use “anonymous sources” who don’t know the facts (or don’t even exist) as pretend sources. The American people are tired of the manipulation. https://t.co/FuiJEckGJZ
1237361422675456001,2020-03-10 12:55:26,RT @pacollibehgjet: “You will never get to the end of the journey if you allways stop to calm down the barking dogs”. said Churchill.…
1237321468037521409,2020-03-10 10:16:40,"RT @sendavidperdue: For over two decades, US forces have helped keep the peace between Kosovo &amp; Serbia. Now, with historic progress in sigh…"
1237320787222298631,2020-03-10 10:13:58,"RT @BenWeinthal: The openly gay US ambassador to Germany and current acting Director of Intelligence, @RichardGrenell Richard Grenell, laun…"
1237035954910756870,2020-03-09 15:22:09,Today marks 13 years since @HelpBobLevinson went missing in Iran. Bob is the longest held US hostage. Every American should know his name. Every American should pray for his amazing family. We must bring Bob home. Iran is responsible. https://t.co/GkXQyjn2uN
1236782750805430272,2020-03-08 22:36:00,"RT @StateDept: On #InternationalWomensDay, the United States is proud to honor women and girls from around the world who have made contribu…"
1236637961804034048,2020-03-08 13:00:40,RT @IvankaTrump: Happy #InternationalWomensDay to my sisters doing extraordinary things all across the world! 🙌
1236326189653991425,2020-03-07 16:21:48,"Washington is focused on economic development &amp; jobs - we believe this has been ignored in the dialogue. But we can’t help when the Kosovo Govt’s tariffs continue to hurt Kosovo. They must be dropped first. Also, political issues will be solved by the two sides - not Washington. https://t.co/fJP2HfaN4V"
1236323333379104774,2020-03-07 16:10:27,RT @vloracitaku: @RichardGrenell @edwardpjoseph absolutely not true. I can not believe people make up things like this. They are only sprea…
1236300304750125058,2020-03-07 14:38:56,Fake News. This has never been discussed in my presence. @edwardpjoseph is reckless here. https://t.co/HL0T5sHSVc
1235654571759931392,2020-03-05 19:53:01,@buzhala This is not true. We made clear to Kurti that his decision to keep the tariffs even partially in place were harming Kosovo’s economy - and that the US would not waste our assistance if Kosovo’s leadership kept harming its people this way.
1235614688651759618,2020-03-05 17:14:33,This is excellent news and another win for the Trump Administration’s work to send back Nazi collaborators. @TheJusticeDept https://t.co/im3BS2LNWJ
1235149877702807552,2020-03-04 10:27:33,RT @JIssacharoff: Thinking what this young child went through until his brutal and horrific murder in #Auschwitz. There must be a special p…
1235010231509438467,2020-03-04 01:12:39,RT @DonaldJTrumpJr: As expected. Thanks for all you do @RichardGrenell
1234966185348870144,2020-03-03 22:17:37,"RT @predsednikrs: Ending a two-day visit to Washington, DC with excellent talks at the @WhiteHouse with US National Security Advisor @rober…"
1234965792791388163,2020-03-03 22:16:04,"RT @WHNSC: Yesterday, NSA O’Brien and @RichardGrenell met with @predsednikrs and @HashimThaciRKS. The Serbia-Kosovo relationship is of grea…"
1234899571672788992,2020-03-03 17:52:55,"RT @AIPAC: Thank you @RichardGrenell for joining us at #AIPAC2020!

#AIPACProud"
1234833908065280000,2020-03-03 13:32:00,RT @usbotschaft: The U.S. stands with the people of #Iran during the public health crisis caused by #COVID-19 and calls for full and transp…
1234833870622732288,2020-03-03 13:31:51,"RT @SecPompeo: Today, we announced a personnel cap on Chinese government-controlled media organizations in the United States. We urge Beiji…"
1234824571662012417,2020-03-03 12:54:54,RT @USAmbUN: Grateful to shake the hands of the brave men and women of the #whitehelmets. These are ordinary people doing extraordinary thi…
1234802691202781184,2020-03-03 11:27:57,Wrong. You don’t know what you are talking about. No one is trying to move quickly and there is no grand deal. You are making stuff up. @timjudah1 https://t.co/TX2b3Y6a6R
1234472081661874177,2020-03-02 13:34:14,RT @WHOWPRO: This is how you can reduce your risk of new #coronavirus #COVID19 https://t.co/H2uN7tILRz
1234468643469176838,2020-03-02 13:20:34,RT @pacollibehgjet: Today I called for immediate removal of trade tariff’s without pre-conditions or deadlines and endorsement of Envoy @Ri…
1234446026494349312,2020-03-02 11:50:42,RT @Reuters: Pompeo sees inter-Afghan negotiations in coming days after U.S.-Taliban deal https://t.co/ASNcxdjLKF https://t.co/z8Mz68IdOc
1234292533968166912,2020-03-02 01:40:46,RT @usbotschaft: Amb. Grenell discussed combating anti-Semitism and strengthening the #transatlantic relationship at #AIPAC2020. https://t.…
1234114084452421635,2020-03-01 13:51:41,Very good thread. @IsaMustafaKS is a courageous leader. Dropping the tariffs tomorrow would be a great beginning to much more progress - and it would move quickly. But economic development can’t move forward til the tariffs are dropped. https://t.co/mWAmDyGfek
1233875029567430661,2020-02-29 22:01:45,RT @ischinger: I repeat: why have we -the #EU - looked away as the Syrian tragedy developed over the last 9 years? Why not one effort to pr…
1233714009343451136,2020-02-29 11:21:55,"@LeslieMarshall Omg. Love this, LM!"
1233710432034197504,2020-02-29 11:07:42,"Welcome back from maternity leave, @JedediahBila! Your “life in color” perspective is inspiring &amp; beautiful. #love"
1233551112223023105,2020-02-29 00:34:38,"RT @Olivia_Beavers: NEW: Sen. Burr weighs in on Ratcliffe's nomination to ODNI: ""I look forward to receiving Congressman Ratcliffe’s offici…"
1233523412510871552,2020-02-28 22:44:33,"Congratulations, @RepRatcliffe! We are ready for you and grateful for your willingness to serve. https://t.co/38D4B6b9qS"
1233385339017924608,2020-02-28 13:35:54,RT @yashar: Doctors inside Iran believe coronavirus is more serious than reported https://t.co/JsJa47Cbsq
1233156712720424960,2020-02-27 22:27:25,We do not support Prime Minister Kurti’s half measure. Our position is quite clear: the tariffs must be completely dropped. Mr Kurti is making a serious mistake - and that was made clear to President Thaci at the White House today.
1232983915331235841,2020-02-27 11:00:47,"RT @usbotschaft: #CrimeaisUkraine. Russian occupation authorities continue their assault on human rights &amp; fundamental freedoms, brutally s…"
1232840838981574659,2020-02-27 01:32:15,"RT @SenTomCotton: I commend @realdonaldtrump for his strong remarks tonight about coronavirus: we’re prepared for the worst, but working ov…"
1232794676866011138,2020-02-26 22:28:49,"RT @Otvorenistudio: Novo - @HashimThaciRKS posle susreta sa @SecPompeo: Donositi odluke u prilog strateškog partnerstva sa SAD
Čitajte👉 htt…"
1232642819224985600,2020-02-26 12:25:24,"RT @usbotschaft: ""Censorship can have deadly consequences."" - @SecPompeo #China #Iran"
1232358975506702336,2020-02-25 17:37:30,"RT @USAmbAlbania: In Washington coordinating ways to strengthen Friends &amp; Allies, use US power to achieve solutions in Balkans. @RichardGre…"
1232358891138244608,2020-02-25 17:37:10,"RT @rabrowne75: Gen. Wolters on US efforts to mediate between Serbia &amp; Kosovo: ""Amb. @RichardGrenell has been very aggressive in getting th…"
1231583816961138688,2020-02-23 14:17:18,"RT @IvankaTrump: Two years after joining @narendramodi at the Global Entrepreneurial Summit in Hyderabad, I am honored to return to India w…"
1230812125888745472,2020-02-21 11:10:52,"RT @statedeptspox: .@SecPompeo announced that the U.S. reached an understanding with the Taliban on a significant, nationwide reduction in…"
1230703027771695104,2020-02-21 03:57:21,Happy to jump in and serve our country and our President @realDonaldTrump. https://t.co/AagYtOq6iV
1230686006724177925,2020-02-21 02:49:43,Flashback. Wow. 20 yrs ago. https://t.co/gZ4FdC2cdn
1230663996199653376,2020-02-21 01:22:15,True https://t.co/dpaLkI5Qcp
1230511993620193286,2020-02-20 15:18:15,Correct. Acting. The President will announce the Nominee (not me) sometime soon. https://t.co/9ShqB2eXea
1230465497419874304,2020-02-20 12:13:30,RT @inthelineofmel: So proud and happy for @RichardGrenell to add acting Director of Nat'l Intelligence to his plate.  He believes in our c…
1230419570336452610,2020-02-20 09:11:00,"RT @markodjuric: I congratulate US Ambassador to Germany @RichardGrenell, who will become the Acting Director of National Intelligence. Thi…"
1230419541819363328,2020-02-20 09:10:53,RT @IsaMustafaKS: Congratulations @RichardGrenell for being appointed by President @realDonaldTrump to lead National Intellegence. I am str…
1230409278319681537,2020-02-20 08:30:06,RT @HashimThaciRKS: A great pick by @realDonaldTrump to appoint @RichardGrenell as acting Director of National Inteligence. Ambasador Grene…
1230317304463884289,2020-02-20 02:24:38,RT @mattgaetz: Fifty years ago a gay man or woman couldn’t work in the intelligence community. Today President Trump is appointing an openl…
1230313622439628801,2020-02-20 02:10:00,RT @GOPLeader: President Trump made a great choice to name @RichardGrenell as America’s next Acting Director of National Intelligence. Ric…
1230288387904561152,2020-02-20 00:29:43,"RT @realDonaldTrump: I am pleased to announce that our highly respected Ambassador to Germany, @RichardGrenell, will become the Acting Dire…"
1230169882777358336,2020-02-19 16:38:50,RT @usbotschaft: “I think … to take the short-term gain by 5G offered by Huawei is really a dereliction of duty… 5G under Huawei comes at a…
1230097238103224321,2020-02-19 11:50:10,unacceptable. https://t.co/ZLCJmU4Lq5
1230022469605613568,2020-02-19 06:53:04,"Fake news. And you never called or wrote to ask. I am for what the parties agree to - I’m focused on economic development, not politics. https://t.co/a9ULga6jky"
1229978734993735683,2020-02-19 03:59:16,"It’s precisely what I’m focused on. And why i took the job. I’ve watched as Germany has ignored long-standing US requests on NATO spending, NS2, a Hezbollah ban, the return of a Nazi guard, etc. Happy to debate the tactics of our shared goal - anytime. Our style is working. https://t.co/MNBp1Zn7hU"
1229977455722668032,2020-02-19 03:54:11,"You probably don’t know the issue so I’ll point you to the long standing and bipartisan US policy (supported by most European countries, too) of energy DIVERSIFICATION. it’s not the amount as you pretend to fall prey to - it’s the source. Russian. https://t.co/AEh7eoOI8W"
1229975371220750336,2020-02-19 03:45:54,"we seldom get to sit &amp; talk about issues at length with inquiring journalists. Sadly, today’s media culture is almost exclusively ‘gotcha’ reporting by dissecting every word from short written statements. We must resist this. Thank you, @RubinReport for offering the opposite. https://t.co/6aL3ghOu84"
1229822195821686786,2020-02-18 17:37:15,RT @RubinReport: I dare @glaad or any other mainstream gay organization to share this video. The US ambassador to Germany (@RichardGrenell)…
1229821691930578945,2020-02-18 17:35:14,"RT @RubinReport: “People around the world who are fighting for equality...are totally annoyed at the New York, Hollywood gays who raise a l…"
1229627708830814208,2020-02-18 04:44:25,". @CNBC: U.S. House Speaker Nancy Pelosi said Chinese domination of 5G would be akin to “choosing autocracy over democracy on the information highway.” 
There is strong bipartisan support on 5G security. @SpeakerPelosi @realDonaldTrump"
1229610957552353280,2020-02-18 03:37:52,Important reform.... https://t.co/BW7nLllpxF
1229449732554141704,2020-02-17 16:57:12,It’s odd that you don’t think about European solutions. Do you take any responsibility or just blame the US? https://t.co/HwuiQ3vO2h
1229426828970020864,2020-02-17 15:26:12,"You want a US that doesn’t pressure you to pay your NATO obligation, looks the other way when you buy too much Russian gas, doesn’t demand you take back your Nazi prison guard living in NYC, accepts your higher car tariffs and still sends 50,000 troops to your country. https://t.co/d7lze5TISc"
1229304543277715456,2020-02-17 07:20:17,"According to this guy, the US doesn’t get to react to policies we find dangerous. I find it offensive that you think the US cooperation must stay the same no matter what you do. We call that taking us for granted. https://t.co/86dfE65i65"
1229303622984491010,2020-02-17 07:16:37,No one is threatening you. I could say you are threatening the US that we must continue as usual even when you make dangerous mistakes. We get to have our own policy too. Don’t assume we don’t get to react to your policy. https://t.co/BAIqeQ3IPQ
1229303320013135873,2020-02-17 07:15:25,@berlinliebich No one is threatening you. I could say you are threatening the US that we must continue as usual even when you make dangerous mistakes. We get to have our own policy too.
1229290236259262472,2020-02-17 06:23:26,"RT @usbotschaft: And with that, #MSC2020 draws to a close.  A look back at U.S. delegation activities:
.
@SecPompeo @StateDept @EsperDoD ht…"
1229279508190154753,2020-02-17 05:40:48,"RT @ClintBowyer: Not going to lie, I had no idea what to expect.  The man walked in shook all our hands, took selfies, and whatever we aske…"
1229269373795348481,2020-02-17 05:00:32,RT @RepMichaelWaltz: Flying over @DISUpdates with @realDonaldTrump in Air Force One before the #DAYTONA500. A view I’ll never forget! 🇺🇸 ht…
1229269245227388930,2020-02-17 05:00:01,RT @SharylAttkisson: Trump makes presidential history at Daytona 500 race https://t.co/PS2Lxd3Szp https://t.co/aBXvvm1jvF
1229240044906590215,2020-02-17 03:03:59,"RT @elerianm: Consistent with the tweet from earlier today (below), this from @RichardGrenell , US ambassador to #Germany who has played a…"
1229185589297197056,2020-02-16 23:27:36,This is even more meaningful when watching from overseas. #usa https://t.co/Ai2g6DCBMU
1229184931282202626,2020-02-16 23:24:59,RT @Jay72756191: @NASCARONFOX @realDonaldTrump 🇺🇸🏁👍 https://t.co/dJNbDYP8kL
1229184339608469505,2020-02-16 23:22:38,RT @BenWeinthal: German reporter @_LarsPetersen @businessinsider below appears to take the side of communist China over the interests of li…
1229179974281764866,2020-02-16 23:05:17,Diplomacy is for the people. Wanting to control the conversation in the back rooms with just a few people present is very swampy of you. Your decisions impact every person. https://t.co/5PdO7nAuPy
1229178882047254529,2020-02-16 23:00:57,@_LarsPetersen You work for @businessinsider or communist party insider?
1229178568808312832,2020-02-16 22:59:42,@_LarsPetersen You suggesting a moral equivalency between China and the US?
1229177869823246336,2020-02-16 22:56:55,@berlinliebich You get to make your choices - but it’s pretty presumptuous to say that we have to continue providing intelligence at the same level after you make your choice.
1229169313652903939,2020-02-16 22:22:55,RT @esaagar: Very glad to see this from @realDonaldTrump. @BorisJohnson has no idea what he's kicked up on Capitol Hill and in the White Ho…
1229167778386579457,2020-02-16 22:16:49,RT @DonaldJTrumpJr: Such an important issue!!!
1229166947197181952,2020-02-16 22:13:31,National Security Advisor Robert O’Brien.... https://t.co/NZRwHWr52L
1229166741399449600,2020-02-16 22:12:42,Attorney General William Barr.... https://t.co/Ei8ABA5V2t
1229164331738312706,2020-02-16 22:03:08,. @realDonaldTrump just called me from AF1 and instructed me to make clear that any nation who chooses to use an untrustworthy 5G vendor will jeopardize our ability to share Intelligence and information at the highest level.
1229118040119349248,2020-02-16 18:59:11,RT @BBCHamedani: @RichardGrenell and @HMilkFoundation will be remembered in the history of the LGBTI movements for what they’ve done at #MS…
1229115779477626883,2020-02-16 18:50:12,"RT @HashimThaciRKS: At @MunSecConf met briefly with @SecPompeo, whom I thanked for the tremendous support towards #Kosovo, and the extraord…"
1229103490812825601,2020-02-16 18:01:22,I just finished 4 days of non-stop international meetings at the Munich Security Conference and only have one thought: America is the greatest country in the world.
1229033959335636993,2020-02-16 13:25:04,I sincerely hope this kind of naivety is just the result of too much time spent in the safety of the opposition. https://t.co/3PKr3BctWD
1228766008258834432,2020-02-15 19:40:20,RT @SecBrouillette: Always a pleasure running into my friend @RichardGrenell. Great catching up during #MSC2020 and thank you for your outs…
1228727230794289152,2020-02-15 17:06:15,"RT @cvpayne: Great Reply!

U.S. Ambassador to Germany @RichardGrenell on Trump's tweets:

""Makes my job so much easier""
""Like a President w…"
1228607335456747520,2020-02-15 09:09:49,Secretary Esper: “We simply ask Beijing to play by the rules.” https://t.co/bCvDDpI3bB
1228602817763565568,2020-02-15 08:51:52,Secretary Pompeo: “The free West has a far brighter future” https://t.co/C8JcEovhth
1228474680589373440,2020-02-15 00:22:42,RT @jwill027: @RichardGrenell @NBCNews @politico @nahaltoosi The problem is they just don’t care that they’re wrong.
1228473311614689281,2020-02-15 00:17:16,RT @GPollowitz: cc @KatiePavlich and @RichardGrenell... this is why she should delete the original tweet.
1228473255675252736,2020-02-15 00:17:02,"Stephanie, you aren’t in Munich, you didn’t check the gossip you push, you assumed another reporter was right - this isn’t journalism. you are flat wrong. Does @NBCNews allow this recklessness? And are there consequences from @politico for @nahaltoosi? https://t.co/8MqtgaG5sM"
1228462725665378310,2020-02-14 23:35:12,“But I’ve already tweeted about the mistake for hours....” https://t.co/4gEnQHi4xA
1228462400216748033,2020-02-14 23:33:54,"“not responding to me” - but, I’ll go with it anyway. 

Only to find out later she’s wrong. #embarrassing https://t.co/TE7Yeykqk3"
1228390006206713856,2020-02-14 18:46:14,RT @ClaudiaOeking: 1st ever LGBTQ🏳‍🌈 #MSC event. #NotACrime: Decriminalizing Homosexuality with U.S. Ambassadors Kelly Craft &amp; @RichardGren…
1228388137279348736,2020-02-14 18:38:48,Daimler becomes the latest private sector company to support our Decriminalization of Homosexuality campaign. 69 countries will arrest you for being gay - and it’s wrong. https://t.co/d6kp9pQa17
1228285335416844288,2020-02-14 11:50:19,"Thanks to @realDonaldTrump’s specific directives, we have signed 3 economic agreements in 4 months. One for airline travel, one for rail and one for motorways. #diplomacy https://t.co/SZAbWgNouZ"
1228284451538505728,2020-02-14 11:46:48,"RT @HashimThaciRKS: Another milestone! First, the deal on air traffic &amp; today we signed the deal on railways &amp; highways b/w Kosovo and Serb…"
1228267924928049152,2020-02-14 10:41:08,"RT @avucic: Срећан сам што видим данас напредак и много хвала председнику Трампу @POTUS и @RichardGrenell у име Србије, јер осећамо да ћемо…"
1228242690728480769,2020-02-14 09:00:51,RT @usbotschaft: At the @Landtag_Bayern last night: https://t.co/jZH8PACQBK
1228242614396174336,2020-02-14 09:00:33,RT @usbotschaft: Happening now - 9:30 at the Hypovereinsbank in #Munich - Amb. Grenell will be joined by Pres. Vučić and Pres. Thaçi for th…
1228204237781233664,2020-02-14 06:28:03,RT @usbotschaft: #Kosovo President Thaçi was greeted by Amb. Grenell ahead of discussions on further progress in the region. #MSC2020 https…
1228077411419480068,2020-02-13 22:04:06,RT @usbotschaft: Amb. Grenell welcomed #Serbian President Vučić to #Munich for constructive talks on continued progress in the region. #MSC…
1228074199778037760,2020-02-13 21:51:20,"RT @Otvorenistudio: Novo: @RichardGrenell razgovarao sa @HashimThaciRKS
 i @avucic uoči početka @MunSecConf
 Posle susreta sa @RichardGrene…"
1228073950334287873,2020-02-13 21:50:20,RT @KatiePavlich: . @SecPompeo and his wife Susan Pompeo are greeted in Munich by U.S. Ambassador to Germany @RichardGrenell and @mattlashe…
1228060073773195284,2020-02-13 20:55:12,"RT @usbotschaft: Amb. Grenell talks U.S. economy, jobs, #trade, security, and #5G with @C_Angermayer and business leaders ahead of @MunSecC…"
1228058180166520834,2020-02-13 20:47:41,"RT @HashimThaciRKS: Always a pleasure to meet w/ SE @RichardGrenell. Discussed dialogue b/w Kosovo &amp; Serbia, and next steps twds. reaching…"
1228039883442266113,2020-02-13 19:34:58,RT @avucic: Имали смо отворен и искрен разговор. Oд изузетног је значаја то што Американци чврсто инсистирају на укидању такси. Захвалан са…
1227901730051981312,2020-02-13 10:26:00,. @realDonaldTrump gets NATO to help in Iraq. #diplomacy https://t.co/o68RbBVco4
1227891353989865472,2020-02-13 09:44:46,"Good Morning, Munich! https://t.co/UWirYc3VlB"
1227885793668194304,2020-02-13 09:22:40,This only happens with one side of the aisle. https://t.co/teTGCwUusO
1227863561453568000,2020-02-13 07:54:20,"You should follow the US: lowering emissions while massively growing the largest economy in the world. 
cc: #Habeck, @Die_Gruenen https://t.co/tNfZW4J3ka"
1227851583062528000,2020-02-13 07:06:44,"RT @tedcruz: FACT you will NEVER see on the 6 o’clock news: U.S. emissions FELL 2.9%, or by 140 million tons, continuing the trend of the U…"
1227568627798487041,2020-02-12 12:22:22,"RT @n_roettgen: The CDU/CSU parliamentary group agreed on #5G compromise. I support it, because it enables everything I consider crucial: 1…"
1227568143482093569,2020-02-12 12:20:27,RT @bopanc: The “EU” however didn’t support the reunification of Germany. The leaders of France and Britain were rather opposed. It was Bus…
1227397199539118080,2020-02-12 01:01:10,RT @IvankaTrump: We want vocational education available at every high school in America! ⬇️  https://t.co/vTdeqEn1ZX
1227335845612441600,2020-02-11 20:57:23,"RT @bopanc: Exclusive: ⁦@Huawei⁩ can covertly access mobile networks through back doors meant for law enforcement, U.S. tells allies in bid…"
1227307906359578626,2020-02-11 19:06:21,Emma will never be forgotten. https://t.co/Q9HJ9UlTtP
1227198500905025536,2020-02-11 11:51:37,The tariffs must be dropped in order for investments to work. It’s fundamental. https://t.co/NhBejSS4RN
1227197320556576768,2020-02-11 11:46:56,RT @hughhewitt: Up now: U.S. Ambassador to Germany @RichardGrenell to talk about the big deal that is the Kosovo-Serbia deal he brokered.
1226991512904511488,2020-02-10 22:09:07,RT @N1info: #US #Kosovo envoy @RichardGrenell does not support reciprocity instead of tariffs https://t.co/QJhgRi2iEd @AlbinKurti
1226623316150059009,2020-02-09 21:46:02,"RT @BenWeinthal: Niels @NielsAnnen, who celebrated Iran's Holocaust-denying regime, supports the US and EU-designated terrorist entity Hezb…"
1226533558740824066,2020-02-09 15:49:22,She’s said her diplomats should use Twitter more directly - so it’s obvious she’s watching. https://t.co/7WKmvMmCib
1226320227740160000,2020-02-09 01:41:40,"RT @KurtSchlichter: I find it sad, but not surprising, that our failed foreign policy establishment believes that Americans overpaying thei…"
1226295013635743744,2020-02-09 00:01:29,"RT @bennyjohnson: Chris Matthews: Socialism “doesn’t frickin work.”

 https://t.co/0jgneGzVqo"
1226274966078922755,2020-02-08 22:41:49,She raised 3 amazing kids before she departed us too soon. I miss her every day. And I hate cancer more every day. https://t.co/ydIoFyKYxk
1226268326139219980,2020-02-08 22:15:26,"RT @navidmohebbi: (1/4)Last night, Iranian-Americans of different political backgrounds protested the Islamic revolution's 41st-anniversary…"
1226266737953267713,2020-02-08 22:09:07,I agree. We largely won this war awhile ago. My personal opinion is that we should bring our US troops home and launch a diplomatic surge with our allies. https://t.co/juAu9ZeOWI
1226263275756634112,2020-02-08 21:55:22,"RT @TomRtweets: After US envoy criticism, German President will not honor Iran’s regime | The Jerusalem post https://t.co/hHMfYPVNmc"
1226212565065166848,2020-02-08 18:33:52,cc: @HeikoMaas https://t.co/bDjeBo2hu3
1226206077961805824,2020-02-08 18:08:05,RT @HashimThaciRKS: Thank you President @realDonaldTrump for attention youve given to #Kosovo &amp; our joint fight to cement peace in Balkans.…
1226198775984578560,2020-02-08 17:39:04,"@lividddh @AndrewFeinberg Read your own twitter bio, your own tweets and then tell me who is part of the deranged group. I’ll wait while you block me in childish outrage."
1226198101511163905,2020-02-08 17:36:23,"Your twitter feed is Trump Derangement Syndrome. And again, read the NATO collective capabilities requests. You are flat wrong. https://t.co/KvNTOW5hlt"
1226197551684042752,2020-02-08 17:34:12,@Martin_Indyk @Ostrov_A Progress can measured by the number of attacks made by those who were unable to make progress.
1226179934302986240,2020-02-08 16:24:12,Of course it helps the US. Your hatred of Trump is a bias. Read more. NATO has collective capabilities. Countries sign up for what they can deliver in case of need. Once others become fully capable then we can do less. https://t.co/ixntO5BRIr
1225991133605527552,2020-02-08 03:53:58,I wish I could meet him. He has helped make my world better. Thank him for me #prayingforpeace https://t.co/t1Z2qXmV5U
1225984682380201984,2020-02-08 03:28:20,"Thank you, @realDonaldTrump https://t.co/oPkKiZ6ebT"
1225964697058283521,2020-02-08 02:08:55,Now would be a good time to note that NATO is funded by $130 BILLION more today (and $400 BILLION coming by 2024) because @realDonaldTrump’s style got our allies to pay more - after they had been asked to do it for a decade but never did it. #diplomacywithmuscle
1225909947252129792,2020-02-07 22:31:22,I’m happy to talk to you anytime to explain why the United States thinks you should support ending the 100% tariffs immediately. https://t.co/QnlytaSUAD
1225887953324347392,2020-02-07 21:03:58,RT @BBCHamedani: I’ll be moderating this panel at @MunSecConf on decriminalisation of homosexuality. Ambassador @RichardGrenell of the US a…
1225781968987660288,2020-02-07 14:02:49,RT @AliAbdelaziz00: I agree 100%
1225781608260734976,2020-02-07 14:01:23,"Kadri, the United States is asking for Kosovo to drop the 100% tariffs. It hurts Kosovo and chases businesses away from creating jobs. Albin is right on this. https://t.co/EHkTmwq9KS"
1225630759928528899,2020-02-07 04:01:58,Happy Birthday Ronald Reagan! https://t.co/PU25Lnb6os
1225629750971908102,2020-02-07 03:57:58,"RT @JuddPDeere45: Today, @realDonaldTrump spoke with President Xi Jinping of China. President Trump expressed confidence in China’s strengt…"
1225616532048314368,2020-02-07 03:05:26,Just now seeing this fake news tweet from @TwitterMoments from last summer. I have picture proof their tweet was wrong. @twittermoments should correct this. https://t.co/T5TMVSyPht https://t.co/t5LUafn7pI
1225568238878306307,2020-02-06 23:53:32,Munich Security Council will hold a panel discussion on our Decriminalization campaign. @HMilkFoundation https://t.co/XWhrmyEl9J
1225549328577712129,2020-02-06 22:38:24,"RT @foxnewsnight: Ambassador @RichardGrenell: America is the only country that gets in trouble for putting itself first

https://t.co/xx3No…"
1225485887120777216,2020-02-06 18:26:18,No one should celebrate the murderous Iranian regime. https://t.co/8UN4klfiID
1225184996786196480,2020-02-05 22:30:40,@ChickieVurch @LarryOConnor Thanks!!
1225145684837322752,2020-02-05 19:54:28,"RT @michaeljohns: ""Our grandest journeys are not yet made. The American age, the American epic, the American adventure has only just begun.…"
1225128655778541568,2020-02-05 18:46:47,"RT @BenWeinthal: I reported in January, 2019 that Iran's regime publicly  hanged a man because he violated the regime's anti-gay law. https…"
1225059189757579266,2020-02-05 14:10:45,". @morningmika just said that “people died in Ukraine” and blamed President Trump. This is a ridiculous &amp; shameful attack - and no one on the set corrected her. @msnbc should make clear that Trump gave lethal aid, it was President Obama who only gave humanitarian aid. #facts"
1224913969678188544,2020-02-05 04:33:42,@KateBennett_DC Broke me up.
1224896937343610881,2020-02-05 03:26:02,This is the best speech by @realDonaldTrump ever. #winning #thebestisyettocome
1224896182482128897,2020-02-05 03:23:02,RT @RandPaul: I stand with @realDonaldTrump! Let’s bring our troops home! Time to leave the endless wars in the Middle East.
1224896008141672448,2020-02-05 03:22:20,"RT @JakeSherman: The president so far tonight has:

— awarded Rush Limbaugh the medal of freedom
— reunited a woman with her husband, who w…"
1224895930383519744,2020-02-05 03:22:01,"RT @JuddPDeere45: #USA #USA #USA #USA #USA #USA #USA #USA #USA #USA 

#SOTU"
1224894923012374528,2020-02-05 03:18:01,Bring our Troops Home! #yes
1224894782373105664,2020-02-05 03:17:28,"RT @Mike_Pence: “Our message to terrorists is clear: You will NEVER escape American justice. If you attack our citizens, you forfeit your l…"
1224883076687265792,2020-02-05 02:30:57,President @jguaido is at @realDonaldTrump’s State of the Union address.
1224880818830528512,2020-02-05 02:21:59,RT @ChrisRBarron: Trump is KILLING it tonight!!!!
1224880591641796613,2020-02-05 02:21:04,"RT @JuddPDeere45: .@realDonaldTrump: Jobs and investment are pouring into 9,000 previously-neglected neighborhoods thanks to Opportunity Zo…"
1224880003734589441,2020-02-05 02:18:44,"RT @JuddPDeere45: .@realDonaldTrump: After decades of flat and falling incomes, wages are rising fast -- and, wonderfully, they are rising…"
1224879948269146112,2020-02-05 02:18:31,RT @guypbenson: Trump smartly notes lower income Americans are seeing their wages rise *fastest.*
1224879853217800193,2020-02-05 02:18:08,“This is a Blue Collar Boom!” @realDonaldTrump
1224879609390325760,2020-02-05 02:17:10,10 million people have been lifted off of welfare under @realDonaldTrump. Amazing.
1224879283228704768,2020-02-05 02:15:52,"RT @PARISDENNARD: ""African American youth unemployment has reached an all time LOW” 
President @realDonaldTrump #SOTU2020"
1224879132091174914,2020-02-05 02:15:16,"RT @hogangidley45: “The unemployment rates for African-American, Asian-Americans, and Hispanic-Americans have reached the lowest levels in…"
1224862983773274113,2020-02-05 01:11:06,So important... https://t.co/aAh1cjuYhd
1224862704860450816,2020-02-05 01:10:00,RT @realDonaldTrump: #SOTU2020 https://t.co/W03gQLkdpo
1224862192802992129,2020-02-05 01:07:58,RT @usbotschaft: It's #TongueOutTuesday for Lola and we're moving swiftly through the week. https://t.co/DnRkteyfRO
1224836940953870336,2020-02-04 23:27:37,Ridiculous and baseless. @realDonaldTrump has been the greatest President ever for gays and lesbians. Ever. Don’t confuse more Governemnt programs with more freedoms. Opposite is true. https://t.co/dDoCIIfvkf
1224835221633163264,2020-02-04 23:20:47,@SensibleTalker @TeamCavuto @realDonaldTrump Thanks
1224809603038314498,2020-02-04 21:38:59,I’ll be on with @TeamCavuto in a few minutes to talk about @realDonaldTrump’s foreign policy successes ahead of The State of the Union.
1224735972157321216,2020-02-04 16:46:24,Link that works: https://t.co/e1GG8tN5fR https://t.co/acWgKlJYSI
1224714738602561537,2020-02-04 15:22:02,My niece @gabbignyc Directed a New York City production of Alice in Wonderland where the actors were mainly adults with disabilities. Wow! https://t.co/jwypeYowZh
1224685805580324864,2020-02-04 13:27:04,"RT @DrKissler: Heute ist der 114. Geburtstag Dietrich Bonhoeffers, geboren in Breslau, hingerichtet im KZ Flossenbürg: „Das Volk Israel wir…"
1224484766952632321,2020-02-04 00:08:12,cc: @NATO https://t.co/Kzvkwvydcg
1224479189652426753,2020-02-03 23:46:03,"RT @Ostrov_A: U.S. Amb to Germany, @RichardGrenell, writing in @BILD: 

Instead of being frozen in 1949, rejecting the outcome of every eve…"
1224390723933364224,2020-02-03 17:54:31,The US peace plan is the best path forward. And Germany’s Post WW2 reactions are a good example for the Palestinians. https://t.co/hjnIuvJZ47
1224375675693387776,2020-02-03 16:54:43,"RT @fpiatov: „While Israel today is stronger than it’s ever been, Palestinians are governed either by a financially starved terrorist organ…"
1224137157645746177,2020-02-03 01:06:56,Imagine getting to be a part of Space Command?! https://t.co/BJVzwUdmgq
1224123489658920960,2020-02-03 00:12:37,"RT @DaniaPeriodista: My thoughts exactly. It was beautiful seeing the respect where it’s deserved. The flyover, the troops in Qatar, all br…"
1224119641405972480,2020-02-02 23:57:20,"RT @CynthiaSchnepp: @RichardGrenell @NFL I thought to myself, ""Wow, this is Trump's America!"" ❤️🇺🇸🏈"
1224116002956312578,2020-02-02 23:42:52,RT @HeatherChilders: Noticeable difference 🇺🇸🇺🇸🇺🇸
1224115663121211392,2020-02-02 23:41:31,Who is the @NFL’s consultant? Wow. Total turnaround. Love the pregame patriotism and hype.
1224113992810909697,2020-02-02 23:34:53,Amazing. WW2 heroes. #SuperBowl https://t.co/jVrG89tTBO
1224113409093844992,2020-02-02 23:32:34,"RT @realDonaldTrump: ENJOY THE GAME USA, OUR COUNTRY IS DOING GREAT!"
1224113308849954818,2020-02-02 23:32:10,"RT @JohnnieM: I find it a profoundly moving experience every time I hear 

AMERICA THE BEAUTIFUL

&amp;

THE STAR-SPANGLED BANNER

The land of…"
1224113162951151616,2020-02-02 23:31:35,"It’s beautiful to see so many NFL players getting emotional at the honoring of America &amp; the U.S. flag, singing the national anthem and paying tribute to our military service members. #SuperBowl #Miami"
1224110140778926080,2020-02-02 23:19:35,@H_Bomb1105 You are a Californian!
1224109632244707328,2020-02-02 23:17:33,Let’s Go 49’ers! #California #SuperBowl
1223675309641338881,2020-02-01 18:31:43,"RT @bopanc: This is the president of Kosovo, following a meeting with @RichardGrenell. Rather significant move in the local context"
1223675004807778305,2020-02-01 18:30:30,With more of this to come.....stay tuned. https://t.co/yVKqa5MVJ3
1223421707077267456,2020-02-01 01:43:59,"Thanks, @realDonaldTrump https://t.co/J2dYOEPNC8"
1223420004949020674,2020-02-01 01:37:13,RT @IvankaTrump: Recap 🎥 on today’s historic White House Summit on combatting Human Trafficking. https://t.co/My950mVSxs
1223394187749490693,2020-01-31 23:54:38,"RT @LNGfacts: Great discussion yesterday with @RichardGrenell , @charlieriedl and @LNGfacts members at @NextDecadeLNG Offices on how #US #L…"
1223363309883285505,2020-01-31 21:51:56,In Houston with the George and Barbara Bush Foundation https://t.co/jkao70aZNs
1223295223633260544,2020-01-31 17:21:23,"RT @ABZayed: Opinion | Every Time Palestinians Say ‘No,’ They Lose - The New York Times https://t.co/QcG8N632Ad"
1223278357900558338,2020-01-31 16:14:22,cc: @GavinNewsom https://t.co/jiTjnFvgBM
1223276500767649798,2020-01-31 16:06:59,Every Governor in America should immediately launch an investigation of the universities in their states. Prosecute the violators and those who lied about it. https://t.co/ZxzRq5HLiw
1223206763513679875,2020-01-31 11:29:53,"Thank you, President @HashimThaciRKS https://t.co/olQ6SxdAaq"
1222941376523964421,2020-01-30 17:55:19,RT @IvankaTrump: The world has embraced the President’s vision for peace!
1222893220461449217,2020-01-30 14:43:58,A small but important step. Our Lebanese partners are making progress. #notacrime https://t.co/cwFwFUTONX
1222867334303485952,2020-01-30 13:01:06,It would be like asking the KGB to install your phone lines. https://t.co/eG9BRzRA1X
1222846712156430336,2020-01-30 11:39:10,RT @MFKosovo: We are hosting a working lunch with donor community to discuss capital raising for our renewable energy IPP facilitation proj…
1222676481656152065,2020-01-30 00:22:44,Abbas is in his 15th year of a 4 year term. The US didn’t cause this conflict but we are trying to solve it. Maybe some help? https://t.co/jrs9bs5FGP
1222674046548160513,2020-01-30 00:13:03,Thank you for your support. https://t.co/zGYHD95sES
1222635033346920453,2020-01-29 21:38:02,Mark and Me in Atlanta (sounds like a good movie title) https://t.co/KaP7WmVlGM
1222600101538992130,2020-01-29 19:19:13,"RT @naftalibennett: Nothing like morality lessons from a mass-murdering, terror-sponsoring, gay-hanging, student-jailing, activist-torturin…"
1222562631812337665,2020-01-29 16:50:20,"Europeans who criticize this good initiative from the sidelines, while failing to offer any ideas of their own should be dismissed and ignored for wanting the failing status quo. Less talk, more action. @ischinger https://t.co/wgL2CtZLxD"
1222200495768403970,2020-01-28 16:51:20,"She has definitely prompted much needed discussions on German defense spending, Germany’s responsibility in world affairs, and Russian aggression. The German media have too much group-think...while the public is already discussing these issues. https://t.co/LGuPerfXOt"
1222198748652007424,2020-01-28 16:44:23,@yashar I don’t leave the house without putting @SuzanneSomers coconut oil on my face. I go through it fast. I have sensitive skin and it’s perfect. #protip
1222181942558216192,2020-01-28 15:37:36,US Embassy Berlin has been hard at work getting this hotel shut down. It seems like a no-brainer to us. North Korea is under UN sanctions and the Germans are the Chair of the UN enforcement committee. https://t.co/DVFf4G674m
1222168995215732736,2020-01-28 14:46:09,RT @SecPompeo: Renewed fighting in #Yemen is unacceptable. We call on all conflict parties to put the Yemeni people first and return to res…
1222161856682348545,2020-01-28 14:17:47,"Abbas is 84 years old and was elected to a 4 year term in 2005. He’s now in his 15th year of his 4 year term. 
He loves the status quo. This system is working for him. https://t.co/QBSLh3yiym"
1222156660258426880,2020-01-28 13:57:09,It’s fascinating to watch Washington types seem surprised by the fact that Americans love @realDonaldTrump’s policies aimed at changing Washington. https://t.co/EJK3jQDyia
1222151948104654849,2020-01-28 13:38:25,"RT @IvankaTrump: You consistently make fun of half the country and then complain that it is divided. 

The arrogance, mocking accents and s…"
1221851420414173186,2020-01-27 17:44:14,"RT @SenTomCotton: “We are all Jews here.”

Seventy-five years ago today, Master Sergeant Roddie Edmonds saved the lives of more than 200 Am…"
1221817561446338562,2020-01-27 15:29:41,". @AP: Kosovo PM hails as 'positive signs' recent deals with Serbia
https://t.co/6SOCUNVdeI"
1221797483401109504,2020-01-27 14:09:54,"RT @BenWeinthal: Reminder re: #Auschwitz75:
1. US ambassador @RichardGrenell tells @Jerusalem_Post that Iranian regime's call to wipe Israe…"
1221756354848751617,2020-01-27 11:26:28,Never Again https://t.co/EXlYLx3yY9
1221690261467779073,2020-01-27 07:03:50,It’s clear that the promises made in Berlin have not been kept. We must face the reality not just the hope. https://t.co/BRfn1verC7
1221671797147545601,2020-01-27 05:50:28,"Iranian backed militias continue to attack the US. 

Our European allies should condemn this immediately - and pressure Iran to stop the attacks, and negotiate. https://t.co/69TLEn2wUb"
1221540136170729473,2020-01-26 21:07:18,RT @DavidShuster: My favorite moment in Olympic history came in 2008 in Beijing... Michael Phelps and team USA were swimming to shatter Oly…
1221527532220141568,2020-01-26 20:17:13,"RT @jarengrenell: I cannot believe it.... gone way too soon 

RIP KOBE... https://t.co/J3t1ea8JOX"
1221527223015837696,2020-01-26 20:15:59,RT @charliekirk11: Every single day you are alive is a gift
1221525235247173640,2020-01-26 20:08:05,RT @kobebryant: All love my brother 🙏🏾 #beatcancer #NeverGiveUp
1221524897949601792,2020-01-26 20:06:45,"RT @kobebryant: The best way to honor the legacy of Dr. Martin Luther King Jr. is to ensure kids understand his purpose, message and impact…"
1221514575058739200,2020-01-26 19:25:43,"RT @n_roettgen: I couldn’t agree more with Tom, 5G is about our national security, our technological competitiveness and our digital sovere…"
1221369543169323023,2020-01-26 09:49:25,"New Rule:
Reporters get to break the Off The Record rule if they are offended by what you say. #yikes #dulynoted https://t.co/AU2ijsOCXx"
1221362673906081793,2020-01-26 09:22:07,Agree. Deserves more coverage. https://t.co/7YfHGJkGjM
1221360067842314240,2020-01-26 09:11:46,". @realDonaldTrump is a genius. His policies &amp; economy has enabled 1 company to give $10 million to climate change. Just 1 company! 

Imagine the impact on other charities and local businesses from all US companies. #USA #TrumpEconomy https://t.co/EVCq1b481I"
1221195745195446273,2020-01-25 22:18:49,"Again, Julia....it’s “too” #embarassing https://t.co/k862z87BA3"
1221187294717194241,2020-01-25 21:45:14,Hey Julia. It’s “you are” or “you’re”. #embarrassing https://t.co/M0zi69BS7w
1221185803990241282,2020-01-25 21:39:18,Most of the major US media outlets have ignored this diplomatic breakthrough from @realDonaldTrump. https://t.co/C3O9ZJFc3q
1221139444612419584,2020-01-25 18:35:05,"Off the record and anonymous sources are different. 

Your entire premise is fake news. https://t.co/wymsGALpWa"
1221117160057122823,2020-01-25 17:06:32,Are you saying that Off The Record is only good if the reporter likes what was said?! It’s good to know there are caveats now. Duly noted. https://t.co/7gNdtS16v8
1221111847790809088,2020-01-25 16:45:26,"Today’s lesson for all US officials: first it was the @washingtonpost, now it’s @NPR that you can’t trust to go off the record. Duly noted. @NPRKelly"
1221110872724119553,2020-01-25 16:41:33,NBC reporter gives 2 opinions with just 10 words. https://t.co/MYSwZZpFN4
1220993902288785409,2020-01-25 08:56:45,"RT @bopanc: Ahead of the #Auschwitz liberation anniversary, a thread about a most compelling story of a holocaust survivor whose life is a…"
1220822775130206208,2020-01-24 21:36:46,"RT @BenWeinthal: Grenell @RichardGrenell  later told the Jerusalem Post @Jerusalem_Post   that he was ""hopeful that there will be a draft E…"
1220775952076234752,2020-01-24 18:30:42,RT @AmChamKosovo: Fruitful exchange of ideas between @AmChamKosovo members and Special Presidential Envoy @RichardGrenell. Businesses in Ko…
1220763099634061315,2020-01-24 17:39:38,RT @Jerusalem_Post: A court for the Islamic Republic of #Iran sentenced a 65-year-old convert to #Christianity to a three year prison term…
1220736251659268097,2020-01-24 15:52:57,"RT @HashimThaciRKS: I salute the intention to restore the railway connections between #Kosovo and #Serbia, marking another important step t…"
1220723949757255680,2020-01-24 15:04:04,"RT @Nervana_1: So @realDonaldTrump was right, #Iran’s #Soleimani was plotting to attack U.S. forces in #Iraq, according to Reuters report!…"
1220670750920716288,2020-01-24 11:32:40,"RT @AgronBajrami: After visiting both Prishtina and Belgrade in the past two days, Ambassador @RichardGrenell just announced he brokered an…"
1220670633467633664,2020-01-24 11:32:12,"RT @avucic: Веома сам захвалан @RichardGrenell што је уз рационалан приступ и велику жељу да напредујемо разумео потребе Србије. 
Имали смо…"
1220670427275710471,2020-01-24 11:31:23,"RT @predsednikrs: Захвалан сам господину @RichardGrenell на уложеном труду, ентузијазму, енергији. Имали веома добар разговор који се тицао…"
1220670210199490562,2020-01-24 11:30:31,More good news from Serbia-Kosovo. @realDonaldTrump diplomacy is working. https://t.co/C0KlIspkAr
1220405768975003650,2020-01-23 17:59:44,RT @pacollibehgjet: I have always advocated for an economic approach to the normalization of rel between #Kosovo &amp; #Serbia as the only way…
1220380676907814912,2020-01-23 16:20:01,"Thank you, Isa. I agree! https://t.co/65P2tcEDkg"
1220338545803571201,2020-01-23 13:32:36,"Thank you, Albin. Economic development and job creation should be the entire region’s priority. https://t.co/rnNydB5U22"
1220283114737610752,2020-01-23 09:52:20,Amazing story. https://t.co/egYw7aGXcF
1220200803396399104,2020-01-23 04:25:16,"RT @Jerusalem_Post: “I am hopeful that there will be a draft European Parliament resolution calling for the ban of #Hezbollah,"" US Ambassad…"
1220200543961919488,2020-01-23 04:24:14,"RT @Ostrov_A: Amb. @RichardGrenell: “The U.S. is resolute in its efforts to stop the spread of Hezbollah’s terror, but we cannot contain th…"
1220106676927442944,2020-01-22 22:11:14,"Thank you, Mr President. We must make progress - which includes dropping the tariffs. https://t.co/PnM02q5jUR"
1220105758462947335,2020-01-22 22:07:35,RT @MessageFromLen: .@RichardGrenell is right. There is no distinction between Hizballah’s “political wing” and “military wing.” It’s funde…
1220003532507615232,2020-01-22 15:21:23,"RT @AJCTAI: ""If the EU wants to take a stand against the Assad regime’s violence &amp; the export of that violence &amp; instability to Europe, it…"
1219963757499207680,2020-01-22 12:43:20,"RT @usbotschaft: Amb. Grenell in @POLITICOEurope: ""Hezbollah works for the Iranian regime, not the Lebanese people...It contributes to the…"
1219963641686102018,2020-01-22 12:42:52,RT @SherazadeSemsar: Must read on why #EuropeanUnion should ban #Hezbollah from @RichardGrenell via @POLITICOEurope opinion pages 👇👇 https:…
1219963545372237827,2020-01-22 12:42:29,RT @ScottAdamsSays: Update: Read the comments and be surprised at how many people have at one time or another followed @RichardGrenell and…
1219939422650740736,2020-01-22 11:06:38,RT @usbotschaft: We are brainstorming with the best to find new ways to make the #Fulbright Program even better. https://t.co/YYGyyAqTdG
1219859942162796545,2020-01-22 05:50:48,Here is the US total assistance; you only counted one category and then compared us to 28 countries. https://t.co/t31zAQtnnz https://t.co/lbqlsNW80n
1219740280380968960,2020-01-21 21:55:19,@BenWeinthal @JTrittin Wow. I didn’t know that.
1219738695378657280,2020-01-21 21:49:01,"Now add UN and bilateral funds from the US. And the voluntary contributions of Americans. Your number is total for Europe, not for the US. https://t.co/oMYNTpps2a"
1219737145381990405,2020-01-21 21:42:51,This isn’t the total for the US. But it is for you. https://t.co/t31zAQtnnz
1219736180130009096,2020-01-21 21:39:01,The US is lowering our CO2 while massively growing our economy. You should concentrate on Berlin more. #facts #science https://t.co/47BBwRkLSH
1219734346845822979,2020-01-21 21:31:44,The U.S is the most generous country in the world. The American people are usually the largest donors to most every international program. You just talk. @JTrittin https://t.co/lWL1NKgoXt
1219733846691893256,2020-01-21 21:29:45,"Why can’t you grow the economy and cut CO2? Like the U.S. has? Why change the subject?! Get to work.  More action, less talk. @JTrittin https://t.co/Y8cf1qWB5A"
1219732672035147776,2020-01-21 21:25:05,RT @nytimes: Serbia and Kosovo agreed to restore flights between their capitals for the first time in more than 2 decades https://t.co/wuAF…
1219690815137701891,2020-01-21 18:38:45,Me too! https://t.co/2PRaK35i2E
1219613008793608194,2020-01-21 13:29:35,"RT @TheNotoriousMMA: @realDonaldTrump Phenomenal President. Quite possibly the USA 🐐. Most certainly one of them anyway, as he sits atop th…"
1219563757015355394,2020-01-21 10:13:52,"Thank you, @realDonaldTrump for being so clear on the economic push. https://t.co/MT87EYyjZ8"
1219541442403672064,2020-01-21 08:45:12,"RT @PressSec: Beautiful flight as we head to Davos, Switzerland, where @realDonaldTrump will meet with world &amp; business leaders to talk abo…"
1219354717815476225,2020-01-20 20:23:13,@CrisLeeMaza @roger_geissler Google.
1219331243969478656,2020-01-20 18:49:57,"Thank you, Mr. President. We are grateful for your commitment and friendship. @predsednikrs https://t.co/7JZNlvboZd"
1219313945804255232,2020-01-20 17:41:13,RT @yashar: You don’t donate millions of dollars and spend 20 hours a week studying law to prepare for the bar exam for publicity when you’…
1219306382211592198,2020-01-20 17:11:09,"RT @Jerusalem_Post: Instances of #antisemitism, #racism, sexism and other forms of bullying and bigotry are all frequent at Deutsche Welle,…"
1219297256198877187,2020-01-20 16:34:53,@CrisLeeMaza @roger_geissler You keep focusing on just the non-business traveler and forget that businesses need this - and cargo is needed.
1219291553715445766,2020-01-20 16:12:14,"You should talk to business leaders, job creators and economic experts more. #themoreyouknow https://t.co/DRmb40AxTy"
1219289424267218946,2020-01-20 16:03:46,"thank you, @lufthansa! https://t.co/SqkmyCfVeQ"
1219285400797294592,2020-01-20 15:47:47,We want to thank President @avucic and my dear friend Prime Minister @anabrnabic for their commitment and friendship. This historic flight will create jobs and open new markets. https://t.co/BlZh0sexLs
1219247081304535041,2020-01-20 13:15:31,Thank you for your steadfast commitment to making this happen. https://t.co/yWLTbhYZVV
1219242253631283202,2020-01-20 12:56:20,"President @realdonaldtrump once again led us to an historic victory. Kosovo and Serbia today signed an agreement to create the first direct flight between Pristina &amp; Belgrade in 21 years. Thank you @lufthansa, @NATO, @robertcobrien and the leaders of Kosovo and Serbia. https://t.co/mu52kM7smm"
1219157111474675712,2020-01-20 07:18:00,RT @_JakubJanda: “We are also obliged to defend our values in our relationship to China. China is simply governed by a totalitarian system…
1219010078633857032,2020-01-19 21:33:45,RT @ArthurSchwartz: WaPo’s @John_Hudson says his anonymous source for a fake news piece told him that a career State Dept official threaten…
1218946136544890886,2020-01-19 17:19:40,"RT @JohnnieM: God, help her &amp; protect her, please. 

&amp;, God, please help everyone like her: everyone subject to those in Iran who traffic i…"
1218821921615360001,2020-01-19 09:06:05,Los Angeles in Berlin @robertcobrien https://t.co/VRy9GGwva9
1218686673258713090,2020-01-19 00:08:39,"Welcome to Berlin, @SecPompeo and @robertcobrien https://t.co/fAe0vmevbi"
1218527226859335681,2020-01-18 13:35:04,RT @realDonaldTrump: The noble people of Iran—who love America—deserve a government that's more interested in helping them achieve their dr…
1218208833300062208,2020-01-17 16:29:53,I wish I could be in Vegas this weekend to support my friend @Nasrat_mma. I'll be watching. Let's go! https://t.co/1zCuYQPuPc
1218073330936360962,2020-01-17 07:31:27,RT @GermanyDiplo: Being funny is apparently not always our strong suit. We deleted the tweet below and apologize to all who were offended b…
1217937049929560064,2020-01-16 22:29:55,"RT @JayTimmonsNAM: .@realDonaldTrump promised to level the playing field for manufacturers. 2 years ago he signed tax reform into law, yest…"
1217861424896184321,2020-01-16 17:29:25,RT @i24NEWS_EN: #US State Dept. spokeswoman @MorganOrtagus says maximum pressure campaign against #Iran regime remains steadfast https://t.…
1217826342781300741,2020-01-16 15:10:00,"RT @USAfricaCommand: Pleased to host U.S. Ambassador to Germany @RichardGrenell yesterday to talk about #AFRICOM’s mission, including our i…"
1217824341301350400,2020-01-16 15:02:03,RT @realDonaldTrump: One of the greatest trade deals ever made! Also good for China and our long term relationship. 250 Billion Dollars wil…
1217750530329628672,2020-01-16 10:08:45,"RT @usconsfrankfurt: Thank you, Wirtschaftsclub Rhein-Main, for hosting Ambassador Grenell to discuss defense spending, NS2, Jerusalem, and…"
1217692672204464128,2020-01-16 06:18:51,RT @BenWeinthal: Pro-Iranian regime German diplomat @nielsannen below meeting with Iranian FM @JZarif  in India on Wednesday and enjoys a l…
1217566050717523969,2020-01-15 21:55:42,Record high AGAIN. The @realDonaldTrump economy is on fire! https://t.co/89lFWi2hVe
1217561675261456385,2020-01-15 21:38:19,I have spoken to a Washington Post Editor and I have asked for a retraction. I don’t believe this story. https://t.co/SrTXDIrYcM
1217544838784147462,2020-01-15 20:31:25,I’ve been working on car tariffs issue for 18 months. I met with Daimler CEO again today in Stuttgart. The problem with fake news like this is that people believe it. And we now have to work to correct the fake news. https://t.co/iUYrVquSk0
1217540469309263872,2020-01-15 20:14:03,"Why wouldn’t @John_Hudson call me or the Embassy? 
(because he wanted to write the story regardless of the facts). https://t.co/GabgeJ8x2x"
1217539473627435009,2020-01-15 20:10:05,Fake News. Who is @John_Hudson’s editor? How is he allowed to make up anonymous sources who never say who made the supposed threat?! https://t.co/01AbNKfwCr
1217355799707684865,2020-01-15 08:00:14,@yashar I’m just here for the comments. #omg #lol
1217345163883925504,2020-01-15 07:17:58,RT @usbotschaft: “I got to see the future today…and we are going to be in great hands. Thank you Chabad Jewish Educational School and Rabbi…
1217344600106524672,2020-01-15 07:15:44,RT @realDonaldTrump: Former National Security Adviser for President Obama said “President Trump was absolutely correct” in taking out terro…
1217344302222925825,2020-01-15 07:14:33,"This should be loudly and widely condemned in the United States, throughout Europe &amp; everywhere. This can’t be ignored. Watch! @JZarif https://t.co/xutalUxHKa"
1217060341009522690,2020-01-14 12:26:11,@Cernovich right down the street from me. ;)
1217055735923781632,2020-01-14 12:07:53,European leaders say Iran is not complying with Iran deal. https://t.co/UYpz2E1EuC
1216953739443081218,2020-01-14 05:22:36,"RT @DanScavino: President Trump and First Lady Melania attend the #NationalChampionship at the Mercedes-Benz Superdome in New Orleans, Loui…"
1216953250261471232,2020-01-14 05:20:39,RT @AliAbdelaziz00: I’m so inspired by all these people risking their lives for freedom #freeIran
1216953079070961664,2020-01-14 05:19:58,RT @abu_azaitar: @RichardGrenell @AliAbdelaziz00 It doesn’t matter where you’re from what your religion or race is everybody deserves justi…
1216815052541636608,2020-01-13 20:11:30,"RT @yashar: Please amplify the voices of the protestors. 

They are signing their own death warrants by protesting and could use your suppo…"
1216799093974077442,2020-01-13 19:08:05,Big move in Brussels to sanction Iran. https://t.co/vY6X7Yemb1
1216798638350966796,2020-01-13 19:06:17,Chinese theft is real. https://t.co/29QGsc5t4O
1216790401912397824,2020-01-13 18:33:33,"RT @GOPLeader: I'm introducing a resolution in support of the protestors in Iran. The world is watching, and the people of Iran need to kno…"
1216681421517074432,2020-01-13 11:20:30,RT @SabaFarzan: Hey @21WIRE if you were living on planet earth you’d realize it is Iran’s brave people seeking freedom and these are expres…
1216655200691408896,2020-01-13 09:36:18,"we are asking our European friends to speak out very clearly on the Iranian regime's actions, too. https://t.co/lTdm7hCCOk"
1216606268967858178,2020-01-13 06:21:52,"RT @realDonaldTrump: National Security Adviser suggested today that sanctions &amp; protests have Iran “choked off”, will force them to negotia…"
1216605383764168706,2020-01-13 06:18:21,@yashar @michelleinbklyn Same with speaking clearly on decriminalization of homosexuality in other countries. Some suggest we shouldn’t make it a Western push. BS!
1216604926836641792,2020-01-13 06:16:32,RT @yashar: 1. Thank you so much for this thoughtful question @michelleinbklyn. I've seen some people say that supporting  protestors isn't…
1216444616788074496,2020-01-12 19:39:31,RT @iranfarashgard: A couple of brave protesters brought down the poster of #Soleimani which had been displayed all over the walls of towns…
1216425930320642048,2020-01-12 18:25:16,More protests in Iran. These people are very brave. https://t.co/ZZ2dJsDvlf
1216405108067590144,2020-01-12 17:02:32,Amazing. These women are warriors. https://t.co/HKGUyuu5ig
1216373873794482177,2020-01-12 14:58:25,You are purposefully manipulating what he said in full. This isn’t journalism but activism. Please don’t give fake accounts of real threats. https://t.co/mctgSwN3z9
1216367625183334402,2020-01-12 14:33:35,"RT @ArthurSchwartz: —@astroehlein gets called out for ignoring Iran’s human rights violations, he blocks the messenger."
1216366173459230720,2020-01-12 14:27:49,The European Human Rights Watch media director is sensitive....just not to the Iranian people’s human rights. https://t.co/IeaRd8VMG5 https://t.co/7rirya942c
1216348246207016961,2020-01-12 13:16:35,ما از دوستان و متحدان اروپایی خود می‌خواهیم که به صراحت در حمایت از مردم ایران سخن بگویند. حالا زمان آن فرا رسیده که مواضع در محافظت از حقوق بشر روشن باشد.
1216348011825192962,2020-01-12 13:15:39,The General Secretary of Chancellor Merkel’s political party calls out the Iranian regime. https://t.co/O4Y9RlvH2k
1216328007067062273,2020-01-12 11:56:09,German Foreign Ministry calls out the Iranian regime for violating international law. #west #onevoice https://t.co/3e6Co68C4L
1216317492479524864,2020-01-12 11:14:22,The Iranian people walk around the US and Israeli flags on the ground - rather than walk on them. https://t.co/omAao3KV9G
1216303390357098496,2020-01-12 10:18:20,The Iranian people are brave and courageous. Speak up for them now. https://t.co/Qd2ZbPIVBf
1216291722868809730,2020-01-12 09:31:58,RT @SGhasseminejad: This tweet by @realDonaldTrump with more than 100k likes is already the most liked Persian tweet in the history of Twit…
1216289137516597248,2020-01-12 09:21:42,amazing and inspirational. https://t.co/VytzHXEdXA
1216287888935133184,2020-01-12 09:16:44,"RT @scottsands: Terrific insight, again, on current Iranian attitude from @yashar"
1216287623309864960,2020-01-12 09:15:41,The main twitter account for Human Rights Watch has not yet tweeted support for the Iranian people protesting in the streets. Unbelievable. @hrw https://t.co/FiphFYpaCD
1216286714370691073,2020-01-12 09:12:04,"We just called out all 69 countries who criminalize homosexuality at the UN in a first-ever event. 

Where were you? https://t.co/OEALWSFttJ"
1216286022784507904,2020-01-12 09:09:19,cc: Europe https://t.co/Ie94wGeZoR
1216282315514679296,2020-01-12 08:54:36,How is it that the European director for Human Rights Watch hasn’t tweeted a thing about supporting the people of Iran who are protesting in the streets?! Wow. https://t.co/FYLxrGEOI1
1216280856593149954,2020-01-12 08:48:48,"Oh good lord, Peter. You purposefully ignored the threats from the regime and now ignore the opportunity to support the Iranian people - all because you hate Donald Trump. https://t.co/iFW8Z5BTBd"
1216270479385858048,2020-01-12 08:07:34,RT @realDonaldTrump: دولت ایران باید به گروه‌های حقوق بشر اجازه بدهد حقیقت کنونی اعتراضات در جریان مردم ایران را نظارت کرده و گزارش بدهند.…
1216269698687545344,2020-01-12 08:04:28,"RT @statedeptspox: #KimiaAlizadeh, Iran’s only female Olympic medalist, has rejected the regime’s oppression of women. She has defected for…"
1216265822290763776,2020-01-12 07:49:03,We are asking our European friends and government allies to speak publicly and clearly in support of the Iranian people. Now is the time to be clear about protecting human rights. https://t.co/bN4tHSoxdF
1216263893359702018,2020-01-12 07:41:23,"Much different this time. 
-POTUS clearly supporting the people
-messages on the streets much more direct &amp; impatient
-they are now calling for the people labeled as “reformers” by NYT to be ousted
-crystal clear they have been lied to
-social media more widespread
@giacomonyt https://t.co/uLIdLgvRjX"
1216131359942549504,2020-01-11 22:54:45,RT @realDonaldTrump: The government of Iran must allow human rights groups to monitor and report facts from the ground on the ongoing prote…
1216116976822648832,2020-01-11 21:57:36,RT @realDonaldTrump: به مردم شجاع و رنج کشیده ایران: من از ابتدای دوره ریاست جمهوریم با شما ایستاده‌ام و دولت من همچنان با شما خواهد ایستاد…
1216103336363143170,2020-01-11 21:03:24,RT @AsaadHannaa: #BREAKING: Reports: British ambassador in #Tehran got arrested tonight while photographing the protests against the Irania…
1216100446521253888,2020-01-11 20:51:55,"If you know someone in Iran, now would be the time to send a message of support. https://t.co/vVW1O8cyhO"
1216099845431271425,2020-01-11 20:49:31,"RT @mdubowitz: Iranians were never “united in outraged grief” after killing of Suleimani. That was incorrect reporting. 

Their anger again…"
1216099031333646336,2020-01-11 20:46:17,"RT @AlirezaNader: “Rev Guards dictators, you’re our ISIS.” Anti regime protests, Tehran, #Iran. https://t.co/Omw8ajLa1x"
1216095669926146048,2020-01-11 20:32:56,These people are courageous! #iran https://t.co/cM4CU0uOr8
1216078484981927937,2020-01-11 19:24:39,"RT @JulianRoepcke: The brave people of #Iran are protesting against the murderous regime tonight.
Let's see, how many more of its citizens…"
1216057980183023617,2020-01-11 18:03:10,"I detect an admission from you that there was SHORT term gain. You are coming around, Ben! #progress https://t.co/p8EtQtayq3"
1216055544533921794,2020-01-11 17:53:29,Some Europeans are talking about sanctions on Iran. And others are talking about triggering the JCPOA dispute clause. #progress #diplomacy #samegoal https://t.co/snw6ZGdb6C
1216053237931003904,2020-01-11 17:44:19,"RT @RepMichaelWaltz: Great points, @RichardGrenell.

With the death of #Soleimani, we are in a different and better place.

Movement by the…"
1215907744315838464,2020-01-11 08:06:11,The warrior is a child! @LLSusa https://t.co/yRGxxWVXXv
1215907398134661120,2020-01-11 08:04:48,The General Secretary of Chancellor Merkel’s political party calls for sanctions on Iran. @PaulZiemiak https://t.co/d6c9nZmwSI
1215685848848650242,2020-01-10 17:24:27,We met again today with more Iranians who wanted to show their gratitude - and voice their fears. https://t.co/xYQOM9N5fw
1215634159554760711,2020-01-10 13:59:03,"RT @JulianRoepcke: ""FACTS INDICATE DOWNING"", @BILD titled 30 hours ago.
Even before that, my colleague @bjoernstritzel suspected a Tor-M1 S…"
1215509079960977408,2020-01-10 05:42:02,@Noregretts @HeyTammyBruce You should do more research on what the basics are. This is over your head.
1215373689195200512,2020-01-09 20:44:02,your anonymous “insider” is oddly unfamiliar with the basics. https://t.co/Z53APFsoZg
1215348595009949702,2020-01-09 19:04:19,RT @usbotschaft: “I’m always happy when I’m in #Bavaria.” - Amb. Grenell https://t.co/Ew1jMgTXQp
1215343071694671878,2020-01-09 18:42:22,RT @jasonrantz: Ambassador @RichardGrenell has a lot to say about this. He joins me this afternoon at 3:30pm PST on @770KTTH for a wide-ran…
1215319238979792896,2020-01-09 17:07:40,"RT @RepMarkWalker: Thanks to @realDonaldTrump, our economy is so strong that British monarchs are moving to America in search of a better l…"
1215318854144053249,2020-01-09 17:06:09,RT @usconsmunich: ”I can’t see Spartanburg from here!” @bmw CEO Oliver Zipse shows Ambassador Grenell the Munich production facilities for…
1215308239065223168,2020-01-09 16:23:58,RT @Reuters: U.S. outlines strong support for self-driving cars at #CES2020 https://t.co/yfncmmTtjV by @davidshepardson
1215265079769346048,2020-01-09 13:32:28,@YaRoMoJo @camanpour Maybe the point was over your head. So let me lower it for you: she didn’t disclose the source’s clear bias.
1215263400974069760,2020-01-09 13:25:47,No one knows how to clean up a site before the inspectors come better than the Iranians. #PS752 https://t.co/PBOFzwDnYL
1215258028980744192,2020-01-09 13:04:27,"RT @yashar: 3. For 40 years Iranians have been hearing ""Death to America"" and honestly it becomes meaningless after a while. It's not shock…"
1215257375701184512,2020-01-09 13:01:51,Outrageous. @camanpour should explain how this happened. https://t.co/0yvHhOU7Lh
1215256040440238080,2020-01-09 12:56:33,"RT @JulianRoepcke: Hi @TwitterSupport,
do you think, it is fucking OK to ban the possibly most important witness of a major crime in Iran?…"
1215226854153555969,2020-01-09 11:00:34,Important thread from @hughhewitt https://t.co/YVG1nszIGc
1215226319727923201,2020-01-09 10:58:27,@boris_lay @ulrichspeck This tweet won’t age well.
1215214707935784960,2020-01-09 10:12:18,"The largest newspaper in Germany, @bild - thanks, @realDonaldTrump on the front page of today’s paper. https://t.co/VdYEvSAtVt"
1215213768503898116,2020-01-09 10:08:34,"RT @AlinejadMasih: Unfortunately Western media misses the point by glorifying Soleimani— He was the common enemy for people in Iran, Lebano…"
1215179158302679041,2020-01-09 07:51:02,TruthBomb cc: the media https://t.co/0sXRgN2PX4
1215007119814152194,2020-01-08 20:27:25,RT @RandPaul: I spoke with @realDonaldTrump today. The president shares my thoughts that the last thing we need is another ground war. He d…
1215001832218648577,2020-01-08 20:06:25,"While it’s uncomfortable for them to admit, of course the billions of dollars they gave them paid for the missiles. https://t.co/7AaaBqHXFl"
1214991575090106368,2020-01-08 19:25:39,It’s odd that neither one of you know that the Iranian people aren’t allowed to be on social media freely. https://t.co/2UCGpaCYbX
1214960472530866178,2020-01-08 17:22:04,"RT @benjaminhaddad: At this time of their presidencies, Trump’s two predecessors had started wars in the Middle-East, he hasn’t. The apocal…"
1214955794925596673,2020-01-08 17:03:28,cc: @cnni https://t.co/i94zDXXZOm
1214951318911143936,2020-01-08 16:45:41,. @camanpour clearly missed candidate @realDonaldTrump’s positions on US troops overseas.
1214949761566093313,2020-01-08 16:39:30,RT @esaagar: Trump says to the future leaders of Iran: The US is ready to embrace peace with all who seek it
1214948086201692160,2020-01-08 16:32:51,RT @JoshNBCNews: News: Trump says new economic sanctions on Iran will be put in place immediately
1214947742398787591,2020-01-08 16:31:29,"Christiane is stuck in the past, like many in the foreign policy establishment. They haven’t grasped what the US shale energy paradigm shift means for the US in the Middle East. https://t.co/1r5xCkUFV8"
1214901823942877185,2020-01-08 13:29:01,"Thank you, @WELTnews for the opportunity to speak with so many German CEOs and leaders. #welt https://t.co/b54tGVetWy"
1214898793096847361,2020-01-08 13:16:58,@RobbDawson4 @mozangeles31 @pritheworld @MarcoWerman “Comebacks” are answers that don’t fit your narratives. #notjournalism
1214888772397088768,2020-01-08 12:37:09,RT @HashimThaciRKS: We condemn the Iranian missile attacks on USA &amp; @coalition forces based in Iraq and focused on defeating #ISIS. #Kosovo…
1214856544078176256,2020-01-08 10:29:05,Thank you to the German Defense Minister @AKK https://t.co/zFE4ee8rf4
1214796316070547457,2020-01-08 06:29:46,RT @PressSec: We are aware of the reports of attacks on US facilities in Iraq. The President has been briefed and is monitoring the situati…
1214688682378174465,2020-01-07 23:22:04,RT @RichardGrenell: Odd that @mitchellreports doesn’t say that Soleimani was violating UN resolutions by traveling outside of Iran. Even th…
1214688642893066243,2020-01-07 23:21:54,RT @RichardGrenell: Soleimani was a bad guy. Your hatred of @realDonaldTrump is literally forcing you to advocate for keeping a terrorist a…
1214688393629782016,2020-01-07 23:20:55,@Kanew @MarshaBlackburn You’ve become what you say you hate.
1214688203287998466,2020-01-07 23:20:10,Justin and Soleimani mourner join forces..... https://t.co/4zYTv95LFT
1214671679793881088,2020-01-07 22:14:30,He wants to keep a terrorist alive?! Yikes. #TrumpDerangementSyndrome https://t.co/QwlZ5Iex2t
1214666714836811776,2020-01-07 21:54:46,Soleimani was a bad guy. Your hatred of @realDonaldTrump is literally forcing you to advocate for keeping a terrorist alive. https://t.co/26pg8nbB59
1214663364661645314,2020-01-07 21:41:28,Odd that @mitchellreports doesn’t say that Soleimani was violating UN resolutions by traveling outside of Iran. Even the UN didn’t trust him to go outside his country. https://t.co/7qaeHO2tqJ
1214662262574735362,2020-01-07 21:37:05,cc: @MarcoWerman @pritheworld https://t.co/By3TF6ifP9
1214661845698666496,2020-01-07 21:35:25,@sunny1and1 @MarcoWerman @pritheworld No one told him what to ask or not to ask.
1214660884003532800,2020-01-07 21:31:36,Hey Nick. The reporter was bound and determined to view the removal of General Soleimani as a negative occurrence. I didn’t accept that premise. You should be more tolerant of different view points. https://t.co/BQUcSAYEwa
1214627194716246017,2020-01-07 19:17:44,"RT @reenaninan: Q: Does US have  have obligation to de-escalate?

Esper: We are not the ones who escalated this over 40 years and past seve…"
1214626453029105665,2020-01-07 19:14:47,"RT @SecPompeo: After years of suffering under Soleimani’s brutality, Syrians are finally free to celebrate his demise thanks to @realDonald…"
1214626371479191553,2020-01-07 19:14:28,"The Iranian community is flooding us with words of thanks. Here is a small sample. Thank you, @realDonaldTrump. https://t.co/D3KVSa1PqC"
1214566520358989825,2020-01-07 15:16:38,this is an important point.... https://t.co/ZGzKYzZoCw
1214303826016116738,2020-01-06 21:52:47,"RT @usbotschaft: Amb. Grenell on @FoxNews, discussing #Germany’s position re: U.S. tensions with the #Iranian regime. https://t.co/bOBLoHlA…"
1214300570015678467,2020-01-06 21:39:51,"RT @AsaadHannaa: @RichardGrenell That’s when the pro-iran gangs start a campaign against the trusted people to let them seem bad, they pust…"
1214300468484222981,2020-01-06 21:39:26,"Note from an Iranian 
cc: @JZarif https://t.co/xXWRYitENK https://t.co/Bn8WnHyaWS"
1214299684241588226,2020-01-06 21:36:19,"And then there are the many, many heartfelt messages of support for @realDonaldTrump’s leadership. https://t.co/RSRYiMitOU https://t.co/1XCndCfmvY"
1214298092981358593,2020-01-06 21:30:00,bots of Instagram. Posing as angry Iranians - but they all say the exact same thing. I’ve got 50 different accounts with identical comments. https://t.co/7EW6uWfBVz
1214296247898648576,2020-01-06 21:22:40,"RT @NilaBehzadi: We met the incredible US ambassador to Germany, @RichardGrenell!

We delivered Iranians overwhelming support messages for…"
1214295838345846788,2020-01-06 21:21:03,"RT @Ostrov_A: Bravo to Amb. @RichardGrenell for hosting #Iran dissidents in #Berlin, who praised the American action to eliminate the Irani…"
1214236914666156032,2020-01-06 17:26:54,These European and Iranians came to US Embassy Berlin to give @realDonaldTrump thank you cards. They realize the world is safer today. https://t.co/81ufOf5HD4
1214153171335073792,2020-01-06 11:54:08,"RT @WeiseKai: „Die Terrorgefahr ist in Deutschland kleiner geworden durch die Tötung Soleimanis“, sagt US-Botschafter ⁦@RichardGrenell⁩ ⁦@B…"
1214068199228166144,2020-01-06 06:16:29,"RT @MessageFromLen: The size of funeral crowds in authoritarian regimes is not an indication of popular support. In fact, the opposite is t…"
1214066567555821570,2020-01-06 06:10:00,RT @realDonaldTrump: These Media Posts will serve as notification to the United States Congress that should Iran strike any U.S. person or…
1214062711493058560,2020-01-06 05:54:41,"RT @JulianRoepcke: No matter what will happen over the next hours, days and weeks - and I fear bad things will happen.
Trump was right to o…"
1214045940425908225,2020-01-06 04:48:02,Pompeo is right. You thought a charm offense on Iran would work - and it didn’t. Even countries that support your JCPOA admit this now. https://t.co/J0cxsbisto
1213942702296973312,2020-01-05 21:57:48,@TiloJung Did you not read the original tweet? Iran never complied. They faked it. Read more.
1213933725672779778,2020-01-05 21:22:08,"RT @AsaadHannaa: Iran's respond on Soleimani’s death came now by slaughtering and executing 24 Syrian southeastern Raqqa. 
Those innocent p…"
1213928635800989697,2020-01-05 21:01:55,"if you believe they were abiding by the rules before, I’ve got an empty Israeli storage locker to sell you. https://t.co/IcBeV6V66f"
1213925953665208322,2020-01-05 20:51:15,You miss the fact that US diplomats are alive today because @@realDonaldTrump acted on Soleimani. Appeasement is what you did for years - where you ignore the threats because you are afraid Iran will respond. So they continue. And we get Benghazi &amp; the genocide in Syria. https://t.co/kpzLMdm2vo
1213914082375585792,2020-01-05 20:04:05,Let’s have lunch sometime. I see that you follow me. https://t.co/l4JrnEbBLW
1213913739709300744,2020-01-05 20:02:43,"RT @jasonrantz: Seattle-area Imam smiles in anti-Semitic video comparing Jews to apes, pigs. No local media coverage beyond this. Ask yours…"
1213913259172073473,2020-01-05 20:00:49,The people of Iran are so brave. I’m humbled by their courage. I’ve gotten thousands of messages like this: https://t.co/UyTEd9G7lN
1213909693086732288,2020-01-05 19:46:38,RT @ZiffyKat: Joe Concha: News media coverage of Soleimani strike reveals 'disturbing pattern' https://t.co/zo1aUMCz1f #FoxNews
1213906879098826752,2020-01-05 19:35:27,And this.... https://t.co/4DDUGko4X4 https://t.co/sSvXRoOwZF
1213906687440097281,2020-01-05 19:34:42,"RT @rikkiratliff: There’s been a war on women in Iran for 40 years. 

Where my protesters at?"
1213906506153889793,2020-01-05 19:33:59,What happened? Was it something I said? Facts hurt. https://t.co/6ltkZEs4zT
1213904450970161154,2020-01-05 19:25:49,@AugustaKaiserin lol. Read my tweet. These press releases don’t disprove my point about their access.
1213902471569059840,2020-01-05 19:17:57,truth. https://t.co/CnqQaf9Srs
1213902103715954688,2020-01-05 19:16:29,The Pentagon doesn’t do this. This is completely fake. https://t.co/jk8n5AweAT
1213901630225158147,2020-01-05 19:14:36,Follow @C_Angermayer for a great perspective. His newsletter is the best I’ve seen for European economic perspectives. https://t.co/S7cMhp70N1
1213890828546052097,2020-01-05 18:31:41,"Not true. I know IAEA well. Spent 8 yrs inside UN Security Council with them. They’re smart, brave scientists that don’t carry guns - my point is they evaluate what they are ALLOWED to see. There are sites/buildings they don’t look at. Read about the Israeli Storage Unit. https://t.co/dlAObZbelW"
1213888147257466880,2020-01-05 18:21:01,This debate point is always a WINNER! https://t.co/JTnAW7DGxt
1213883080093646848,2020-01-05 18:00:53,"Geri, giving billions to Iran in cash means the regime takes it and uses it for terrorism. What are you thinking the regime did with that money?! https://t.co/amArSjt5Oy"
1213881612204679170,2020-01-05 17:55:03,"By this logic, we are to leave all the terrorists alone. Appeasement doesn’t work, my friend. https://t.co/vZYhgum2Ag"
1213880918739488768,2020-01-05 17:52:18,There was a genocide in Syria then - and Soleimani encouraged it. US leadership &amp; response was absent. Appeasement is when you tolerate acts of terror because Iranian regime may strike back. https://t.co/XGmJQlIUcf
1213851131375497218,2020-01-05 15:53:56,"And to imply that Iran was acting normally after your cash deal also defies the facts. Soleimani led attacks in Iraq, Syria and the region. We are safer without him. Diplomats are alive because POTUS acted."
1213849678124666882,2020-01-05 15:48:10,Iran was NOT complying. They were telling you they were and if you believed them then you ignored the clear violations found and the massive amount of information the Israelis discovered in a storage locker. You were duped. And still ignore these discoveries. https://t.co/g90MgAYCHT
1213716159582879749,2020-01-05 06:57:36,RT @realDonaldTrump: Iran is talking very boldly about targeting certain USA assets as revenge for our ridding the world of their terrorist…
1213581810464182274,2020-01-04 22:03:45,@GerardAraud You jumped in to defend the fact that the EU shouldn’t designate Hezbollah as a terrorist organization. Of course you are defending Hezbollah. You just werent so bold when you had a position of power.
1213579445266726913,2020-01-04 21:54:21,@GerardAraud it’s not about discussions. It’s about moral clarity in order to defeat terrorists. Defending Hezbollah is scary. And you get no Courage Award for speaking up after your position of power is finished.
1213577562745659392,2020-01-04 21:46:52,@GerardAraud What a disgrace. You can’t even say that Hezbollah is bad and that the Europeans should outlaw it.
1213573027356696577,2020-01-04 21:28:51,"RT @Ostrov_A: To all those condemning President @realDonaldTrump and the U.S. for taking out arch Iranian terrorist Qasem #Soleimani, I am…"
1213567427423985664,2020-01-04 21:06:36,how would an IRGC commander even know this? And why isn’t your @nyt editor concerned that your source for US govt action is an Iranian regime terrorist?! https://t.co/fxvkTCK0kD
1213561308785889280,2020-01-04 20:42:17,"RT @tedcruz: Worth reading—Gen. David Petraeus interview on Soleimani: “Again, it is impossible to overstate the significance of this actio…"
1213560907407736834,2020-01-04 20:40:41,The EU doesn’t designate Hezbollah a terrorist organization.... https://t.co/M7bVAYJBrP
1213540654422380545,2020-01-04 19:20:13,from 2014.... https://t.co/Yh4AANnlXt
1213528014648225792,2020-01-04 18:29:59,RT @yashar: 7. Watch this clip of Soleimani speaking to understand what his rhetoric is like. He was/is a hardliners hardliner. https://t.c…
1213527777691013122,2020-01-04 18:29:03,RT @yashar: 29. As @NazaninBoniadi asked...I'd like to know where all of this outrage was when Iranians were being executed by their gov? A…
1213518763779403777,2020-01-04 17:53:14,from the largest newspaper in Germany: https://t.co/8qGGnxVmx9
1213506773786800128,2020-01-04 17:05:35,This thread is filled with massive (and erroneous) assumptions. This reporter has a clear agenda. She should be labeled an opinion columnist. It’s important to know who/what you are reading..... https://t.co/GvC9reSQPz
1213504655134724096,2020-01-04 16:57:10,"If they exist, you should never listen to your anonymous sources again. They don’t know. https://t.co/GvC9reSQPz"
1213496524329668609,2020-01-04 16:24:51,"roughly 130 people protested in front of US Embassy Berlin today in support of the Iranian regime and Syrian government (including some Americans). At the end of the video, a German reporter from @Bild is attacked. https://t.co/4ZDWGL6CFC"
1213424252046761985,2020-01-04 11:37:40,RT @FernandoAmandi: As former commander of US Forces in Iraq &amp; CIA Director Gen. David Petraeus is keenly familiar with Qassem Suleimani wh…
1213424005396533249,2020-01-04 11:36:41,"RT @ksadjadpour: 1. No man in the world was directly involved in more conflicts, in more countries, over a longer period than Qassem Soleim…"
1213418478268538880,2020-01-04 11:14:44,"Protecting US diplomats from a planned terrorist attack should ALWAYS be the priority. US diplomats risk their lives for Americans. It’s offensive to calculate our protection isn’t worth the risk. 
It’s also clear you aren’t getting the latest information. https://t.co/7Ecr7xloAc"
1213384616243073024,2020-01-04 09:00:10,"I realize this is something you didn’t prioritize before, but US diplomats were in danger of being attacked. Protecting US diplomats after our Embassy was just burned should be celebrated. Thank you, @realDonaldTrump! https://t.co/T4WI6bNO0B"
1213369787994329089,2020-01-04 08:01:15,"As a diplomat, I believe there isn’t enough media attention on the fact that General Soleimani was planning to attack US diplomats. @realDonaldTrump caught Soleimani in the act. And saved lives by stopping him. https://t.co/q3D1Fs9YFi"
1213363885924913152,2020-01-04 07:37:48,RT @hughhewitt: Bravo to @SecPompeo for his clarity on @foxandfriends. No apologies. No regrets. Astonishing that some in the American poli…
1213363670631276544,2020-01-04 07:36:56,cc: @MSNBC @cnni @cnn @nytimes @farnazfassihi https://t.co/qnbr9lXdOu
1213355380140658688,2020-01-04 07:04:00,"In my faith, laying your hands on someone while you pray for them is a beautiful way to love and bless someone with a thoughtful prayer. @NBCUniversal &amp; @voxdotcom mocking this Christian practice is ignorant. @atrupar https://t.co/ym0FVm2571"
1213350481508151296,2020-01-04 06:44:32,"When someone calls the killer of thousands of Americans “an ordinary person”, journalists should interrupt and push back - at least. This is disgusting propaganda. https://t.co/VTUgcs9LJR"
1213177766524399617,2020-01-03 19:18:13,He was a General and leading a war of terrorism. https://t.co/qHIWif88wD
1213173633268498432,2020-01-03 19:01:48,From @SaraCarterDC https://t.co/gxTzoyfGZE
1213135817746636800,2020-01-03 16:31:32,Here is another message I felt compelled to share: https://t.co/Q4hgzjXMP6 https://t.co/t93fcN2HZQ
1213119307997159429,2020-01-03 15:25:56,"I’ve received hundreds of messages of support. Like this:
“Thank you it was a great step to have free Iran! I didn’t like your comment because my family live in Iran and the government monitoring social media and searching about the people who are against them.”"
1213112865772777472,2020-01-03 15:00:20,"German government spokeswoman Ulrike Demmer, “The American action was a reaction to a series of military provocations for which Iran is responsible."""
1213096710446239744,2020-01-03 13:56:08,ما جنگ نمی‌خواهیم. ما خواستار صلح هستیم اما باید به حملات علیه آمریکایی‌ها پاسخ دهیم.
1213095431909052419,2020-01-03 13:51:03,اتحادیه اروپا قاسم سلیمانی را به دلیل پشتیبانی از تروریسم تحریم کرده بود. دولت آلمان امروز اعلام کرد که حمله پهپادی آمریکا در پاسخ به اقدامات تحریک آمیز ایران بوده است.
1213082933352894464,2020-01-03 13:01:23,RT @usbotschaft: General #Soleimani was actively developing plans to attack American diplomats and service members in #Iraq and throughout…
1213079429712359429,2020-01-03 12:47:28,"RT @pacollibehgjet: Soleimani is responsible for the suffering of Syrian, Lebanese &amp; Iraqi people. Kosovo stands w/ our US ally in good &amp; b…"
1213071255970238464,2020-01-03 12:14:59,RT @SecPompeo: Spoke with @HeikoMaas about @realDonaldTrump's decision to take defensive action to eliminate Qassem Soleimani. Germany is a…
1212996732386205698,2020-01-03 07:18:52,@farnazfassihi You are cheering one side. It’s disgraceful. @nytimes @rickgladstone
1212996349731508224,2020-01-03 07:17:20,Your twitter postings are completely one sided. There is also massive support throughout the region for removing the top terrorist. People are also celebrating. Do better. https://t.co/0BqSzBehfE
1212993578894577664,2020-01-03 07:06:20,RT @hughhewitt: This decisive response following @realDonaldTrump record of restraint in the face of Iranian provocations telegraphs not ju…
1212883329487384578,2020-01-02 23:48:14,Ridiculous. Ask Gazprom. cc: Europe https://t.co/aHpMHOf897
1212776882032254978,2020-01-02 16:45:15,"Good question!
cc: German media https://t.co/h8RMMLmtPi"
1212619565584257024,2020-01-02 06:20:08,Time to admit it - he’s been wildly successful. Read the facts: https://t.co/4DZaHFoyOy
1212475513253584904,2020-01-01 20:47:43,"RT @peymaneh123: Happy 2020 to all dear friends, freedom fighters &amp; all human right advocates #2020NewYear @TonyDuheaume @Inssan @eyad1949…"
1212369387677782018,2020-01-01 13:46:01,. https://t.co/9hqAmhiMYw
1212285079826960384,2020-01-01 08:11:00,RT @usbotschaft: Guten Rutsch from all of us at Embassy Berlin! Happy 2020! https://t.co/Wm3e4JXdQ1
