id,created_at,text
1245414250815934464,2020-04-01 18:14:30,"RT @club4growth: 146 Regulations Waived to Help Fight #COVID19 via @taxreformer

Many of these regs were #NeverNeeded in the first place. #…"
1244994678363238402,2020-03-31 14:27:16,"Today @POTUS made good on his promise to make cars safer &amp; cheaper. At a time when auto sales are lower &amp; Americans are struggling, this action provides achievable fuel-efficient standards for automakers &amp; saves families over $1,000 – the biggest cost-savings reg in history."
1240101135916118017,2020-03-18 02:22:05,"RT @OMBPress: In tandem with the President’s Coronavirus Guidelines for America, this guidance provides agencies and departments the direct…"
1239365695500095489,2020-03-16 01:39:42,"RT @OMBPress: Updated guidance for the National Capital Region on Telework Flexibilities in Response to Coronavirus here:

→ https://t.co/R…"
1235258554900197381,2020-03-04 17:39:24,"My take in @RealClearNews: an increasingly ravenous government has swelled in size &amp; scope, acting more frequently through administrative proceedings that do not always reflect constitutional principles. Thanks to @POTUS, that’s changing in a big way. https://t.co/Ujhi3pKeyy"
1235256450726932480,2020-03-04 17:31:02,"Why do we fight so hard for a dereg agenda? 

@POTUS is committed to ending bureaucratic bullying &amp; has achieved more deregulation than any other president. Recently, I asked the public about protections that will safeguard due process for all Americans facing regulatory actions."
1234604352054218753,2020-03-02 22:19:50,Was an honor to join @SecBernhardt and @bobbeauprez at @CPAC to discuss @POTUS’s de-reg agenda and our efforts to drain the swamp. https://t.co/xstna3egNK
1234530823002611712,2020-03-02 17:27:39,"RT @JanJekielek: ""We, in our latest budget, have $4.3 billion—an increase of 3%—for CDC’s fight against infectious disease and emergency pr…"
1230897342410260483,2020-02-21 16:49:30,"RT @WhiteHouse: President @realDonaldTrump is reining in ""a bureaucracy run amok,"" @RussVought45 writes.  https://t.co/DVViOCO68p"
1226898638087053313,2020-02-10 16:00:04,RT @JimDeMint: New @realDonaldTrump budget declares war on wasteful spending: “The era of spending money for a Bob Dylan statue in Mozambiq…
1226896892837212160,2020-02-10 15:53:08,"RT @Jim_Jordan: President Trump’s budget sets the right priorities:

-Funds the wall
-Supports our military
-Cuts wasteful foreign aid
-Ena…"
1226876628896231425,2020-02-10 14:32:37,"Today we're releasing @POTUS's Budget for America's Future.

•Balances in 15 years
•$4.6 trillion in deficit reduction
•21% cut to foreign aid"
1226854777943924736,2020-02-10 13:05:47,About to go on @SquawkCNBC to talk about the President’s Budget that builds upon his pro-growth policies. Tune in at 8:10 AM.
1225827583310299139,2020-02-07 17:04:05,"Enjoyed going to the @USGPO to watch the printing of this year’s budget, “A Budget for America’s Future.” We’ll release it Monday. https://t.co/jV4zxVUlYz"
1225826305654042625,2020-02-07 16:59:00,"RT @HughsRules: Happy to host my old friend @RussVought45 at @USGPO today. The OMB/GPO relationship goes back a long ways, and I'm excited…"
1221098957927075841,2020-01-25 15:54:13,An honor to join. https://t.co/BZOsSjBiwP
1221098393264623617,2020-01-25 15:51:58,RT @Heritage: At #prolifesummit @RussVought45 shares the story of his daughter’s cystic fibrosis—noting that tragically the majority of chi…
1220357885605097475,2020-01-23 14:49:27,"As pro-lifers gather in Washington once again in the fourth year of the president's first term, it is worth taking stock of how President Trump has advanced the cause of life. 

Read my latest in @realDailyWire

https://t.co/xg5DpOoNZ5"
1220104449806479363,2020-01-22 22:02:23,"RT @SBAList: Must-read op-ed by @RussVought45 at @realDailyWire today:

""By any fair reckoning, we are in a golden chapter for our movement…"
1220071079584116737,2020-01-22 19:49:47,RT @josh_hammer: So delighted to have @RussVought45 published at @realDailyWire opining on who he believes to be the “most pro-life preside…
1219661874142359553,2020-01-21 16:43:45,".@POTUS's calls for reform in Puerto Rico are working as steps are finally being taken to rebuild trust between the PR government, its citizens, &amp; American taxpayers. Resources must get to the people while protecting taxpayer dollars from waste, fraud, &amp; abuse. https://t.co/bEwQpq9V2S"
1217901188710051842,2020-01-16 20:07:25,"This GAO opinion comes from the same people who said we couldn’t keep National Parks open during the shutdown. Recently GAO flipped its position twice in the last few months. We wouldn’t be surprised if they reverse again. Regardless, the Admin complied with the law at every step"
1217124969634783232,2020-01-14 16:43:00,"Big news from last week: “NEPA hasn’t been overhauled in 40 years, which is why the Trump Administration deserves applause for moving last week to modernize it.”

https://t.co/DSCiJfoXuU"
1216862777303871488,2020-01-13 23:21:08,RT @WhiteHouse: Regulations guiding NEPA processes have not been comprehensively updated in over 40 years—and securing approval for new inf…
1216051853949009921,2020-01-11 17:38:49,This makes our case on the wall. https://t.co/vTjSDi7Xj5
1216020394018250752,2020-01-11 15:33:49,"Congrats to Mark Paoletta on crossing his two-year anniversary of service as OMB General Counsel. As one of the best in the business, it’s an honor to serve alongside him."
1215775432961921024,2020-01-10 23:20:25,"RT @jfradioshow: Russ Vought @RussVought45, Director OMB: Changes Culture, Sense of Infrastructure Urgency, Outlines NEPA

https://t.co/nw0…"
1215413345509105665,2020-01-09 23:21:37,"RT @GovDunleavy: Thank you, @realDonaldTrump, for working to modernize the 40-year-old NEPA regulations. Your efforts will lift bureaucracy…"
1215413194493235201,2020-01-09 23:21:01,RT @RepublicanStudy: Congrats @OMBPress on confirmation of Paul Ray for #OIRA Administrator. The RSC cannot wait to work with you more on t…
1215392800981835776,2020-01-09 21:59:59,Congratulations to Paul Ray for being confirmed today to lead OIRA! Paul is a dedicated public servant who has committed his professional career to regulatory policy. This is a big win for this Administration and the American people.
1215009725332496384,2020-01-08 20:37:46,"Today, the average unit takes 3-4 hours and still doesn’t get dishes clean - hardly a labor-saving device! https://t.co/3N1unuR7Ac"
1214997277904920577,2020-01-08 19:48:19,"As the primary dishwasher in my own home, I appreciate @POTUS’s efforts to once again be the voice of the American people. It’s just common sense to free families from ludicrous government regulations that end up wasting MORE water &amp; energy. 

Great read:

https://t.co/uckzizOss4"
1214280745348423681,2020-01-06 20:21:04,"RT @WhiteHouse: ""For a third year, Trump’s administration has broken the record for issuing the fewest regulations and rules, a radical dep…"
