id,created_at,text
1247197261970505729,2020-04-06 16:19:33,"“This is a game-changer for us,” said @bittyandbeaus owner in NC. This #smallbiz received capital from their #locallender via #PaycheckProtectionProgram, which will allow their employees, who all have intellectual &amp; developmental disabilities, to continue receiving a paycheck. https://t.co/mnmaW3Rfdc"
1246560084760690688,2020-04-04 22:07:38,"In the last 24 hrs @SBAgov reactivated 30,000 licenses for community banks and credit unions of all sizes to get money to #smallbusinesses ASAP. SBA continues to work around the clock to help small businesses stay open during this unprecedented time. #SmallBusinessRelief #covid19"
1246524910106705921,2020-04-04 19:47:52,RT @WhiteHouse: Do your part: Fight the spread of Coronavirus by practicing good hygiene! https://t.co/VzDK2WJ9rT
1246511459930177536,2020-04-04 18:54:25,"Every American is being affected by #COVID19, but the impact of this pandemic is disproportionately impacting underrepresented communities, the sick and elderly, and the lower income. It's vitally important that orgs focused on delivering critical social services remain viable."
1246511047835598848,2020-04-04 18:52:47,"Faith-based organizations have always provided critical social services for people in need, and @SBAgov will make clear that these organizations may access #CARESact emergency capital."
1246510853727424521,2020-04-04 18:52:01,"Faith-based organizations are eligible to participate without restrictions based on their religious identity or activities, to the extent they meet #CARESact eligibility criteria. Additional guidance here: https://t.co/CZZoxmvuVW"
1246509381870653440,2020-04-04 18:46:10,Today @SBAgov issued guidance clarifying the eligibility of faith-based organizations impacted by #COVID19 to participate in the #PaycheckProtectionProgram and Economic Injury Disaster Loan program.
1246239714929188864,2020-04-04 00:54:36,"RT @WhiteHouse: .@SBAJovita: ""The President has put the nation’s 30 million small businesses front and center.”

The #PaycheckProtectionPro…"
1246228092714201090,2020-04-04 00:08:25,"To the small businesses trying to find a #PaycheckProtectionProgram lender — we are signing up lenders across the country as quickly as possible. Already, more than 1,100 lenders have supported small businesses by making loans, and every hour more join. https://t.co/TQk9Hg9MNY"
1246218482762514433,2020-04-03 23:30:14,"Latest #PaycheckProtectionProgram numbers: 17,503 loans valued at more than $5,400,000,000. 

@SBAgov + over 1,100 local lenders helping small businesses stay afloat with working capital to keep employees paid + doors open."
1246197518205100033,2020-04-03 22:06:56,"Latest #PaycheckProtectionProgram numbers: 13,669 loans valued at more than $4,300,000,000. @SBAgov @USTreasury &amp; local lenders are providing forgivable loans up to $10 million dollars to maintain payroll for small businesses. 

https://t.co/Gjt2iQTr6z"
1246188747370254336,2020-04-03 21:32:05,"Latest #PaycheckProtectionProgram numbers: 12,461 loans approved valued at more than $3,900,000,000. @SBAgov is on a mission to help small businesses keep employees on payroll in this fight vs. #COVID19."
1246173724564430851,2020-04-03 20:32:23,"UPDATE – At least 9,970 loans have been processed; $3,200,000,000+ originated. #CARESAct &amp; #PaycheckProtectionProgram offers small businesses forgivable loans for 8 weeks of payroll + operating expenses. All hands-on deck @SBAgov @USTreasury #CommunityBanks #LocalLenders"
1246152086632509440,2020-04-03 19:06:24,"Latest #PaycheckProtectionProgram numbers: 6,820 loans valued at more than $2,200,000,000. 

Are you a small business owner? Let @SBAgov help you keep your doors open + workers paid. Find information here: https://t.co/eOscJKjCwQ"
1246143933731741697,2020-04-03 18:34:00,"Updated #PaycheckProtectionProgram numbers: 5,979 loans valued at more than $2 billion. @SBAgov backed, forgivable loans = peace of mind for #smallbusinesses + their employees."
1246135882001907712,2020-04-03 18:02:01,"Latest #PaycheckProtectionProgram numbers: 5,218 loans valued at more than $1.8 billion. @SBAgov @USTreasury are working hard to support American workers + the businesses that employ them."
1246130546490716160,2020-04-03 17:40:48,"Latest #PaycheckProtectionProgram numbers: 4,599 loans valued at more than $1.6 billion+. Thank you to local lenders across the country who are working hard getting money to small businesses in need."
1246097805363609600,2020-04-03 15:30:42,"Latest #PaycheckProtectionProgram numbers: 2335+ loans valued at more than $889,000,000 so far. @SBAgov’s top priority is keeping small businesses open and employees on payroll. #CARESAct"
1246090196308963329,2020-04-03 15:00:28,"#PaycheckProtectionProgram loans will bring immediate economic relief and financial certainty to millions of small businesses &amp; their employees. 1926+ loans worth more than $757,000,000+

More to come #CARESAct @USTreasury @stevenmnuchin1"
1246082087045791747,2020-04-03 14:28:15,"1,500+ loans guaranteed by @SBAgov worth more than $560,000,000+ provided by local lenders to assist small businesses and their workers so far. Great start to #PaycheckProtecionProgram today and more to be done for #smallbusinessrelief. Stay tuned. #caresact @ustreasury"
1245858969383395328,2020-04-02 23:41:39,"RT @WhiteHouse: .@SBAJovita: ""The President has put the Nation's 30 million small businesses front and center in the response effort."" http…"
1245470749248364544,2020-04-01 21:59:01,"RT @SBAgov: We can all do our part to slow the spread of #Cornavirus (#COVID19). 
 
Here’s how. ➡️https://t.co/MkHO8tzbZH https://t.co/ukmK…"
1245194602526707718,2020-04-01 03:41:42,"Paycheck Protection Program: Small businesses with less than 500 employees (including sole proprietorships, independent contractors and self-employed persons), private non-profit organizations, and 501(c)(19) veterans organizations affected by #COVID19 are eligible to apply. https://t.co/ymUMzJ1gWS"
1245148357217132546,2020-04-01 00:37:56,RT @Mike_Pence: 30 Days to Slow the Spread: https://t.co/GI3qrBOFaA
1245095981366030341,2020-03-31 21:09:49,My joint statement with Secretary @stevenmnuchin1 is available here https://t.co/xbj52IASKr
1245095879658397707,2020-03-31 21:09:25,More information on the Paycheck Protection Program is available at https://t.co/d1y430tYY5
1245095750549282816,2020-03-31 21:08:54,"All Paycheck Protection Program loan payments will be deferred for six months. Most importantly, @SBAgov will forgive the portion of the loan proceeds that are used to cover the first eight weeks of payroll costs, rent, utilities, and mortgage interest."
1245095501625729025,2020-03-31 21:07:55,"The new Paycheck Protection Program will help small businesses with their payroll and other business operating expenses. It will provide critical capital to businesses without collateral requirements, personal guarantees, or SBA fees—all with a 100% guarantee from @SBAgov."
1245095074435866627,2020-03-31 21:06:13,"Our goal at @SBAgov is to position lenders as the single point-of-contact for small businesses—the application, loan processing, and disbursement of funds will all be administered at the community level."
1245094816016457736,2020-03-31 21:05:11,The CARES Act establishes a new $349 billion Paycheck Protection Program. This unprecedented public-private partnership is going to assist small businesses with accessing capital quickly. #COVID19
1245038513604694018,2020-03-31 17:21:27,"RT @SBAgov: #COVID19 UPDATE: Due to the #CARESAct, small businesses and non-profits can get up to a $10,000 advance on an Economic Injury D…"
1244710054206504961,2020-03-30 19:36:17,"RT @SBAgov: To the doctors and healthcare workers on the front lines of the #COVID19 fight: thank you. 

#NationalDoctorsDay https://t.co/v…"
1243744638353244160,2020-03-28 03:40:04,"Small businesses are the economic engines of their communities, and @SBAgov is ready to provide them with the support they need to remain open and keep their workers employed. #CARESact"
1243743956644618240,2020-03-28 03:37:21,"President @realDonaldTrump took historic action today by signing the #CARESact, making hundreds of billions of dollars available in an expedited manner to provide immediate financial relief for small business owners across the country."
1242813226238304260,2020-03-25 13:58:58,"RT @SBAgov: The website is currently undergoing continued scheduled improvements and maintenance. For more info on SBA #COVID19 resources,…"
1242592432698658817,2020-03-24 23:21:36,"RT @SBAgov: For those looking to submit an economic injury disaster loan application, this portion of the website will be temporarily unava…"
1242134866113761286,2020-03-23 17:03:24,RT @SecAzar: Rumors often circulate during times of crises. @fema has created a Rumor Control Center for the facts about #COVID19: https://…
1242123942002864130,2020-03-23 16:19:59,RT @SBAgov: BREAKING: @SBAJovita announces changes to help borrowers still paying back SBA loans from previous disasters. Deferments throug…
1242123727195836422,2020-03-23 16:19:08,"For more information about #COVID19 assistance, visit https://t.co/3kGKOTM56y"
1242119086571769856,2020-03-23 16:00:42,"This is one of a growing list of actions @SBAgov is taking to support small businesses, including making it easier for states and territories to request a #COVID19 disaster declaration and changing the terms of new economic injury loans to allow for one-year deferments."
1242118878945304576,2020-03-23 15:59:52,We are looking at every option and taking every action to cut red tape to make it easier for small businesses to stay in business. @SBAgov is automatically deferring existing SBA disaster loans through the end of the year to help borrowers during this unprecedentd time. #COVID19
1241789275496165380,2020-03-22 18:10:09,"RT @USDOL: Do your part. Slow the spread.

https://t.co/isUIqVYEka https://t.co/L6TJhioDIj"
1241787105929551874,2020-03-22 18:01:31,"RT @SBAgov: #COVID19 UPDATE: Economic Injury Disaster Loans are now available to small businesses in: 
✅Alaska
✅American Samoa
✅Guam
✅Iowa…"
1241443426815684608,2020-03-21 19:15:52,"RT @SBAgov: #COVID19 UPDATE: Economic Injury Disaster Loans are now available to small businesses in: 
✅Alabama 
✅Minnesota 
✅Puerto Rico…"
1241438833423585280,2020-03-21 18:57:37,"RT @SBAgov: #COVID19 UPDATE: Economic Injury Disaster Loans are now available to small businesses in: 
✅Hawaii 
✅Nebraska
✅North Dakota
✅Ok…"
1241164858160295937,2020-03-21 00:48:56,RT @McConnellPress: Welcome news for #Kentucky small businesses confronting the coronavirus. @SBAJovita is extending critical low-interest…
1241130676407209984,2020-03-20 22:33:07,"RT @SBAgov: #COVID19 UPDATE: Economic Injury Disaster Loans are now available to small businesses in: 
✅Arkansas
✅South Dakota 
✅Texas
More…"
1241102887528337409,2020-03-20 20:42:41,RT @realDonaldTrump: https://t.co/ytgBP3hJv1
1241102479997259781,2020-03-20 20:41:04,"RT @SBAgov: UPDATE: #COVID19 Economic Injury Disaster Loans are now available to small businesses in: 
✅Kentucky 
✅Mississippi 
✅Tennessee…"
1241101594516652033,2020-03-20 20:37:33,"RT @realDonaldTrump: Today I spoke with our Nation’s Small Businesses, which employ nearly half of America’s workforce. We are taking the M…"
1241042825707388929,2020-03-20 16:44:01,"RT @stevenmnuchin1: At @realDonaldTrump’s direction, we are moving Tax Day from April 15 to July 15. All taxpayers and businesses will have…"
1240972829262217216,2020-03-20 12:05:53,Yesterday I signed additional #COVID19 declarations enabling small businesses in more states to apply for Economic Injury Disaster Loans. More to come. Please visit https://t.co/wC9OoWAGXC to learn more https://t.co/lh9e6OQ4pB
1240970614753591297,2020-03-20 11:57:05,"RT @SBAgov: #COVID19 UPDATE: Economic Injury Disaster Loans are now available to small businesses in: AZ, CA, CO, IL, LA, MI, OH, PA, SC, V…"
1240632424129847297,2020-03-19 13:33:14,"RT @FEMAespanol: A medida que el país se refugia y practica #DistanciamientoSocial, recuerde:

🚫 Si tiene que salir, evite grupos y manteng…"
1240632049838559235,2020-03-19 13:31:45,RT @SBAgov: What's the process for applying for an SBA disaster loan and what documentation is required? This fact sheet breaks it down: ht…
1240631978908680192,2020-03-19 13:31:28,"RT @SBAgov: UPDATE: #COVID19 Economic Injury Disaster Loans are now available to small businesses in: 
✔️DE
✔️FL
✔️GA
✔️IN
✔️MA
✔️NH
✔️NJ…"
1240487587921395715,2020-03-19 03:57:42,"Earlier today, I signed eight additional #COVID19 disaster declarations. For more information, about please visit https://t.co/wuUbnLSWi8 https://t.co/Dzm2pbMn47"
1240372006551523334,2020-03-18 20:18:26,RT @RepBillFlores: This is an important resource for all small business owners. https://t.co/nT7JnckKqq
1240336267847622666,2020-03-18 17:56:25,"RT @CDCEnvironment: Todos podemos ayudar a prevenir la propagación de #COVID19. Llame a su médico si tiene síntomas, ha estado en contacto…"
1240322863430852609,2020-03-18 17:03:09,"RT @FTC: There currently are no vaccines, pills, potions, lotions, lozenges or other prescription or over-the-counter products available to…"
1240288271919460352,2020-03-18 14:45:42,"RT @WhiteHouse: With America's full cooperation, we will turn the corner on Coronavirus!

More from @Surgeon_General: https://t.co/qJ7p3r32…"
1240281734031257605,2020-03-18 14:19:43,.@VP Mike Pence: We need the American people's help to fight coronavirus now https://t.co/FSEtaVFTAs #COVID19
1240246085161029632,2020-03-18 11:58:04,RT @WhiteHouse: A message from @Surgeon_General to millennials: https://t.co/L3407PXmDb
1240246007985774592,2020-03-18 11:57:45,RT @Mike_Pence: We urge all Americans to follow President @realDonaldTrump’s Coronavirus Guidelines over the next 15 days so we can #slowth…
1240108586434547721,2020-03-18 02:51:41,"RT @SBAgov: UPDATE: #COVID19 Economic Injury Disaster Loans are now available to small businesses in: 
✔️Montana
✔️New Mexico
✔️Utah 
More…"
1240099331140616192,2020-03-18 02:14:55,"Today I signed #COVID19 disaster declarations for the District of Columbia and five additional states—Montana, Nevada, New Mexico, Rhode Island, and Utah. Small business owners in these areas who are interested a disaster loan can learn more at https://t.co/wuUbnLSWi8 https://t.co/OijNLszhvn"
1240073622166949888,2020-03-18 00:32:45,"RT @WhiteHouse: Yesterday, President @realDonaldTrump asked Americans to unite behind a single goal: executing a nationwide game plan for t…"
1240039855641571336,2020-03-17 22:18:35,"RT @SBAgov: UPDATE: #COVID19 Economic Injury Disaster Loans are now available to small businesses in: 
✔️DC
✔️Nevada
✔️Rhode Island 
More s…"
1239996155460833281,2020-03-17 19:24:56,RT @SBAgov: BREAKING: SBA updates criteria on states and territories for requesting disaster assistance loans for small businesses impacted…
1239995354004754434,2020-03-17 19:21:45,"The @SBAgov continues to assist small businesses with additional #COVID19 resources including counseling and navigating preparedness plans through our network across the country. For more info on how SBA can help, please visit https://t.co/ck64TtxXte https://t.co/TO77NuLcTC"
1239994758153400320,2020-03-17 19:19:22,Our @SBAgov goal is to ensure that credit is available to any and all small businesses that need credit but are unable to access reasonable terms through traditional lending channels. SBA's Economic Injury Disaster Loans offer up to $2 million in assistance per small business.
1239993698135523329,2020-03-17 19:15:10,"The relaxed criteria will have two immediate impacts: 

▪️ Faster, easier qualification process for States seeking @SBAgov #COVID19 disaster assistance.
▪️ Expanded, statewide access to SBA disaster assistance loans to small businesses."
1239992671797760007,2020-03-17 19:11:05,"Today as part of President @realDonaldTrump's aggressive efforts to combat the Coronavirus outbreak and minimize economic disruption, I issued revised criteria for states or territories seeking a #COVID19 economic injury declaration. Read more: https://t.co/5IwZ4V7HzB https://t.co/PmWH6r3i5M"
1239733428037263361,2020-03-17 02:00:57,"Our goal at @SBAgov is to help as many small businesses as we can—through loans, counseling, and preparedness planning. We want small businesses to know we are here for them. More information can be found at https://t.co/fOhrR97lpH"
1239732305251491842,2020-03-17 01:56:29,The @SBAgov is committed to providing disaster loans for small businesses during this unprecedented time. We’ve currently issued Economic Injury Disaster Loans to four states and will continue to work with all state governors to ensure access to these loans. #COVID19 https://t.co/UqF2fkOEpj
1239720316861124608,2020-03-17 01:08:51,"RT @SBAgov: #COVID19 Economic Injury Disaster Loans are now available to small businesses in these states: 
✔️CA
✔️CT
✔️ME
✔️WA
More to com…"
1239653613284274179,2020-03-16 20:43:47,Today President @realDonaldTrump released new guidelines to slow the spread of #COVID19. Full details here: https://t.co/iVFrXVGKv5 https://t.co/QHWgyLGCY8
1238822996229439488,2020-03-14 13:43:13,"@EclipseWellness @SBAgov Hi Mike, information on disaster loans is available here: https://t.co/5F8PeSPS4h"
1238652835727843328,2020-03-14 02:27:03,Today I visited @SBAgov’s Dallas Disaster Assistance Processing &amp; Disbursement Center. I had the opportunity to visit with some of our hardworking staff who remain committed to assisting small business owners impacted by #COVID19. https://t.co/iycb3yGupL
1238622906306920449,2020-03-14 00:28:08,"RT @SBAgov: As the U.S. continues its whole of America response to the #coronavirus, it’s important to prepare your #smallbusiness. If you…"
1238621996243718144,2020-03-14 00:24:31,SBA's Economic Injury Disaster Loans offer up to $2 million in assistance for a small business. These loans can provide vital economic support to help overcome temporary loss of revenue. Visit https://t.co/phFQvWEcAl for more information. #COVID19
1238621651790639106,2020-03-14 00:23:08,".@SBAgov is working closely with Governors to make up to $2 million in targeted, low-interest disaster recovery loans available to any small business enterprise that has been severely impacted by #COVID19."
1238621422827814917,2020-03-14 00:22:14,The @SBAgov is strongly committed to providing the most effective and customer-focused response possible to support small businesses that have incurred substantial economic loss as a result of #COVID19.
1238621159815593985,2020-03-14 00:21:11,President @realDonaldTrump's declaration—coupled with the Administration’s unprecedented efforts to mobilize and involve the full force of the federal government and the private sector—will help save lives and reduce economic disruptions in every community. #COVID19
1238620705194946560,2020-03-14 00:19:23,President @realDonaldTrump's decision to declare a national emergency represents another significant step in reducing barriers to public health and protecting America’s 30 million small businesses from the threat posed by #COVID19.
1238197335185915904,2020-03-12 20:17:03,"RT @NationalACE: Yesterday, National ACE and @SmBizRoundtable met with @SBAgov Administrator @SBAJovita Carranza. During this critical time…"
1238165622313357320,2020-03-12 18:11:03,My full statement on President @realDonaldTrump's address to the nation is available here: https://t.co/hgSclrCEdT #COVID19
1238150967293599745,2020-03-12 17:12:48,RT @WhiteHouse: President @realDonaldTrump has directed @SBAgov to begin providing low-interest loans in affected states and territories to…
1238150576061460480,2020-03-12 17:11:15,"RT @SBAgov: As the U.S. continues its whole of America response to the #coronavirus, it’s important to prepare your #smallbusiness. If you…"
1238150562442620929,2020-03-12 17:11:12,"RT @SBAgov: #Coronavirus tips for small businesses: 
✔️Encourage sick employees to stay home. 
✔️Instruct employees to wash their hands oft…"
1238140647045050368,2020-03-12 16:31:48,The @SBAgov continues to assist small businesses with counseling and navigating their own preparedness plans through our network of 68 District Offices and numerous Resource Partners located around the country. Find local assistance here: https://t.co/hxADqyd9il #COVID19
1238140497266442243,2020-03-12 16:31:12,Additional guidance for businesses and employers to plan and respond to #COVID19 is available from @SBAgov here: https://t.co/ck64TtxXte
1238140353900941314,2020-03-12 16:30:38,"The @SBAgov will work directly directly with state Governors to provide targeted, low-interest disaster recovery loans to small businesses that have been severely impacted. Read more about #COVID19 disaster relief here: https://t.co/5F8PeSPS4h"
1238140125554638849,2020-03-12 16:29:44,"President @realDonaldTrump took bold, decisive action to make our 30 million small businesses more resilient to economic disruptions related to #COVID19. Small businesses are vital economic engines, and they have helped make our economy the strongest in the world."
1237130300297285633,2020-03-09 21:37:03,"RT @leagueofcities: ""Many of you live in #OpportunityZones and we are excited and energized about the promise this initiative has to revita…"
1237130266386325504,2020-03-09 21:36:54,"RT @leagueofcities: ""Whether you're from rural America or a big city, #entrepreneurship is the key to our country's success. Small business…"
1236005023911415808,2020-03-06 19:05:36,"RT @WhiteHouse: As the Trump Economy once again hits a 50-year low unemployment rate, there's never been a better time to be an American wo…"
1236004789198127105,2020-03-06 19:04:40,"President @realDonaldTrump's economy: February jobs report—U.S. adds a whopping 273K jobs, unemployment rate unexpectedly falls to 3.5% https://t.co/v7GAEB96Z8 via @YahooFinance"
1235306049130950658,2020-03-04 20:48:07,"RT @WhiteHouse: .@SBAJovita: President @realDonaldTrump's tax cuts have given small business owners ""opportunity and certainty."" https://t.…"
1234661526876745728,2020-03-03 02:07:01,"@SBAgov Cashman Photo has utilized @SBAgov’s services to overcome downturns in tourism in Las Vegas. Drawing on years of experience, innovation, and using modern photo technology, they are set to take part capturing photos for the @NFL in the new Allegiant Stadium. https://t.co/c2WDuk2RJW"
1234661289068089345,2020-03-03 02:06:04,"I enjoyed visiting Lotus of Siam, a restaurant in Las Vegas that was renovated with an @SBAgov loan and is expanding to three locations. This female, minority-owned #smallbusiness is one of many in Las Vegas keeping the economy strong. https://t.co/bvtyHPlkEX"
1233521340319195138,2020-02-28 22:36:19,RT @CommerceGov: Happy #FollowFriday! @USMBDA's Enterprising Women of Color initiative connects women entrepreneurs to a community of wealt…
1233521196744019968,2020-02-28 22:35:45,RT @USTreasury: The Freedman’s Bank was established 155 years ago to help 4 million newly emancipated Americans become financially active.…
1233520758187601921,2020-02-28 22:34:01,RT @Boots2Business: #FridayMotivation 💪 Come explore the world of small business ownership at @SBAgov’s Military &amp; Veteran Entrepreneur Sum…
1233520104958234624,2020-02-28 22:31:25,"RT @govkristinoem: As more people learn about SB 157, it continues to pick-up support! Let’s continue to roll out the red carpet, not the r…"
1233519927216287744,2020-02-28 22:30:42,RT @henrymcmaster: Thank you to @schousespeaker and the S.C.  House of Representatives for unanimously passing business license reform. Str…
1232786597004894208,2020-02-26 21:56:43,"Thank you for having me, @RepRossSpano! https://t.co/xFKnTJEtmG"
1232786401319624705,2020-02-26 21:55:56,"RT @SBAgov: Are you #WOSBReady?

This summer, there will be changes to the certification process for the Women-Owned Small Business and Eco…"
1232784112924155904,2020-02-26 21:46:51,@SBAgov I appreciate the members of the Committee for their commitment to America's small businesses and look forward to our work together.
1232783748594360325,2020-02-26 21:45:24,@SBAgov Ensuring that @SBAgov's program offices are working effectively for small business owners is an additional priority.
1232782812127862786,2020-02-26 21:41:41,@SBAgov Another priority is to expand the reach of @SBAgov's programs and services in underserved communities to ensure the agency plays a greater role in helping to provide business counseling and foster lending opportunity for women and minority business owners.
1232782456761278465,2020-02-26 21:40:16,@SBAgov Ensuring that @SBAgov continues to be a lifeline to disaster survivors in times of emergency is a top priority.
1232782343171125253,2020-02-26 21:39:49,"@SBAgov During my time as Deputy Administrator of @SBAgov and following Hurricane Katrina, I worked with our Office of Disaster Assistance to establish a disaster recovery plan that became the foundation of SBA's disaster efforts and still serves as the current agency framework."
1232781854710927360,2020-02-26 21:37:52,Today I shared my priorities for @SBAgov with Members of the House Committee on Small Business. https://t.co/rcWq4tRCMG
1232778308502327301,2020-02-26 21:23:47,"Thank you, Ranking Member @RepSteveChabot https://t.co/hq1dbtTaM4"
1232711088694755329,2020-02-26 16:56:40,RT @HSBCgop: 📺 Full Committee hearing with SBA Administrator @SBAJovita discussing @SBAgov and the FY 2021 budget. Watch live at 11:30 AM ↓…
1232271873209139200,2020-02-25 11:51:23,"RT @WhiteHouse: Commerce between the U.S. and India has increased by more than 40% since President @realDonaldTrump took office.

India is…"
1232041831489327104,2020-02-24 20:37:17,"@WhiteHouse @realDonaldTrump Today more Hispanic women own small businesses than ever before. Latina business owners enjoyed a 46% jump in revenues in 2019 alone, and we want to continue building on that success."
1232041649691381764,2020-02-24 20:36:34,"Today I had the pleasure of meeting with Hispanic business leaders from Arizona at the @WhiteHouse. Under President @realDonaldTrump, not only have we seen the unemployment rate for the Hispanic community reach record lows, we've seen a boon for Hispanic-owned businesses. https://t.co/kHwxIRAQhP"
1231980354690568192,2020-02-24 16:33:00,Grateful for Katherine Johnson's monumental contributions and the legacy she leaves behind. https://t.co/kmuZWSRDde
1230908286893002756,2020-02-21 17:32:59,"RT @SBAgov: 🇺🇸 America's 30 million small businesses power the nation's economy. 

🚀 We help power small businesses. 

👉 https://t.co/oPcyP…"
1230907795970678784,2020-02-21 17:31:02,"RT @SBAgov: Did you miss our #SBAChat on how to start a business? We've got you covered. 👊

👇 Check out this recap.  #NatlEshipWeek // #Fla…"
1230907756644851712,2020-02-21 17:30:53,"RT @SecretaryRoss: Since @realDonaldTrump was elected, GDP growth has smashed expectations, 7.1 million jobs have been created, unemploymen…"
1230608094209728522,2020-02-20 21:40:07,"@WhiteHouse @realDonaldTrump In 2018, the poverty rates for African Americans and Hispanic Americans hit new lows. In total, nearly 2.5 million Americans have been lifted out of poverty, including nearly 1.4 million children. https://t.co/lvdPilX8Jy"
1230607862143082506,2020-02-20 21:39:12,"@WhiteHouse Of particular note, unemployment rates for African Americans, Hispanic Americans, Asian Americans, Americans without a high school degree, and disabled Americans have logged record lows thanks to President @realDonaldTrump's economic agenda. https://t.co/lvdPilX8Jy"
1230607615333425152,2020-02-20 21:38:13,"Last year, the unemployment rate reached its lowest level in half a century. More from the @WhiteHouse 2020 Economic Report: https://t.co/lvdPilX8Jy"
1230547955062583296,2020-02-20 17:41:09,RT @SecretaryRoss: Congratulations @bouldercolorado for topping the U.S. and being among 350 of 355 of our Nation's largest counties that e…
1230544470896193537,2020-02-20 17:27:18,President @realDonaldTrump's approval rating among #SmallBusiness owners hits all-time high of 64% https://t.co/kRgyjKrm5P #smallbiz
1230541362644357120,2020-02-20 17:14:57,"RT @SBAgov: While serving in Afghanistan, Steve Gagner &amp; Matt Kehaya sketched their dreams of become entrepreneurs in a notebook. This beca…"
1230276146450882562,2020-02-19 23:41:05,"@perez_studio Overcoming burdensome regulations is a challenge that many small businesses face. This month, the @Louisiana_sos implemented the Small Business Protection Act, enabling small businesses to provide feedback on proposed regulations: https://t.co/mYsZADjvS5"
1230276073075695616,2020-02-19 23:40:47,"I enjoyed a visit to @perez_studio in New Orleans recently, where I learned more about the impact burdensome regulations can have on the growth of small businesses. https://t.co/EiU9TUGKjv"
1228085693404061697,2020-02-13 22:37:00,"RT @SBAgov: STAT: Each year, the federal government's aims to award at least 3️⃣% of all federal contracting dollars to small businesses th…"
1228067976559157268,2020-02-13 21:26:36,"@National_8a @SBAgov If you're willing to take an entrepreneurial risk, particularly if you're an underrepresented minority—a woman, a person of color, or a veteran—I want you to know this: you have a friend in the @WhiteHouse and a partner at @SBAgov. https://t.co/2XPiSe3AgE"
1228067598308343809,2020-02-13 21:25:06,"@National_8a For 30 years, @SBAgov's #8a program has been the number one used small business contracting vehicle by the federal government. It’s the fastest way for federal agencies to utilize quality small businesses and help our government achieve its goals. https://t.co/yaxj2HC7Yb"
1228066714212065293,2020-02-13 21:21:35,I had a great time speaking today at the @National_8a conference in New Orleans. This is certainly an exciting time to be an American entrepreneur and an exciting time for our 8(a) program in particular. https://t.co/OEEArR6IBb
1228000522982055936,2020-02-13 16:58:34,"RT @talk1073: Earlier @SBAJovita joined us to talk about @SBAgov's work with small businesses!
https://t.co/izz7uFfK52"
1227710843510501376,2020-02-12 21:47:29,Thank you Chairman Reed! https://t.co/j3Eq0IwflA
1226255678827847680,2020-02-08 21:25:11,RT @CommerceGov: Real #GDP grew 2.1 percent at an annual rate in the fourth quarter of 2019 and 2.3 percent over the four quarters of 2019.…
1226254956941934594,2020-02-08 21:22:19,"RT @SecretaryRoss: The strong economy continues to lift up the manufacturing industry. Since the election of @realDonaldTrump, 500,000 manu…"
1225888035038007296,2020-02-07 21:04:18,"RT @SecGeneScalia: For the 23rd consecutive month, the unemployment rate was at or below 4%. https://t.co/RkxOAt8u22 #JobsReport https://t.…"
1225885273541816322,2020-02-07 20:53:19,"Over the past three years, we’ve had record enthusiasm from small businesses. That’s one of the reasons we have more Americans working today than ever before in our history. Thank you President @realDonaldTrump for making small business success a top priority. #OpportunityNow https://t.co/Pg37DTjspR"
1225878486562287616,2020-02-07 20:26:21,RT @WhiteHouse: President @realDonaldTrump announced the launch of Opportunity Now—a brand new campaign to revitalize America's underserved…
1225878156093116422,2020-02-07 20:25:02,"RT @Surgeon_General: Great seeing you, @SBAJovita! I appreciated your remarks this morning. For far to many, where you live determines your…"
1225873622004379648,2020-02-07 20:07:01,Thank you @Surgeon_General for the important work you're doing to combat the opioid crisis. Great meeting with you today! https://t.co/AGa7K7BZHg
1225872257186238464,2020-02-07 20:01:36,Great to see @SenThomTillis today at the #OpportunityNow Summit! https://t.co/t3PGKJCGAm
1225871483446190080,2020-02-07 19:58:31,"At @SBAgov, we're thrilled to be working with @HUDgov and others to make the most of #OpportunityZones. As someone who grew up in a working-class community, I truly appreciate President @realDonaldTrump's commitment to uplifting areas that have historically been left behind. https://t.co/U6OACgsVZ2"
1225841073030881280,2020-02-07 17:57:41,Thank you for your time and commitment to North Carolina entrepreneurs https://t.co/98K1lEtb59
1225840663142576135,2020-02-07 17:56:03,"RT @LtGovDanForest: Just wrapped up another great meeting with @SBAJovita, who’s now guiding the @SBAgov. 

North Carolina entrepreneurs sh…"
1225837954389749760,2020-02-07 17:45:17,"Just last week I was able to visit two #OpportunityZones in Philly, where small businesses are proving to be a vital component of their sustainability and longevity. https://t.co/IRZLRTWNp5"
1225836547133657089,2020-02-07 17:39:42,Thank you @SecretaryCarson for your incredible passion for revitalizing our inner cities and rural areas—and for your dedication to making #OpportunityZones a success! https://t.co/hK6qqm8Ur5
1225835978750861312,2020-02-07 17:37:26,"Had the great pleasure of championing the incredible power of President @realDonaldTrump’s #opportunityzones today at the Opportunity Now Summit in Charlotte, North Carolina https://t.co/tntRjyJzE2"
1225812261928914944,2020-02-07 16:03:12,"RT @SecretaryRoss: January’s #JobsReport marks another strong month for #AmericanWorkers w/ 225,000 jobs added, once again beating expectat…"
1225808714776621057,2020-02-07 15:49:06,"This is welcome news for America's 30 million small businesses. They're investing, expanding, and creating new jobs, and more underrepresented Americans are experiencing upward economic mobility as a result. https://t.co/ykNWJisGZ8"
1225807712384094208,2020-02-07 15:45:07,"Another strong jobs report fueled by President @realDonaldTrump's pro-growth policies: ""Employers added 225,000 jobs in January and the jobless rate was 3.6%, signs that the U.S. labor market is positioned to fuel economic growth in 2020"" https://t.co/O2CIzlz81n via @WSJ"
1225806662843424772,2020-02-07 15:40:57,RT @SecGeneScalia: Initial jobless claims dropped last week to the lowest level in more than 9 months. https://t.co/5aNGjiT8hj
1225805072984088577,2020-02-07 15:34:38,RT @SBAgov: #ThrowbackThursday to @SBAJovita’s first few weeks as SBA’s 26th Administrator! She leads the only agency exclusively dedicated…
1225770896272564228,2020-02-07 13:18:50,"RT @SBAgov: WHAT A COMEBACK! #ThrowbackThursday to Sunday when @CheesebrgerBaby dished up tasty burgers 🍔at the #SuperBowl.🏈

In 2017, Step…"
1225558810602983430,2020-02-06 23:16:04,"RT @realDonaldTrump: Welcome back to Earth, @Astro_Christina, and congratulations on breaking the female record for the longest stay in spa…"
1224906286682251264,2020-02-05 04:03:11,RT @SecretaryRoss: From renegotiating trade deals that work for Americans to a jobs agenda that has led to the lowest unemployment rate in…
1224901435437043713,2020-02-05 03:43:54,RT @WhiteHouse: https://t.co/7W3zBFkyVU
1224898713690214400,2020-02-05 03:33:05,RT @stevenmnuchin1: Inspired by President @realDonaldTrump’s #SOTU address tonight. His message was clear: his economic freedom agenda is d…
1224897885046812673,2020-02-05 03:29:47,"RT @WhiteHouse: ""America is the place where anything can happen! America is the place where anyone can rise. And here, on this land, on thi…"
1224891027728863232,2020-02-05 03:02:33,@realDonaldTrump @SBAgov Estoy particularmente entusiasmada por esfuerzos del presidente @realDonaldTrump  para aumentar la inversión del sector privado en comunidades con acceso a menor capital a través de #OpportunityZones.  #SOTU https://t.co/vVHwvzfW3V
1224890808614211586,2020-02-05 03:01:40,@realDonaldTrump @SBAgov I'm particularly encouraged by President @realDonaldTrump's efforts to increase private sector investment into undercapitalized communities through #OpportunityZones. #SOTU https://t.co/XVNGdXjXVG
1224890587830198279,2020-02-05 03:00:48,@realDonaldTrump @SBAgov Las políticas a favor del crecimiento del presidente @realDonaldTrump están impulsando la movilidad ascendente entre los empresarios históricamente subrepresentados. #SOTU https://t.co/213YLQMeHC
1224890388881821697,2020-02-05 03:00:00,@realDonaldTrump @SBAgov President @realDonaldTrump’s pro-growth politices are also driving upward mobility among historically underrepresented minority entrepreneurs. #SOTU https://t.co/0D1NbkiGfa
1224889991639306240,2020-02-05 02:58:26,El presidente @realDonaldTrump hizo un poderoso argumento de que sus políticas económicas favorables al crecimiento mantienen un nivel récord de optimismo entre los 30 millones de pequeñas empresas estadounidenses #SOTU https://t.co/zVwMtjOT3G
1224889786042929153,2020-02-05 02:57:37,President @realDonaldTrump made a powerful case that his pro-growth economic policies are sustaining record-high levels of optimism among America’s 30 million small businesses. #SOTU https://t.co/uRF2vR356S
1224781762917732352,2020-02-04 19:48:22,Looking forward to President @realDonaldTrump's remarks at tonight's #SOTU. https://t.co/UGOYXFYtcH
1224494276828127234,2020-02-04 00:46:00,"Whatever success I have achieved in life has been a function of not only hard work, but also opportunity, guidance, and advocacy I have received from others. I will continue to provide this same kind of support to entrepreneurs who need it most. https://t.co/ZbEk9PxJ50"
1224463423255339009,2020-02-03 22:43:24,"RT @SecretaryRoss: The truck driving industry in North Carolina is growing, and Sampson Community College is perfectly positioned to train…"
1224286124182528000,2020-02-03 10:58:52,"RT @SBAgov: Nearly three years ago, @CheesebrgerBaby was severely damaged by #HurricaneIrma. Today, they're dishing up tasty burgers 🍔 at t…"
1223706171732897797,2020-02-01 20:34:21,RT @WhiteHouse: President @realDonaldTrump and Vice President @Mike_Pence participated in the ceremonial swearing-in of @SBAJovita Carranza…
1223377423460335623,2020-01-31 22:48:01,Enjoyed learning about all the work @UCScienceCenter is doing in  Philadelphia to increase #STEM opportunities for underserved members of the community. #opportunityzones https://t.co/JaoKstVpzJ
1222662209635016704,2020-01-29 23:26:01,"@realDonaldTrump President @realDonaldTrump's leadership on trade will generate an estimated 176,000 new jobs and $68 billion in new economic activity, helping fuel upward mobility in the communities that need it most. #USMCA"
1222661774970970114,2020-01-29 23:24:17,@realDonaldTrump The #USMCA will make it easier to sell products to consumers in Canada and Mexico by eliminating complex and cost-prohibitive rules requiring small businesses to open foreign offices.
1222661645530472448,2020-01-29 23:23:46,"@realDonaldTrump The #USMCA promises to create lucrative new opportunities for small businesses, including many minority-owned businesses. Thirty-six percent of Latino-owned businesses earn most of their revenue online (compared to 18% of other small businesses)."
1222661237705756672,2020-01-29 23:22:09,Signing #USMCA into law is a landmark achievement for President @realDonaldTrump. https://t.co/7kSpbzu137
1222229920362852352,2020-01-28 18:48:15,"Thank you for administering my oath of office, @VP Pence! https://t.co/PNGyN2SUc0"
1221961890311671809,2020-01-28 01:03:12,"RT @KellyannePolls: Congratulations, Jovita. It is an honor to support your work and to call you friend. God bless you!"
1221950005147262977,2020-01-28 00:15:58,"Thank you, @SecretaryRoss! I look forward to our work together https://t.co/PAvUgue5MZ"
1221933684678438913,2020-01-27 23:11:07,Thank you for your support @IvankaTrump! https://t.co/7TgXdeMTd3
1221933373716860928,2020-01-27 23:09:53,"@SBAgov @realDonaldTrump I've been blessed with the opportunity to achieve the American Dream. I will work with President @realDonaldTrump's Administration, Members of Congress, and @sbagov's dedicated professionals to continue building on this success and help make that dream a reality for others. https://t.co/sigJ74zQBj"
1221932905733201920,2020-01-27 23:08:01,"@SBAgov @realDonaldTrump Entrepreneurship is a powerful vehicle for economic mobility, particularly when supported by pro-growth policies. We've seen this in my own community: last year, the average revenue of Latino-owned businesses increased by a remarkable 46%. https://t.co/gW1OUVCdCz"
1221932638992240642,2020-01-27 23:06:58,"It is truly the honor of a lifetime to lead @sbagov. Thank you, President @realDonaldTrump, for your confidence in me and for your ongoing commitment to advance upward mobility. https://t.co/TM8iqnaiw2"
1220851994547695616,2020-01-24 23:32:52,"@WhiteHouse @SecretaryCarson @SecAzar @KellyannePolls @realDonaldTrump From tax cuts to the removal of regulations that disproportionately harm small businesses, President @realDonaldTrump's policies are helping small businesses access the American dream; and empowering America's entrepreneurs is at the heart of @SBAgov's mission."
1220851288809910272,2020-01-24 23:30:04,@WhiteHouse @SecretaryCarson @SecAzar @KellyannePolls @realDonaldTrump President @realDonaldTrump continues to prioritize small businesses in trade negotiations. #USMCA is the first modern Free Trade Agreement that includes a stand-alone chapter specifically dedicated to the prosperity and needs of small and medium-sized businesses. https://t.co/qFb5o7xAJQ
1220851085587501059,2020-01-24 23:29:15,"@WhiteHouse @SecretaryCarson @SecAzar @KellyannePolls Under President @realDonaldTrump, America's small business optimism has reached record levels. 

Last quarter alone, 83% of small businesses reported confidence in their cash flow, and 62% reported a positive outlook on their local economy."
1220850986366926850,2020-01-24 23:28:52,Today I joined mayors from across America at the @WhiteHouse for a panel discussion with @SecretaryCarson and @SecAzar about the President's priorities for transforming American communities. Thank you @KellyannePolls for moderating. https://t.co/EGd8jJs5gG
1220406558309474304,2020-01-23 18:02:52,"Thank you, Secretary Wilkie! https://t.co/Je3TiSJfov"
1219451998334005248,2020-01-21 02:49:47,RT @SBAgov: Today marks the 25th anniversary of the day of service that celebrates #MLK’s life and legacy. Find a volunteer opportunity in…
1218285723264212996,2020-01-17 21:35:25,"RT @LaCasaBlanca: ""Jovita Carranza es un ejemplo de éxito para la comunidad hispana!"" https://t.co/8sZbcH3WMb"
1217910762586492929,2020-01-16 20:45:28,RT @SBA_Vermont: Today @SBAJovita said #USMCA is a win for American small businesses. https://t.co/sFZCA8XDpf https://t.co/ppXRxtPHyY
1217893968547057664,2020-01-16 19:38:44,"RT @WhiteHouse: For years, politicians—both Democrat and Republican—have promised to replace NAFTA with a deal that better protects America…"
1217891564669882368,2020-01-16 19:29:11,"@realDonaldTrump We have resources @SBAgov to help your small business compete globally. For more information, call our toll-free trade hotline at 855-722-4877 or email international (at) sba .gov #USMCA"
1217891239514820609,2020-01-16 19:27:53,President @realDonaldTrump continues to follow through on his commitment to modernize and implement free and fair-trade agreements that greatly benefit our nation. #USMCA is another example of his unwavering support of U.S. small businesses.
1217891023214518277,2020-01-16 19:27:01,"Additionally, #USMCA removes burdensome regulations, reduces duplicative red tape, and lowers costs which will help the 30 million U.S. small businesses better compete globally."
1217890788094488576,2020-01-16 19:26:05,"USMCA will enforce new intellectual property provisions, bolster innovation, and support small businesses engaging in digital trade."
1217890542044033029,2020-01-16 19:25:07,Today's passage of #USMCA is a win for American small businesses and the nation's economy. USMCA includes the first-ever chapter dedicated to small businesses.
1217603457257033728,2020-01-16 00:24:20,"RT @SBAgov: ""The SBA has helped us grow. Now you can actually get our products in 36 countries. None of our export success would have been…"
1217597647059550209,2020-01-16 00:01:15,@realDonaldTrump @WhiteHouse The @SBAgov Office of International Trade is available to help small businesses access international trade markets. Call the toll-free trade hotline at 855-722-4877 or email international (at) sba .gov https://t.co/IakEGZYtVD
1217596067979677698,2020-01-15 23:54:59,"Today, President @realDonaldTrump signed the historic Phase One Trade Agreement with China. This agreement will help level the playing field for America's small business exporters. (official @WhiteHouse photo by Tia Dufour) https://t.co/ZgEjMG7uiw"
1217481682581966850,2020-01-15 16:20:27,"RT @LaCasaBlanca: ¡Felicidades @SBAJovita!

Jovita Carranza es la 26a administradora de la @SBAgov. Como miembro del gabinete del president…"
1217247388840218624,2020-01-15 00:49:27,"RT @SBAgov: How should you prepare before seeking a #smallbusiness mentor? 🤔
What common pitfalls can a mentor help new or established entr…"
1217165337671675905,2020-01-14 19:23:24,"RT @SBAgov: @SBAJovita @realDonaldTrump “I look forward to helping elevate female entrepreneurs and our military veterans, expanding access…"
1217165298048151556,2020-01-14 19:23:15,RT @SBAgov: @SBAJovita “I want to thank President @realDonaldTrump for his confidence in me to be an advocate in the Cabinet for our countr…
1217132012013871104,2020-01-14 17:10:59,It is my honor and privilege return to @SBAgov as the Agency’s 26th Administrator. I'm thrilled to have been selected by @realDonaldTrump https://t.co/eK8WRr3ILr
