id,created_at,text
1246862437413986307,2020-04-05 18:09:05,"Despite facing challenging times for themselves, their families and loved ones, @Interior employees continue to fulfill their duties to the American people. Thank you. https://t.co/n1hKXRCj7V"
1245808988144447491,2020-04-02 20:23:03,"RT @WhiteHouse: These next 30 days are critical. 

A message from @Surgeon_General: https://t.co/fFWYdNqVnH"
1245470101819850757,2020-04-01 21:56:26,"We are taking action to improve strategies to combat wildfires across 223 million acres in the Great Basin -- implementing more effective wildfire treatments will better protect Americans, their property and their lands. https://t.co/7BksTQymKs https://t.co/q4pUcgioyd"
1245373369924673538,2020-04-01 15:32:03,"RT @realDonaldTrump: 30 DAYS TO SLOW THE SPREAD
#COVIDー19 https://t.co/p9j7kZsD7b https://t.co/RSUHRfT8If"
1245065404898295808,2020-03-31 19:08:19,$227M sent to States/Territories from the LWCF – $57M more than last year! This is significant in expanding outdoor recreation opportunities for the American people and investing in conservation projects across the country. https://t.co/REjBESKksy
1244728900535627792,2020-03-30 20:51:10,To all of our nation’s doctors and public officials across the country who are on the front lines battling our invisible enemy. Thank you! #NationalDoctorsDay https://t.co/CCOt1Q77u0
1244644723664576515,2020-03-30 15:16:41,"RT @WhiteHouse: From the very beginning, President @realDonaldTrump took swift, decisive action on Coronavirus—and won't stop until we defe…"
1243647778259165185,2020-03-27 21:15:10,"...furthering our efforts to deploy law enforcement &amp; emergency personnel to critical areas, aid tribal governments, extend @BureauIndianEdu teacher &amp; workforce salary needs &amp; send additional medical supplies and equipment to the Territories &amp; Freely Associated States."
1243647777210601473,2020-03-27 21:15:10,"... to provide economic relief to small businesses and to support Americans’ health care needs. This law will provide unprecedented, additional financial support to @Interior’s operations..."
1243647776183005185,2020-03-27 21:15:10,"Since day one, President @RealDonaldTrump has taken bold, decisive actions to combat the spread of #COVID19, and his leadership in securing the passage of the #CARESAct is another example of how he is affirmatively leading our nation’s response efforts... https://t.co/7Ox9DqwwrY"
1243565439696986115,2020-03-27 15:47:59,".@POTUS @RealDonaldTrump recently signed H.R. 1365, which authorizes @USTreasury to issue payments to survivors of Guam’s occupation by Imperial Japanese Forces during #WWII. This action will close a dark chapter for the people of Guam. https://t.co/qkMHPOlkYH https://t.co/6mNuBC4p0p"
1242544168049803267,2020-03-24 20:09:49,.@Interior continues to work to deliver a reliable water supply for farms in the West. This #NationalAgDay we are incredibly thankful for the entire food supply chain and everyone who is working around the clock to feed our nation. https://t.co/tIlZLb9XDD
1241775478664462338,2020-03-22 17:15:19,"Across the @Interior thousands of our heroic employees continue to perform critical missions, such as fighting fires, providing law enforcement, delivering public health services, inspecting oil platforms, and maintaining our public lands. Thank you for continuing your hard work!"
1241044907340582912,2020-03-20 16:52:18,God bless America’s heroes! 🇺🇸 https://t.co/wpQB2NmgIA
1241043637926006784,2020-03-20 16:47:15,"RT @SecretarySonny: To the heroes in the U.S. food supply chain, we salute you. https://t.co/3wIUuNtUpb"
1240766790042636288,2020-03-19 22:27:09,"RT @realDonaldTrump: THANK YOU to our Police Officers, Fire Fighters, and EMS who help us defeat the Virus every day. Our proud nation is g…"
1240671479152418823,2020-03-19 16:08:25,"Our conservation model is funded and supported by America’s hunters, shooters, anglers, boaters &amp; other outdoor enthusiasts. These stewards of conservation generated nearly $1B last yr alone and make our country's conservation legacy the envy of the world. https://t.co/7qmjnOy0sX https://t.co/FbjvYT0cqT"
1240403852760883202,2020-03-18 22:24:58,This small step makes it a little easier for the American public to enjoy the outdoors in our incredible National Parks. #socialdistancing https://t.co/gDnKAIeYcX
1240403850798006276,2020-03-18 22:24:58,"Our vast public lands that are overseen by @Interior offer special outdoor experiences to recreate, embrace nature and implement some social distancing. I’ve directed the @NatlParkService to waive entrance fees at parks that remain open. https://t.co/gDnKAIeYcX https://t.co/lZ3h3M7odM"
1239984804873023490,2020-03-17 18:39:49,RT @Mike_Pence: We’re asking every American to partner with us in the effort to combat the Coronavirus and be mindful of our vulnerable sen…
1239976822370004993,2020-03-17 18:08:06,"The health &amp; safety of visitors, employees, volunteers &amp; partners is the priority of @NatlParkService. Park superintendents are empowered to modify their operations, including closing facilities and cancelling programs, to address the spread of COVID-19.
https://t.co/EP3X8kKNCu"
1239935134566174720,2020-03-17 15:22:27,RT @WhiteHouse: 🚨Watch today's Coronavirus Task Force briefing LIVE at 11:30 a.m. ET: https://t.co/EmsdctGWtd https://t.co/N32nNx6Kmf
1239701513599176704,2020-03-16 23:54:08,RT @realDonaldTrump: https://t.co/ZLmk41FA3H
1239701494498234368,2020-03-16 23:54:03,RT @realDonaldTrump: https://t.co/tit0HdkE4e
1239633084171067392,2020-03-16 19:22:13,RT @WhiteHouse: LIVE: Press Briefing with Coronavirus Task Force https://t.co/K6VD9IPfOd
1238580660010397696,2020-03-13 21:40:15,"Since we became aware of the coronavirus outbreak in China, @realDonaldTrump has taken decisive - even unprecedented- actions to protect the American people. He is leading an “all-of-America” approach to address this national emergency and bring it to an end. https://t.co/KTlQLDrMXK"
1238478130526007297,2020-03-13 14:52:50,"RT @realDonaldTrump: KEEPING THE WORKPLACE SAFE, ENCOURAGE YOUR EMPLOYEES TO.... https://t.co/Fgt0HTv2KU"
1238478101539098624,2020-03-13 14:52:43,"RT @realDonaldTrump: KEEPING COMMERCIAL ESTABLISHMENTS SAFE, ENCOURAGE YOUR EMPLOYEES AND CUSTOMERS TO.... https://t.co/Fxx6DlHmPf"
1238478082157273088,2020-03-13 14:52:39,"RT @realDonaldTrump: KEEPING THE HOME SAFE, ENCOURAGE YOUR FAMILY MEMBERS TO.... https://t.co/2hUQuUvGQb"
1238129421384630272,2020-03-12 15:47:12,I am proud that the @Interior and its bureaus have worked exhaustively this past year to meet our goals for implementing this historic public lands law for the American people. https://t.co/BG0Pw3UkDd
1238129418683527169,2020-03-12 15:47:11,"When President @RealDonaldTrump signed the Dingell Act into law, he furthered his indelible legacy of balancing natural resources conservation and responsibly expanding recreation opportunities on our public lands. https://t.co/BG0Pw3UkDd https://t.co/xQHAfrzTR3"
1238104636877352960,2020-03-12 14:08:42,"President @realDonaldTrump has once again taken strong decisive action. He is putting the American people first!  Working together, our great nation will always overcome any challenge we face. https://t.co/4QLK0CDn1a"
1238065875443474433,2020-03-12 11:34:41,"@WhiteHouse The President has once again taken strong decisive action. He is putting the American people first!  Working together, our great nation will always overcome any challenge we face."
1237843189605654532,2020-03-11 20:49:49,"In @Interior’s history, President @realDonaldTrump is the first @POTUS to seek full and permanent funding for the Land and Water Conservation Fund and restoring our @NatlParkService. https://t.co/YSljFGbWZ8"
1237446784240291846,2020-03-10 18:34:38,"Thank you to @SenJohnHoeven and @SenKevinCramer for bringing this issue to light! By working collaboratively &amp; cooperatively with landowners, we can better achieve our mutual wildlife conservation goals. https://t.co/rvbPkjeauA"
1237429729692655617,2020-03-10 17:26:52,RT @whceq: The comment period for @whceq's #NEPAModernization proposal ends today at 11:59pm EST. For further information on how to comment…
1237413101076729856,2020-03-10 16:20:47,The priorities addressed in @Interior’s budget request reflect a balanced and responsible approach to ensure continued economic prosperity and resource management. https://t.co/LrwseqepAa
1237413099415764992,2020-03-10 16:20:47,"Thank you to Chairman @LisaMurkowski, Ranking Member @Sen_JoeManchin, and Members of the @EnergyGOP and @EnergyDems Committee for inviting me to discuss President @realDonaldTrump’s FY 2021 budget request for the @Interior. https://t.co/IBjNzqXB3U"
1237095497200013313,2020-03-09 19:18:45,"We are eager to welcome these paintings back to Interior headquarters, where all who visit the newly-expanded @InteriorMuseum can appreciate firsthand works so central to our Department’s mission and identity. https://t.co/b9vj8znaEl"
1236705741395775489,2020-03-08 17:30:00,"This week @Interior:
- DOI testified on the Hill on @POTUS’ FY21 Budget  
- @BLMNational will begin conducting prescribed burn ops to prevent the spread of wildfires in MT &amp; Dakotas  
- @USGS &amp; its partners released a new tool to help ensure a reliable supply of critical minerals https://t.co/VYv0cN3gKv"
1236051036554563584,2020-03-06 22:08:26,A huge thank you to all @Interior’s dedicated employees!  #EmployeeAppreciationDay https://t.co/N6jEZMBgU7
1235966963161214978,2020-03-06 16:34:21,"RT @WhiteHouse: 273,000 jobs added in February—beating expectations by nearly 100k! 

President @realDonaldTrump's economy is BOOMING 🇺🇸 ht…"
1235618671579426816,2020-03-05 17:30:22,"From the past to the present, women at @Interior have been blazing a trail to help the Department achieve its mission.  #WomensHistoryMonth https://t.co/yFkBBrY3pZ"
1235554753733701632,2020-03-05 13:16:23,@BSEEgov BSEE’s inspectors are doing great work!
1235370643849465856,2020-03-05 01:04:48,RT @RepNewhouse: 🚨 JUST NOW: @SteveScalise and I led a joint #gopHEAT and @westerncaucus letter signed by 130 House Republicans in support…
1235250387294343169,2020-03-04 17:06:56,"Finished up the hearing with Interior, Environment Senate Appropriations  Subcommittee members discussing how @Interior’s FY21 budget supports conserving our natural resources, expanding public access, and enhancing visitor experience at our sites. https://t.co/7xcucl2hIB"
1235233046913331203,2020-03-04 15:58:02,"President @realDonaldTrump has been clear in his direction and priorities, and he has set ambitious goals challenging federal agencies to deliver better results. The FY 21 @Interior budget will allow us to continue advancing key Presidential priorities. https://t.co/p8bYSXejOm https://t.co/rN4k8S2TWj"
1234952804978118656,2020-03-03 21:24:27,RT @realDonaldTrump: I am calling on Congress to send me a Bill that fully and permanently funds the LWCF and restores our National Parks.…
1234920776110944261,2020-03-03 19:17:11,"On this day, 171 years ago, in the last day of the 30th Congress, a bill was passed to create the Department of the @Interior to take charge of the Nation's internal affairs. https://t.co/iopkCGXm7x"
1234836129658044416,2020-03-03 13:40:50,@GarfieldNPS @Interior Great point of Interior history!!
1234629720823812102,2020-03-03 00:00:38,"Great visit with Colorado county commissioners this afternoon! We discussed numerous issues impacting their communities, including how @Interior is working to reduce wildfire risk and improve wildfire resiliency throughout the West. https://t.co/9geKxqNOBD"
1234612101269856256,2020-03-02 22:50:37,Great to join everyone at @NACoTweets! I discussed how @Interior is working with state and local governments to find innovative approaches to keep our communities safe. #NACoLeg https://t.co/vWbfaa1M8f
1233807245672091648,2020-02-29 17:32:25,Great speaking with @RussVought45 and @bobbeauprez this morning at @CPAC — discussing how the Trump Admin is implementing commonsense deregulatory action and delivering results. #CPAC2020 https://t.co/yUrySe0305
1233406010741739520,2020-02-28 14:58:03,Starting the morning off @CPAC. Under President @realDonaldTrump’s leadership the @Interior is delivering for the American people. 🇺🇸 #CPAC2020 https://t.co/9D5OhqtA9u
1233146519559294977,2020-02-27 21:46:55,"National Water Reuse Action Plan will guide the Trump Administration’s efforts to provide safe, affordable, and reliable water to the American people. #WateReuse https://t.co/KiErSBMTvi https://t.co/dH5lJfQdUu"
1233099078826938368,2020-02-27 18:38:24,"Last week, I had the honor to join President @realDonaldTrump and other federal officials in Bakersfield, CA for the signing of a Presidential Memorandum supporting more water development and delivery in California. https://t.co/3m5hQlWr3W"
1232439523537125378,2020-02-25 22:57:34,Pleased to see the Senate finally confirmed Kate MacGregor as Deputy Secretary of the @Interior. She will be a tremendous leader and serve the American people admirably! https://t.co/Rs8xq2JBRB
1231927849524826114,2020-02-24 13:04:22,@BLMAZFire Great work!
1231738885778157568,2020-02-24 00:33:29,@WhiteHouse @realDonaldTrump “God bless the American farmer. God bless America!” Well said!
1231695134057803777,2020-02-23 21:39:38,"RT @WhiteHouse: ""You pour out your sweat and soul—you pour out your heart."" 

President @realDonaldTrump is fighting and WINNING for Americ…"
1231638327612334080,2020-02-23 17:53:54,"During this National African American History Month, we have a special opportunity to reflect on the lasting legacies of African American leaders throughout our history and celebrate African Americans’ far-reaching contributions to our nation. https://t.co/8hWjiKxoKg"
1230513870046818304,2020-02-20 15:25:43,President @realDonaldTrump is delivering for America’s hardworking farmers who feed our nation! https://t.co/EYmXSkFB6T https://t.co/iBda0mWzfM
1230490601755250688,2020-02-20 13:53:15,"RT @WhiteHouse: A Congressional delegation brought water accessibility issues to President @realDonaldTrump's attention—and he said ""Let's…"
1230305409501560833,2020-02-20 01:37:22,"President @realDonaldTrump is delivering on promises! 🇺🇸 
https://t.co/gkg23PhyO6 https://t.co/0Bza56RRWO"
1230225024075698177,2020-02-19 20:17:56,"President @realDonaldTrump’s policies are delivering REAL results for America’s hardworking farmers and rural communities and it starts with having reliable water delivery! Looking forward to joining @POTUS in Bakersfield, CA today to discuss how we are getting this done."
1229497526979399680,2020-02-17 20:07:08,Looking forward to talking with @RepDevinNunes and @RayAppletonKMj on @KMJNOW to discuss how we are working together to increase flexibility and reliability of water for Californians. https://t.co/r73SWbP0f7 https://t.co/MVUaQVYRYZ
1229439576147660800,2020-02-17 16:16:51,On #PresidentsDay we celebrate America’s presidents and honor their commitment to lead the world’s greatest country. https://t.co/WRpRYorUD5
1229058720606216193,2020-02-16 15:03:28,Encouraging to see so many young hunters at this weekend’s @huntexpo. The future of #conservation stewardship depends on us and future generations. https://t.co/yamKTbs3n3
1228831132839362561,2020-02-15 23:59:07,Nothing better than talking #hunting with other enthusiasts on a Saturday afternoon at the Western Hunting and #Conservation Expo. https://t.co/MLYBRAUtVW
1228462508911890432,2020-02-14 23:34:20,"Big game species such as deer, elk and pronghorn contribute to the West’s quality of life and provide hunting and wildlife viewing opportunities. These grants will help states further their scientific research to ensure sustainable wildlife populations. https://t.co/Sv73vhPTT1"
1228079666176675840,2020-02-13 22:13:03,"RT @USCTO: One year ago, the Trump Administration launched the American Broadband Initiative
✅$1.7B @USDA ReConnect funding
✅$20B @FCC Rura…"
1228051575622557700,2020-02-13 20:21:26,.@Interior administers some of the most iconic and historically significant places in the country that recognize and honor the incredible sacrifices and contributions made by African Americans. #BlackHistoryMonth https://t.co/10HDi8BsS9
1227633519800782848,2020-02-12 16:40:14,"(3/3) ..Today’s action by the @NRDems demonstrates they won’t let the facts stand in the way of their rhetoric. Going forward, the Department will take today’s action into account for every decision it makes to deal with this Committee. Godspeed with the witch hunt. https://t.co/4OWp7R78tj"
1227633513270214656,2020-02-12 16:40:12,"(⅔) ...As of this morning, the Department has produced 21,935 documents totaling 204,709 pages in 80 substantive responses to the Committee... https://t.co/xvGBLnCLfL"
1227633506391674880,2020-02-12 16:40:10,"(⅓) I am a steadfast believer in the need to accommodate Congress’ oversight function, and for over a year, the Department has accommodated requests from the @NRDems, providing an unprecedented amount of documents​... https://t.co/1nH1E5NcjX"
1227330091035877389,2020-02-11 20:34:31,It was great to welcome @WestGov to @Interior this weekend for their annual breakfast. Looking forward to continue working with Western Governors and our state and local partners as we advance good-neighbor policies. https://t.co/APVBVR3XSV
1227301531726307330,2020-02-11 18:41:01,"Historic milestone! Oil production on @Interior managed lands surpasses 1 billion barrels. This provides more funding for schools, public services, conservation improvements, and infrastructure projects that create good-paying American jobs. https://t.co/nMWwnFnE10 https://t.co/9fJ41zRNfT"
1227276456860045314,2020-02-11 17:01:23,I joined @ASIIADomenech at the @WhiteHouse to discuss the constant and urgent pursuit of economic development in our insular areas. This meeting ensures that insular voices and concerns are heard in the Federal Government. https://t.co/c8DX0JAYAy
1227004483617509377,2020-02-10 23:00:40,".@POTUS’s budget request continues to prioritize the health, safety and wellbeing of Americans by investing in the federal wildland fire workforce. Overall, $1B is being requested for wildland fire programs to protect our communities. https://t.co/hOTxwObnPJ https://t.co/3KgGYt0S31"
1226960341835358209,2020-02-10 20:05:15,This budget is a critical step in the right direction and provides a path to restore commonsense in our budgeting process. https://t.co/9UjaHdFmKh
1226960340912627713,2020-02-10 20:05:15,President @realDonaldTrump’s 2021 budget request for @Interior is about investing in our people and public lands and waters. @POTUS is committed to the mission of conservation and creating more public access for Americans to fully enjoy our national treasures and landscapes.
1225883113047363584,2020-02-07 20:44:44,"This week at the @Interior:
✔️#SOTU
✔️$170.9M provided to reclaim and repurpose abandoned coal lands
✔️@NatlParkService continues planning efforts for Mount Rushmore Fireworks
✔️Central Hazardous Materials Fund 25th Anniversary https://t.co/d7WuZ3iSK9"
1225832544672854016,2020-02-07 17:23:48,RT @WhiteHouse: Today's jobs numbers are SMASHING expectations! 🔥 https://t.co/IJdV100UHW
1225814053337079809,2020-02-07 16:10:19,Everyday our wildlife inspectors enforce our laws to successfully combat the illegal business of wildlife trafficking. Learn more about how @Interior fights international crime and ensures sustainable trade and protect species: https://t.co/ve5HUsf3Df https://t.co/hHrxqB2fgD
1225533205564051463,2020-02-06 21:34:20,"Abandoned Mine Land (AML) Reclamation grants provide states, tribes and local partners the resources to restore the promise of the outdoors for Americans in coal country.  https://t.co/asUYBPuG4b"
1225145422848692224,2020-02-05 19:53:25,"We agree! We are working to improve access to our federal lands and waters -- recently inviting the public to help identify BLM areas to expand hunting, fishing and outdoor recreation across America. https://t.co/vqZFg5ONFi @BLMNational @POTUS https://t.co/rj4Mavuglq"
1224901256017301507,2020-02-05 03:43:11,"(4/4) We will continue to advance President @realDonaldTrump's agenda for a safer, stronger and more prosperous America. #SOTU https://t.co/SEOrtx8Fes"
1224901251630096384,2020-02-05 03:43:10,(3/4) ...expanded public lands access for hunting and fishing on over 1.7 million acres; and secured more than $3 billion to improve the infrastructure of our @NatlParkService.  #SOTU
1224901250782834688,2020-02-05 03:43:10,"(2/4) At the Department of the @Interior, we have implemented a common sense approach to regulatory reform, saving taxpayers more than $5 billion; unleashed the potential of responsible energy development... #SOTU"
1224901249532923904,2020-02-05 03:43:10,"(1/4) The state of our Union is exceptional. Three years ago, President @RealDonaldTrump promised to tackle the real issues facing Americans, and he has delivered on those promises across the government. #SOTU https://t.co/M2LHyvF0Fp"
1224889864568614912,2020-02-05 02:57:55,@Interior is working to implement President @realDonaldTrump’s vision of BOTH responsible energy development and conservation stewardship. We have brought common sense back to the administration of our public lands #SOTU https://t.co/fw4ox6bIAl https://t.co/Y4sOjqyfzJ
1224886231089274883,2020-02-05 02:43:29,"RT @Interior: Interior is delivering on President @RealDonaldTrump’s vision for safe, secure &amp; reliable American energy - helping the U.S.…"
1224885783728918529,2020-02-05 02:41:42,President @realDonaldTrump’s pro-growth policies are fueling our strong economy. I had the privilege to meet with companies across the country who are lending a helping hand in growing our economy and creating jobs. #SOTU #PledgeToAmericasWorkers https://t.co/g6MqE1MiHb
1224880254059261952,2020-02-05 02:19:44,RT @WhiteHouse: LIVE: President @realDonaldTrump Delivers #SOTU2020 https://t.co/nmXMJJ4lQO
1224824549772091392,2020-02-04 22:38:23,Looking forward to hearing President @realDonaldTrump deliver tonight's #SOTU. https://t.co/fw4ox6bIAl https://t.co/Kf9JLjmZy2
1224348690380402690,2020-02-03 15:07:29,"RT @WhiteHouse: ""This month, we celebrate the cultural heritage, diverse contributions, and unbreakable spirit of African Americans.""

Read…"
1223638405160013825,2020-02-01 16:05:04,"Great privilege to attend signing of #USMCA! It incorporates environmental obligations into the core text of the agreement:
✅ Environmental law enforcement
✅ Protecting marine life
✅ Combating illegal wildlife, timber, &amp; fish trafficking. 

 @WhiteHouse 📷 : D. Myles Cullen https://t.co/WbtMsFnvgS"
1223314920701333504,2020-01-31 18:39:39,"This week at @Interior:
✅ Trump Admin held its first Task Force meeting on Missing and Murdered American Indians and Alaska Natives
✅ @RobWallace_FWP inspected refuge lands along the southern border with @USFWS and @CBP 
✅ Interior's non-emergency drone operations on pause https://t.co/szPzIaAhk7"
1222897909022093321,2020-01-30 15:02:36,I had a great time taking @kilmeade and @foxnation behind the scenes of the WWII Memorial on the @NationalMallNPS. There is so much more that meets the eye when it comes to our country’s iconic memorials. https://t.co/oWZZiYacIl https://t.co/JQ6eexgVum
1222655478422999040,2020-01-29 22:59:16,"Today marks the first meeting of the Presidential Task Force on Missing and Murdered American Indians and Alaska Natives. By working together and listening to impacted citizens and tribal communities, we intend to tackle this complex issue. https://t.co/eQFzt5VILb https://t.co/5EtMlGXO4I"
1222591196318588928,2020-01-29 18:43:50,Great news for the American people -- President @realDonaldTrump signs the #USMCA into law. This agreement includes some of the strongest environmental provisions of any United States trade agreement. https://t.co/2TSeT3mDhk
1222284796870692864,2020-01-28 22:26:19,@USFWSNortheast @USFWSDirector Great interview!!
1221898364805173249,2020-01-27 20:50:46,RT @USFWSDirector: Spoke at the Houston Safari Club Foundation @HoustonSafari convention about their contributions to #wildlife sustainabil…
1221459053647421440,2020-01-26 15:45:06,We continue to fulfill our mission of conserving America’s great outdoors and ensuring that generations can enjoy our natural and cultural treasures. https://t.co/SSUdohmkxM
1221100693521674242,2020-01-25 16:01:06,Balancing the protection of native wildlife with economic and human health needs is fundamental to effective management practices. https://t.co/01A8knFLKp
1220851293218054145,2020-01-24 23:30:05,.@USFWS’s proposed change to the Duck Stamp criteria would put America’s hunting heritage at the forefront. Our waterfowl hunters play a critical role in conservation and wetland restoration!  https://t.co/T9pb7XxDNw
1220827521526255620,2020-01-24 21:55:37,@BLMArizona @BLMWHB Great chance to adopt a wild horse or burro!
1220816999313526787,2020-01-24 21:13:48,WATCH: Take a look at what you might have missed this week @Interior! https://t.co/RW0MkNbNDf
1220470634561576963,2020-01-23 22:17:29,@WhiteHouse Awesome result from common sense leadership!
1220383268639559684,2020-01-23 16:30:19,The Hoover Dam is a prime example of what America can accomplish. The 17 generators in Hoover Dam’s Powerplant generate enough low cost electrical power to serve the residential needs of more than a million Americans. https://t.co/JNLX7U1fll
1220090225352855552,2020-01-22 21:05:52,"@rigtoflip Your retort lacks accuracy, creativity or humor. Go enjoy our great public lands and find a way disagree without being so pathetically disagreeable."
1220007665235058689,2020-01-22 15:37:48,Respecting the Second Amendment is fundamental to our constitutional republic. We’re expanding opportunities to enjoy hunting and recreational shooting on our wonderful public lands. https://t.co/a61rkSpDwU
1219782998972862464,2020-01-22 00:45:04,Terrific time joining @SecretarySonny at @nssfshotshow. Enjoyed discussing how @Interior and @USDA are working together on conservation efforts to expand access to hunters and anglers and other issues facing our public lands. https://t.co/U1u8EWPD8E
1219770335962320897,2020-01-21 23:54:44,"Under President @realDonaldTrump’s leadership, @Interior is delivering real results: 
☑️ Increased and expanded hunting and fishing access on 1.7 million acres
☑️ Support more than 1.8 million jobs annually
☑️ Saved taxpayers more than $5 billion https://t.co/ZgtxpoQKqB"
1219435140100714497,2020-01-21 01:42:48,"@KishofDeath Your comments are outrageous and inappropriate. I suggest you find a way to spend more time to enjoy our great public lands, which is good for everyone’s perspective."
1219275991547359234,2020-01-20 15:10:24,On #MLKDay we take the time to honor the great civil rights leader and pay tribute to the legacy of Reverend Dr. Martin Luther King Jr. https://t.co/QTxl0ykcD3 https://t.co/SJwFYBofwG
1218628713069383682,2020-01-18 20:18:20,@USFWSDirector @USFWS @Interior Grateful for the hard work @Interior law enforcement do every day.
1218600382248706049,2020-01-18 18:25:46,"#USMCA ensures that economic growth and conservation go hand in hand, building a stronger and more prosperous America. 

Next stop, President @realDonaldTrump’s desk! 

https://t.co/EpXJG2exaM"
1218197559094714369,2020-01-17 15:45:05,"By increasing access for kids to public lands, we can help cultivate in the next generation an appreciation for the great outdoors and our natural treasures. https://t.co/IPy8FQqBmH https://t.co/3McROGNtiM"
1217897038647611394,2020-01-16 19:50:56,"RT @WhiteHouse: For years, politicians—both Democrat and Republican—have promised to replace NAFTA with a deal that better protects America…"
1217525622207021059,2020-01-15 19:15:03,"Thousands of pages of bureaucratic documents and years of review have stalled countless projects — at the expense of economic progress and good American jobs.
https://t.co/HT5zbBzafo"
1217104094810333184,2020-01-14 15:20:03,President @realDonaldTrump's proposal to modernize NEPA permitting is getting tons of support from across the country. This is the first step in bringing common sense to a process that has needlessly paralyzed decision-making. Read what they are saying: https://t.co/irC35fwc5H https://t.co/ifHI302yno
1217083900675141632,2020-01-14 13:59:48,Construction of border barriers will help us maintain the character of the lands and resources under our care and fulfill our mission to conserve them. https://t.co/JuxGZt3nw6 https://t.co/Bv0oxZ9j0H
1216700763071754240,2020-01-13 12:37:21,@DroneAmplified This is absolutely false!
1216421916032020481,2020-01-12 18:09:19,We will continue to support Australia in sending our world class personnel to contain these blazes and help protect Australian communities and wildlife.  #USwithAUS #AustraliaFires https://t.co/bc1GnqC8E1
1215972113196244992,2020-01-11 12:21:58,@BLMNewMexico A great chance to adopt a wild horse or burro today!
1215971654217715712,2020-01-11 12:20:08,RT @Mike_Pence: The last three years under President @realDonaldTrump’s leadership have been Promises Made and Promises Kept! The December…
1215728007643615232,2020-01-10 20:11:58,"RT @WhiteHouse: Another round of spectacular jobs numbers to close out 2019!

American workers are coming off the sidelines under President…"
1215685090463883264,2020-01-10 17:21:26,@vegan4wall Please read the proposed rule. The opportunity for public comment is clearly laid out.
1215327712400809986,2020-01-09 17:41:20,"President @realDonaldTrump’s bold proposal to modernize environmental reviews intends to provide consistency and certainty to projects led by American farmers, ranchers, loggers, wildland firefighters, construction workers, small biz owners, &amp; more. https://t.co/fLquOZJKqk"
1215033908913418240,2020-01-08 22:13:52,Largest fuel reduction in 10 years! @Interior will continue to take action by maximizing wildfire management efforts across the Department and deploying needed resources to reduce the intensity and impacts of wildfires. https://t.co/VV8s1jDDej https://t.co/IW4JmYL1WE
1214274228150767617,2020-01-06 19:55:10,"With the ongoing wildfires in Australia, @Interior is continuing to support our Pacific ally by deploying nearly a 100 @USDA and @Interior firefighters to combat the blazes.  #USwithAUS #AustraliaFires https://t.co/7XDdpTxJVV https://t.co/tMnKiSgmnz"
1213512348935307265,2020-01-04 17:27:44,RT @WhiteHouse: @FLOTUS has been a strong proponent of preserving national treasures so that people may enjoy and appreciate their historic…
1213146634479177732,2020-01-03 17:14:31,@cleanh2oaction @Interior Coffee+donuts= good neighbors in GJ Colorado. Interior’s leaders continue to expand public access and conserve our wonderful public lands!
1212495080608665601,2020-01-01 22:05:28,@JoshDaskin @rob_pringle Thanks
1212469096920625153,2020-01-01 20:22:13,I’m looking forward to more great adventures in 2020 as @Interior continues to advance the dynamic agenda and deliver for the American people. #HappyNewYear https://t.co/G2J130nMMf
