id,created_at,text
1247243121668304902,2020-04-06 19:21:47,"At the direction of President @realDonaldTrump, @ENERGY is helping American oil producers by opening up storage in the Strategic Petroleum Reserve and finding additional storage capacity all throughout the country. https://t.co/Qc5iQxzrnQ"
1247235199819276289,2020-04-06 18:50:18,RT @realDonaldTrump: https://t.co/GIzwKSbuuS
1247180438063415304,2020-04-06 15:12:42,"Thank you @MariaBartiromo for having me on this morning to discuss the state of global oil markets, and steps being taken by the @realDonaldTrump Administration to address this unprecedented disruption. https://t.co/2jzjSg7htl"
1247180205443239936,2020-04-06 15:11:47,RT @MariaBartiromo: Energy secretary: It's a 'great time' to fill Strategic Petroleum Reserve https://t.co/BfMsNSbDCD  @MorningsMaria  @Fox…
1246921148090048513,2020-04-05 22:02:23,"RT @MariaBartiromo: Big show tomorrow @MorningsMaria @FoxBusiness 6-9am et @dagenmcdowell @spomboy
@Mitch_Roschelle
@BrandywineGIM
@DrJenCa…"
1246617974506770432,2020-04-05 01:57:40,RT @JudgeJeanine: .@SecBrouillette is with me tonight to discuss the Coronavirus’ impact on the global oil markets. You don't wanna' miss t…
1246184021295534080,2020-04-03 21:13:18,"Thanks to the strong leadership of President @realDonaldTrump, @ENERGY is working hard to keep our energy security and economy healthy, resilient, and strong."
1246183862868344839,2020-04-03 21:12:40,We are working closely with Governors and our public and private partners to ensure our critical energy infrastructure is fully operational and there are no supply disruptions.
1246183654688161792,2020-04-03 21:11:50,"At the direction of @POTUS, @ENERGY has made space available in the Strategic Petroleum Reserve for domestically produced crude oil to help alleviate market pressure."
1246183493350105099,2020-04-03 21:11:12,"Today, alongside @SecBernhardt, we spoke with President @realDonaldTrump and members of our energy sector to discuss how the Administration is supporting American oil producers during this period of instability brought on by #COVID19."
1246183067217207302,2020-04-03 21:09:30,"RT @JudgeJeanine: Be sure to tune in tomorrow at 9pm ET! @GOPLeader,  @Franklin_Graham , Admiral Brett Giroir, Secretary Dan Brouillette wi…"
1246169784942813187,2020-04-03 20:16:44,RT @WhiteHouse: President @realDonaldTrump just met with leaders from the energy industry to discuss the impact of the Coronavirus. https:/…
1246168242638520320,2020-04-03 20:10:36,We’re working with the American energy industry to maintain our energy leadership and security as we work through this pandemic. https://t.co/cMFp4D62A5
1246157619615739904,2020-04-03 19:28:23,"At the direction of President @realDonaldTrump, we are opening up access to storage space in the Strategic Petroleum Reserve for American oil producers to support the industry and its workforce during this period of market instability. https://t.co/rVFJPGy5Ts"
1246148326686408709,2020-04-03 18:51:28,RT @IEABirol: Just finished great discussion with US Energy Secretary @SecBrouillette on the need for all key stakeholders to take steps to…
1245781920778268672,2020-04-02 18:35:30,"RT @EnergyPress: .@ENERGY to Make Strategic Petroleum Reserve Storage Capacity Available to Struggling U.S. Oil Producers 

Read More ➡️ ht…"
1245781608281575424,2020-04-02 18:34:15,".@ENERGY continues to work with Congress on funding for oil purchases, but making some storage capacity available provides immediate relief to the industry. We need to work together to support the men and women in our energy sector during this time, and keep our economy strong."
1245780886429335554,2020-04-02 18:31:23,"This storage will support America’s producers and refiners until global demand returns. It will help U.S. companies maintain production and save jobs, and is indicative of America’s resolve to come back stronger."
1245780614160285699,2020-04-02 18:30:18,"Thanks to the strong leadership of President @realDonaldTrump, @ENERGY, starting today, is immediately making the Strategic Petroleum Reserve storage capacity available to American oil producers."
1245121965213523969,2020-03-31 22:53:04,"Thank you President @realDonaldTrump and @VP for your continued strong leadership in America’s fight against #COVID19. Thanks to your bold leadership, America is getting the necessary tools to continue fighting the #coronavirus. https://t.co/K090M52eFT"
1245078558243987458,2020-03-31 20:00:35,"RT @BerkeleyLab: ❗#SocialDistancing Tips ❗
👉🏽 Limit close contact with others as much as possible (about 6 feet)
👉🏽 Keep away from others w…"
1244777257652101123,2020-03-31 00:03:19,"RT @ENERGY: Last week, the @WhiteHouse announced the COVID-19 High Performance Computing Consortium, a public-private effort led by @WHOSTP…"
1244737166103777288,2020-03-30 21:24:01,"RT @WhiteHouse: ""This National Doctors Day, we express our immense gratitude to the men and women who are caring for and treating patients…"
1244629497548324870,2020-03-30 14:16:10,"RT @WhiteHouse: From the very beginning, President @realDonaldTrump took swift, decisive action on Coronavirus—and won't stop until we defe…"
1243694612142854146,2020-03-28 00:21:16,"RT @Mike_Pence: Today, President @realDonaldTrump signed into the law the #CARESAct which will help small businesses stay open, help worker…"
1243647915295416320,2020-03-27 21:15:43,"RT @realDonaldTrump: We are marshalling the full power of government and society to achieve victory over the virus. Together, we will endur…"
1243642255648256001,2020-03-27 20:53:14,"RT @ENERGY: BREAKING: DEPARTMENT OF ENERGY APPLAUDS PASSAGE OF THE CARES ACT

“President Trump and our leaders in Congress have worked dili…"
1243642115604852739,2020-03-27 20:52:40,RT @EnergyPress: .@ENERGY Applauds Passage of The #CARESAct https://t.co/dLeXSnwlMC
1243641413264445446,2020-03-27 20:49:53,"I applaud the Administration and Congress for passing this legislation, and look forward to continue working together to provide relief for Americans, including our energy industry and its hard-working employees, as we fight to overcome the #coronavirus pandemic."
1243639921467961345,2020-03-27 20:43:57,The #CARESAct provides substantial funding for scientific research and development at @ENERGY’s #NationalLabs to combat #COVID19 and ease the financial burden to America’s small businesses and workforce.
1243639670073942016,2020-03-27 20:42:57,"President @realDonaldTrump and our leaders in Congress have worked diligently to provide much-needed, swift economic relief to the American people by passing the #CARESAct."
1243638000896159745,2020-03-27 20:36:19,"RT @realDonaldTrump: I just signed the CARES Act, the single biggest economic relief package in American History – twice as large as any re…"
1243330050134507520,2020-03-27 00:12:38,RT @realDonaldTrump: Our great Oil &amp; Gas industry is under under seige after having one of the best years in recorded history. It will get…
1243296759297818624,2020-03-26 22:00:21,RT @rocionahle: La relación bilateral entre el ⁦@GobiernoMX y el gobierno de USA ⁦en materia de energía es de cooperación y respeto. Hoy di…
1243239038913576962,2020-03-26 18:10:59,"RT @ENERGY: #ICYMI: To fight #COVID19, scientists using the @AdvancedPhoton Source at @Argonne have created a 3D map of a protein from the…"
1242607096157396992,2020-03-25 00:19:52,RT @SecPompeo: Happy to announce another $5 million in @StateDept funding for the @iaeaorg to help member states combat the #coronavirus. W…
1242182049596870656,2020-03-23 20:10:53,RT @HouseCommerce: @ENERGY @SecBrouillette The US National Labs do incredible work and this public-private partnership will help unleash th…
1242157695962173447,2020-03-23 18:34:07,"Working together with IBM, Amazon and Google, along with our @ENERGY supercomputers, we are making our technology available to researchers all across the country working to end #coronavirus. https://t.co/cBuAUwXuzF"
1242145281044594689,2020-03-23 17:44:47,We’re making @ENERGY’s supercomputing resources available to the Coronavirus Task Force and scientists across the country to help provide a solution to the #COVID19 pandemic. https://t.co/BARmEQzZmq
1242110500714024962,2020-03-23 15:26:35,Joined @kevcirilli on @BloombergTV this morning to discuss President @realDonaldTrump’s directive to buy American oil for the SPR and how @ENERGY innovators are utilizing our #NationalLabs and technology to combat #COVID19 with the help of our supercomputers. https://t.co/iKrv1EjBxv
1242104820430966787,2020-03-23 15:04:01,"RT @EnergyPress: President @realDonaldTrump Announces New Effort to Unleash U.S. Supercomputing Resources to Fight COVID-19 

Read More: ht…"
1241881033194209280,2020-03-23 00:14:46,".@ENERGY is proud to partner with @WHOSTP, @IBM and other agency leaders to help launch the #COVID19 High Performance Computing Consortium."
1241880906450731009,2020-03-23 00:14:15,"Starting this week, researchers from academia, government and the private sector will be able to submit proposals here to have access to at least 16 supercomputers to combat #COVID19."
1241879223998074880,2020-03-23 00:07:34,"Under the @realDonaldTrump Administration, the U.S. has regained its position as the dominant global force in supercomputing technology. @ENERGY is home to the world’s fastest and most powerful supercomputers, and we are excited to partner with other leaders to combat #COVID19. https://t.co/AWbnClLRVZ"
1241873379818442757,2020-03-22 23:44:21,RT @WhiteHouse: LIVE: Press Briefing with Coronavirus Task Force https://t.co/bPsEAcwjwb
1241858668204888065,2020-03-22 22:45:53,"RT @USCTO: Today, President @realDonaldTrump announced a new partnership with major U.S. tech companies and universities to unleash the wor…"
1241839092909985800,2020-03-22 21:28:06,"RT @WhiteHouse: ""I want you to know that your federal government will unleash every authority, resource, and tool at its disposal to safegu…"
1241425552029999104,2020-03-21 18:04:50,"RT @ENERGY: The world's fastest supercomputer is taking on #coronavirus. #NationalLabs 

 https://t.co/x0lVIkMW4x"
1241371544959451137,2020-03-21 14:30:14,The energy industry has underpinned a strong economy and I am looking forward to coming out on the other side of the #COVID19 pandemic to an economic boom. https://t.co/9rvttubiHc
1241142944255664128,2020-03-20 23:21:51,"By filling the Strategic Petroleum Reserve, we are sending a strong signal to U.S. energy producers that we believe in your industry. https://t.co/3vGaP6Llcj"
1241126490814775296,2020-03-20 22:16:29,The SPR purchase is a vote of confidence in American energy. https://t.co/G83DtaNNpY
1241073812080398337,2020-03-20 18:47:09,RT @realDonaldTrump: https://t.co/ytgBP3hJv1
1241024648755712000,2020-03-20 15:31:48,Joined @Varneyco this morning to discuss President @realDonaldTrump’s strong plan to fill the Strategic Petroleum Reserve with American made oil. https://t.co/J3msKC3vbn
1240731609034297344,2020-03-19 20:07:21,RT @PlattsOil: US Energy Secretary Dan Brouillette (@SecBrouillette) joined @meghangordon on Capitol Crude hours after his department annou…
1240726814219214849,2020-03-19 19:48:18,RT @EnergyPress: .@ENERGY Solicits Purchase of Crude Oil For The SPR To Provide Relief To American Energy Industry https://t.co/QGy8qKa8qa
1240726713761480705,2020-03-19 19:47:54,RT @GOPLeader: American oil workers are bearing the brunt of Saudi Arabia and Russia’s reckless actions. President @realDonaldTrump made th…
1240726580906856449,2020-03-19 19:47:23,https://t.co/jhZRBIjoHF
1240726533750358016,2020-03-19 19:47:11,https://t.co/qaKTBxRBRM
1240726463827120132,2020-03-19 19:46:55,https://t.co/FLDv5osfeA
1240726338056663046,2020-03-19 19:46:25,https://t.co/Gbp3EqLWRS
1240725874044960769,2020-03-19 19:44:34,"Our #NationalLabs are on the front lines in the fight against #COVID19 and home to crucial scientific work helping combat the #coronavirus. Read below how @ENERGY is leading the charge in defeating this virus. ⬇️
https://t.co/ODWXfZohdW"
1240695563122700289,2020-03-19 17:44:07,"RT @RepNewhouse: Our national labs have the capability to make a real, positive impact when it comes to preventing the spread of COVID-19 &amp;…"
1240641901864390658,2020-03-19 14:10:54,.@ENERGY is moving quickly to support U.S. oil producers facing potentially catastrophic losses from the impacts of #COVID19 and the intentional disruption to world oil markets by foreign actors.
1240641745802665985,2020-03-19 14:10:16,"At the direction of President @realDonaldTrump, @ENERGY will fill the Strategic Petroleum Reserve (SPR) to its maximum capacity by purchasing 77 million barrels of American-made crude oil starting with this solicitation for an initial 30 million barrels. 
https://t.co/kDXj0IJnVo"
1240633050712719360,2020-03-19 13:35:43,"RT @ENERGY: BREAKING: Department of Energy Executes On Direction Of President Trump, Announces Solicitation To Purchase Crude Oil For The S…"
1240632898828500992,2020-03-19 13:35:07,"RT @EnergyPress: .@ENERGY EXECUTES ON DIRECTION OF PRESIDENT TRUMP, ANNOUNCES SOLICITATION TO PURCHASE CRUDE OIL FOR THE SPR TO PROVIDE REL…"
1240395854680412160,2020-03-18 21:53:11,"RT @realDonaldTrump: STRONG &amp; UNITED, WE WILL PREVAIL! https://t.co/T6UCyaPRIy"
1240371322640883713,2020-03-18 20:15:42,"In coordination with the administration, our partners at @ENERGY and our #NationalLabs are putting Americans first by making our world-class user facilities available to the scientific community on a priority basis for #COVID19 work."
1240370788353691650,2020-03-18 20:13:35,"Under the leadership of President @realDonaldTrump and @VP @Mike_Pence, this administration is taking a whole-of-America approach to #FlattenTheCurve and combat #COVID19. 
 
Read more from @VP @Mike_Pence in @USAToday:

https://t.co/B0RUueGhOR"
1240043646210187265,2020-03-17 22:33:38,"RT @WhiteHouse: What is social distancing—and why are we doing it?

Dr. Anthony Fauci, Dr. Deborah Birx, and @Surgeon_General Jerome Adams…"
1239941423581061122,2020-03-17 15:47:27,RT @WhiteHouse: LIVE: Press Briefing with Coronavirus Task Force https://t.co/u2AZ7iT4Ob
1239746153614389248,2020-03-17 02:51:31,RT @WhiteHouse: President @realDonaldTrump and the White House Coronavirus Task Force issued new guidelines to help protect Americans durin…
1239709384424423424,2020-03-17 00:25:24,"Taking the lead of @POTUS and the Coronavirus Task Force, @ENERGY will practice “social distancing” and transition to maximum telework flexibilities for employees across the DOE enterprise. #FlattenTheCurve"
1239709074503151622,2020-03-17 00:24:10,The @WhiteHouse has released strong guidelines for the next 15 days to help lower the spread of infection and keep our most vulnerable safe from possible exposure to COVID-19. It’s my hope that Americans adhere to these guidelines as we continue to fight #coronavirus. https://t.co/qP1PhuB8BQ
1239708792356573184,2020-03-17 00:23:03,President @realDonaldTrump and @VP @Mike_Pence continue to do an outstanding job of keeping the American people informed and up-to-date with U.S. efforts to combat COVID-19. https://t.co/yrin49VBSR
1239632735293059074,2020-03-16 19:20:50,RT @WhiteHouse: LIVE: Press Briefing with Coronavirus Task Force https://t.co/K6VD9IPfOd
1239567629192486915,2020-03-16 15:02:07,RT @realDonaldTrump: Everybody is so well unified and working so hard. It is a beautiful thing to see. They love our great Country. We will…
1239314127597772800,2020-03-15 22:14:48,RT @Mike_Pence: We have no higher priority than the health of the American people. We are all in this together. https://t.co/dAdxRxNh6Q
1239299012374810625,2020-03-15 21:14:44,RT @Mike_Pence: https://t.co/znMIlR0yiJ
1239265278179053573,2020-03-15 19:00:41,"RT @ScienceUnderSec: Supercomputers, such as Summit, the world’s fastest #supercomputer, are being used to help find candidate drugs to fig…"
1239243180912136193,2020-03-15 17:32:53,"Listen in as Dr. Chris Fall, Director of @doescience joins Direct Current to talk about the innovation and discoveries @ENERGY and our #NationalLabs are using in combating the #coronavirus. 

Listen now: https://t.co/xWzLnzjUx4 https://t.co/cYQjhTYz9t"
1239173417389129728,2020-03-15 12:55:40,"RT @ENERGY: New #Podcast: Direct Current sat down with Dr. Chris Fall, Director of @ENERGY’s Office of Science, to discuss the agency’s res…"
1239007276888920064,2020-03-15 01:55:29,RT @realDonaldTrump: https://t.co/XVPCplTDQn
1238966292092157964,2020-03-14 23:12:37,"RT @WhiteHouse: What the federal government is doing right now to protect public health, cut red tape, and empower healthcare providers: ht…"
1238911713220734977,2020-03-14 19:35:44,RT @realDonaldTrump: The @CDCgov has published guidelines on https://t.co/p9j7kZsD7b to enable every American to respond to this epidemic a…
1238883192326762503,2020-03-14 17:42:25,I’m continually amazed at the capabilities of our #NationalLabs and their innovative power. Proud that @ORNL and their supercomputing capabilities are helping America lead the fight to defeat the #coronavirus. https://t.co/VTK6JdZJS4
1238874738920951809,2020-03-14 17:08:49,"President @realDonaldTrump and the @VP continue to lead an extraordinary effort to combat and defeat COVID-19. Thanks to their bold leadership, U.S. government and scientific leaders are coming together to tackle this situation and overcome this pandemic. https://t.co/Wc2TFtly9i"
1238866538779811842,2020-03-14 16:36:14,"RT @ORNLEnergy_Env: Using the world's fastest supercomputer, @ORNL researchers scanned more than 8,000 drug compounds and found 77 with pot…"
1238866389768773632,2020-03-14 16:35:39,RT @Mike_Pence: https://t.co/uNXsJX2TvO
1238676109920739329,2020-03-14 03:59:32,RT @WhiteHouse: We're in this together. 🇺🇸 https://t.co/OCqHURK6pj
1238642919856386049,2020-03-14 01:47:39,"RT @EnergyPress: DOE Applauds Swift Action of President Trump, Initiates Process To Purchase Oil For The Strategic Petroleum Reserve

https…"
1238595082409791488,2020-03-13 22:37:34,"RT @realDonaldTrump: To unleash the full power of the Federal Government in this effort, today I am officially declaring a National Emergen…"
1238573295479422977,2020-03-13 21:10:59,"The Strategic Reserve has the capacity to store up to 77 million additional barrels of crude oil, which will provide needed relief and confidence to global oil markets."
1238573004965240834,2020-03-13 21:09:50,"Our economy and workforce is more resilient than ever before, and we will bounce back. To provide relief, @POTUS has directed me to use the U.S. Strategic Petroleum Reserve to purchase American crude oil for storage. https://t.co/kFgA33PfzL"
1238572463413477377,2020-03-13 21:07:41,"Under President @realDonaldTrump, American energy is stronger than ever before. Even so, world oil markets have seen significant disruptions as a result of COVID-19."
1238572284190896128,2020-03-13 21:06:58,"President @realDonaldTrump has made the right decision in declaring COVID-19 a national emergency. Thanks to his strong leadership, America has the necessary tools to combat this disease."
1238549842751819777,2020-03-13 19:37:48,RT @WhiteHouse: LIVE: President @realDonaldTrump holds a news conference https://t.co/D975UkADhj
1238536630287454213,2020-03-13 18:45:18,"RT @WhiteHouse: President @realDonaldTrump will deliver a news conference in the Rose Garden at 3:00 p.m. 

Watch LIVE: https://t.co/Emsdct…"
1238488141364936706,2020-03-13 15:32:37,Special thanks to @JimBridenstine for taking the time to come address the meeting and presenting all the exciting new projects going on at @NASA.
1238487960514957312,2020-03-13 15:31:54,Thank you SEAB board members for taking the time yesterday to convene for another successful meeting. Your inputs and findings help guide @ENERGY in the right direction. https://t.co/nv8Mub1oTu
1238457216535072768,2020-03-13 13:29:44,"RT @EnergyPress: STATEMENT FROM UNDER SECRETARY MARK W. MENEZES: 

It’s an honor to be nominated by @realDonaldTrump to serve as the Deputy…"
1238169051651768320,2020-03-12 18:24:40,Congratulations to my friend and colleague Mark W. Menezes on his nomination being sent to the Senate. Mark’s outstanding leadership has greatly benefited @ENERGY. https://t.co/nRzXX5ALtz
1238167450811858944,2020-03-12 18:18:18,Join me LIVE as I address the members of the Secretary of Energy Advisory Board. https://t.co/SiPxmOQC8r
1238165746804547584,2020-03-12 18:11:32,RT @ENERGY: Watch live! 🎥 Secretary of Energy Advisory Board (SEAB) meeting: https://t.co/UBc6wPb0P0
1238158567280193536,2020-03-12 17:43:00,RT @EnergyPress: 🚨BREAKING: President @realDonaldTrump sends the nomination of Mark W. Menezes to be Deputy Secretary of @ENERGY to the U.S…
1238138605396201475,2020-03-12 16:23:41,Check out @ENERGY’s latest #coronavirus update here: https://t.co/pq6M1tqaI9
1238071624307552257,2020-03-12 11:57:32,RT @realDonaldTrump: https://t.co/YioC9eARdP
1238066000194613253,2020-03-12 11:35:11,.@ENERGY and its #NationalLabs stand ready to continue supporting these efforts. I remain optimistic that our people and economy are resilient and America will bounce back stronger than ever.
1238065721604747264,2020-03-12 11:34:04,"Under the President’s leadership, this Administration has deployed an unprecedented whole of government effort to ensure the health and safety of the American people."
1238065631368536065,2020-03-12 11:33:43,Last night President @realDonaldTrump announced further strong and decisive actions to protect Americans from the impacts of the Coronavirus.
1237839607644876807,2020-03-11 20:35:35,"Busy day on Capitol Hill meeting with @HouseCommerce, @SenMcsallyAZ, @SenatorWicker and @MarshaBlackburn. Our Members of Congress are crucial in supporting @ENERGY and advancing our mission. https://t.co/TH5KLRhCog"
1237795629960704001,2020-03-11 17:40:49,"Congratulations @gen_jackkeane on being awarded America’s highest honor, the Presidential Medal of Freedom by President @realDonaldTrump. Thank you for your leadership and outstanding service to our country. https://t.co/lzQ0FmQxgr"
1237766930611740672,2020-03-11 15:46:47,"RT @ENERGY: Keep your workplace, school, home and community safe during #coronavirus #COVID19 by following these guidelines!
 
For more inf…"
1237455814627135488,2020-03-10 19:10:31,"RT @WhiteHouse: President @realDonaldTrump encouraged all Americans to be vigilant, careful, and calm in response to Coronavirus. https://t…"
1237444585036668930,2020-03-10 18:25:54,RT @ENERGY: DOE is closely monitoring the #coronavirus situation and are playing an active role in helping combat the virus. Click below to…
1237442909609373696,2020-03-10 18:19:14,".@ENERGY is coordinating closely with the @WhiteHouse for a unified response to the #coronavirus. We are actively monitoring this situation and below you can find updates from DOE and our role in this response. 
 
https://t.co/9QCCYzUdw2"
1237412120515444743,2020-03-10 16:16:54,"Also, thank you Captain Nate Martin for your work in my office during my time as Deputy Secretary. It was an honor to present you with the Defense Superior Service Medal for your distinguished service to @ENERGY. https://t.co/LzVPf9KkyN"
1237411535628181504,2020-03-10 16:14:34,Thank you Germantown for having me for your town hall meeting. Your work for @ENERGY is integral to our mission and I’m thankful for your continued hard work and dedication to the Department. https://t.co/7EYxPEQi7V
1237377499534897152,2020-03-10 13:59:19,Tune in LIVE as I join our @ENERGY Germantown campus for an all-hands meeting.  https://t.co/7PEbRrc5R7
1237135968672546818,2020-03-09 21:59:34,"RT @EnergyPress: DOE RESPONDS TO RECENT OIL MARKET ACTIVITY 

https://t.co/MLYrNwsAnW https://t.co/4Bwib1y8jY"
1237037162253746177,2020-03-09 15:26:57,RT @EnergyPress: https://t.co/fPtIh9VDqP
1237036810158714880,2020-03-09 15:25:33,RT @GovNuclear: BARRIER BREAKER: Dr. Rita Baranwal (@DOE_NE1) makes @energy’s list of history-making women in science. She’s the first woma…
1236832167906480128,2020-03-09 01:52:22,"RT @WhiteHouse: ""I'm honored to represent a nation that not only recognizes women around the world who are making a difference internationa…"
1236755574693531649,2020-03-08 20:48:01,"RT @ENERGY: #WomenInPower 💪💥. @ENERGY is committed to advancing women's participation and leadership in the energy workforce, and is proud…"
1236753095662714882,2020-03-08 20:38:10,"On this #InternationalWomensDay and everyday, we celebrate and empower women across @ENERGY to continue breaking barriers and set firsts in our industry. Read more ⬇️
https://t.co/QD0KhnlPHU"
1236075907569369088,2020-03-06 23:47:16,".@Tulane, @UofMaryland and @NorthwesternU will partner with their Israel counterparts to conduct critical research in the fields of energy-water nexus, fossil energy and energy storage."
1236075671643992065,2020-03-06 23:46:19,Proud to sit alongside @Steinitz_yuval to announce crucial research funding up to $27.6 million for three projects under the US-Israel energy centers. https://t.co/HCdLiNHJqe
1236054562332688385,2020-03-06 22:22:27,RT @IEABirol: Wrapping up productive discussions here in DC on the expanding role of US in global energy @SecBrouillette @lisamurkowski @fr…
1236021974264135681,2020-03-06 20:12:57,"Together, let’s help empower the Forum and its member nations, making them a shining example of prosperity and peace for the region and for the world. https://t.co/wXnLzn0vZf"
1236021738376478720,2020-03-06 20:12:01,"This remarkable forum represents the phenomenal rise of abundant, affordable natural gas -- and the overcoming of deep historical differences – which are advancing pathways to peace and prosperity in this vital region. https://t.co/pKa7G70O9D"
1236021352462790656,2020-03-06 20:10:29,"I speak for President @realDonaldTrump, @ENERGY, and the American people when I say that I am incredibly proud of the Eastern Mediterranean Gas Forum and its member nations. https://t.co/468n5b3RmT"
1235987969569406976,2020-03-06 17:57:50,Join me LIVE as I address the Eastern Mediterranean Gas Forum and sit down for a panel discussion after.  https://t.co/fedm2P524e
1235985800283795456,2020-03-06 17:49:12,RT @KerstiKaljulaid: Thank You @SecBrouillette &amp; looking forward to deepening 🇪🇪🇺🇸 #transatlantic bond!
1235926749445263360,2020-03-06 13:54:34,RT @USAmbIndia: Pleased to see enhanced cooperation between #USIndia with regard to solar energy! @SecBrouillette 🇺🇸 🇮🇳
1235712251832778752,2020-03-05 23:42:13,"President @realDonaldTrump and @VP have shown tremendous leadership in response to the coronavirus &amp; continue to monitor the situation to ensure the safety and well-being of all Americans. If it had not been for @POTUS’s aggressive action, we’d be seeing more activity in the U.S. https://t.co/gcwepUFTPV"
1235673650973626368,2020-03-05 21:08:50,"Finally, during this #WomensHistoryMonth it is especially important to highlight and thank you for your work to empower women in the global energy industry. https://t.co/7NzXXYDPdV"
1235673008355897352,2020-03-05 21:06:17,Thank you @IEABirol for your global leadership in energy and for taking the time to come visit us at DOE to share this incredible news. https://t.co/xU4q1rzlEl
1235672788729352194,2020-03-05 21:05:25,"Today the @IEA made clear that the U.S. has become a net oil exporter while simultaneously cutting our carbon emissions in 2019, more than any country in the world including the signatories of the Paris Climate Accord. https://t.co/gco6J6UwdK"
1235641120119496706,2020-03-05 18:59:34,📺Tune in as I join @IEA Director @IEABirol for a press briefing. https://t.co/JBWVyX5lDw
1235352222449504256,2020-03-04 23:51:36,Thank you Chairman @SenAlexander and Ranking Member @SenFeinstein for the opportunity to come before you and the subcommittee today. I look forward to working together to meet our nations energy needs. https://t.co/Yk56ipcqbw
1235351923974434817,2020-03-04 23:50:25,".@ENERGY continues to increase stewardship, accountability, and commitment to excellence. This budget request demonstrates the effective and efficient management of tax payers dollars entrusted to us."
1235351764020453377,2020-03-04 23:49:46,"President @realDonaldTrump and @ENERGY’s focus is on delivering to the Nation the technology, innovation, and capabilities necessary for energy independence, scientific progress, and national security."
1235351544431882244,2020-03-04 23:48:54,Proud to go before the Subcommittee on Energy and Water Development today to discuss President @realDonaldTrump’s 2021 budget for @ENERGY. https://t.co/Fw7wcgS7Hb
1235287686988156930,2020-03-04 19:35:09,📺 Watch LIVE as I go before the Senate Appropriations Subcommittee on Energy and Water Development to discuss President @realDonaldTrump’s FY 2021 budget. ➡️ https://t.co/KZv3Ho0F9W
1235274632028131328,2020-03-04 18:43:17,Our discussions today reaffirmed our commitment to help the Baltic region grow their energy diversity by giving them energy choices. Thank you again President @KerstiKaljulaid for the productive discussion. https://t.co/Ga0ehzVCiE
1235274071589482498,2020-03-04 18:41:03,".@KerstiKaljulaid, thank you for your leadership not only in Estonia, but throughout the region. With such a strong partner, the U.S. can continue to deliver energy options throughout the region. https://t.co/VxJAcLqCdT"
1235273232644747265,2020-03-04 18:37:43,The Baltic nations are essential in advancing Western Democracies and that holds especially true for the nation of Estonia 🇪🇪. https://t.co/EknTtLi2zY
1235262617872207872,2020-03-04 17:55:32,RT @IEABirol: Looking forward to meeting with @SecBrouillette &amp; testifying before the Senate Committee on Energy &amp; Natural Resources in Was…
1235036905261150208,2020-03-04 02:58:38,"RT @SenKevinCramer: My friend @Energy @SecBrouillette stopped by to talk about ND coal and baseload generation, getting 45Q carbon capture…"
1234989989789716480,2020-03-03 23:52:13,Thank you @SenKevinCramer and @SenatorRounds for the opportunity to sit down and meet today. The Dakotas are crucial energy partners and I’m appreciative of your strong leadership in these states and on energy issues. https://t.co/Jwc0KNH1TG
1234911712144510976,2020-03-03 18:41:10,Thank you Chairman @LisaMurkowski and Ranking Member @Sen_JoeManchin for your continued support of @ENERGY and I look forward to continuing our close working relationship in the future. https://t.co/kMkXDsW4z5
1234911510209744897,2020-03-03 18:40:22,"Working with Congress and our industry partners, I am very proud of the Department’s accomplishments over the last three years to advance American energy, promote scientific innovation, and protect America – the results have been significant for U.S. energy and Americans."
1234911213156524036,2020-03-03 18:39:11,"The budget request promotes energy independence, advances scientific research, strengthens U.S. energy security, and enhances the protection of our nation’s security."
1234911106457653248,2020-03-03 18:38:45,It was an honor to appear before @EnergyGOP and @EnergyDems today to discuss President @realDonaldTrump’s FY 2021 budget. https://t.co/l7oMSksvya
1234856368257011712,2020-03-03 15:01:15,📺 Tune in LIVE as I go before @EnergyGOP and @EnergyDems to discuss @ENERGY’s 2021 budget request. https://t.co/ICZAjrUZAa
1234567185198088194,2020-03-02 19:52:08,This #WomensHistoryMonth we celebrate the talented women in @ENERGY who blazed the trail and set a record of firsts in our industry. Read more ⬇️https://t.co/QD0KhnlPHU
1234563401721970691,2020-03-02 19:37:06,"RT @SenatorFischer: Nice meeting with you this morning, @SecBrouillette, and discussing some Nebraska history. I look forward to continuing…"
1234508983895023618,2020-03-02 16:00:52,"RT @SenAlexander: .@ORNL’s Summit, the world’s most powerful supercomputer, involvement in #coronavirus research is a good example of how g…"
1233841927990251523,2020-02-29 19:50:13,"For @ENERGY, the U.S. is set to be a net energy exporter for the first time in my lifetime, which means we are no longer dependent on nations that seek to do us harm for energy. Our increased energy security strengthens our national security."
1233841669935640581,2020-02-29 19:49:12,Great opportunity to discuss national security with @DHS_Wolf today at #CPAC2020. Working together with @realDonaldTrump both our agencies have done extraordinary work to strengthen our national security. https://t.co/ZserkbYknK
1233314691524550656,2020-02-28 08:55:10,RT @KurtykaMichal: It was a fruitful 🇵🇱 - 🇺🇸 Strategic Dialogue on Energy with @SecBrouillette and minister #Naimski. We debated how to enh…
1233173745692479489,2020-02-27 23:35:06,Thank you Chairman @RepMarcyKaptur and @AppropsDems for allowing me to go before you today. I look forward to working with each of you and your staffs to support and achieve the important missions of @ENERGY. https://t.co/RNNp0Wpe04
1233172925999722496,2020-02-27 23:31:51,"The budget demonstrates fiscal discipline and commitment to an efficient and effective Federal government. To that end, @ENERGY will focus spending in innovative areas with the highest return on investment of tax payer dollars."
1233172789412143105,2020-02-27 23:31:18,".@ENERGY is focused on working with Congress to deliver real benefits for the the American people. The FY2021 Budget Request provides a more secure and prosperous future for America by promoting energy independence, progressing scientific research, and protecting the Nation."
1233172635250561025,2020-02-27 23:30:42,"President @realDonaldTrump’s budget request advances global leadership in scientific and technological innovation
through @ENERGY’s National Laboratories, and basic research to support the Administration’s Industries of the Future initiative. https://t.co/3KehneQol1"
1233119837997715457,2020-02-27 20:00:54,"📺 Tune in LIVE as I go before the @AppropsDems to discuss @ENERGY’s 2021 budget request. 
https://t.co/nJJVmEHcIh"
1232795334314725386,2020-02-26 22:31:26,"RT @IntlAffairsDOE: @DoeIntlAffairs was proud to be part of the 3rd US-Poland Strategic Dialogue on Energy with @SecBrouillette, Polish Min…"
1232786875116593156,2020-02-26 21:57:49,"RT @ENERGY: TODAY: @SecBrouillette, Minister Naimski, and Minister Kurtyka held U.S.- Poland Strategic Dialogue on energy

More details.⤵️…"
1232786832095633408,2020-02-26 21:57:39,The United States applauds Poland’s efforts to further invest in critical natural gas infrastructure and diversify their energy supply and suppliers. https://t.co/d5fx5bSIaL
1232786659105759232,2020-02-26 21:56:58,"As more countries look to decrease their reliance on Russian natural gas, Poland has grown into a regional leader in energy security, promoting energy diversity in Europe. Poland has been a strong leader in this effort and is an important partner for U.S. LNG exports. https://t.co/IBLj4b8nLX"
1232786465014325249,2020-02-26 21:56:11,"Engaging Strategic Dialogue today with our counterparts from Poland. Together, the U.S. and Poland will chart a stronger and more prosperous energy future for both countries. https://t.co/ynlFuvyOAr"
1232765773602488330,2020-02-26 20:33:58,"RT @MinKlimatu: Minister @KurtykaMichal podczas 🇵🇱 - 🇺🇸 dialogu strategicznego ds. energii: Chcemy, aby energia jądrowa, jako zeroemisyjne…"
1232721875136065539,2020-02-26 17:39:32,ICYMI: Watch my interview on the U.S.- India Strategic Partnership. 🎥 https://t.co/6UrkFQ55Zf
1232545502970904576,2020-02-26 05:58:42,"RT @IvankaTrump: Rashtrapati Bhavan, Presidential Palace 🇺🇸🇮🇳
📷 Shealah Craighead, White House https://t.co/Kc62UIek6u"
1232443353217683456,2020-02-25 23:12:47,"Congratulations to Katharine MacGregor on her nomination by President @realDonaldTrump and confirmation as Deputy Secretary of @Interior. Her expertise will be an asset to us all, and @ENERGY looks forward to working with her."
1232423538226847745,2020-02-25 21:54:03,"The sky is the limit for energy cooperation between the U.S. and India and thanks to the bold leadership of President @realDonaldTrump and PM @narendramodi, our two nations can finally reach our energy potential."
1232423386208522250,2020-02-25 21:53:27,I am thankful to President @realDonaldTrump and PM @narendramodi for encouraging the Nuclear Power Corporation of India Limited and Westinghouse Electric Company to move forward in finalizing an agreement for the construction of six nuclear reactors in India.
1232423173930602496,2020-02-25 21:52:36,There is strong potential for the United States to help meet India’s goals for diversifying its coal and natural gas imports. We welcome recent commercial arrangements intended to accelerate access to U.S. LNG in the Indian market.
1232423004128382976,2020-02-25 21:51:56,"Through the U.S.-India Strategic Energy Partnership, President @realDonaldTrump and PM @narendramodi are enhancing energy security, expanding energy and innovation across energy sectors, bolstering strategic alignment and facilitating engagement between industry and stakeholders."
1232389864353652737,2020-02-25 19:40:15,"RT @WhiteHouse: Ties are deepening between America and India—including progress toward a BIG trade deal!

More from President Trump's trip,…"
1232368015372685313,2020-02-25 18:13:25,"RT @narendramodi: Yet another excellent meeting and talks with my friend @realDonaldTrump.

Relations between India and USA are not merely…"
1232365152684646402,2020-02-25 18:02:03,RT @EnergyPress: https://t.co/I28ssyrW8U
1232332957932761089,2020-02-25 15:54:07,RT @dpradhanbjp: India’s bilateral hydrocarbon trade with the U.S. has increased exponentially. Both Secy. Brouillette @SecBrouillette and…
1232294309749280768,2020-02-25 13:20:33,RT @rashtrapatibhvn: LIVE: Ceremonial welcome of President @realDonaldTrump at Rashtrapati Bhavan https://t.co/7W4MyV7XAT
1232011056710668289,2020-02-24 18:35:00,RT @realDonaldTrump: https://t.co/UNd3cUGWhz https://t.co/moveFYzKDq
1231966702528757760,2020-02-24 15:38:45,Participated in an insightful roundtable with key energy partners today in India. Our two nations are working together to address common energy challenges and explore new areas of partnerships that will ensure continued economic prosperity and growth for both our nations. https://t.co/mImaeefXf0
1231957292213510144,2020-02-24 15:01:21,"This initiative will create a roadmap for natural gas infrastructure expansion at scale, improving access throughout India to abundant, cleaner-burning natural gas. The U.S. looks forward to increasing LNG exports to India as they work to expand their natural gas consumption. https://t.co/5lRbnk1MUi"
1231956926893830144,2020-02-24 14:59:54,"Congratulations to @exxonmobil, Chart Energy and Chemicals, and @IndianOil_Delhi on signing a historic agreement today to move forward a virtual gas pipeline project that stems from the US-Indian Gas Task Force. https://t.co/YRfhmA78ov"
1231952774465773568,2020-02-24 14:43:24,Thank you for a productive meeting and I look forward to building on the progress we have made and believe the best is yet to come. @ENERGY looks forward to advancing our important collaboration through the U.S.-India Strategic Energy Partnership. https://t.co/JRtIReh4GN
1231939931230154756,2020-02-24 13:52:22,RT @MukeshAghi: The future of US-India Energy Partnership is strong. Relevant discussions with Secretary @SecBrouillette @dpradhanbjp and M…
1231932109016772609,2020-02-24 13:21:17,"RT @dpradhanbjp: Had a good meeting with United States Secretary of Energy, Mr. Dan Brouillette. Congratulated @SecBrouillette and wished h…"
1231931235422752768,2020-02-24 13:17:49,"RT @dpradhanbjp: Co-chaired with US Energy Secretary Dan Brouillette @SecBrouillette, the U.S-India Energy Cooperation Roundtable attended…"
1231902866333413376,2020-02-24 11:25:05,RT @realDonaldTrump: Our two national constitutions both begin with the same three beautiful words: “We the people.” That means that in Ame…
1231891512390275072,2020-02-24 10:39:58,RT @WhiteHouse: LIVE: Namaste Trump Rally https://t.co/Wt3JRner8b
1231873461900972044,2020-02-24 09:28:15,RT @narendramodi: Welcome to India @realDonaldTrump https://t.co/EOweSVwnXG
1231873441705418754,2020-02-24 09:28:10,"RT @PMOIndia: India welcomes you, @POTUS @realDonaldTrump and @FLOTUS @MELANIATRUMP! https://t.co/e53AfhRznm"
1231873345882333185,2020-02-24 09:27:47,RT @narendramodi: Addressing #NamasteTrump with my friend @realdonaldtrump. Join live! https://t.co/yzeG58lS8S
1231789455272501248,2020-02-24 03:54:26,RT @AjitPaiFCC: @POTUS We’re halfway to #India! Enjoying good conversations with trip colleagues like @ENERGY @SecBrouillette and @DFCgov @…
1231609354475966464,2020-02-23 15:58:46,RT @realDonaldTrump: Departing for India with Melania! https://t.co/sZhb3E1AoB
1231592406908383232,2020-02-23 14:51:26,RT @WhiteHouse: President @realDonaldTrump and @FLOTUS are wheels up for India! 🇺🇸🇮🇳
1230608037045526528,2020-02-20 21:39:54,"RT @KayColesJames: Had a great time with @SecBrouillette and the folks at @ENERGY at their Black History Month program. 

BHM isn’t only a…"
1230592191216701440,2020-02-20 20:36:56,@KayColesJames @DrHLWilliams @JamesCamposED @ENERGY I want to ensure these opportunities are available to everyone because we cannot sit idly by and watch people sit on the sidelines. https://t.co/BC3Qfh5bY5
1230591428969082881,2020-02-20 20:33:54,@KayColesJames @DrHLWilliams @JamesCamposED @ENERGY One of my goals as Secretary is to be aggressive in finding HBCUs that can serve as an employment pipeline for us and also finding small and disadvantaged businesses to help get professionals hired early in their careers to help  develop them over time in the #STEM field. https://t.co/PRUZ5svuWC
1230589278264209410,2020-02-20 20:25:21,"Today alongside Under Secretary Menezes, @KayColesJames, former Congressman J.C. Watts, @DrHLWilliams and @JamesCamposED, had the honor to celebrate African American History Month at @ENERGY to recognize the outstanding work that has been accomplished by the community. https://t.co/cag2Y8oXjS"
1230524314232991746,2020-02-20 16:07:13,"Tune in LIVE as @ENERGY hosts a celebration of African American History Month with Under Secretary Menezes, @KayColesJames, former Congressman J.C. Watts, @drhlwilliams and @JamesCamposED. https://t.co/LRf0TsVojv"
1230510499038666753,2020-02-20 15:12:19,"Since the founding of @ENERGY, African American involvement has played a significant role in furthering the Department’s mission. Read about celebrated African American scientists and their substantial impact at DOE. ➡️https://t.co/1O0XcS1wLQ"
1230477911372828672,2020-02-20 13:02:49,"Ambassador @RichardGrenell is a bold and decisive leader, dedicated to combating threats from bad actors around the globe. He’s been an incredible ally on energy security issues, and I look forward to working with him in this new role to keep America strong, safe and secure. https://t.co/ujRx6JCWBb"
1230192386267062273,2020-02-19 18:08:15,RT @ScienceUnderSec: [The Energy Storage Grand Challenge] was announced in January by @SecBrouillette and is a comprehensive program to acc…
1229862285302288384,2020-02-18 20:16:33,RT @USCTO: Congratulations Cheryl!
1229823837510000652,2020-02-18 17:43:46,Welcome to the team @AiDirector! I look forward to working together on the incredible advancements the AI office will achieve. https://t.co/WNoNuG1kie
1229800024856551429,2020-02-18 16:09:09,RT @ENERGY: Welcome to Twitter @AiDirector !🤗🤗
1229465745601564672,2020-02-17 18:00:50,RT @WhiteHouse: Happy Presidents' Day! 🇺🇸 https://t.co/cBdvb5urTE
1229416689399402507,2020-02-17 14:45:54,"We celebrate all U.S. Presidents throughout history and are thankful for their sound leadership, especially our current @POTUS, President @realDonaldTrump. https://t.co/M6SlJCVPov"
1229416174523428866,2020-02-17 14:43:52,This #PresidentsDay we honor the incredible leaders who helped shape our country into the strong and proud nation it is today. https://t.co/6zo7U6IEms
1229119868164689920,2020-02-16 19:06:27,RT @ENERGY: Did you know the White House had #solar panels installed then removed then installed again? In light 💡 of #PresidentsDay weeken…
1229102116808978432,2020-02-16 17:55:54,"RT @ENERGY: #ICYMI: U.S. Department of Energy Issues Four LNG Export Approvals

“The Trump Administration recognizes the importance and inc…"
1228986104210128896,2020-02-16 10:14:55,RT @ENERGY: #ICYMI: @SecBrouillette Statement on @IEA Report: https://t.co/xKJugqhkhd https://t.co/MUv5AfwErB
1228784830755803136,2020-02-15 20:55:08,"Let us stand together, on both sides of the Atlantic, as proud, free nations, and chart a better, brighter energy, economic and political future. https://t.co/3hZoLmfWrD"
1228784611007848453,2020-02-15 20:54:15,.@KerstiKaljulaid thank you for your insight and expertise during this event and I look forward to working together in the future. https://t.co/t4u815KxLV
1228784145725259776,2020-02-15 20:52:24,"Engaging discussions at the Three Seas Initiative roundtable to close out #MSC2020. It is my strong conviction that through the Three Seas initiative, baltic countries are of tremendous geopolitical value in the continued advancement of Western democracies. https://t.co/M5dut4mFmf"
1228764028463460352,2020-02-15 19:32:28,RT @AtlanticCouncil: 🌊🌊🌊 The $1 billion dollar US commitment to develop Central European infrastructure reinforces the #ThreeSeasInitiative…
1228749894933938178,2020-02-15 18:36:18,RT @SecPompeo: Wheels up from @MunSecConf! I look forward to building on #MSC2020's positive momentum through continued cooperation with ou…
1228729337291079680,2020-02-15 17:14:37,RT @KerstiKaljulaid: The Tallinn @3seaseu summit this summer aims to be a summit of consolidation. It is time to set the focus and to decid…
1228728886223044609,2020-02-15 17:12:49,Always a pleasure running into my friend @RichardGrenell. Great catching up during #MSC2020 and thank you for your outstanding leadership throughout Germany. @usbotschaft is in good hands with you at the helm. https://t.co/N5EskMslxO
1228703726103343104,2020-02-15 15:32:51,Thank you President @realDonaldTrump and @SecPompeo for your commitment to helping free our allies in Europe from energy dependency on malign countries. This investment for the #ThreeSeasInitiative proves the U.S. is ready to deliver energy independence throughout Europe. https://t.co/nriSz6SYzi
1228695477119528961,2020-02-15 15:00:04,Cooperation between the U.S. and Israel is essential to combating energy and cyber security risks in the Middle East. Thank you Director General Yigal Unna for lending your advice and expertise on how we can enhance our cybersecurity. https://t.co/Y9NdfWhxem
1228663146820329474,2020-02-15 12:51:36,The United States has a strong delegation present at #MSC2020 showcasing our commitment to bolstering security across the globe. Glad I was able to catch up with Senators @SenatorWicker and @SenJohnBarrasso during the conference. https://t.co/yGJeMr0q29
1228637388995428352,2020-02-15 11:09:15,"RT @EsperDoD: I had a great meeting with Kurdistan Regional Government Prime Minister Marsour Barzani, during which I reaffirmed the US com…"
1228627575058112512,2020-02-15 10:30:15,"Kicking off day two of #MSC2020 listening to my colleagues @EsperDoD and @SecPompeo deliver strong remarks on behalf of the American people. Because of their leadership, the U.S. remains a strong global voice. https://t.co/mPloyzqiae"
1228617478848294912,2020-02-15 09:50:08,RT @SecPompeo: Productive conversation today with Prime Minister @masrour_barzani. I thanked him for his steadfast partnership and commitme…
1228599381101809669,2020-02-15 08:38:13,"For the first time in my lifetime, the U.S. is a net exporter of energy freeing us from dependency on malign nations who do not hold our best interests at heart. President @realDonaldTrump is absolutely correct when saying we are energy independent. https://t.co/zuLs19Hx9s"
1228434752329453568,2020-02-14 21:44:02,"Grateful for the bilateral partnership between the U.S. and Portugal. Together, we can strengthen energy security, LNG trade, and infrastructure development not only in Portugal, but throughout Europe. https://t.co/x2le5kyiQr"
1228419305945079813,2020-02-14 20:42:40,RT @masrour_barzani: Great to speak to you @SecBrouillette. We made very positive progress today and I look forward to us cooperating even…
1228370776493117441,2020-02-14 17:29:49,Great to sit down with @USAmbNATO and SecGen @JensStoltenberg to discuss how the U.S. and @NATO can continue to partner on enhancing energy security throughout Europe. Our transatlantic energy security is national security. https://t.co/jSlYUBXDM1
1228364471103557632,2020-02-14 17:04:46,RT @USAmbNATO: This afternoon 🇺🇸 @SecBrouillette and I met with SecGen @JensStoltenberg in #Munich to discuss #EnergySecurity in Europe. @N…
1228357905843290112,2020-02-14 16:38:41,Thank you Prime Minister  @masrour_barzani for taking the time to meet at #MSC2020 and I look forward to our future cooperation. https://t.co/zToIP8JysW
1228357656751947783,2020-02-14 16:37:41,The U.S. and KRG have ample opportunities to increase energy security in the region and have major U.S. investment in the Kurdistan energy sector. Prime Minister @masrour_barzani shares our optimism for US-KRG energy opportunities. https://t.co/RbdNADB7p8
1228336969777741824,2020-02-14 15:15:29,"RT @ENERGY: BREAKING: Today, President Donald J. Trump signed an Executive Order to include the U.S. Secretary of Energy as a member of the…"
1228336843189415937,2020-02-14 15:14:59,"Read my full statement ⬇️
https://t.co/8NEPIBYM2f"
1228336464301379584,2020-02-14 15:13:29,We look forward to working across the federal government and with industry to renew our commitment to space.
1228336297699229697,2020-02-14 15:12:49,".@ENERGY, through our nuclear R&amp;D, has long provided the capabilities to provide fuel for spacecraft for deep space missions."
1228336090177622018,2020-02-14 15:11:59,"Under President @realDonaldTrump’s leadership, we will unlock the mysteries of space and empower our commercial partners to see the untapped potential in space."
1228335906374864897,2020-02-14 15:11:16,.@ENERGY is proud to become an official member of the National Space Council to further efforts toward American leadership in scientific advancement and space exploration.
1228334815243427843,2020-02-14 15:06:55,RT @masrour_barzani: My first meeting at #MSC2020 was with @SecBrouillette to discuss how US companies can help the development of the Kurd…
1228314579136131072,2020-02-14 13:46:31,RT @KadriSimson: A great meeting with good colleague and partner @SecBrouillette to discuss cooperation in the fields of renewables technol…
1228295905624850433,2020-02-14 12:32:19,"ICYMI: 📺Watch my interview with @_HadleyGamble during #MSC2020 where we discuss American energy independence, global oil markets and European energy security. ⬇️ https://t.co/bBfT4t2XIo"
1228287285788962816,2020-02-14 11:58:04,Always a pleasure running into former @ENERGY Secretary @ErnestMoniz. Great catching up and hope you enjoy the rest of #MSC2020. https://t.co/Faq1qjdn9Z
1228274567686131712,2020-02-14 11:07:31,RT @usbotschaft: .@SecBrouillette speaks with #EU Commissioner of Energy @KadriSimson about supply diversification in #Europe and how the U…
1228266156479221761,2020-02-14 10:34:06,"Enjoyed meeting with @KadriSimson on the sidelines of #MSC2020. Energy security is a cornerstone of the transatlantic relationship and 
I look forward to working with you on our shared goals for enhanced
transatlantic energy security, renewable energy innovation, and LNG trade. https://t.co/PZvTOGR0ee"
1228240773277028353,2020-02-14 08:53:14,"Starting off #MSC2020 by talking American energy independence, European energy security and global oil markets with @_HadleyGamble on @CNBCi. Thank you for having me on! https://t.co/nPwIfmV8Zu"
1228227796989661186,2020-02-14 08:01:40,RT @themmagraham: Tune in to @CNBCi this morning for @_HadleyGamble’s First On interview with @SecBrouillette here at the @MunSecConf https…
1228086939275931651,2020-02-13 22:41:57,"The U.S. views it as our responsibility as the global leader for energy supply, energy storage and energy technologies to pursue all paths of innovation that strengthen energy security around the world, now and in the future. https://t.co/xK2Mf7QOSr"
1228086828915400704,2020-02-13 22:41:31,Closing out a successful trip to Lisbon with a roundtable discussion with AMCHAM and the Confederation of Portuguese Industry about enhancing energy partnerships in the region. https://t.co/JudBj37sWD
1228004906201755648,2020-02-13 17:15:59,I encourage the U.S. Senate to expeditiously confirm him. I look forward to continuing to serve alongside my friend and colleague to advance U.S. energy independence and security.
1228004597073096706,2020-02-13 17:14:45,I am pleased President @realDonaldTrump intends to nominate Mark W. Menezes to be the next Deputy Secretary of Energy. He has served as Under Secretary of @ENERGY since November 2017 and the Department has thrived under his steady leadership and expertise. https://t.co/jSplVYrqZs
1227929841128951808,2020-02-13 12:17:42,"RT @ARPAE: In 2018, we announced our Grid-Optimization Competition, and today we’re excited to have @ENERGY @SecBrouillette announce that w…"
1227862505340514304,2020-02-13 07:50:08,"RT @ENERGY: DOE @ScienceUnderSec talks investing in Antarctica, #NationalLab system and more: Q&amp;A https://t.co/RDI714DLSm

#FoxNew"
1227720575612792834,2020-02-12 22:26:09,The @iaeaorg continues to bring the world together to facilitate important conversations on fostering nuclear security throughout the world. Leaving #ICONS2020 ready to turn these conversations into action. https://t.co/naDYPbvinB
1227630062343794689,2020-02-12 16:26:29,The U.S. is a key energy partner to Portugal and remains committed to working with Europe to diversify its energy supplies. https://t.co/cj6Dv54SPv
1227629118306553859,2020-02-12 16:22:44,"The Port of Sines is a vital and strategic asset that is important to Portugal, the EU and the United States. I had the opportunity to see this world-class facility up close alongside @iestruturas_pt Minister @PNSpedronuno. https://t.co/vApYYwCVMG"
1227621379580866562,2020-02-12 15:51:59,"RT @iestruturas_pt: Em #Sines, os governantes e Embaixador norte-americano visitaram o #TerminalXXI, onde foi apresentado o Plano de Expans…"
1227585465802424324,2020-02-12 13:29:17,"RT @antoniocostapm: Recebi o Secretário da Energia dos EUA, @SecBrouillette, com quem discuti o reforço da ligação entre #Portugal e os Est…"
1227563169968574465,2020-02-12 12:00:41,Productive meeting with Foreign Minister Augusto Santos Silva in Lisbon. I’m grateful for Portugal’s role as a major U.S. LNG importer and I am confident the best is yet to come between our two countries. 🇵🇹 🇺🇸 https://t.co/Q8dufZNASB
1227552031621222401,2020-02-12 11:16:25,RT @EnergyPress: https://t.co/N5MT6qyY2t
1227543284379197444,2020-02-12 10:41:40,Honored to sit down with Portugal’s Prime Minister @antoniocostapm to discuss how our two allied nations can continue to collaborate on energy and national security. The U.S. looks forward to strengthening our relationship with Portugal. https://t.co/ezBbOXzNGw
1227542813119778817,2020-02-12 10:39:47,Thank you Minister Matos Fernandes for the warm greeting to Portugal and welcome to the office of Prime Minister @antoniocostapm. https://t.co/e9YMLfr8bj
1227536567302066177,2020-02-12 10:14:58,Kicking off my trip to Lisbon meeting with @USAmbPortugal discussing how the U.S. can better cooperate in energy with Portugal. I’m thankful for Ambassador Glass’ leadership in the country and excited for to see how the U.S. and Portugal can continue to work together. https://t.co/IGDsfWe2iX
1227526420513075201,2020-02-12 09:34:39,RT @USEmbPortugal: @USAmbPortugal  welcoming @SecBrouillette to Portugal. @SecBrouillette will be touring Port of Sines &amp; meeting U.S. and…
1227366940638957571,2020-02-11 23:00:56,@ENERGY remains committed to developing world class technology to help America meet its climate goals while at the same time increasing energy production and growing our economy. Read my full statement ⬇️ https://t.co/kXoUtJe3Wp
1227366412978708482,2020-02-11 22:58:50,"While emissions in other regions rose, global emissions flattened and were offset by reductions in the United States and other nations that have successfully deployed carbon capture, renewable energy, natural gas and nuclear power."
1227366250378035200,2020-02-11 22:58:12,Today’s @IEA report on global emissions is proof positive that innovation and technology are the solution to the world’s climate challenges.
1227296610012585989,2020-02-11 18:21:28,RT @rafaelmgrossi: Had very good exchanges with @ENERGY’s Secretary @SecBrouillette today during #ICONS2020. US has expressed strong suppor…
1227211265199747072,2020-02-11 12:42:20,"In closing, I want to thank @rafaelmgrossi and the @iaeaorg for hosting a successful conference and helping facilitate these critical conversations. https://t.co/fZogaNzCdO"
1227211037746909185,2020-02-11 12:41:26,"The United States will continue to deliver the message that nuclear security is a fundamental imperative. We have an obligation to do our utmost to prevent, detect, and respond to malicious acts and threats involving nuclear and radioactive material. https://t.co/5ZZltqgjPe"
1227210606907985920,2020-02-11 12:39:43,Wrapped up a successful trip to @iaeaorg’s #ICONS2020 by discussing shared values with several of my counterparts from across the world. We agree -  nuclear security and energy security are critical for our future and we are committed to enhancing our efforts in these fields. https://t.co/2VZSNSr7CH
1227166363552288768,2020-02-11 09:43:55,"It focuses on collaboration to advance priorities such as energy storage, security, reliability and resilience. It also continues investment in early-stage research and development at our #NationalLabs to guarantee the U.S. is at the forefront of innovative technology."
1227166106491793408,2020-02-11 09:42:54,President @realDonaldTrump’s budget calls for strategic and impactful investments for @ENERGY. https://t.co/oDNpTzixVg
1227165873338822657,2020-02-11 09:41:58,"Joined @LGHNNSA, Under Secretary Menezes and @ScienceUnderSec last night on a press call to discuss the @ENERGY budget requested by President @realDonaldTrump. https://t.co/1UKDZ0ojh2"
1226929062309814282,2020-02-10 18:00:58,"RT @nadhimzahawi: Fantastic meeting with @SecBrouillette @ENERGY talking about our deep collaboration on nuclear security, transport and R&amp;…"
1226901507523608577,2020-02-10 16:11:28,Great to sit down with @nadhimzahawi on the sidelines of #ICONS2020. The U.K. continues to be one of our strongest allies and the U.S. looks forward to our continued partnership in nuclear energy and  security. https://t.co/lBGmAJrIXe
1226842586939297792,2020-02-10 12:17:21,"RT @LGHNNSA: As @SecBrouillette said in his #US National Statement today, we must further our global efforts to protect, and whenever possi…"
1226842445348003840,2020-02-10 12:16:47,Thank you @LGHNNSA for showing me around the incredible booth the NNSA has set up at #ICONS2020. Thanks to the amazing @ENERGY team for sharing America’s vision for the future of nuclear security. https://t.co/tnRIS4HpBc
1226828732293353473,2020-02-10 11:22:17,"Lastly, I am proud of the men and women from the U.S. who are stepping up and working with @iaeaorg to ensure nuclear security not only for our nation, but the world. https://t.co/Jjk80JAvw7"
1226828501518573568,2020-02-10 11:21:22,"We must not only ensure that no countries use the atom to do us harm; but also recommit ourselves to using the benefits of nuclear energy for peaceful purposes to save lives and usher in a safer, healthier, more secure, and more prosperous world for all. https://t.co/C6HXJOJU3C"
1226828386502356994,2020-02-10 11:20:55,"On behalf of President @realDonaldTrump and the American people, I offer the @iaeaorg our full support as you continue to maintain and enhance a strong, robust and independent Agency that provices technically sound leadership to facilitate the peaceful uses of the atom. https://t.co/QezWVlwKjd"
1226824130181451777,2020-02-10 11:04:00,RT @BogdanAurescu: Excellent meeting w/US Energy Secretary Dan Brouillette at #ICONS2020: we addressed 🇷🇴🇺🇸 joint priorities on energy secu…
1226814067169546241,2020-02-10 10:24:01,Join me LIVE as I deliver the U.S. National Statement at @iaeaorg’s Conference on Nuclear Security. #ICONS2020  https://t.co/O6arAeB8ya
1226546249618333697,2020-02-09 16:39:48,"Thank you for the warm welcome Ambassador Wolcott! Excited to be in Vienna for @iaeaorg’s Conference on Nuclear Security. These conversations are crucial in ensuring a safer, more secure world. #ICONS2020 https://t.co/1M8jjwz6FO"
1225867724708089857,2020-02-07 19:43:35,"RT @CERAWeek: We are delighted to announce that @SecBrouillette, Secretary of Energy, United States Department of @ENERGY will deliver the…"
1225834055121371137,2020-02-07 17:29:48,Make no mistake: America’s incredible energy success story means the transformation of both sides of the Atlantic – and indeed the world -- in truly wonderful ways. https://t.co/NWwyVXQ0fo
1225833831216926720,2020-02-07 17:28:54,"To further innovation, I am announcing today up to $64 million in federal funding for research and development under our Coal FIRST initiative. This can help us not only to produce more coal more efficiently, but to transform it into a near-zero-emissions energy source. https://t.co/aWSxpwDpVv"
1225833645254041600,2020-02-07 17:28:10,"Under President @realDonaldTrump’s leadership, we’ve removed draconian regulations on energy, and made innovation the cornerstone of our policy. Simply stated, following a long struggle between innovation and regulation, innovation is clearly prevailing."
1225833477771333633,2020-02-07 17:27:30,"It was great to be back here at the @AtlanticCouncil for today’s discussion on U.S. energy priorities abroad. In the span of a few short years, the United States has gone from an energy-dependent country to an energy-independent nation sharing its abundance with the world. https://t.co/6JsKf5S8I7"
1225816251378827265,2020-02-07 16:19:03,"RT @ENERGY: ""To further innovation, I am announcing today up to $64 million in federal funding for innovative research and development unde…"
1225816081278947328,2020-02-07 16:18:22,"RT @realDonaldTrump: Nevada, I hear you on Yucca Mountain and my Administration will RESPECT you! Congress and previous Administrations hav…"
1225806350317387782,2020-02-07 15:39:42,Tune in LIVE as I address the Atlantic Council Conference on U.S. Energy Priorities Abroad. https://t.co/HPPy9b4bs1
1225555979573637125,2020-02-06 23:04:49,Thanks for stopping by @jkenney! Great speaking with you and thankful we have such a strong energy partner north of our border. Looking forward to further bolstering our cross border energy and infrastructure cooperation. https://t.co/C49wk0yuX5
1225553808165568512,2020-02-06 22:56:12,"RT @jkenney: Very productive 45 minute meeting with United States Secretary of Energy Dan Brouillette @SecBrouillette. 

I thanked him for…"
1225532295743971330,2020-02-06 21:30:43,"RT @JamesCamposED: 🗓️Join us on Feb 20th to celebrate #BlackHistoryMonth. Featuring @SecBrouillette, @KayColesJames, fmr congressman Julies…"
1225203778976206849,2020-02-05 23:45:18,Thank you @SteveScalise for a productive meeting today and for giving me the flag that flew over the Capitol during my confirmation! @ENERGY is grateful to have such a strong partner on Capitol Hill. https://t.co/pkK0Vjj64x
1225176899514773504,2020-02-05 21:58:30,"RT @EnergyPress: #ICYMI: @SecBrouillette visited Brazil to participate in the #USBEF

Read  here: https://t.co/NP8SPX6cir https://t.co/1BOJ…"
1225112722586521600,2020-02-05 17:43:29,"On behalf of President @realDonaldTrump, the American people and @ENERGY, thank you @Minas_Energia Bento Albuquerque and the Brazilian government for hosting a very successful US-Brazil Energy forum. https://t.co/P9c1UXPN53"
1224917118296252417,2020-02-05 04:46:13,“Thanks to our bold regulatory reduction campaign the United States has become the number one producer of oil and natural gas anywhere in the world by far.” - President @realDonaldTrump #SOTU https://t.co/Lnh7gXqDDM
1224901788328960000,2020-02-05 03:45:18,RT @WhiteHouse: https://t.co/7W3zBFkyVU
1224900616461389824,2020-02-05 03:40:39,RT @EnergyPress: #SOTU  Press Release: @SecBrouillette Applauds President @realDonaldTrump's State of the Union Address https://t.co/BWVVGV…
1224898392402382848,2020-02-05 03:31:48,#SOTU https://t.co/vGJi1l43vI
1224898253524697088,2020-02-05 03:31:15,"While exporting LNG to 37 countries across 5 continents, we are sharing our energy bounty with our allies around the world, and look forward to building upon our progress in the months to come. https://t.co/hVT9QVjIhb"
1224898099639996419,2020-02-05 03:30:39,"America has become energy independent this year, leading the world in oil and gas production as well as carbon emissions reductions, notably surpassing every Paris Accord signatory. https://t.co/ft2pd9uCQV"
1224897955234185216,2020-02-05 03:30:04,"Under President Trump’s leadership, it is innovation, not regulation, that drives our nation’s energy success. https://t.co/GKW6yXseEv"
1224846241084952576,2020-02-05 00:04:35,We are in the midst of a great American comeback thanks to the leadership of President @realDonaldTrump. I look forward to joining the president tonight and hearing his optimistic and strong #SOTU address. https://t.co/SqwiQ5qEQi
1224486802813259776,2020-02-04 00:16:18,"RT @ENERGY: Today, @secbrouillette witnessed the signing of a MOU increasing bilateral cooperation between the U.S. and Brazilian nuclear i…"
1224486394111963138,2020-02-04 00:14:40,I’m leaving this beautiful and vibrant nation with a determination to ensure our best days lie ahead for our two countries. https://t.co/XMyzqA687k
1224463808091054080,2020-02-03 22:44:55,Thank you again to the Brazilian government and especially Energy Minister Bento Albuquerque for a successful forum and constructive discussions on how we can continue to partner in energy. https://t.co/5dICmmDzBZ
1224462889798512640,2020-02-03 22:41:17,The U.S. and Brazil are on a charted path to a revitalized relationship started by our Presidents. A critical piece of that journey is cooperation in energy. https://t.co/0GVNp0j1iG
1224379850846281730,2020-02-03 17:11:18,"We discussed the importance of innovation, and a regulatory climate that welcomes energy investment and trade. We commended Brazil’s efforts to begin modernizing its own regulatory framework in oil, gas, and electricity. https://t.co/DJS2IuxhlN"
1224379389883899905,2020-02-03 17:09:29,"During the Ministerial talks today, we had a robust discussion on a range of areas including Oil &amp; Gas, Civil Nuclear Energy, and Power &amp; Energy Efficiency. https://t.co/KlBTZy7B9o"
1224379244303867906,2020-02-03 17:08:54,Thank you Minister Bento Albuquerque for hosting a dynamic and productive bilateral dialogue today. I hope this is just the beginning of a close working relationship during this exciting time in energy for Brazil and the United States. https://t.co/Xm1BrORBxB
1224349940211757057,2020-02-03 15:12:27,Join me LIVE as we witness a historic MOU signing in Brazil! https://t.co/BzBnG3K7iI
1224079143647817728,2020-02-02 21:16:24,"Harnessing nuclear energy strengthens energy security and in so doing, it advances economic security and it bolsters national security -- not just for our own country but for our friends, allies, and trading partners, including those across our Western Hemisphere. https://t.co/bQpHPtZ54t"
1224078970200711168,2020-02-02 21:15:43,The robust presence of U.S. Government and industry leaders is indicative of our strong desire to partner with Brazil as it looks to expand its civil nuclear power program. https://t.co/v60IbvQir8
1224078704588009472,2020-02-02 21:14:40,"Thank you to @NEI for hosting a dynamic and productive roundtable discussion today, comprised of US Government and US nuclear industry leaders who have traveled here to Brazil. https://t.co/fWPE1Z7oVe"
1223981958306377729,2020-02-02 14:50:14,Humbled to stand at the foot of Christ the Redeemer in Rio. This triumphant symbol is a figure for peace and prosperity throughout South America and the world. https://t.co/fECXdTgeHm
1223736978644049922,2020-02-01 22:36:46,Excited to be in Rio de Janeiro this weekend for the U.S.-Brazil Energy Forum Ministerial Meeting. This important partnership is integral for energy prosperity and security in Brazil and throughout South America. https://t.co/fZOT8wvP3i
1223003820537585667,2020-01-30 22:03:27,RT @EmbaixadaEUA: Secretário de #Energia dos EUA @SecBrouillette vem ao Brasil para o Fórum de Energia Brasil-Estados Unidos. Saiba +: http…
1223003541645799424,2020-01-30 22:02:21,"RT @ENERGY: #NEWS: @SecBrouillette Applauds IAEA For Selecting the United States to Host the 2021 Nuclear Power Ministerial. 👏🇺🇸

Read more…"
1223002543422431232,2020-01-30 21:58:23,"This event will occur at a defining moment when @iaeaorg members will work together to unlock the full power and potential of safe, reliable, and clean nuclear power around the globe."
1223002123618615297,2020-01-30 21:56:43,The United States is honored to be selected as the host of the 2021 Nuclear Power Ministerial and we thank the @iaeaorg for the opportunity to lead this important international dialogue.
1222909769251540992,2020-01-30 15:49:44,"RT @ENERGY: This morning, @SecBrouillette discussed America’s spectacular energy revolution in his keynote address at the Kentucky Energy M…"
1222890306363895808,2020-01-30 14:32:23,"In closing, I am convinced the best is yet to come for American energy and that our energy future is more prosperous, secure, and free than ever imagined. https://t.co/5BfNzhFpjl"
1222888396164620289,2020-01-30 14:24:48,"This deal will bolster our energy and trade cooperation throughout North America - creating jobs and opportunities for Kentuckians and all Americans. Thank you to the Members of Congress who worked hard to move this important deal, including Kentucky’s @senatemajldr."
1222887471161192451,2020-01-30 14:21:07,"While we lead the world in reducing carbon emissions, our economy continues to soar. This impressive economic growth extends beyond energy. Under the brilliant #USMCA deal, up to 600,000 jobs will be created across all sectors."
1222887306639691777,2020-01-30 14:20:28,"Thanks to @realDonaldTrump’s policies, America has seen a spectacular energy revolution. We are producing energy more abundantly and more cleanly than we ever thought possible."
1222887092474273792,2020-01-30 14:19:37,"Great to be in Lexington, KY today addressing the 9th Annual Kentucky Energy Management Conference at the @KyChamber. Every state, including Kentucky, has an essential role to play in our energy revival. https://t.co/NyC5hTovdk"
1222563286987821056,2020-01-29 16:52:56,"The #USMCA will

✅ Create 600,000 jobs

✅ Generate $235 billion in economic activity 

✅ Enhance protection for American workers in the environment"
1222563064135942146,2020-01-29 16:52:03,"Thanks to @realDonaldTrump’s leadership, the #USMCA has been delivered and signed at the @WhiteHouse! This historic trade agreement is a huge win for American workers and will help enhance energy cooperation between the U.S., Canada and Mexico. https://t.co/eQiLX8NfbB"
1222553223434842112,2020-01-29 16:12:57,RT @WhiteHouse: LIVE: President @realDonaldTrump signs USMCA! https://t.co/IrVfdzcgzp
1222550670714253312,2020-01-29 16:02:48,"RT @NextRevFNC: Energy @SecBrouillette: USMCA to create 600,000 jobs

""You're going to see more jobs all across the economy, in the automob…"
1222546418306560000,2020-01-29 15:45:54,"RT @WhiteHouse: Signed, sealed, delivered: Today, President @realDonaldTrump puts his signature on USMCA! 🎉 

Watch LIVE at 11:00 a.m. ET!…"
1222532310706413570,2020-01-29 14:49:51,"RT @CommerceGov: #News: #USMCA to create 600,000 jobs: @SecBrouillette @ENERGY @MariaBartiromo @FoxBusiness https://t.co/kIC9eDrXTc"
1222512126172057600,2020-01-29 13:29:38,Thanks for having me @MariaBartiromo! Always glad to discuss the huge trade victory that is #USMCA and share our incredible energy story with the American people. https://t.co/OEytLutqBL
1222499877910913024,2020-01-29 12:40:58,"Thankful to join @MorningsMaria this morning talking #USMCA, oil markets and my upcoming trip to Brazil. Tune in! 📺 https://t.co/5HzTHUItuo"
1222262276402663427,2020-01-28 20:56:49,Appreciated meeting with the Electricity Subsector Coordinating Council today in the Forrestal building. @ENERGY values the work executed by this industry-led group to keep our grid reliable and secure. https://t.co/2p4vTaHUUv
1222206608421347338,2020-01-28 17:15:37,RT @ENERGY: Full house at #InnovationXLab as @ScienceUnderSec takes the stage! https://t.co/XQh4eCxdg0
1221896008273137664,2020-01-27 20:41:24,RT @RepFredUpton: Great to meet with @SecBrouillette today to discuss American energy as we look into the next decade and beyond. 🇺🇸 https:…
1221895843554439173,2020-01-27 20:40:45,RT @ArmyOEI: .@SecBrouillette shares that @ENERGY is well-prepared to defend the power grid and other key infrastructure against cyberattac…
1221842456397910017,2020-01-27 17:08:36,"RT @ENERGY: On this #HolocaustRemembranceDay and the 75th anniversary of the liberation of Auschwitz, we honor and #WeRemember the 6 millio…"
1221806559459774464,2020-01-27 14:45:58,"Productive meeting this morning with @sjmanasco, Under Secretary of the @usairforce. I’m thankful for Shon’s leadership and look forward to working with him in the future. https://t.co/y7AWVAd8ZP"
1220805208407793665,2020-01-24 20:26:57,RT @ENERGY: Yesterday Under Secretary Menezes delivered remarks and toured the #DCAutoshowFloor where he viewed innovative automotive techn…
1220803222086000647,2020-01-24 20:19:04,RT @ScienceUnderSec: The research being conducted in Antarctica will lead us to greater understanding and @ENERGY is working to help push t…
1220428585875451905,2020-01-23 19:30:23,Bernie’s passion and deep knowledge of energy policy have been instrumental during his tenure at @ENERGY and @FERC. His bipartisan work on many important policy issues will have a lasting impact on the energy industry to the benefit of all Americans.
1220428323005894656,2020-01-23 19:29:21,I want to thank my friend Bernie McNamee for his dedicated service to the American people both at @ENERGY and as a Commissioner at @FERC.
1220386889275969537,2020-01-23 16:44:42,RT @EnergyPress: ICYMI: Under Secretary Mark W. Menezes announced @ENERGY’s investment of nearly $300 million in research and funding for s…
1220137062701182976,2020-01-23 00:11:59,"Thank you @EXIMBankUS Chairman Kimberly Reed for a productive meeting today. I enjoyed discussing how @ENERGY and EXIM can work together to support American companies and their exports abroad, while creating U.S. jobs here at home. https://t.co/NNfBgSZ3cU"
1220089249594253312,2020-01-22 21:01:59,"It is up to us to come together, every day, to fulfill the vision and dream Dr. King set for America. Because if we do that, there is nothing we cannot accomplish. https://t.co/pLUbfXVZyI"
1220036239950303237,2020-01-22 17:31:21,Read my full remarks ⬇️ https://t.co/JYtmfmZEas
1220035929202724865,2020-01-22 17:30:07,"Honored to have addressed @ENERGY employees today as we celebrated the life and legacy of an extraordinary man, Dr. Martin Luther King Jr. https://t.co/UyqmyPT4OF"
1220002718762373120,2020-01-22 15:18:09,"RT @ENERGY: TODAY: @SecBrouillette, the Office of Economic Impact and Diversity, and the Blacks in Government Energy Chapter will host a ce…"
1219712255866163201,2020-01-21 20:03:57,"RT @JamesCamposED: Join @SecBrouillette and @deanlife1, Chairman of @DL_Institute, for a celebration of the legacy of #MLK on Wednesday Jan…"
1219280896177647618,2020-01-20 15:29:53,"RT @WhiteHouse: ""Today, we pause to honor the incredible life and accomplishments of Dr. King, who helped shape the Civil Rights Movement,…"
1219266990382166018,2020-01-20 14:34:38,This #MLKDay we celebrate the life and work of an exceptional man who called upon each one of us to live the creed that each person is created equal and their rights must never be denied. https://t.co/yoGywyMUae
1218301123091738629,2020-01-17 22:36:37,"Thanks to @realDonaldTrump’s leadership, #USMCA will help further strengthen energy cooperation between Canada, Mexico and the U.S. https://t.co/GfsBOiiW3P"
1218261904067526657,2020-01-17 20:00:46,"RT @ENERGY: BREAKING: @SecBrouillette Leads US Delegation To Pay Respects To His Majesty Sultan Qaboos

The Secretary expressed deepest con…"
1218261524499877889,2020-01-17 19:59:16,"The United States deeply valued his efforts to strengthen regional security, and we look forward to continuing this strong partnership with Sultan Haitham bin Tariq and our Omani allies."
1218261470401769473,2020-01-17 19:59:03,"I was deeply humbled to pay my respects and honor the life and legacy of His Majesty Sultan Qaboos, a respected leader and strong ally to the United States throughout his rule over the last half century. https://t.co/xhDvB25wGT"
1218254834492674048,2020-01-17 19:32:41,"RT @EsperDoD: On behalf of @DeptofDefense, PTDO ASD for International Security Affairs Katie Wheelbarger joined @Energy @SecBrouillette to…"
1218193875912876034,2020-01-17 15:30:27,"RT @WhiteHouse: President @realDonaldTrump and @FLOTUS attended an amazing college football National Championship game this week, and today…"
1217850122798845953,2020-01-16 16:44:30,"#TBT to an incredible tour of the Hoover Dam that has provided Americans with carbon-free, reliable hydropower since 1936. Fun fact: low-cost dispatchable hydropower accounts for 7% of U.S. electricity generation and 40% of renewable electricity generation. https://t.co/vyIqMCeD0H"
1217810782513221634,2020-01-16 14:08:11,"Proud of the amazing work done at @SandiaLabs and all of our #NationalLabs. Our @ENERGY Labs not only conduct critical research that benefits our nation, but they also have a tremendous impact in their local communities. https://t.co/oiJng50liY"
1217639636220203014,2020-01-16 02:48:06,#EasternMediterranean #NaturalGas from the @nblenergy offshore project will benefit both of your countries and enhance the role of #Israel and #Egypt in strengthening peace and prosperity throughout the Middle East.
1217639582608560128,2020-01-16 02:47:53,Minister @Steinitz_Yuval and Minister El-Molla congratulations on your shared success today!
1216812826985189376,2020-01-13 20:02:39,"Grateful for the opportunity to see the Hoover Dam up close last week. Completed in 1936, this impressive structure stands at 726 feet tall and helps bring power to three states: Arizona, California, and Nevada. https://t.co/x1hW7G9N7D"
1215692162614075393,2020-01-10 17:49:32,RT @masrour_barzani: Productive call with @SecBrouillette discussing US-Kurdistan Region energy relations. Will remain in regular contact a…
1215685179869745160,2020-01-10 17:21:47,RT @EnergyPress: .@SecBrouillette spoke with @Masrour_Barzani by telephone today to convey @Energy’s support for expanding the role of U.S.…
1215430553530503168,2020-01-10 00:30:00,"Oil prices remain stable because America is energy independent. America isn’t beholden to bad state actors in the Middle East, and we stand ready to support our allies’ energy needs. https://t.co/KJeM0CpzVb"
1215415454014963712,2020-01-09 23:30:00,".@ENERGY has the responsibility for cybersecurity threats in the energy sector, and the U.S. is well prepared for cyber-attacks from Iran. https://t.co/iouC8H9YxN"
1215396143611420672,2020-01-09 22:13:16,"Under President @realDonaldTrump’s leadership America is the number one producer of oil and natural gas in the world, America is energy independent, and America doesn’t need Middle East oil. https://t.co/m2RQwxnT7V"
1214939184424603654,2020-01-08 15:57:28,RT @WhiteHouse: Watch President @realDonaldTrump's address to the nation LIVE at 11 a.m. ET: https://t.co/EmsdctGWtd https://t.co/h1dEntlqnX
1214670940019146753,2020-01-07 22:11:34,"Stopped and toured Mead Substation, a major electric power interconnection point in Nevada. This impressive facility delivers power throughout the western United States. https://t.co/ww1wj3Az0s"
1214373874806091776,2020-01-07 02:31:08,"Joined @trish_regan to discuss the new Port Arthur LNG project - one of the biggest LNG facilities in the world. @realDonaldTrump is unleashing American energy, allowing us to diminish our reliance on Middle Eastern oil and take a firm stance against Iran. Tune in 📺 https://t.co/ts2ctoPNLJ"
1214276168142082048,2020-01-06 20:02:53,"RT @ENERGY: ❗B R E A K I N G ❗Today, @SecBrouillette announced that the Department of Energy will award 158 grants totaling $32 million to…"
1214275797185253376,2020-01-06 20:01:24,"Learn more ⬇️
https://t.co/xA1uK3XHww"
1214275614863048704,2020-01-06 20:00:41,These Phase I grants will allow small businesses to research technical feasibility of new innovation that advance the mission of @doescience.
1214275408385867776,2020-01-06 19:59:52,Proud to announce that @ENERGY will award 158 grants totaling $32 million to 118 small businesses in 32 states.
1214246356874715137,2020-01-06 18:04:25,I am proud of the work our #NationalLabs and excited to share what the future holds. I hope to see you in Las Vegas. Read More ⬇️ https://t.co/uB3zRpsPLA
1214246193816952832,2020-01-06 18:03:46,"While here, I’ll explain how our #NationalLabs have paved the way for technological breakthroughs across the board from science and consumer electronics to medicine and food production."
1214246053739786242,2020-01-06 18:03:13,Excited to address the @CES Conference this week in Las Vegas alongside @SecElaineChao and @SecretaryRoss to highlight the importance of innovative technological advancements in the @realDonaldTrump Administration.
1214225533585641473,2020-01-06 16:41:41,RT @ENERGY: 🚨Secretary Brouillette To Deliver Remarks At Consumer Electronics Show. 🚨@SecBrouillette will discuss how innovation at the #Na…
1214214663270887426,2020-01-06 15:58:29,Foreign investment such as this confirms that countries across the globe recognize the energy renaissance happening here at home and are eager to take part. Learn more: https://t.co/ZDtklNCbjD
1214214373180182529,2020-01-06 15:57:20,This project is one of the largest LNG projects in development and will play an important role in strengthening the US global energy trade.
1214214218188066817,2020-01-06 15:56:43,Pleased to hear that Aramco Services Company and Sempra LNG have signed a Project Participation Agreement for the Port Arthur LNG Project.
1213459088291614721,2020-01-04 13:56:06,"RT @USCTO: From AI to 5G, the Trump Administration is committed to American leadership in emerging technology.  

Excited to join @SecElain…"
1213168857281642501,2020-01-03 18:42:49,"I applaud @nblenergy and their partners in Israel for making a historic stride in strengthening regional energy security. With the Leviathan project delivering its first natural gas, Israel will enhance its energy resilience and ensure long-term energy affordability."
1213145093517008896,2020-01-03 17:08:24,RT @USAmbIsrael: Proud of Houston-based Noble Energy &amp; Israeli partners for their contribution to Israel’s growing energy independence. Wit…
1213095801934819328,2020-01-03 13:52:32,RT @SecPompeo: Iraqis — Iraqis — dancing in the street for freedom; thankful that General Soleimani is no more. https://t.co/huFcae3ap4
1213095035006263296,2020-01-03 13:49:29,RT @EsperDoD: To Iran &amp; its proxy militias: we will not accept continued attacks against our personnel &amp; forces in the region. Attacks agai…
1213094921080594432,2020-01-03 13:49:02,Iran’s malign activity worldwide has been driven by bad actors like General Soleimani for far too long. Thanks to @RealDonaldTrump for his swift and decisive action to eliminate this terrorist and defend the United States.
1212761699058683904,2020-01-02 15:44:55,"RT @CTATech: We're excited to welcome @SecretaryRoss, @SecElaineChao and @SecBrouillette along with more than 150 government officials from…"
1212424669485244418,2020-01-01 17:25:41,RT @ENERGY: Celebrate the #NewYear with us! 🎉 DOE and DOE's #NationalLabs had many notable achievements in 2019. We are thankful to all who…
