id,created_at,text
1247222636536631296,2020-04-06 18:00:23,"To position the economy for a quick rebound after containing coronavirus, we must maintain the relationship between employers and workers. @SBAJovita and I have an op-ed about this and more: https://t.co/GlYy62gDJ2"
1247206014635716608,2020-04-06 16:54:20,The $600 weekly unemployment compensation boost in the #CARESAct will provide valuable support to American workers and their families during this challenging time. @USDOL published guidance to help States administer this key benefit. https://t.co/k61nb6PFrQ
1246153868037230596,2020-04-03 19:13:29,Read my statement on the March jobs report released today: https://t.co/220GvFqrBN
1245428135774113797,2020-04-01 19:09:41,The #FFCRA and its unprecedented paid leave provisions reflect @POTUS’s commitment to supporting American workers and their families. @USDOL has now issued a rule that will help businesses comply with the new requirements. https://t.co/AF9LeueaTy
1243682810210254848,2020-03-27 23:34:23,".@POTUS just signed the Coronavirus Aid, Relief, and Economic Security Act to support America’s workers, families, and businesses as we all work together to defeat the coronavirus. #CARESAct"
1243221262106755075,2020-03-26 17:00:21,Read my statement on today’s unemployment insurance claim numbers: https://t.co/2gdox5hDPh
1243214300413603841,2020-03-26 16:32:41,RT @IvankaTrump: Check @USDOL’s guidance on how your paid family and medical leave + paid sick leave works under the #FamiliesFirst Coronav…
1242178722595328002,2020-03-23 19:57:40,I’ll be joining the @GuyPBenson radio show at 4 p.m. ET to discuss how @POTUS’s Administration is supporting workers and employers affected by the coronavirus.
1242172333751664640,2020-03-23 19:32:17,I’ll be joining the @VickiMcKenna Show in Wisconsin at 2:33 p.m. CT to discuss @USDOL initiatives to support workers and strengthen our economy at this critical time.
1242108523435233280,2020-03-23 15:18:43,Tune in to @FoxBusiness at 11:30 a.m. ET. I’ll be on @Varneyco to discuss how @POTUS and @USDOL are combating coronavirus and sustaining workers during this difficult time. https://t.co/4Q0vX9adie
1241421822081536000,2020-03-21 17:50:01,"RT @SecretarySonny: To the heroes in the U.S. food supply chain, we salute you. https://t.co/3wIUuNtUpb"
1240774754254163974,2020-03-19 22:58:48,".@POTUS signed the bipartisan Families First Coronavirus Response Act last night to support Americans affected by COVID-19. The bill includes paid family and sick leave for employees of small businesses, and dollar for dollar reimbursement for the businesses providing the leave."
1240422623978323971,2020-03-18 23:39:34,"“If all of us can take these important steps requested by the president over the next two weeks, then we can be confident that we will get through this, and we will see a better, healthier future for America.”

Read @VP’s op-ed on fighting the coronavirus:
https://t.co/cWr60Na95G"
1240413618610601986,2020-03-18 23:03:47,RT @USDOL: .@USDOL announced the availability of up to $100 million in National Health Emergency Dislocated Worker Grants in response to CO…
1240050715810246656,2020-03-17 23:01:44,"Job openings increased to 7 million at the end of January, according to data released today by @BLS_gov. The fight against coronavirus begins from a place of great economic strength. We will return to that place. https://t.co/Vh6lDnzKxR"
1239967121469100040,2020-03-17 17:29:33,"Every American can help slow the spread of coronavirus by following the President’s Coronavirus Guidelines for America.

Do your part to slow the spread.

https://t.co/sOQU49yAKA @POTUS @CDCgov https://t.co/5dZf3AKCA5"
1239692808145027075,2020-03-16 23:19:32,"Good news from Canada. Their recent ratification of #USMCA will bolster job creation and GDP, adding a much-needed boost to our economy."
1238782148515180544,2020-03-14 11:00:54,"This was an important week @USDOL, as we announced a flexible, innovative way to quickly expand apprenticeship in telecommunications, health care, cybersecurity, and other sectors where apprenticeships are not widely available ➡️ https://t.co/LNIRYTqT14 #IRAPs"
1238574168473509888,2020-03-13 21:14:28,".@POTUS’s national emergency declaration gives federal, state and local government valuable flexibility and the resources to swiftly respond to coronavirus. Find the latest from @USDOL: https://t.co/4Q0vX9adie"
1238185523237265408,2020-03-12 19:30:07,Today @USDOL announced guidance outlining flexibility states have in administering unemployment insurance to affected Americans. @POTUS’s Administration is working to decrease the risk of coronavirus and assist affected employees. https://t.co/L12CPH5AoX
1238179836566417409,2020-03-12 19:07:31,"An excellent address to the American people by @POTUS last night—accompanied by strong action to address #coronavirus. The safety, security, and health of the American people are the President’s top priority. @USDOL will continue fighting to keep workers safe and healthy."
1237738527942639616,2020-03-11 13:53:55,RT @BetsyDeVosED: Tremendous work by @SecGeneScalia and @DOL to expand industry recognized apprenticeships! These important earn-and-learn…
1237477836245676032,2020-03-10 20:38:02,Read OSHA’s new guidance on steps employers and workers can take now to be prepared in the event of coronavirus in the workplace. https://t.co/VnwBDgN0PN
1237370070562672640,2020-03-10 13:29:48,.@USDOL’s new Industry-Recognized Apprenticeship program rule fulfills the recommendations of @POTUS’s Task Force on Apprenticeship Expansion ➡️ https://t.co/LNIRYTqT14 #IRAPs
1237364726704885760,2020-03-10 13:08:34,".@USDOL’s new rule offers employers, community colleges, and others a flexible, innovative way to quickly expand apprenticeship in telecommunications, health care, cybersecurity, and other sectors where apprenticeships are not widely available. https://t.co/LNIRYTqT14 #IRAPs"
1236019448710131712,2020-03-06 20:02:55,RT @WhiteHouseCEA: The unemployment rate has been at or below 4% for TWO YEARS 🎉 #JobsDay
1236014848959483904,2020-03-06 19:44:38,"RT @WhiteHouseCEA: 🚨 🚨 🚨 273,000 NEW JOBS in February! Demolishing market expectations AGAIN by nearly 100,000 this time #JobsDay https://t…"
1236011198224773120,2020-03-06 19:30:08,The blue collar boom continued in February. Wages grew 3% year-over-year. Production and non-supervisory workers’ wages increased even faster than managers’. February marks the 19th consecutive month that wages grew at or above 3%. https://t.co/Z9ZzDmhVH1 #JobsReport https://t.co/SIPHU5oMM6
1236007455013863425,2020-03-06 19:15:15,"The unemployment rate for adult women fell, matching the lowest rate since 1953. https://t.co/Z9ZzDmhVH1 #JobsReport https://t.co/m9FI1HD3M8"
1236003689615237125,2020-03-06 19:00:18,"The unemployment rate dropped last month to 3.5%, the lowest level in 50 years, and has remained at or below 4% for two years. https://t.co/Z9ZzDmhVH1 #JobsReport https://t.co/GQquUfEBAJ"
1235998364489089027,2020-03-06 18:39:08,"February’s jobs report far exceeded expectations with a surge of 273,000 jobs created. https://t.co/Z9ZzDmhVH1 #JobsReport https://t.co/WZuWgDAoJB"
1233426216906088453,2020-02-28 16:18:20,"A big thank you to @ACUConservative and @SecElaineChao for a great conversation on @POTUS’s efforts to unleash the American economy. We’re cutting red tape, creating jobs, and training our future workforce by closing the skills gap. #CPAC2020 https://t.co/h32MVRNqCK"
1233192608874319872,2020-02-28 00:50:04,"Tonight I was pleased to join @POTUS at the @WhiteHouse to honor the contributions made by African Americans to our nation’s history, economy, and culture. #AAHM"
1232826988567638022,2020-02-27 00:37:13,"I’m preparing to leave Madison, WI, and just received the news about the terrible shooting in Milwaukee, which we were visiting yesterday. My thoughts and prayers are with the victims, their families, and the people of that great city."
1232791886559162368,2020-02-26 22:17:44,"At @WisconsinMC’s Business Day in Madison, I discussed, with hundreds of business leaders, how @POTUS’s policies have led to our strong economy. I also challenged them to join @USDOL in closing the skills gap and bringing American workers off the sidelines. #BlueCollarBoom https://t.co/KMMUcikAT8"
1232500599905632256,2020-02-26 03:00:16,"During a tour of the Milwaukee Job Corps Center, I had the opportunity to meet students learning valued skills and gaining certifications in fields such as cement masonry, manufacturing technology, welding, and material handling. https://t.co/GVOEITWmrB"
1232493011860254722,2020-02-26 02:30:07,"I had an informative roundtable discussion with business leaders in Milwaukee. @POTUS’s Administration is helping them grow and create jobs by:
 
• Cutting red tape
• Securing fair trade deals #USMCA
• Training skilled workers through apprenticeship https://t.co/oZUyTmXV7k"
1232486905381441536,2020-02-26 02:05:51,"At @ROKAutomation in Milwaukee, veterans learn advanced technical skills in the Academy of Advanced Manufacturing, an on-the-job training program that prepares them to be skilled contributors to our nation’s manufacturing sector. #MadeInAmerica https://t.co/HBpg4IlxFo"
1232352668653367301,2020-02-25 17:12:26,"I’m on my way to Wisconsin to meet with manufacturers, business and civic leaders, educators, and American workers learning new skills. From trade agreements to deregulation to expanding apprenticeships, @POTUS’s policies are creating opportunity for all Americans. https://t.co/tK8oVsGhSz"
1230967115110322176,2020-02-21 21:26:45,".@POTUS’s economic report to Congress shows how the economy is booming and creating opportunities for all Americans. I joined @AmericaNewsroom this morning to discuss the report and the President’s policies that made it possible, from deregulation, to #TaxCuts, to #USMCA. https://t.co/lx77mG024l"
1230250425225555968,2020-02-19 21:58:52,"RT @RepTedBudd: This morning, we welcomed @USDOL @SecGeneScalia to North Carolina to tour Egger Wood Products in Lexington. 

Always glad t…"
1230210624740896770,2020-02-19 19:20:43,RT @RepRichHudson: Thank you @SecGeneScalia for spending your Presidents’ Day in North Carolina. Look forward to working with you and the T…
1229877790083833862,2020-02-18 21:18:09,".@USDOL just announced $100 million in grant awards— including nearly $6 million for @NCState—to expand apprenticeships into new industries like advanced manufacturing, artificial intelligence, healthcare, and cybersecurity. https://t.co/KwU3l8ELO6"
1229827159826538498,2020-02-18 17:56:58,"Thank you, @GSOChamber, for hosting a great discussion with local business leaders on apprenticeships, deregulation, closing the skills gap, and #USMCA. https://t.co/UocvJMgR3V"
1229804702021410816,2020-02-18 16:27:44,"I met several apprentices at EGGER Wood Products in Linwood, NC—they’re gaining valuable skills that employers need, all without taking on college debt. Learn more ➡️ https://t.co/vigTD4Jq0V https://t.co/WXdrmXhutR"
1229548624318795776,2020-02-17 23:30:10,"It was great to meet workers at #MadeInAmerica @charlottepipe in North Carolina today. 
 
Closing the skills gap, cutting red tape, and securing fair and reciprocal trade agreements like #USMCA and Phase One with China will create even more opportunities for American workers. https://t.co/GtP7zT3XdV"
1229543278304997377,2020-02-17 23:08:56,"Last year, @USDOL awarded @DukeEnergy a #HireVets Medallion Award for the company’s efforts to hire veterans and help them develop meaningful, long-term careers. Applications are now open for 2020 awards ➡️ https://t.co/1RtkZybOwb https://t.co/DT5MsYoM6T"
1229424678479024128,2020-02-17 15:17:39,"I’m heading to North Carolina to meet with business leaders, workers, educators, civic leaders. We’ll discuss the #HireVets Medallion Award, apprenticeship expansion, and a major @USDOL announcement. North Carolina has added ⬆️209,300 new jobs since January 2017. https://t.co/dFGxgZugwL"
1227618116286459911,2020-02-12 15:39:01,"Today, I joined @SecPompeo and @IvankaTrump to celebrate the one-year anniversary of the Women’s Global Development and Prosperity Initiative. As part of this Initiative, @USDOL has helped improve access to quality jobs for 1 million women around the world. #WGDP"
1227370247809830912,2020-02-11 23:14:05,"Exports of American products to foreign countries depend on our ports. Today, I visited @PortTampaBay to learn about their operations and better understand their labor market needs. #USMCA https://t.co/f1iVBFu4Zw"
1227354391138783232,2020-02-11 22:11:04,There have been more job openings than job seekers for 22 straight months according to @BLS_gov data released today. https://t.co/deqS0bpWrP
1227261651117912064,2020-02-11 16:02:33,I had an informative roundtable discussion with @EnterpriseFL and local business leaders in Orlando on growing the economy and developing the workforce. Apprenticeship and work-based learning are critical to preparing the skilled workers needed by our economy. https://t.co/bdLUglYERw
1227215780481306624,2020-02-11 13:00:17,I’ll join Orlando’s Morning News on @News965WDBO in a few minutes to discuss Florida’s strong job market—the state’s unemployment has reached a record low. @TalkRadioJoe
1227214866894786562,2020-02-11 12:56:39,"I’ll be in Orlando and Tampa today. I’m eager to discuss how the President’s priorities, like expanded apprenticeship and deregulation, are helping Florida workers. Florida has added ⬆️579,100 new jobs since January 2017 and has its lowest unemployment rate on record. https://t.co/cyUDY4dVxN"
1225918143744311297,2020-02-07 23:03:56,"RT @WhiteHouseCEA: Average hourly earnings for all private sector workers increased by 3.1% over the past year, the 18th straight month of…"
1225913490856202241,2020-02-07 22:45:27,"RT @WhiteHouseCEA: ⬆️⬆️⬆️ Blowing past expectations once again, job creation surged in January 2020 with 225,000 new jobs added!"
1225900972616097792,2020-02-07 21:55:42,Production and non-supervisory wages increased even faster than managers’ wages. https://t.co/RkxOAt8u22 #BlueCollarBoom #JobsReport https://t.co/YXAIEGLvUI
1225887017248206850,2020-02-07 21:00:15,"For the 23rd consecutive month, the unemployment rate was at or below 4%. https://t.co/RkxOAt8u22 #JobsReport https://t.co/dXvR4xLuqV"
1225879543673688065,2020-02-07 20:30:33,"January’s job report far surpassed expectations with 225,000 jobs created. https://t.co/RkxOAt8u22 #JobsReport https://t.co/ofx3rF0roh"
1225860559809187840,2020-02-07 19:15:07,Deputy Secretary @PatPizzellaDOL discusses how @USDOL is leading on @POTUS’s pledge to cut red tape—delivering $11 billion in regulatory cost savings for American job creators and workers over the last three years. https://t.co/OMlIdzOYkF
1225840430694182912,2020-02-07 17:55:08,"I’ll be on @CNBC at 1 p.m. to discuss the January jobs report. We added 225,000 new jobs, far surpassing expectation. Be sure to tune in."
1225539722472251393,2020-02-06 22:00:13,Initial jobless claims dropped last week to the lowest level in more than 9 months. https://t.co/5aNGjiT8hj
1225528327521390592,2020-02-06 21:14:57,"I was pleased to join people of faith from all corners of the country at the National Prayer Breakfast. Being able to worship freely is a cherished right that must always be defended. A recent @USDOL proposal protects religious freedom:
https://t.co/uY7tSllfZG"
1225188628076408832,2020-02-05 22:45:06,"With 846,200 new jobs in Texas over the last 3 years and more to come with #USMCA, expanding opportunities for workers to learn needed skills is critically important to our workforce and our economy. Thank you, @FTWChamber, for hosting a great discussion on workforce development. https://t.co/G45s6p02CG"
1225179756716548097,2020-02-05 22:09:51,"At the @IEC_National Business Summit, I discussed our strong economy and how the President’s policies, like deregulation and tax cuts, have led to job creation. Thank you @IEC_National for your #PledgeToAmericasWorkers. https://t.co/xwlcmZZzLS"
1225124475223597058,2020-02-05 18:30:11,"For 17 months in a row, year-over-year wages for production and non-supervisory employees have grown at or above 3.0%. #SOTU https://t.co/7aznvJ39ia"
1225113150728679431,2020-02-05 17:45:11,"I’m on my way to Texas to address @IEC_National Business Summit and meet with the @FTWChamber. Texas has added ⬆️846,200 new jobs since January 2017. https://t.co/ioh370bfrl"
1225109375003643907,2020-02-05 17:30:11,"In 2019, the American economy saw record low unemployment rates for:
• African Americans
• Asian Americans
• Hispanic Americans
• Americans with less than a high school diploma
• Americans with disabilities
#SOTU https://t.co/KuRdDOOznH"
1225099345743224833,2020-02-05 16:50:19,Unemployment is at a 50-year low of 3.5%. #SOTU https://t.co/Hh6gF4WLM6
1224750310465396736,2020-02-04 17:43:23,"@STIHLUSA U.S. manufacturing has added 487,000 jobs since January 2017—a reflection of decisions made by @POTUS on taxes, deregulation, and trade. #MadeInAmerica https://t.co/8sLpOP2jk2"
1224749991421448193,2020-02-04 17:42:07,"With a strong commitment to apprenticeships as a way to train workers, @STIHLUSA prepares its employees for successful, highly-skilled careers in manufacturing—helping the business and the community at the same time. They’ve also signed the #PledgeToAmericasWorkers. https://t.co/Zrd74Mos8d"
1224444653853741058,2020-02-03 21:28:49,"Chairman @BobbyScott and I had a great stop at the Virginia Career Works Center in Hampton, VA. Heard about a lot of good things happening here for our workforce. https://t.co/OlNveIsky3"
1224338115126538240,2020-02-03 14:25:28,"I’m heading to southeast Virginia today to tour and meet the workers at a manufacturing facility and to discuss workforce development with business and community leaders. Virginia has added ⬆️115,800 new jobs since January 2017. https://t.co/h4TiAWmvCB"
1223385769030627333,2020-01-31 23:21:11,".@POTUS’s Executive Order is an important step forward in the battle against human trafficking and online child exploitation.

@USDOL fights every day to eliminate human trafficking and other abusive labor practices in the U.S. and abroad. #EndTrafficking"
1223369428122906626,2020-01-31 22:16:15,"Each year, through our #HireVets Medallion Program, @USDOL recognizes employers who demonstrate leadership in recruiting, employing, and retaining veterans. Be recognized—2020 applications are now open. Apply today at https://t.co/9GcD9vAYps. https://t.co/5zw3fq4Fqb"
1223027236229525505,2020-01-30 23:36:30,RT @MiamiChamber: We hosted a roundtable of business leaders to meet with @USDOL @SecGeneScalia regarding apprenticeships and workforce dev…
1223018261450719233,2020-01-30 23:00:50,"At @TRUCKINGdotORG, I discussed the President’s deregulatory efforts and the role apprenticeships play in preparing a 21st Century workforce. Thank you, @TRUCKINGdotORG, for signing the Pledge to America’s Workers, pledging 50,000 workforce opportunities for Americans."
1222975305515782144,2020-01-30 20:10:09,"Next stop, @TRUCKINGdotORG’s executive committee meeting. 464,700 new transportation and warehousing jobs have been created since January 2017. https://t.co/QKsVHKlfSE"
1222972794213994497,2020-01-30 20:00:10,"Through work-based learning, students at the Miami Job Corps Center are preparing for careers in fields such as carpentry, healthcare, culinary arts, and more. https://t.co/5WVpPiNaXb"
1222933968640708608,2020-01-30 17:25:53,"Thank you, @MiamiChamber, for hosting an insightful discussion on workforce development with South Florida employers. From expanding apprenticeship to combating the opioid crisis, @POTUS’s Administration is closing the skills gap and bringing workers off the sidelines. https://t.co/4ZaEOzXVwK"
1222910300002889728,2020-01-30 15:51:50,"I had a great visit at @GaumardInFocus, a company that makes advanced simulators used to train healthcare professionals. We discussed the shortage of skilled healthcare workers and what government, educators, and business can do to address the shortage."
1222871181507862528,2020-01-30 13:16:24,"This morning, I will be visiting an advanced manufacturing plant at a time of record low unemployment in Florida. @POTUS’s Administration is committed to helping all workers secure good jobs in this booming economy. https://t.co/iPHESmrcEK"
1222637761670283266,2020-01-29 21:48:52,"I’m heading to South Florida to meet with workers, business leaders, and students. Florida has added ⬆️579,100 new jobs since January 2017. https://t.co/IPlbuc2tSt"
1222565370826981376,2020-01-29 17:01:13,"Tune in to Fox Business at noon. I’ll be joining @TeamCavuto to discuss how @POTUS’s historic #USMCA trade deal is a win for America’s workers.
 
• As many as 500,000 or more new jobs
• As much as $235 billion in GDP growth"
1222562643568930817,2020-01-29 16:50:22,"BREAKING: @POTUS just signed #USMCA—ensuring fair and reciprocal trade between the United States, Mexico and Canada. This historic trade agreement will boost our already record-setting economy, growing GDP by as much as $235 billion and adding as many as 500,000 or more new jobs."
1221874236907835398,2020-01-27 19:14:54,"Good news for military spouses in Ohio, where @GovMikeDeWine has signed a law that expands occupational licensing recognition and waives license fees. @POTUS’s Administration supports efforts to remove barriers that keep Americans from securing good jobs in our booming economy."
1221160859721969666,2020-01-25 20:00:11,"Happy Lunar New Year! American workers have much to celebrate over the last year. We hit the lowest unemployment rate in 50 years, and the lowest unemployment rate ever for Asian Americans. I wish all an even more prosperous year to come."
1221131239547076611,2020-01-25 18:02:29,"A few of the reasons that economic confidence is highest in two decades:

• Lowest unemployment rate in 50 years
• More job openings than job seekers for 21 consecutive months
• Record low unemployment in 12 states

https://t.co/eOgfXRdQ79"
1220811840642523138,2020-01-24 20:53:19,"We saw a strong state #JobsReport today with 12 states at record low unemployment rates:

✅ New record: Colorado, Florida, Georgia, Illinois, Oregon, South Carolina, Utah, and Washington

✅ Matched record: Alabama, Alaska, California, and Nevada https://t.co/vshvRX8RLe"
1220024009527566345,2020-01-22 16:42:45,RT @IvankaTrump: Our Pledge to America’s Workers is leading a global Reskilling Revolution! #WEF20 #Davos https://t.co/jBaqdeEUPI
1219685602435698694,2020-01-21 18:18:02,"RT @WhiteHouse: Just last week, the United States concluded two extraordinary trade deals that put American workers and families FIRST! htt…"
1219258477228494848,2020-01-20 14:00:48,"Martin Luther King, Jr.: An extraordinary man who made us a better nation by holding us accountable to the vision and principles of our founding. https://t.co/ESv9WFdzl9"
1218281862629679104,2020-01-17 21:20:05,"At the end of November, we had nearly 1 million more job openings than job seekers, according to data released today by @BLS_gov. That’s 21 consecutive months of job openings exceeding job seekers in the U.S. https://t.co/TbWyWniwZZ"
1217636036710424578,2020-01-16 02:33:48,"As we approach two years of having more job openings than job seekers, the effectiveness of government and the private sector in developing workforce skills is more important than ever. Thanks @eddesignlab for hosting a great conversation on this topic tonight."
1217526935368192000,2020-01-15 19:20:16,"Congratulations, Julie Hocker, on being nominated by @POTUS for @USDOL’s Assistant Secretary for Disability Employment Policy. I look forward to working with you to help even more workers with disabilities participate in this strong economy. #ODEP"
1216836352756649984,2020-01-13 21:36:08,"#USMCA is a big win for American manufacturers like Pulverman Manufacturing in Dallas, Pennsylvania, and their nearly 200 workers. Thank you Randy Mark and the entire Pulverman team for the great tour. #MadeInAmerica https://t.co/oAGvN2W3zS"
1216714048307376128,2020-01-13 13:30:09,Calling in to the @HughHewitt Show in a few minutes to discuss our strong job market and the many ways America’s workers and employers are benefiting from @POTUS’s deregulatory efforts.
1216697678811357191,2020-01-13 12:25:06,I’ll be joining @MorningsMaria on Fox Business at 7:30 a.m. to discuss @USDOL’s new joint employer rule. @POTUS’s Administration is delivering deregulation to continue our extraordinary economic growth. Be sure to tune in.
1216691507345940481,2020-01-13 12:00:35,.@MickMulvaneyOMB and I coauthored this op-ed on @USDOL’s final joint employer rule and the extraordinary deregulatory efforts of this Administration. Read it here: https://t.co/zMGFQHow56
1216470062787452928,2020-01-12 21:20:38,".@USDOL issued a final rule today that updates the FLSA’s joint employer regulations for minimum wage and overtime requirements. The rule gives American businesses the clarity they need to work together, leading to job creation and better workplaces. https://t.co/P09PlNQNXJ https://t.co/JUGKleVOUM"
1215771550651056129,2020-01-10 23:05:00,"For 17 straight months, year-over-year wages for production and non-supervisory employees have grown at or above 3.0%.  
https://t.co/w4ITxTb4p9 #JobsReports https://t.co/aR0imZnUqN"
1215769033905262599,2020-01-10 22:55:00,"The December report showed 145,000 jobs created, bringing the total to 6.7 million jobs created since January 2017. https://t.co/w4ITxTsFNJ #JobsReports https://t.co/wZS70gM1K5"
1215766517368938498,2020-01-10 22:45:00,"In 2019, the American economy saw record low unemployment rates for:

• African Americans
• Hispanic Americans
• Asian Americans
• Americans with less than a high school diploma
• Americans with disabilities

https://t.co/w4ITxTsFNJ #JobsReports https://t.co/WnRysJhKac"
1215764344199438337,2020-01-10 22:36:22,"U-6, the broadest measure of unemployment and underemployment, set a record low in December. https://t.co/w4ITxTsFNJ #JobsReport https://t.co/eF2XuDv5oL"
1215762369470697472,2020-01-10 22:28:31,Good news this morning. The unemployment rate remained at a 50-year low of 3.5%. This is the 22nd consecutive month of unemployment at or below 4%. https://t.co/w4ITxTsFNJ #JobsReports https://t.co/QbCOn1tXPx
1215751444005040129,2020-01-10 21:45:06,"After our strong jobs report this morning, I’ll be joining @AftertheBell on @FoxBusiness at 5 p.m. to discuss what it means for American workers and the economy."
1214336418518048768,2020-01-07 00:02:18,"I was honored to welcome @GermanAmbUSA Emily Haber to @USDOL today. As we work to build a stronger global economy, I look forward to our cooperation on important issues like workforce development and #apprenticeship. https://t.co/FpkjGC8pZG"
1214241530917085185,2020-01-06 17:45:15,"Today I had the honor to swear-in John Lowry, the new Assistant Secretary for @VETS_DOL. John believes that our veterans and military families deserve every opportunity to succeed. At @USDOL, he’ll be focused daily on this mission. Welcome, John! https://t.co/KQgRgLQtbb"
1212765573685432321,2020-01-02 16:00:19,"I’m proud of the work by #ILAB, @WHD_DOL, and @OSHA_DOL to combat modern slavery and human trafficking. January is National Slavery and Human Trafficking Prevention Month, and you can learn about @USDOL’s latest efforts to #EndTrafficking here: https://t.co/6MHVUAeylZ"
