id,created_at,text
1246430159953149952,2020-04-04 13:31:22,"We have over 6,500 @USDAFoodSafety workers on the front lines working in 175,642 commercial facilities across the country and inspecting nearly 164 million head of livestock and 9.8 billion poultry carcasses. Our food is safe &amp; our inspectors ensure that remains the case"
1246428774310297600,2020-04-04 13:25:51,Our food supply chain in America is safe and secure - here’s why https://t.co/rDlnuUEOSS
1246069990798786561,2020-04-03 13:40:11,"During this national emergency, @USDA is continuing our mission to “Do Right and Feed Everyone.”
✅ feeding kids all across the country
✅ ensuring our food supply chain remains safe &amp; strong
✅ making certain our farmers have enough ag workers

Learn more https://t.co/gdVOctjtlM https://t.co/gIV7gbeoSR"
1245823164455641088,2020-04-02 21:19:23,"While practicing social distancing this week, I’m coming to you solo to talk about what @USDA is doing during the COVID-19 pandemic. Tune in, tomorrow to the Sonnyside of the Farm. https://t.co/ZMsZ5Zhcp6"
1245447880854421506,2020-04-01 20:28:08,Grateful to the continued work being done at @USDOL to help farmers meet their ag labor needs during this time https://t.co/ElfB5vWR5o https://t.co/OaSbaQ5O41
1245441232601563137,2020-04-01 20:01:43,Help Slow the Spread #COVIDー19 https://t.co/2dkrdYqz4D
1245414897292378112,2020-04-01 18:17:04,"RT @Mike_Pence: On behalf of a grateful Nation, thank you to all of the members of @Walmart Distribution Center Team 7016. We know you’re o…"
1245325125454639110,2020-04-01 12:20:21,"Thankful for the heroes on the front lines keeping Americans fed - not only during this pandemic, but all year round https://t.co/eNi6fdgvpr"
1245074660955435010,2020-03-31 19:45:06,RT @RepHagedorn: Maintaining a steady agriculture supply chain is critical. We will work to ensure that all producers can move products glo…
1244646871781576706,2020-03-30 15:25:13,"Our food supply chain remains safe, sound, and stable thanks to our farmers, truckers, grocery store workers, and others who are on the front lines. https://t.co/m8OwCdsnhb"
1244079400280350721,2020-03-29 01:50:17,"RT @WhiteHouse: USDA works closely with the producers who make up our food supply chain. 

“Those folks are staying on the job,"" @Secretary…"
1243664060446539777,2020-03-27 22:19:52,"🚨 🚨 🚨 Tune In: Discussing right now how we are delivering 1,000,000 meals a week with @McLaneGlobal, @PepsiCo, and @BaylorCoHP at today’s @WhiteHouse Coronavirus Task Force Press Briefing. Appreciate @realDonaldTrump’s leadership during this National Emergency"
1243653846238453761,2020-03-27 21:39:17,"Americans across the nation are stepping up to the challenges facing them during this National Emergency. The CARES Act will provide much needed relief to Americans across this country - especially workers, small-business owners, and farmers. Thank you @realDonaldTrump https://t.co/7j322FNJOv"
1243587220478582784,2020-03-27 17:14:32,"We are increasing flexibilities to ensure American consumers have greater access to safe, quality, and affordable eggs. Our food supply chain remains strong and we are monitoring the markets to ensure the shelves are stocked. https://t.co/pCcPiRPPf9 https://t.co/WtJtrkWaA5"
1243544364242042881,2020-03-27 14:24:15,H-2 labor is vital to the economy and food security of America - thank you @SecPompeo for waiving in-person interviews and streamlining applications during this national emergency https://t.co/Ere7YBiVXK
1243261729754304512,2020-03-26 19:41:09,"This is what Americans do when times are tough - we adapt and we overcome. Thanks to @realDonaldTrump’s whole of America approach to the coronavirus response, we are collaborating with @McLaneGlobal, @BaylorCoHP, and @PepsiCo to make sure Americans are fed. https://t.co/l4NaxViWBk"
1243217336368324608,2020-03-26 16:44:45,"This is a challenging time for many Americans and we are working to make sure kids and those facing hunger are fed with new flexibilities across our programs @USDA 

https://t.co/TA872Ito7u"
1242480183371849729,2020-03-24 15:55:34,"Now more than ever, it’s important to appreciate where our food comes from. Today on National Ag Day - I’d like to thank our farmers, ranchers, and the entire food supply chain for the work you all do to ensure that America has a strong food supply. https://t.co/TEWpi6iX0T"
1242146659263549442,2020-03-23 17:50:16,I spoke w/ Commodity Futures Trading Commission Chairman Tarbert today to help ensure @USDA &amp; @CFTC are doing everything in our power to help ensure transparency &amp; integrity in our ag markets in the same way we expect to have in our supplychain @BeefUSA @uscattlemen #cattle #beef
1241830728138137600,2020-03-22 20:54:52,"Our farmers &amp; ranchers are the backbone of this nation -- livestock women &amp; men, we hear you! I expect all of our producers &amp; stakeholders to be patriotic, honest brokers to “Do Right &amp; Feed Everyone” while we weather this pandemic. @uscattlemen @BeefUSA #cattle #beef"
1241830725927817221,2020-03-22 20:54:51,.@USDA is actively monitoring all ag commodity markets &amp; the flow of food from FARM TO FORK during the COVID 19 outbreak. We are paying special attention to the difference in prices from the farm gate to the grocery shelf.
1241110121150906368,2020-03-20 21:11:26,"RT @IvankaTrump: Send love and gratitude to our great American farmers, ranchers, truckers, grocers and stockers.

Thanks to these heroes,…"
1241086901915922432,2020-03-20 19:39:10,"RT @WhiteHouse: .@SecretarySonny: ""I want to assure you that our food supply chain is sound, it's healthy, people are on the job."" https://…"
1240998245578481665,2020-03-20 13:46:53,"To the heroes in the U.S. food supply chain, we salute you. https://t.co/3wIUuNtUpb"
1240828483825270784,2020-03-20 02:32:18,Food &amp; Agriculture 👇 https://t.co/mjRQFSSajV
1240732387685826565,2020-03-19 20:10:27,"ICYMI: @USDA and @USDOL Announce Information Sharing to Assist H-2A Employers

Ensuring minimal disruption for our agricultural workforce during these uncertain times is a top priority for this Administration.

More HERE: https://t.co/2ZKzKt0Dqw https://t.co/MsoQLdyhgA"
1240720585115697160,2020-03-19 19:23:33,RT @alana_austin: Agriculture ⁦@SecretarySonny⁩ Perdue calms fears about #coronavirus impact on food supply. ⁦@J_Policastro⁩ reports: https…
1240713196073177090,2020-03-19 18:54:11,RT @GrayDCnews: Agriculture @SecretarySonny tells Washington Bureau Chief @J_Policastro we have plenty of food as our nation battles the #c…
1240710496027906049,2020-03-19 18:43:28,"RT @IvankaTrump: When we work together, everyone wins! ⬇️⬇️⬇️ https://t.co/nlNWxjWSai"
1240658518736330752,2020-03-19 15:16:55,"RT @IvankaTrump: God bless the doctors, nurses, healthcare workers &amp; first responders whose tireless dedication and sacrifice protect our c…"
1240625066766991362,2020-03-19 13:04:00,"RT @FarmersGov: Before visiting a USDA Service Center, confirm availability for in-person and phone appointments. Learn more at https://t.c…"
1240624683948670977,2020-03-19 13:02:29,"Food supply chain is sound, it's stable &amp; there's plenty of food available. To the folks working in grocery stores &amp; driving trucks full of products: Y'all are the heroes in the food supply chain. To our @USDAFoodSafety team: Thanks for keeping your fellow Americans fed &amp; healthy https://t.co/SDSP23oiPX"
1240364159063265282,2020-03-18 19:47:15,"America’s farmers are resilient and continue to produce a bountiful harvest. 
Our food supply chains remain strong.
No need to hoard — respect the needs of your fellow neighbors and buy only what’s necessary. https://t.co/I8JkMEYNcJ"
1240361790397198337,2020-03-18 19:37:50,Spoke with @edhenry about how @USDA is feeding kids impacted by school closures due to Coronavirus. We are using @realDonaldTrump’s whole of America approach to tackle this invisible virus. https://t.co/DMipqZUpDn
1240263865818112000,2020-03-18 13:08:43,Will be on @FoxNews around 9:10am ET today to talk about our partnership with the private sector to deliver 1 MILLION MEALS PER WEEK to children in rural America who are affected by school closures due to Coronavirus. Tune in! https://t.co/YJJqjryKQt
1240096513721802752,2020-03-18 02:03:43,"RT @WhiteHouse: We are in this together!

15 Days to Slow the Spread: https://t.co/E8k5IdXQ03"
1240086929871437824,2020-03-18 01:25:38,RT @USAmbIceland: Thank you @SecretarySonny &amp; your great partners. Blessed to have spent much of my medical career in America's tremendous…
1240086685280612353,2020-03-18 01:24:40,RT @SenateAgGOP: .@SenPatRoberts and @SecretarySonny discussed the impacts the novel #coronavirus is having on ag across the country. USDA…
1240038365879296001,2020-03-17 22:12:39,RT @drayton_mclane: I just got off the phone with Sec of Ag Sonny Perdue. We’re excited for McLane Global to be working with @USDA to feed…
1239998191682162688,2020-03-17 19:33:01,"During the Coronavirus National Emergency, @USDA_APHIS, @USDA_AMS &amp; @USDAFoodSafety are ensuring the health &amp; safety of our employees while still providing timely delivery of the services to maintain the movement of America’s food supply from farm to fork. https://t.co/LA3pBcfQ83 https://t.co/2pyj9grMtO"
1239972372993597441,2020-03-17 17:50:25,"America’s farmers, ranchers, and those on the front lines in the food service industry are doing their part in the face of Coronavirus - we are forever grateful. @realDonaldTrump's whole of government approach is ensuring our supply chains remain strong. https://t.co/9gd6PwkRLW https://t.co/y2rtlpqRV9"
1239943659862265856,2020-03-17 15:56:20,"🚨🚨🚨We've partnered with @BaylorCoHP, McLane Global &amp; @PepsiCo to provide 1 MILLION MEALS PER WEEK to rural children in response to the Coronavirus. Food boxes will contain 5 days worth of shelf-stable, nutritious, individually packaged foods. MORE: https://t.co/6tApZGBEiT https://t.co/ExIrSRft0f"
1239674357099757569,2020-03-16 22:06:13,Do your part to slow the spread of Coronavirus: https://t.co/9cRdleWIsj
1239669559549997062,2020-03-16 21:47:09,"Dear USDA Family,
There comes a time in human events where certain folks are called to step up. As the Coronavirus continues to cause uncertainty, this is our time to step up. Thank you for proving that no matter the circumstance, we can truly ""Do Right and Feed Everyone."" https://t.co/NJJ2DlZV6K"
1239667881769668610,2020-03-16 21:40:29,"We are all in this together and we need to respect the needs of our fellow neighbors. Our supply chains remain strong, so please do your part to ensure we stay calm and act responsibly. https://t.co/yUoctoDj1M"
1239667282500030470,2020-03-16 21:38:06,RT @CDCgov: Social distancing can help slow the spread of #COVID19 in affected communities. This means avoiding crowded places and maintain…
1239255790550122499,2020-03-15 18:22:59,"RT @WhiteHouse: ""As your President, I ask you to pray for the health and well-being of your fellow Americans and to remember that no proble…"
1238638568282755073,2020-03-14 01:30:22,"RT @realDonaldTrump: To those families and citizens who are worried and concerned for themselves and their loved ones, I want you to know t…"
1238636600554381312,2020-03-14 01:22:32,RT @realDonaldTrump: Americans are the strongest and most resilient people on earth...We will remove or eliminate every obstacle necessary…
1238591837184688130,2020-03-13 22:24:40,"#USMCA is a great victory for America’s ag industry, and I am pleased to see Canada’s Parliament approved the deal today. Thank you, @realDonaldTrump for negotiating this deal and for always supporting America’s farmers and ranchers. https://t.co/NCKUsmYu7r https://t.co/4tUZ76Q84b"
1238586440335966208,2020-03-13 22:03:13,".@realDonaldTrump continues to take decisive action to ensure the safety, security, and health of the American people by declaring a National Emergency in response to the Coronavirus. https://t.co/NCyRed9tDk https://t.co/EY0qI8VPKa"
1238543290649231362,2020-03-13 19:11:46,"RT @USDA: If you were affected by recent #TennesseeTornadoes, you could be eligible for assistance from our Disaster Supplemental Nutrition…"
1238462605271990272,2020-03-13 13:51:09,"Excited to welcome Devon Westhill to USDA in the Office of the Assistant Secretary for Civil Rights. His unique personal background, leadership expertise &amp; broad professional experience will serve our customers &amp; employees with the fairness they deserve. https://t.co/4GDOyM1Hfh https://t.co/opzvEdBENY"
1238173058885656577,2020-03-12 18:40:36,"Proud to join forces with my colleagues as we move forward on a protocol to allow the tools farmers need to feed, fuel, and clothe this nation and the world to reach market while also ensuring our environment is protected. https://t.co/w6iVTI4xWe"
1238100756961640448,2020-03-12 13:53:17,RT @Surgeon_General: Everyone has a role to play in combating #COVID19. Visit https://t.co/68gjnc3RSl for the latest information.
1238099335373565952,2020-03-12 13:47:38,".@realDonaldTrump has made the safety, security &amp; health of the American people his top priority. The whole of government approach and the unprecedented, preemptive actions he has taken continues to keep the risk of Coronavirus to most Americans low. https://t.co/yfYl8EKZo1 https://t.co/mHyIQYtupb"
1238062244472258561,2020-03-12 11:20:15,RT @FLOTUS: Our great country is fighting hard against the #Coronavirus. This nation is strong &amp; ready &amp; we will overcome. Please take acti…
1237715010899644418,2020-03-11 12:20:28,"Enjoyed my time at the @SchoolLunch conference earlier this week where we talked about a number of issues involving @USDA's school meal programs. As I said, if Schools are closed due to the Coronavirus, we are going to do our very best to make sure kids are fed. WATCH: https://t.co/ZUJb7N75Wu"
1237474576373817344,2020-03-10 20:25:04,"This is a time we all need to pull together. Today, we announced proactive flexibilities to allow meal service during school closures to minimize potential exposure to the Coronavirus. 
More HERE: https://t.co/wkVw1g4EZ1 https://t.co/X7kDALl28F"
1237423941343490051,2020-03-10 17:03:52,"RT @USDA: The World Agricultural Supply and Demand Estimates #WASDE report was released moments ago 

https://t.co/ybvUwWmBPJ

#OATT #grain…"
1237421634249732097,2020-03-10 16:54:42,"🚨🚨🚨More progress on the implementation of the China Phase One Agreement:
https://t.co/Go4uN1Xmgu https://t.co/OMyLlFfz7i"
1237097314835103744,2020-03-09 19:25:58,I have great affection for school lunch professionals from across this great country. Hearing from the folks @SchoolLunch who are on the front lines in feeding our school children healthy and nutritious food is so valuable. https://t.co/Rx7NScEJKV
1236660577524645888,2020-03-08 14:30:32,"On #InternationalWomensDay, we honor the 1.2 million women working America’s lands and producing the bounty that feeds, fuels &amp; clothes the U.S. and the world. #IWD2020 https://t.co/wvDI6BLnFS"
1236445927306641410,2020-03-08 00:17:35,"A 2015 study by the @WHO, found that North America has the lowest incidents of food borne illnesses in the world – lower than even Western Europe. Let me tell you more about how safe US food is https://t.co/rPe4hRJYxU https://t.co/sMxqdz7ZH9"
1236361275266998279,2020-03-07 18:41:13,RT @USDA: We've approved a request from California to allow meal service during school closures to minimize potential exposure to the coron…
1236066377452195840,2020-03-06 23:09:24,RT @USDA: We've approved a request from Washington State to allow meal service during school closures to minimize potential exposure to the…
1236051733270364166,2020-03-06 22:11:12,Enjoying some delicious Florida strawberry shortcake at the Florida Strawberry Festival. Great seeing so many people enjoying the fruits of American Agriculture https://t.co/OUX0o7GRDB
1236032439895707648,2020-03-06 20:54:32,"Talked USMCA, Ag Labor, and other issues facing Florida’s agriculture industry today at the Florida Strawberry Festival with @RepRossSpano, @RepGregPence, and growers here in Plant City, FL https://t.co/Nz7jqfYHU8"
1236023883540594690,2020-03-06 20:20:32,"US citizens eat more than twice as much 🐓🐓 as Europeans, with significantly less cases of salmonella food poisoning. Tune into The Sonnyside of the Farm to hear why our food is so safe. https://t.co/zY4CC4s600 https://t.co/grqOqNmZXW"
1235951766329602048,2020-03-06 15:33:58,"On this week’s episode of The Sonnyside of the Farm, @USDAFoodSafety Administrator Carmen Rottenberg talks how the US has the safest and most affordable food supply on earth. You don’t want to miss it. https://t.co/zY4CC4s600 https://t.co/KgjkhuUMOR"
1235948837858050053,2020-03-06 15:22:20,#InternationalWomensDay https://t.co/m9M6wkxFDT
1235946969345949696,2020-03-06 15:14:54,"RT @realDonaldTrump: JOBS, JOBS, JOBS!!! 
https://t.co/x0olZd3RLu"
1235733504966774784,2020-03-06 01:06:41,At @USDA we are helping more people get back to work. Today I visited one of our partners at @JARCBaltimore where they train people with industrial skills like welding. Our rule will help places like JARC get more people back into the workforce. https://t.co/XD8KHmkbRb https://t.co/oYaBLTtVqz
1235702866918207491,2020-03-05 23:04:56,"This week, I sat down with @USDAFoodSafety Administrator Carmen Rottenberg to discuss just how safe US food really is – spoiler alert it’s the safest in the world. Tune in TOMORROW https://t.co/3q4dMFliqG"
1235654309347332096,2020-03-05 19:51:59,"Looking forward to it! 
🍓🍓🍓🍓🍓🍓 https://t.co/TSOqEmQYwp"
1235653927195922433,2020-03-05 19:50:28,RT @HHSGov: The global novel #coronavirus situation is rapidly evolving. @CDCtravel has issued travel health notices for countries currentl…
1235653795633344512,2020-03-05 19:49:56,"RT @CDCgov: To protect yourself from #COVID19, avoid being exposed to the virus and use everyday prevention action to prevent the spread of…"
1234982152262914048,2020-03-03 23:21:04,RT @usfs_r9: Shout out to the fire crew on the @marktwain_nf who discovered 7 abandoned #Puppies while doing prep work in the field. We are…
1234514801956659200,2020-03-02 16:23:59,Great to see the power of American industry at the @GAPorts Port of Savannah. This is truly a first class operation facilitating trade that supports thousands of American jobs. https://t.co/07cm8Peo6r
1234486551419269121,2020-03-02 14:31:44,"Farming needs to be environmentally, socially and economically sustainable if we are to feed a growing world population. Our friends at the @NFUDC contribute to the success of American agriculture while helping their communities in rural America thrive. https://t.co/jXWHxXP6TE"
1234464074626424833,2020-03-02 13:02:25,"It’s always great to be home in Georgia. Visited @WSAV this morning, talking with @WSAVBenK about the issues affecting farmers and rural Americans in Savannah and across all of Georgia. https://t.co/dGvzt51WHA"
1233491355860639750,2020-02-28 20:37:11,"Always great to talk to our patriotic corn, soybean, wheat, and sorghum farmers and equipment manufacturers @ComClassic. American farmers have a good story to tell, and its our job to continue that good story into the future for the next generation #classic20 https://t.co/nMRfvMQBKN"
1233470423620358145,2020-02-28 19:14:00,Good news 👇 https://t.co/n0NXqntaem
1233466408194826241,2020-02-28 18:58:03,"We announced three rural broadband awards in Texas today through our @usdaRD ReConnect program. @USDA is committed to being a strong partner in deploying high-speed broadband connectivity because when rural America thrives, all of America thrives. https://t.co/cofQk9DtwR"
1233457130008666118,2020-02-28 18:21:10,"Today, we announced new leadership at @usdaRD. The mission of Rural Development to improve the economy and quality of life in rural America will continue to advance with Bette Brand at the helm. 
More Here: https://t.co/iTZfxszFho https://t.co/pporPE6gNy"
1233455113806602240,2020-02-28 18:13:10,"RT @usdaRD: Howdy! Let's kick off this Friday the right way- it's ReConnect time! We're looking down south for this one, where @SecretarySo…"
1233450843749462018,2020-02-28 17:56:12,".@USDA is putting our money where our mouth is to increase biofuels usage. We will continue to encourage the use of homegrown energy: 

✔️Directed USDA Fleet to Increase Biofuels Usage
✔️Announced Notice of Funding for Biofuels Infrastructure Program

https://t.co/YMq6fYZi2w https://t.co/0rLf3nDxSv"
1233400465523662849,2020-02-28 14:36:01,"Started off my morning here in Texas talking to @tammiarender with @OfficialRFDTV, Chris Salcedo, and @KENS5. NEXT UP -&gt; headed to Elmendorf to announce three rural broadband awards that will make a big impact on rural communities in Texas. https://t.co/T2zi8lFQu5"
1233198621245526021,2020-02-28 01:13:57,"RT @SecBernhardt: National Water Reuse Action Plan will guide the Trump Administration’s efforts to provide safe, affordable, and reliable…"
1233156808652607491,2020-02-27 22:27:48,"Farmers need a legal, reliable ag labor workforce to continue to thrive. The US signed an MOU w/ El Salvador to increase cooperation &amp; encourage safe recruitment of temporary H2A &amp; H2B  workers. This along w/ agreements w/ Guatemala &amp; Honduras will provide great mutual benefit. https://t.co/fP4EA9ttgr"
1233102092203675649,2020-02-27 18:50:23,RT @DucksUnlimited: Thanks to U.S. Secretary of Agriculture @SecretarySonny for meeting with DU leadership this week to discuss how #NAWCA…
1233049897886212097,2020-02-27 15:22:59,I’d like to wish @NationalFFA a very happy #FFAWeek! https://t.co/rbquJbFOnI
1232808604677308416,2020-02-26 23:24:10,Ensuring the safety of America’s food supply is @USDA's most important responsibility. Carmen Rottenberg is a true public servant and ushered in an era of modernization at @USDAFoodSafety. We will miss her but she leaves the agency in very capable hands.  https://t.co/GO6xvsiK1Y https://t.co/1pQp0UJ3qt
1232769366334361607,2020-02-26 20:48:15,"It is important to hear from those who are closest to the agriculture community in each of our 50 states. Today, @nasda came to @USDA for a fruitful discussion on the issues facing the industry. https://t.co/bWODZXBhJO"
1232420923346739201,2020-02-25 21:43:40,RT @MarkAmodeiNV2: Great news for CD-2 today! The @USDA has invested $2.3 million in broadband for rural eastern NV to improve high-speed I…
1232419905468870667,2020-02-25 21:39:37,.@realDonaldTrump negotiated a strong trade agreement with China that promises significant benefits for American ag. We look forward to realizing these benefits this year and are encouraged by progress made last week. We fully expect compliance with all elements of the deal. https://t.co/glDM5atYcL
1232383248078168064,2020-02-25 19:13:57,RT @USDA: .@SecretarySonny today announced the appointment of Paul Kiecker to serve as Administrator of the USDA Food Safety and Inspection…
1232342692484567043,2020-02-25 16:32:48,"Happy #FFAWeek to @NationalFFA members in all 50 states, Puerto Rico, the U.S. Virgin Islands, and D.C. 
Have fun this week. It’s your time to shine. 
#NextGenAg https://t.co/kk6bRaetor"
1232316020095946752,2020-02-25 14:46:49,🚨🚨🚨 @USDA and @USTradeRep Announce Progress on Implementation of U.S.-China Phase One Agreement: https://t.co/il0NDjtuBF https://t.co/RKU8jNr39H
1231964750000640001,2020-02-24 15:30:59,"On my recent trip to Europe, it was clear that my European counterparts and European farmers share our desire to improve the sustainability of agriculture &amp; food production. We need to work together to achieve environmental, social &amp; economic sustainability to feed the world. https://t.co/PrmUwdfoif"
1231623775575252992,2020-02-23 16:56:05,"RT @USMC: Seventy-five years ago today during the Battle of #IwoJima75, Marines claimed Mount Suribachi and raised the American flag at its…"
1231574227549138946,2020-02-23 13:39:12,"RT @RicardoWSAV: A push for broadband in rural Georgia communities will bring high-speed internet to more than 1,000 households and busines…"
1231192618983415808,2020-02-22 12:22:49,RT @sendavidperdue: Great to be in Claxton today to help announce @USDA’s $5 million investment in Southeast Georgia’s broadband infrastruc…
1231002938585251842,2020-02-21 23:49:06,"When rural America thrives, all of America thrives. Proud to announce two broadband Reconnect awards totaling $5 million for rural Georgia and 111 miles of fiber cable. https://t.co/kldRBpXD4L https://t.co/x43EKuZUFr"
1230999091267633152,2020-02-21 23:33:48,RT @usdaRD: Some ReConnect news to cap off your week- @SecretarySonny is in Georgia to announce that @USDA has made a $5 million investment…
1230997870414848000,2020-02-21 23:28:57,RT @GeoffDuncanGA: Thank you ⁦@SecretarySonny⁩ for having me in Claxton this evening. I appreciate the investment the ⁦@USDA⁩ is making to…
1230971811111866370,2020-02-21 21:45:24,"""American farmers already have an incredible success story to tell &amp; we are excited to see how farmers will lead us into the future."" 

READ more about @USDA's Agriculture Innovation Agenda here https://t.co/x0abXrpTW2

#USDAinnovation"
1230964651229245440,2020-02-21 21:16:57,RT @USUNRomeAmb: Fantastic to join @SecretarySonny and @vmva1950 to talk about the innovation imperative for agriculture in the 🇺🇸 🇲🇽 and a…
1230956461972475904,2020-02-21 20:44:25,"Great conversation this morning at @USDA’s #AgOutlook with @LEBasterra, @mclaudebibeau and @vmva1950. As the Ag5, we have the common responsibility to help feed 9.8 billion by 2050 — innovation and sound science will get us there. 
@TerezaCrisMS was missed here today.
🇺🇸🇦🇷🇨🇦🇲🇽🇧🇷 https://t.co/SgJ0GujVP0"
1230851625423687681,2020-02-21 13:47:50,"🇺🇸 🇲🇽 🇨🇦 
#USMCA https://t.co/9m6mTOTRYr"
1230574664797298688,2020-02-20 19:27:17,".@cjhartnett joined me today at #AgOutlook to talk about the private sector's role in helping farmers harness the power of innovation to increase efficiency. Today, @USDA set forth bold goals for our mission to do right and feed everyone. #USDAInnovation https://t.co/FXA6tjASnU"
1230559391935430658,2020-02-20 18:26:36,"@USDA We plan to accomplish the Ag Innovation Agenda in 4 parts: aligning research, integrating programs, reviewing metrics &amp; data, and setting benchmarks to track progress #USDAInnovation #AgOutlook https://t.co/Ep5nDr5cAk"
1230558647446491137,2020-02-20 18:23:38,".@USDA's Ag Innovation Agenda is a department-wide initiative to align resources, programs, and research to position American agriculture to better meet future global demands. It's a solution for farmers, consumers, and the environment. More HERE: https://t.co/fGiGbXfV0s https://t.co/K6xBBqGso2"
1230494187054911490,2020-02-20 14:07:30,"RT @USDA: #AgOutlook: Secretary Perdue, “rural broadband is one of the most transformative things we can do when it comes to infrastructure…"
1230494121372069895,2020-02-20 14:07:14,"RT @USDA: #AgOutlook: Secretary Perdue, “USDA will do our part to stimulate innovation so that American agriculture can work toward the sha…"
1230494076010729478,2020-02-20 14:07:03,"RT @USDA: The Agriculture Innovation Agenda demonstrates our commitment to the continued success of U.S. farmers, ranchers, producers &amp; for…"
1230493711638855680,2020-02-20 14:05:36,RT @RyanQuarlesKY: .@SecretarySonny telling the Success Story of American Agriculture at the 96th Ag Outlook Forum https://t.co/J7AZFYFVnM
1230472563794628612,2020-02-20 12:41:34,Tune in 👇 https://t.co/O6Q0J6pkbd
1230309370283601921,2020-02-20 01:53:06,"Thank you @realDonaldTrump for your respect and appreciation for America’s smart, innovative, and hardworking farmers. https://t.co/HzOfjCb4Ma"
1230308043222659074,2020-02-20 01:47:50,"RT @WhiteHouse: ""America is a nation built by farmers."" — President @realDonaldTrump 🇺🇸 https://t.co/P9jpYSdZwf"
1230280426880749571,2020-02-19 23:58:05,"See y'all tomorrow! 
#AgOutlook https://t.co/leNd0IFzLd"
1229943259646103552,2020-02-19 01:38:18,"RT @govkristinoem: My life changed forever when we lost my dad in a grain bin accident, and while farmers are often in a hurry to get thing…"
1229874977916235778,2020-02-18 21:06:59,"Thank you @realDonaldTrump for your respect and appreciation for America’s smart, innovative, and hardworking farmers. Our farmers are the best this world has ever seen and they continue to innovate and produce enough to feed, fuel, and clothe this nation and the world. https://t.co/flR2MWoiif"
1228390132325257216,2020-02-14 18:46:44,"Happy Valentine’s Day to my beautiful bride Mary.
 
Mother of four, grandmother of 14, she fills our home with love every day. ❤️ https://t.co/EOvqOYi1ae"
1228350089539837959,2020-02-14 16:07:37,"We hope grain operators, farmers, and community leaders will join us in expanding knowledge of safe practices not just during National Grain Bin Safety Week, but year-round. https://t.co/R8ARdHHlcl https://t.co/2ZaYDci3Am"
1228339838358839296,2020-02-14 15:26:53,"Tragedies like the one @govkristinoem's family experienced happen too frequently and call for greater action, which is why I have signed a proclamation naming next week Grain Bin Safety Week. WATCH: https://t.co/XQoRjjGhqO"
1228337347630071808,2020-02-14 15:16:59,"One year since the inception of the American Broadband Initiative, @USDA has invested $526 million in ReConnect funding for high-speed broadband infrastructure for 122,000 rural households across America. This is just the beginning. Follow our progress: https://t.co/Y8oSyCkJTi https://t.co/bR7CqFv37h"
1228328763936604160,2020-02-14 14:42:53,"The volunteers at @NWTF_official Hunting Heritage breakfast work diligently to pass hunting and fishing traditions onto the next generation, getting people outdoors to enjoy their public lands. I enjoyed meeting with them this morning. https://t.co/atHAUw9iXR"
1228149895464472576,2020-02-14 02:52:07,"In 10 minutes I’ll be live with @JanetAdkison on @OfficialRFDTV talking trade, the state of the rural economy and my travels across the country. Call in to ask me what’s on your mind at 877-731-6733. https://t.co/02XCOhmeAA"
1228049809313075201,2020-02-13 20:14:25,At @USDA we are committed to being a strong partner in deploying high-speed #broadband in rural 🇺🇸. Today we’re at @TNAgriculture Commissioner Hatcher’s farm w/ @TNFarmBureau President Aiken announcing 4 ReConnect awards totaling $13.5 million &amp; over 300 miles of fiber cable. https://t.co/QXVPexl67r
1228030136315981826,2020-02-13 18:56:14,"RT @USCTO: One year ago, the Trump Administration launched the American Broadband Initiative
✅$1.7B @USDA ReConnect funding
✅$20B @FCC Rura…"
1228024941012037638,2020-02-13 18:35:36,"🚨📺🚨TONIGHT: Town Hall on @OfficialRFDTV
 -- will be talking trade, the state of the rural economy, and other issues facing rural America. Hope you can tune in! https://t.co/knopdJTUFi"
1228003429601234946,2020-02-13 17:10:07,Joined by an amazing crowd at @NWTF_official Annual Convention. We are all stewards of our public lands and it’s our responsibility to leave them better than we found them. The partnership between @USDA @Forestservice and NWTF helps conserve these lands for future generations. https://t.co/9qF6Uwkso8
1227962251816075264,2020-02-13 14:26:29,Great to be with my @natlturkeyfed friends in Nashville this morning https://t.co/AgJ2dHdE2Q
1227730674158854146,2020-02-12 23:06:17,"🚨📺🚨TOMORROW: Town Hall on @OfficialRFDTV -- will be talking trade, the state of the rural economy, and other issues facing rural America. Hope you can tune in! https://t.co/yLW0snki66"
1227699254233325568,2020-02-12 21:01:26,RT @BoysGirlsClubGA: This is great news for all children &amp; families in North Georgia! Thank you @USDA and @SecretarySonny for helping all G…
1227650205006299138,2020-02-12 17:46:32,"Abraham Lincoln, born 211 years ago today, spoke these wise words in 1859:
 
“Every blade of grass is a study; and to produce two, where there was but one, is both a profit and a pleasure.”

#AbrahamLincoln https://t.co/JiWuA2u9YJ"
1227649781285126144,2020-02-12 17:44:51,"RT @govkristinoem: Enjoyed catching up with @SecretarySonny the other day at @USDA to talk ethanol, farm bill, conservation and also film a…"
1227649625928151040,2020-02-12 17:44:14,RT @BeefUSA: @SecretarySonny had the opportunity to address thousands of beef producers during the Cattle Industry Convention in San Antoni…
1227369563219775488,2020-02-11 23:11:21,RT @SteveFDA: What a great meeting today with @SecretarySonny. We discussed how @USDA and @US_FDA can work together in the best interest of…
1227369535809970178,2020-02-11 23:11:15,"RT @RepRichHudson: Thank you @SecretarySonny for the opportunity to discuss crop insurance, rural broadband, H-2A programs, Uwharrie Nation…"
1227369385632903168,2020-02-11 23:10:39,"RT @StateForesters: NASF presented @USDA @SecretarySonny with a special award yesterday, commemorating his leadership in advancing #forest…"
1227311238226546688,2020-02-11 19:19:36,"Today and every day, we celebrate #WomenInScience. We celebrate the agronomists. The veterinarians. The nutritionists. The innovators.
 
We celebrate the women who continue to feed, fuel, and clothe the world. https://t.co/co4IyXYAAv"
1226909301664550912,2020-02-10 16:42:27,"Thanks, @SecretaryCarson 📸 https://t.co/R6Sln4OAtn"
1226842321154650112,2020-02-10 12:16:17,RT @DougBurgum: Thanks to @SecBernhardt for hosting western governors and Cabinet secretaries at @Interior this morning! As chair of @westg…
1226842149846736896,2020-02-10 12:15:36,RT @USAmbUK: Good listen - @SecretarySonny’s latest podcast in which he sits down with @USTradeRep’s Bob Lighthizer – “we have to get a dea…
1226620799395794944,2020-02-09 21:36:02,How can farmers and ranchers be confident China will live up to its commitments in the Phase One Deal? I sat down with @USTradeRep to discuss just that - have a listen #AgTwitter https://t.co/jUo5mRp3m7 https://t.co/rEKB1Qc31E
1225854029298794497,2020-02-07 18:49:10,"Our farmers and ranchers are big winners of #USMCA, Japan, KORUS, and the China Phase One Deal. I asked @USTradeRep what the future holds #AgTwitter https://t.co/jUo5mRp3m7 https://t.co/sIwnh9Jwkz"
1225851515178536961,2020-02-07 18:39:11,"RT @USDANutrition: Statement on #jobs numbers: Together, now is the time “to get to work on getting people to work.” https://t.co/WDAjD9JVGo"
1225787009542782977,2020-02-07 14:22:51,"This week, I sat down with the man @realdonaldtrump hired to negotiate on behalf of America’s farmers and ranchers: @USTradeRep – have a listen https://t.co/jUo5mRp3m7 #AgTwitter https://t.co/2mDONUhYGr"
1225784615752916992,2020-02-07 14:13:21,🇺🇸 https://t.co/62KxJ0weB9
1225529165719449600,2020-02-06 21:18:16,"This week, I sat down with the man behind the China Phase 1 Deal and #USMCA: @USTradeRep. We talked agriculture, trade, and future deals he’s working on. Tune in tomorrow wherever you listen to podcasts. Here’s a sneak peek: https://t.co/i5ZKVgYq64"
1225507582783168515,2020-02-06 19:52:31,RT @USDA: 🚨 We've announced details of 2 risk management programs for hemp producers. Producers may apply for both programs now through Mar…
1225459282289795075,2020-02-06 16:40:35,"Ag research is vital to helping our farmers, ranchers, producers, and foresters increase efficiency and productivity. The @USDA Science Blueprint will serve as a roadmap to guide our scientific collaboration over the next five years. More HERE: https://t.co/N6rjwzQIQT https://t.co/nbt8oACC5Q"
1225226997523271680,2020-02-06 01:17:34,"You asked, so here it is: the cow tie. https://t.co/w7HccoIoWp"
1225217005332115456,2020-02-06 00:37:52,"If you’re at #CattleCon20, don’t forget to stop by and talk to the hardworking folks from @USDA_AMS, @usdafsa, and @USDA_NRCS! https://t.co/0vKNEku0TR"
1225199009427533824,2020-02-05 23:26:21,Had to wear my cow tie today! https://t.co/0X6600PJKG
1225177509051932680,2020-02-05 22:00:55,"RT @Angeles_NF: After a total of 32 hours flying, traveling over 15,000 miles, and firefighting #AustalianBrushFires for an estimated total…"
1225169639187124230,2020-02-05 21:29:39,"RT @BRNAgNews_MG: .@SecretarySonny kicks off this afternoon’s session at #CattleCon20 talking with @BeefUSA president Jennifer Houston. 

F…"
1225169265214525441,2020-02-05 21:28:10,On stage at #CattleCon20 with @BeefUSA President Jennifer Houston talking about the biggest issues facing the cattle industry. https://t.co/DpU4DCxyGR
1225155374870908929,2020-02-05 20:32:58,"Stopped by to say hello to our folks in the @USDA_APHIS Wildlife Services office in San Antonio, TX. Grateful for the good work they’re doing. https://t.co/tQF81colxw"
1225091025531740160,2020-02-05 16:17:16,"During the #SOTU, @realDonaldTrump called for high-speed internet for all Americans, “including and especially in rural America.” With more than $1b available for deploying this infrastructure this year, @USDA is a proud partner to rural America in making his vision reality. https://t.co/ch4jdbRM7L"
1225086941114306561,2020-02-05 16:01:02,RT @WhiteHouse: https://t.co/9DA7IZNaQq
1224902477121773570,2020-02-05 03:48:02,".@realDonaldTrump is delivering a brighter future for America’s patriotic farmers, ranchers, foresters, and producers. 🇺🇸 
#SOTU2020 
https://t.co/FQWx8uAIzY https://t.co/7coUrkpiLW"
1224900715707015169,2020-02-05 03:41:02,"The President has rural America and agriculture close to his heart and has kept his promises when it comes to striking stronger trade agreements, eliminating burdensome regulations, strengthening the economy for all Americans, and making our country strong again. #SOTU2020 https://t.co/9JVJYDqPk8"
1224899637708042241,2020-02-05 03:36:45,"Tonight, President Trump’s State of the Union address showcased our country’s relentless optimism and his vision of brighter days that lie ahead. The great American comeback that he has been laying the groundwork for is in full force, and the best is yet to come. #SOTU2020 https://t.co/PAM3TV39PJ"
1224877481485914113,2020-02-05 02:08:43,RT @WhiteHouse: LIVE: President @realDonaldTrump Delivers #SOTU2020 https://t.co/nmXMJJ4lQO
1224844190909128706,2020-02-04 23:56:26,"RT @WhiteHouse: Tonight, President @realDonaldTrump delivers his third State of the Union Address to both houses of Congress and the Americ…"
1224763460891947008,2020-02-04 18:35:38,RT @WhiteHouse: #SOTU https://t.co/WHnQtqlPy6
1224439681309261824,2020-02-03 21:09:03,.@realDonaldTrump has shown time and again that he is fighting for America’s farmers and ranchers and this third tranche of 2019 MFP payments is proof. https://t.co/DiO4TBt6jG
1224402024189571073,2020-02-03 18:39:25,"RT @OWHopinion: This USDA support can strengthen rural broadband, Agriculture Secretary Sonny Perdue says. 

https://t.co/9Tyn8AjejI"
1224142171399430147,2020-02-03 01:26:51,"19 of 31 NFL stadiums have natural grass on their playing fields, including #SBLIV host @HardRockStadium, thanks to America’s 1,738 farms that produce sod.

#ChiefsKingdom #GoNiners #SBLIV https://t.co/Bhf6zH1Owr"
1224136079416201218,2020-02-03 01:02:39,"All official NFL @SuperBowl footballs are made in Ada, OH, from leather tanned in Chicago from steer hides processed in Kansas, Nebraska, and Iowa. Approximately 216 footballs are made for the Super Bowl from 22 hides 🏈 
#SBLIV #ChiefsKingdom #GoNiners https://t.co/8TDwrjxhAo"
1224134764426354688,2020-02-03 00:57:25,"RT @realDonaldTrump: ENJOY THE GAME USA, OUR COUNTRY IS DOING GREAT!"
1224132089186045952,2020-02-03 00:46:47,"One of the other big winners of #SBLIV will be American poultry producers. According to the @chickencouncil, Americans will eat a record 1.4 𝐛𝐢𝐥𝐥𝐢𝐨𝐧 chicken wings for the Super Bowl! That’s enough wings to circle the Earth 𝘵𝘩𝘳𝘦𝘦 times 
🍗🌍🍗🌍🍗🌍 #SBLIV https://t.co/fit4cXAbT4"
1224131434312544257,2020-02-03 00:44:11,"From Kansas’ amber waves of grain and Missouri’s breweries, to California’s produce fields, dairy farms &amp; vineyards. These three states account for $75 billion is agricultural sales annually! 

#SBLIV #ChiefsKingdom #GoNiners #WeReady https://t.co/A3YpgSvk2M"
1222852748988694528,2020-01-30 12:03:09,"In 2018, the US exported $140 million dollars worth of durum wheat to Italy, one of the main ingredients of Italy’s pasta. I had the chance to cook today with the famous Italian Chef Riva to make and taste different types of delicious pasta all containing US durum wheat. https://t.co/ZT9RhASsFQ"
1222819632085471234,2020-01-30 09:51:33,Good continued dialogue with @Mipaaf_ Minister @TeresaBellanova about innovation and agricultural trade to the betterment of both the the US and Italian economies. https://t.co/sche4z1s0s
1222599574029774849,2020-01-29 19:17:07,".@realDonaldTrump signed #USMCA today! 
The Agreement is critical for America’s farmers and ranchers, who will now have even more market access to our neighbors to the north and the south. 
🇺🇸🇲🇽🇨🇦
https://t.co/AkDQDrEjlv https://t.co/qzcpZjGgJy"
1222547628543684615,2020-01-29 15:50:43,"821 million people in the world go to bed hungry each night. My friend @WFPChief David Beasley is leading @WFP to help people around the globe access to food. We live in a world that produces enough food for everyone, it’s our duty as human beings to work to eliminate hunger. https://t.co/UZkg3fDaEN"
1222514378257223681,2020-01-29 13:38:35,Sound science and technology will be essential tools if we’re to feed 9 billion people in the coming years. Had a great conversation with @FAODG Qu Dongyu on the role @FAO will play in these efforts. https://t.co/E9QMQmQaQX
1222458045185384448,2020-01-29 09:54:44,"The mission behind @FAO is to help defeat hunger by ensuring everyone has access to high quality food. I’m visiting here in Rome with innovators, government reps &amp; private sector partners to find solutions on how @USDA and @FAO can work together to create a #ZeroHunger world https://t.co/eznk4GpL39"
1222209403564314624,2020-01-28 17:26:44,"RT @usdaRD: ❗️❗️❗️❗️

Mark Your Calendars, USDA to Open the Application Window for the Second Round of ReConnect Program Funding Friday: ht…"
1222173129226817536,2020-01-28 15:02:35,Here at @koppertcress they are embracing technology in more than just their production approach. Fascinating to hear how they are using @PatsDrones micro-drones to detect &amp; eliminate invasive pests in their greenhouses. https://t.co/plzwJ0da2Q
1222156335216766977,2020-01-28 13:55:51,"Very impressed with the entrepreneurial spirit and innovative approach of @koppertcress in the Netherlands. This operation is one of the leading European producers of cress, creating more than 60 varieties. https://t.co/5qcXAFYJHW"
1222100067412213760,2020-01-28 10:12:16,Honored to officially open the @WUR Greenhouse 2030 project in #Bleiswijk with @minlnv Minister @carolaschouten. I was able to tour @WUR’s impressive facility and discuss the role agricultural innovation plays in both the US &amp; the Netherlands to sustainably #FeedTheWorld. https://t.co/do41KZ4kgs
1222090292343508993,2020-01-28 09:33:25,This morning in the Netherlands I received a warm welcome from @minlnv Minister @carolaschouten and @WUR President @LouiseOFresco to Wageningen U&amp;R Research Facility. We’re here to learn how this leading research university is supporting innovation for the Dutch greenhouse sector https://t.co/2jV38oYsPL
1221902195265806337,2020-01-27 21:05:59,"Wrapped up the day celebrating the ag cooperation between the US &amp; EU, specifically the increased market access for high quality US beef and the 25th anniversary of the US EU spirits agreement https://t.co/6Z9PUFGmD8"
1221843947934375937,2020-01-27 17:14:32,"There are @USDA employees all over the globe, working every day on behalf of America’s farmers and ranchers. I thoroughly enjoyed meeting our team in Brussels today - thank you for your service! https://t.co/dREFaKKzel"
1221821243575369730,2020-01-27 15:44:19,We have a lot more in common than we do different and that was the lead topic of my discussions this afternoon w/ Members of European Parliament’s @EUFoodForum. Together we can work to reduce food waste worldwide and increase sustainability in our food supply. https://t.co/7GdYZAWMOx
1221755665858715649,2020-01-27 11:23:44,I reiterated to EU Commissioner for Health and Food Safety @SKyriakidesEU that both the US and Europe must be open to safe agriculture innovation as the demand for food continues to grow. https://t.co/CET4JJJoxT
1221751174916788225,2020-01-27 11:05:53,"Met with @PhilHoganEU, the EU Commissioner for Trade, on the critical EU-US trade relationship. We are confident we can reclaim our shared trade agenda as it will lead to more jobs and prosperity on both sides of the Atlantic. https://t.co/KT4sEqSpZo"
1221724117671432192,2020-01-27 09:18:22,I look forward to working with the new EU Commissioner for Agriculture @jwojc on ways the US and EU can continue to work together to feed our growing world population https://t.co/AT7pszHrkm
1221517079012159488,2020-01-26 19:35:40,Enjoyed meeting and dining with leaders of @COPACOGECA to discuss our shared vision for productive agriculture around the world. https://t.co/kCf5MD69Cf
1221477408018182144,2020-01-26 16:58:02,"European farmers face many of the same challenges American farmers do. I sat down w/ farmers from Belgium, France, Romania, Germany &amp; the Netherlands to discuss these issues. One gentleman was a 31st generation farmer, his family has farmed the same land for 800 years! https://t.co/MHo3UcZke9"
1221446596136775680,2020-01-26 14:55:36,"Began our trip to Europe today in Belgium, with our first stop being a Belgian Blue livestock farm outside of Brussels. This very impressive family owned and operated facility produces these beautiful traditional animals. https://t.co/OQI9LsO68s"
1220430254075977734,2020-01-23 19:37:01,"President Trump is removing strangling regulations from the backs farmers, ranchers, and rural land-owners. The days are gone when the Federal Government can claim a small farm pond on private land as navigable waters.

https://t.co/eVzLq7FjeD https://t.co/MDBBAK1V48"
1220133711749971975,2020-01-22 23:58:40,"RT @forestservice: ""It was humbling to observe the Australians’ resilience, the response in Australia, and level of support from our agency…"
1220000239752318977,2020-01-22 15:08:18,RT @SecBernhardt: Terrific time joining @SecretarySonny at @nssfshotshow. Enjoyed discussing how @Interior and @USDA are working together o…
1219743972869828608,2020-01-21 22:09:59,RT @gdecd: The GDEcD team greeted U.S. Department of Agriculture @SecretarySonny today in Las Vegas at #SHOTShow. More than 50 Georgia comp…
1219700920558092288,2020-01-21 19:18:55,"Started the morning off at @nssfshotshow with a roundtable hosted by @MossyOak — discussed NEPA, CRP, shared stewardship, regulatory reform, and many of the ways @USDA and @Interior are collaborating on issues facing our public lands. https://t.co/7g1QJMQzLY"
1219698311503835137,2020-01-21 19:08:33,"RT @DucksUnlimited: Thanks to #DUProudPartner @MossyOak for inviting DU to participate in the @NSSFShotShow Conservation Roundtable. 

@Int…"
1219448923904970752,2020-01-21 02:37:34,Tomorrow: https://t.co/HJOVWJP5MX
1219327989164445697,2020-01-20 18:37:01,"RT @FarmBureau: “We’ve got to tell the great story of American agriculture wherever we are.""— @SecretarySonny at #AFBF2020 https://t.co/qWf…"
1219321599452762114,2020-01-20 18:11:37,RT @FarmBureau: LIVE: @SecretarySonny speaks to America's farmers and ranchers at #AFBF2020: https://t.co/qWfALviGgT https://t.co/bljgJHjJxc
1219306672302313472,2020-01-20 17:12:18,"Sat down with @AikenJl this morning before our fireside chat. He’s got some great @FarmBureau shirt cuffs. 

You can watch the program live around 12:30pm CST here: https://t.co/sjybFijlkX https://t.co/oW75SsMWXG"
1219296079780466688,2020-01-20 16:30:13,"Dr. Martin Luther King, Jr. once said, “Ultimately you must do right because it's right to do right.” Today as we honor his life, courage, and legacy we are reminded why at USDA we strive to echo that mantra every day to do right by all the people we serve. #MLKDay https://t.co/1p1N2uUoau"
1219272387553898496,2020-01-20 14:56:04,"There's a lot of cumulative trade potential out there and our farmers are ready to go. They love to grow things. They'd rather have that trade than aid. And they're ready, raring to go. https://t.co/t7hLg1Uy8K"
1219258543464964097,2020-01-20 14:01:04,RT @BenLaCross: It was great catching up with @SecretarySonny at #AFBF2020! We farmers appreciate his support! https://t.co/EG2Yu6nuPy
1219235539188166657,2020-01-20 12:29:39,"Tune in to @FoxBusiness — joining @dagenmcdowell soon to discuss #USMCA, the China Phase One Deal, and @realDonaldTrump’s speech to the @FarmBureau Convention. https://t.co/BzrC8qS5rn"
1219087242901303296,2020-01-20 02:40:22,There has never been a harder working and thicker-skinned President in my lifetime. #AFBF2020 https://t.co/mJNywnNKJr
1219086483811860480,2020-01-20 02:37:21,"It’s great to be back at the @FarmBureau Convention, especially when I get to introduce @realDonaldTrump. I’ll see y’all tomorrow too. #AFBF2020 https://t.co/oPNvRfj5Ju"
1219084590293364736,2020-01-20 02:29:50,RT @4H: Thank you to @SecretarySonny for your continued support for #4H! #4HGrown https://t.co/tjqWrbNN0i
1219034150700752896,2020-01-19 23:09:24,Tune in! 👇 https://t.co/WFhIswtZNt
1218987617146101764,2020-01-19 20:04:30,"RT @realDonaldTrump: I will be going to Austin, Texas. Leaving soon. Always like (love!) being in the Lone Star State. Speaking to our grea…"
1218867169456422912,2020-01-19 12:05:53,"Our hearts are heavy for the Duvall family. A loving wife and devoted mother and grandmother, Bonnie’s kindness touched many lives — she was a friend to all who met her. Join Mary and me in praying for God’s comfort for @ZippyDuvall and his entire family. https://t.co/Q44pwFNI3k"
1218259498122596353,2020-01-17 19:51:13,"Enjoyed a delicious lunch with second graders at Castle Hills Elementary in San Antonio, TX. 🍗🥦🥔 We had chicken, broccoli, blueberries, mashed potatoes, and of course, Texas ruby red grapefruit. https://t.co/lspP9msRuf"
1218257134040817666,2020-01-17 19:41:49,Schools and school districts continue to tell us that there is still too much food waste and that more common-sense flexibility is needed to provide students nutritious and appetizing meals. We listened and now we’re getting to work. https://t.co/9cqYHlInuU
1218223551737683968,2020-01-17 17:28:22,Thank you to this bipartisan group of Members for recognizing the incredible efforts of our @forestservice firefighters in helping Australia combat #bushfires. We are proud to assist our longstanding partners &amp; will do so as long as needed. https://t.co/ArZRa9BEiG
1217882076944519170,2020-01-16 18:51:28,"Thank you, Mr. President! https://t.co/FhmhQ5w0p1"
1217867824292605954,2020-01-16 17:54:50,"🚨🚨Great news!🚨🚨
#USMCA is headed to @realDonaldTrump’s desk. Thank you @POTUS and @USTradeRep for successfully delivering an improved and modern trade agreement and working so hard for the people of American ag to get this deal across the finish line. https://t.co/k1swp9FJVX https://t.co/wmwAun8bH0"
1217839704089006081,2020-01-16 16:03:06,"Feedback from farmers, retailers and biofuels producers is critical to the success of this future program.

Under the leadership of @realDonaldTrump, @USDA remains committed to fulfilling a key promise to American farmers to enhance the promotion of biofuels. 

More here 👇 https://t.co/c9CnZqQCyg"
1217530966631223297,2020-01-15 19:36:17,"🚜👨‍🌾👩‍🌾🚜
This will benefit the American economy for years to come. https://t.co/JZFc0bQrhR"
1217525867150180354,2020-01-15 19:16:01,"Thank you @realDonaldTrump!

The China Phase One Agreement levels the playing field for U.S. agriculture and will be a bonanza for America’s farmers, ranchers, and producers. More HERE: https://t.co/kq11pVI1py https://t.co/MWpGz69Bs8"
1217520078373244928,2020-01-15 18:53:01,"RT @YahooFinance: Highlight: U.S. Secretary of Agriculture @SecretarySonny
on the enforcement mechanisms in the trade deal: “This is one of…"
1217517156000305152,2020-01-15 18:41:25,It's a great day for American agriculture! https://t.co/NfKCE7ZWTD
1217472281791926273,2020-01-15 15:43:06,Tune into @Varneyco to hear me live from the White House to discuss the Phase One China Deal
1216816240393707525,2020-01-13 20:16:13,RT @ZippyDuvall: What an honor to have President @realDonaldTrump join us again for the @FarmBureau Annual Convention!
1216050309023354882,2020-01-11 17:32:41,"Let’s raise a glass today to celebrate the tremendous work ethic, ingenuity, and determination of America’s milk producers.🥛#RaiseaGlass #NationalMilkDay https://t.co/rNC93g1GME"
1215741407324987392,2020-01-10 21:05:13,RT @forestservice: We’re very proud to answer the call for help from our partners in the Australian #bushfire and Emergency Service Authori…
1215673598490357760,2020-01-10 16:35:46,"RT @LoloNF: One of our own, Scott Schrenk, Fire Management Officer from the Plains-Thompson Falls District, is assisting in Australia as an…"
1215636848275591170,2020-01-10 14:09:44,"Good discussion this morning with @abc27’s @FBSaunders. Talked about the need for #USMCA, Florida’s citrus industry, hemp, and forestry. https://t.co/d6DjTlRZ68"
1215361003661209600,2020-01-09 19:53:38,"NEPA regulations have become a weapon used by those who seek to keep our farmers, producers, &amp; foresters from producing American food &amp; fiber. The proposed updates would mean many USDA FSA farm operating &amp; ownership loan guarantees will no longer face unnecessary &amp; costly delays. https://t.co/Op01ML9p9e"
1215360771191902213,2020-01-09 19:52:42,"NEPA regulations have not been updated in nearly 40 years. Today, President @realDonaldTrump continues to responsibly modernize our regulations to support America’s growth and prosperity. https://t.co/boinHJ2ozc"
1215287541655621633,2020-01-09 15:01:43,"We are grateful to all law enforcement professionals who bravely and selflessly serve each day, especially our officers on the front lines keeping America safe. Thank you! #LawEnforcementAppreciationDay https://t.co/OdfgBCQezZ"
1215022530819493890,2020-01-08 21:28:40,"RT @usfs_r9: Brian Stearns, a Huron-Manistee National Forest employee is pictured with a kangaroo joey who approached firefighters in the f…"
1214670345350918145,2020-01-07 22:09:12,"RT @forestservice: Yesterday, a fifth group of our Forest Service personnel deployed to Victoria, Australia, bringing the total number of U…"
1214662711289757697,2020-01-07 21:38:52,"As the daughter of an active farming family, @SenatorLoeffler understands the needs of the agriculture community. Looking forward to working together on ways we can best serve our farmers and ranchers across the country and in our home state of Georgia. https://t.co/bZ3dMssFV1"
1214644813280219137,2020-01-07 20:27:45,.@forestservice Captain Dave Soldavini from @LakeTahoeUSFS is currently assigned to Australia as part of @USDA’s fire suppression efforts. #USwithAUS #AustraliaFires https://t.co/sInhMzPeml
1214299916731858946,2020-01-06 21:37:15,We are proud to provide @forestservice personnel and will continue to support Australia as they battle these horrific wildfires. https://t.co/rhBVcBqbUf #USwithAUS #AustraliaFires https://t.co/jMYU6eis5G
1213156783616929793,2020-01-03 17:54:51,"Farmers are some of the most innovative business people in America. Listen to my chat with @ZippyDuvall about innovation in American ag. 
@ApplePodcasts👉 https://t.co/4k4O9mXFiz 
@Spotify👉 https://t.co/jtrfun6PM9 
@SoundCloud👉https://t.co/wgx7U0JiVQ"
1213123698905042946,2020-01-03 15:43:23,"Tune in to The Sonnyside of the Farm – hear from me and @FarmBureau President @ZippyDuvall – wherever you listen to podcasts
@ApplePodcasts👉 https://t.co/4k4O9mXFiz 
@Spotify👉 https://t.co/jtrfun6PM9 
@SoundCloud👉https://t.co/wgx7U0JiVQ 
@YouTube👉https://t.co/y1pmSy7jDP"
1213100553489862659,2020-01-03 14:11:24,"This month on The Sonnyside of the Farm, I sat down with @FarmBureau President @ZippyDuvall to discuss how technology and data are transforming agriculture – have a listen https://t.co/4k4O9mXFiz #AgTwitter #OATT #harvest19 https://t.co/1lrdduTeQR"
1212851115580166149,2020-01-02 21:40:14,Here’s a sneak peak of tomorrow's episode of The Sonnyside of the Farm – I sat down with @FarmBureau President @ZippyDuvall to talk about innovation and technology in American agriculture. https://t.co/jln6jqabHP
1212433683379974144,2020-01-01 18:01:30,"RT @USDA: Wishing you a Happy New Year, from your friends and partners at USDA! May 2020 bring you joy and happiness! #NewYear #NewYear2020…"
