id,created_at,text
1247248483024809985,2020-04-06 19:43:05,Newspapers across the country are helping spread the word to Americans on the importance of responding to the Census by publishing my note to their editors. Thank you to these publications for taking this action. Respond today at https://t.co/yVXNdtVvQe. https://t.co/fLrBmCn4xg
1247241902010904582,2020-04-06 19:16:56,"President Trump champions the farmers and food manufacturers who drive our country’s agricultural economy. In addition to providing current food and forestry tenants with production and storage space, the project will enable businesses to capitalize on food tourism opportunities. https://t.co/qBVpF4CWWG"
1246189694586703873,2020-04-03 21:35:50,"The Trump Administration is committed to not only retaining jobs in this country, but also to building resistance to natural disasters. This investment in #NorthCarolina will support the construction of new gravity storm drains to allow reliable access to the local biz community. https://t.co/gcBC3ofg05"
1246103640504438784,2020-04-03 15:53:54,"RT @CommerceGov: On this day in 1996, former Secretary of Commerce Ron Brown and 11 Commerce employees were killed in a plane crash near Du…"
1246101131052208128,2020-04-03 15:43:55,"The census happens just once every 10 years &amp; your response affects the allocation of congressional seats &amp; federal funds to your community — for resources such as schools, hospitals, roads, &amp; emergency services. Please take a few minutes &amp; respond today: https://t.co/Xht9vY4RW5. https://t.co/q69omyXEV9"
1245816439451398149,2020-04-02 20:52:39,The Trump Administration is working hard to fulfill our commitments to rebuild infrastructure impacted by natural disasters in #SouthCarolina. The improved infrastructure will protect established businesses from future severe weather events &amp; attract new businesses to the region. https://t.co/djZUzapFai
1245747258974441474,2020-04-02 16:17:46,"The success of the #2020Census depends on all Americans. Everyone can answer the Census from the comfort and safety of your home either online, over the phone, or through the mail. #DoYourPart https://t.co/yVXNdtVvQe #BeCounted #EveryoneCounts https://t.co/JSSdWIqWHt"
1245447298915672073,2020-04-01 20:25:50,The Trump Administration understands that investing in infrastructure creates jobs for #AmericanWorkers. This grant will enable the region to become more resilient to the economic impact of flooding &amp; mudslides by accelerating the growth of new biz &amp; strengthening the workforce. https://t.co/7AfmmzaEdk
1245416315986366466,2020-04-01 18:22:43,"Today, our nation celebrates #CensusDay. Please take a few minutes to respond to the #2020Census by visiting https://t.co/Xht9vXNh4x. You can respond online, over the phone, or through the mail. #BeCounted https://t.co/f2Uq8z8CMh"
1245063289815654400,2020-03-31 18:59:55,"The Trump Administration is committed to creating new opportunities for Americans. This new training facility will prepare students for careers in specialized industries, equipping the region’s economy to become resilient in the face of future disasters. https://t.co/uJggEmlF00"
1245057373284245504,2020-03-31 18:36:24,"These new grants contribute to President Trump's whole of-America response to the #COVID19 outbreak. These grants will be awarded with speed and agility, as the Department of Commerce aims to work at the ‘speed of business’ to meet this unprecedented health challenge. https://t.co/0Rc1HD0XXj"
1243673045610397697,2020-03-27 22:55:35,"Thank you President Trump, Secretary Mnuchin, and our Congressional leaders of both parties for your work to pass today's historic legislation to bring much needed relief to the American people and our businesses. Read my full statement at https://t.co/VJYKKj2g96 #CARESAct https://t.co/yXpQKRnlb8"
1243592556115570689,2020-03-27 17:35:44,RT @EximBankUS: #EXIM thanks Secretary of @CommerceGov Wilbur Ross for joining yesterday’s Board of Directors’ teleconference meeting to ad…
1243274723703894017,2020-03-26 20:32:47,The Trump Administration is committed to the resilience of local economies by encouraging companies to locate and expand within #OpportunityZones. I look forward to seeing the new Valdosta Area Business Incubator help a wide variety of businesses prosper in the region. https://t.co/yDb2xvgkc4
1242889387471486978,2020-03-25 19:01:36,President Trump is committed to improving our nation’s infrastructure &amp; supporting communities as they rebuild after natural disasters. The improvements made to the Highway 278 corridor will make Jasper County more economically resilient by attracting new industry to the region. https://t.co/j9VGXtgShz
1240647591139909636,2020-03-19 14:33:30,".@realDonaldTrump is working every day to empower our nation’s entrepreneurs so they can grow, thrive, and create new businesses. This project will provide the space needed for new business ventures to diversify and grow the economy in the Lake Agassiz region. https://t.co/QU2Rzx1vIr"
1240442995826135047,2020-03-19 01:00:31,We can all do our part part to slow the spread of this #coronavirus. https://t.co/aifoezfRb7
1240427790090014722,2020-03-19 00:00:05,"It has never been easier to respond to the #2020Census whether online, over the phone or by mail. Respond today at https://t.co/ZM3xJyf0RT https://t.co/LVqd4DvmUt"
1240416295599968256,2020-03-18 23:14:25,"In the fight against the #coronavirus, the Trump administration is not just taking a whole of government approach, but a whole of America approach. Read @VP OP-ED in @USAToday https://t.co/jWyEJpVCRT https://t.co/VilOCK8c0q"
1240027642029576193,2020-03-17 21:30:03,"For more information on #COVID19, please follow @CDCgov. https://t.co/Rpyw8vPs8V"
1240008766457856001,2020-03-17 20:15:02,We each have a critical role to play to stop the spread of #coronavirus. https://t.co/sPE3T3wbO9
1239969645202829312,2020-03-17 17:39:35,Efforts by companies to illicitly procure U.S. technologies in support of unsafeguarded WMD programs are unacceptable and will not be tolerated. The Department of Commerce will continue to aggressively investigate and designate parties who do so. ➡️ https://t.co/MgyJCMJ9Uo https://t.co/iOzT0RCBwq
1239951152017551360,2020-03-17 16:26:06,.@realDonaldTrump released new guidelines to help protect Americans during the global #Coronavirus outbreak. Do your part to slow the spread of #COVID19. https://t.co/7cfyWjoQ4U
1239714730446594050,2020-03-17 00:46:39,We each have a critical role role to play to stop the spread of this virus. Do your part. #CoronaVirus https://t.co/mou6ChEoNi
1239212257311105029,2020-03-15 15:30:00,".@POTUS has made the safety, security, &amp; health of the American people his top priority from day one of this Administration."
1239204712915914753,2020-03-15 15:00:01,"Since the very beginning of the Coronavirus outbreak, the President has taken an unprecedented whole-of-government approach to protect the American people. https://t.co/EEaZOm8Pgs"
1238967571266834432,2020-03-14 23:17:42,"RT @WhiteHouse: What the federal government is doing right now to protect public health, cut red tape, and empower healthcare providers: ht…"
1238965969785159680,2020-03-14 23:11:20,https://t.co/Eb5NmNvSa7
1238965967897665539,2020-03-14 23:11:20,The @uscensusbureau is carefully monitoring the coronavirus (#COVID19) situation and will fulfill our obligation to deliver the #2020Census counts to the President of the United States. https://t.co/7Y7SLnah2k
1238586585400193024,2020-03-13 22:03:48,President Trump continued his strong leadership in the face of this crisis by declaring a National Emergency today to make more resources rapidly available to continue fighting COVID-19. It is this very leadership that has saved countless lives since the outbreak began. https://t.co/x1MWbPsetu
1238149847783530496,2020-03-12 17:08:22,"Since the very beginning of the Coronavirus outbreak, the President has taken an unprecedented whole-of-government approach to protect the American people. https://t.co/EEaZOm8Pgs"
1238149846923718658,2020-03-12 17:08:21,".@POTUS has made the safety, security, &amp; health of the American people his top priority from day one of this Administration."
1237034016232046595,2020-03-09 15:14:27,"President @realDonaldTrump understands that reliable and modern infrastructure is fundamental to business development and success. This project in @Springdale_AR will widen Kendrick Avenue and connect it to Highway 265, which will allow for expedited business growth. https://t.co/t8NImBPkEt"
1236713290845339648,2020-03-08 18:00:00,The @realDonaldTrump Administration is working continuously to support natural disaster recovery efforts in Texas. This project will support revitalization of the San Angelo region and rebuilding of impacted communities. https://t.co/YFhQdc0wmV …
1236652899284869121,2020-03-08 14:00:01,"The election of Daren Tang as Director General of the @WIPO is good news for the global economy. Mr. Tang understands the importance of intellectual property rights to inventors, artists, entrepreneurs, and companies.  https://t.co/rjzQArR276 …"
1236630245140074496,2020-03-08 12:30:00,"America has answered the call &amp; is ready to answer the #2020Census. With unemployment rates at historic lows, recruiting is a big challenge. I congratulate our recruitment staff, &amp; our community partners, for recruiting more than 2.6 million applicants. https://t.co/VtfhvivNlc …"
1236366004910993409,2020-03-07 19:00:00,"On February 12, 2020, the United Nations High Commissioner for Human Rights issued a “blacklist” of companies, including several U.S. companies, that do business in Israel-controlled territories. https://t.co/s1UaMfpvZv"
1236305604525699072,2020-03-07 15:00:00,Thank you @PerformanceGov for recognizing the work of so many  Commerce employees. These hard-working public servants exemplify America's best &amp; I am proud of the work they do everyday to improve the quality of life for Americans now and in the future. https://t.co/uNvPoYJgcN …
1236018014522421250,2020-03-06 19:57:13,"America has answered the call, and is ready to answer the #2020Census. With unemployment rates at historic lows, recruiting is a big challenge. I congratulate our recruitment staff, and our community partners for recruiting more than 2.6 million applicants nationwide. https://t.co/VtfhviectE"
1236004605680640012,2020-03-06 19:03:56,"RT @IvankaTrump: 1 yr ago today we hosted the 1st American Workforce Policy Advisory Board mtg.
Our mission every day is to create jobs &amp;⬆️…"
1235953389755920389,2020-03-06 15:40:25,"RT @WhiteHouse: ""Job numbers just came out, and they're incredible."" https://t.co/43CJSIx7fF"
1235666647651766272,2020-03-05 20:41:01,The @realDonaldTrump Administration is working continuously to support natural disaster recovery efforts in Texas. This project will support revitalization of the San Angelo region and rebuilding of impacted communities. https://t.co/YFhQdbIUYl
1235361608722939904,2020-03-05 00:28:54,"The election of Daren Tang as Director General of the @WIPO is good news for the global economy. Mr. Tang understands the importance of intellectual property rights to inventors, artists, entrepreneurs, companies, and all those whose livelihoods depend on their creative genius. https://t.co/rjzQAs8DvG"
1234934420060155904,2020-03-03 20:11:24,The work of Commerce's National Institute of Standards and Technology provides U.S. companies with critical support to promote competitiveness. Thank you for 119 years of service and happy birthday @NIST! https://t.co/thDLwUCvnR
1234845400638595073,2020-03-03 14:17:40,The Government of the United States fully supports the U.S. companies identified on the list and encourages all U.S. businesses to continue to work with and invest in Israeli as well as Palestinian communities.
1234845399912996864,2020-03-03 14:17:40,"Boycotts against Israel and companies doing business with and in Israel are contrary to longstanding U.S. policy. The UN “blacklist” is anti-business, seeks to isolate Israel, has no factual basis or legal force whatsoever, and should not be adhered to in any respect."
1234845399040561152,2020-03-03 14:17:40,"On February 12, 2020, the United Nations High Commissioner for Human Rights issued a “blacklist” of companies, including several U.S. companies, that do business in Israel-controlled territories."
1234624109407035394,2020-03-02 23:38:20,Thank you @PerformanceGov for recognizing the work of so many Department of Commerce employees. These hard-working public servants exemplify America's best and I am proud of the work they do everyday to improve the quality of life for Americans now and in the future. https://t.co/uNvPoYrFlf
1234191675456729089,2020-03-01 19:00:00,"Community partners for the #2020Census are critical towards achieving an accurate count. I applaud the @uscensusbureau for gaining the support of 300,000 partners to help reach millions of households &amp; remind them the census is safe, easy, &amp; important. https://t.co/JjV0PuHEyT …"
1234146377661370374,2020-03-01 16:00:00,"The Trump Administration continues to work diligently to rebuild communities devastated by natural disasters. By providing small businesses with gap financing to recover and grow, this investment will create stronger communities within the region. https://t.co/KwNvblGhCv …"
1234131281740431361,2020-03-01 15:00:01,"The @US_EDA grant to Lycoming County, #Pennsylvania reflects the @realDonaldTrump Administration’s diligent work to rebuild our Nation’s #infrastructure, including in #OpportunityZones that have been greatly impacted by natural disasters. https://t.co/GlItgNbfsA …"
1233874585990451200,2020-02-29 22:00:00,"Thank you @ImranKhanPTI, &amp; to your government, for your hospitality. The work Pakistan has begun to do to fight terrorism &amp; promote security is affording the US &amp;  Pakistan the opportunity to strengthen trade in the region &amp; between our countries. https://t.co/YviKhQAXyb …"
1233859488517480449,2020-02-29 21:00:00,It was an honor to meet w/ US companies based in Pakistan &amp; discuss ways the US gov't can support improving prospects for their success. Protecting their interests &amp; removing tariff &amp; non-tariff barriers is a priority for the @realDonaldTrump Admin. https://t.co/hD0xXAwj55 …
1233844389056634880,2020-02-29 20:00:00,"As President Trump said in India, “our relationship with Pakistan is a very good one.” It was an honor to meet with Pakistan’s Prime Minister @ImranKhanPTI in Islamabad earlier this week on ways to boost trade and investment between the U.S. and Pakistan."
1233814187861655553,2020-02-29 18:00:00,The $65 million allocation from @NOAAFisheries will support hard-working fishing communities in key states across America and will help them recover from recent disasters and make them more resilient to future challenges. https://t.co/VXsAtkRLk5 …
1233799089344483328,2020-02-29 17:00:00,"New single-family home sales increased 7.9% in January, the highest level since July 2007. Thanks to @realDonaldTrump, more Americans are able to own a new home due to historic unemployment, higher wages, and declining interest rates. https://t.co/8DBLopZDOG …"
1233768891072966659,2020-02-29 15:00:00,"Yesterday's data from @BEA_News shows wages for all Americans, as well as consumer spending, rose in January. The @realDonaldTrump Administration continues to produce real results for #AmericanWorkers. https://t.co/4QgdqRWOCj …"
1233459404869074946,2020-02-28 18:30:13,"Today's data from @BEA_News shows wages for all Americans, as well as consumer spending, rose in January. The @realDonaldTrump Administration continues to produce real results for #AmericanWorkers. https://t.co/4QgdqSeq0T"
1233171167193767937,2020-02-27 23:24:52,This $65 million allocation from @NOAAFisheries will support hard-working fishing communities in key states across America and will help them recover from recent disasters and make them more resilient to future challenges. https://t.co/VXsAtkAasx
1233060521265500160,2020-02-27 16:05:12,"Community partners for the #2020Census are critical towards achieving an accurate count. I applaud the @uscensusbureau for soliciting the support of 300,000 partners to help reach millions of households &amp; remind them that answering the census is safe, easy, &amp; important. https://t.co/JjV0PuHEyT"
1232806070453710854,2020-02-26 23:14:06,"Thank you Prime Minister @ImranKhanPTI, and to your government, for your hospitality. The work Pakistan has begun to do to fight terrorism &amp; promote security is affording the U.S. and Pakistan the opportunity to strengthen &amp; expand trade in the region &amp; between our countries. https://t.co/YviKhQAXyb"
1232802790445023232,2020-02-26 23:01:04,"Congratulations to the @uscensusbureau on this remarkable achievement. Having been an enumerator myself, I value the importance of having an established workforce to carry out the census, the largest civilian government undertaking in America. #2020Census https://t.co/gKUqhxBoGp https://t.co/fU419iz5Z5"
1232724729817112578,2020-02-26 17:50:53,"New single-family home sales increased 7.9% in January, the highest level since July 2007. Thanks to @realDonaldTrump, more Americans are able to own a new home due to historic unemployment, higher wages, and declining interest rates. https://t.co/8DBLopI2X8"
1232717311242625026,2020-02-26 17:21:24,It was an honor to meet with U.S. companies based in Pakistan and discuss ways the U.S. government can support improving prospects for their success. Protecting their interests and removing tariff and non-tariff barriers is a priority for the @realDonaldTrump Administration. https://t.co/hD0xXAeIdx
1232690856584454145,2020-02-26 15:36:17,"RT @pid_gov: US Secretary of Commerce Mr. Wilbur Ross called on Prime Minister Imran Khan at PM Office Islamabad.
@SecretaryRoss @PakPMO ht…"
1232508079616471042,2020-02-26 03:29:59,"As President Trump said this week, “our relationship with Pakistan is a very good one.” I look forward to meeting with Pakistan’s Prime Minister @ImranKhanPTI in Islamabad today on ways to boost trade and investment between the U.S. and Pakistan."
1232366332286586880,2020-02-25 18:06:44,"The Trump Administration continues to work diligently to rebuild communities devastated by natural disasters. By providing small businesses with gap financing to recover and grow, this investment will create stronger and more economically resilient communities within the region. https://t.co/KwNvblGhCv"
1232114499680972800,2020-02-25 01:26:02,"I am proud to join President @realDonaldTrump during his first official trip to India and look forward to addressing the @USIBC today. This trip here shows just how significant the U.S.-India relationship is both strategically, and commercially. https://t.co/30qZ0pjjfi"
1232091276767567872,2020-02-24 23:53:46,"The @US_EDA grant to Lycoming County, #Pennsylvania reflects the @realDonaldTrump Administration’s diligent work to rebuild our Nation’s #infrastructure, including in #OpportunityZones that have been greatly impacted by natural disasters. https://t.co/GlItgNbfsA"
1231670061104009216,2020-02-23 20:00:00,"We are committed to putting America on course to having the world's best forecasts, powered by fast supercomputers and exceptional weather models. By employing innovation and technology, we are safeguarding our Nation. https://t.co/8RMAE5sm4O …"
1231639863495016448,2020-02-23 18:00:00,"America's fishermen and seafood industries underpin our strong blue economy. U.S. fisheries are among the world's most sustainable and support thousands of jobs, provide billions of dollars in revenue, and provide protein-rich options to dinner tables. https://t.co/9AyooguS3K …"
1231594565427134464,2020-02-23 15:00:00,"Since @realDonaldTrump was elected, GDP growth has smashed expectations, 7.1 million jobs have been created, unemployment is at a 50-year low, incomes continue to rise, and free and fair trade policies have created more opportunities for U.S. companies. https://t.co/7Hb2tibWPq"
1231307671992664065,2020-02-22 20:00:00,"This week, we celebrate our nation's #entrepreneurs. They are the backbone of the U.S. economy and their competitive spirit and commitment to excellence is what drives our country forward and continues to fuel our economic resurgence. #NatlEshipWeek https://t.co/b5EALZNt5E"
1231277474413150210,2020-02-22 18:00:00,"Congratulations @bouldercolorado for topping the U.S. &amp; being among 350 of 355 of our Nation's largest counties that experienced wage growth. Thanks to  @realDonaldTrump, unemployment is at a 50-year low, boosting incomes for the majority of Americans. https://t.co/KcUzAItnKF …"
1231232179234955264,2020-02-22 15:00:01,"Consumer spending is a fundamental driver of the U.S. economy. During the final quarter of both 2018 and 2019, retail e-commerce sales soared, producing measurable results for our Nation's booming economy. https://t.co/ALTiCv8GXZ …"
1230936421378273280,2020-02-21 19:24:47,"We are committed to putting America on course to having the world's best forecasts, powered by fast supercomputers and exceptional weather models. By employing innovation and technology, we are safeguarding our Nation. https://t.co/8RMAE5sm4O"
1230906760027918337,2020-02-21 17:26:55,"America's fishermen and seafood industries underpin our strong blue economy. U.S. fisheries are among the world's most sustainable and support thousands of jobs, provide billions of dollars in revenue, and provide protein-rich options to dinner tables. https://t.co/9AyoogMtsk"
1230897372814811136,2020-02-21 16:49:37,"Since @realDonaldTrump was elected, GDP growth has smashed expectations, 7.1 million jobs have been created, unemployment is at a 50-year low, incomes continue to rise, and free and fair trade policies have created more opportunities for U.S. companies. https://t.co/7Hb2tibWPq"
1230871148373696514,2020-02-21 15:05:24,"This week, we celebrate our nation's #entrepreneurs. They are the backbone of the U.S. economy and their competitive spirit and commitment to excellence is what drives our country forward and continues to fuel our economic resurgence. #NatlEshipWeek https://t.co/b5EALZNt5E"
1230532776803340289,2020-02-20 16:40:50,"Congratulations @bouldercolorado for topping the U.S. and being among 350 of 355 of our Nation's largest counties that experienced wage growth. Thanks to the policies of @realDonaldTrump, unemployment is at a 50-year low, boosting incomes for the majority of Americans. https://t.co/KcUzAItnKF"
1230201328770670593,2020-02-19 18:43:47,"Consumer spending is a fundamental driver of the U.S. economy. During the final quarter of both 2018 and 2019, retail e-commerce sales soared, producing measurable results for our Nation's booming economy. https://t.co/ALTiCvqimz"
1229193743649169408,2020-02-17 00:00:00,Congratulations to the 2020 class of @InventorsHOF inductees. Your contributions to American innovation ensures that we continue our proud legacy of ingenuity and innovation. #NIHF2020 @uspto https://t.co/f6LlnoVCHD …
1229140895435546624,2020-02-16 20:30:00,"Poland is an ally, strategic partner, &amp; longtime friend of the U.S. It was an honor to meet w/ Minister of Finance Tadeusz #Kościński &amp; Adam Guibourgé Czetwertyński of Poland's Ministry of Climate &amp; address ways to further increase our trade relationship. https://t.co/RGnc9gvy7H"
1229125795555225607,2020-02-16 19:30:00,Poland is a strategic partner and longtime friend of the United States. It was an honor to meet with the Poland Minister of Development @JEmilewicz and I look forward to expanding commercial ties between our two countries. https://t.co/im4h3cAF81 …
1229118248488034304,2020-02-16 19:00:01,It was my pleasure to meet with the @AMChamPoland. They are instrumental in generating economic growth in Poland. https://t.co/Ry3dNUFlLt …
1229072950009221120,2020-02-16 16:00:01,Thank you @IvankaTrump for your leadership on #WGDP. @CommerceGov is committed to greater economic participation by women in developing countries by working to reduce legal and regulatory barriers to entry around the world. https://t.co/fSstdYuwTQ …
1228801155834138625,2020-02-15 22:00:00,.@realDonaldTrump's commitment to making America safe &amp; resilient is put into action by this Executive Order that will make PNT services more reliable &amp; help protect against costly disruptions in services that can put Americans in harm’s way. https://t.co/8mxdkvsA6C …
1228770958552502272,2020-02-15 20:00:00,It was an honor to meet w/ Austrian Minister of Environment @lgewessler &amp; Finance Minister @Gernot_Bluemel this week. Austria is a leader in foreign direct investment in the U.S. &amp; I look forward to deepening the connections between the U.S. and Austria. https://t.co/pJRumiNSbJ
1228740760234795013,2020-02-15 18:00:00,"America’s science, technology, engineering, and math workforce is crucial to our innovation and global competitiveness. I am proud that the Commerce Department is home to so many #WomenInScience who make a difference in the lives of Americans. #WomenInSTEM"
1228710564269920256,2020-02-15 16:00:01,"Our Nation’s governors are instrumental in furthering the President's economic agenda by increasing rural broadband connectivity, creating more opportunities for American workers, revitalizing underserved communities, and achieving an accurate #2020Census. https://t.co/xrd3366iDj"
1228695465295843328,2020-02-15 15:00:01,President @realDonaldTrump's dedication to the success of all Americans has fostered an unprecedented period of growth for our economy and created the biggest economic boom in our nation’s history. https://t.co/I3I76oGUFY …
1228465998015193089,2020-02-14 23:48:12,"Poland is one of Europe’s fastest growing economies. I was pleased to have met with U.S. businesses based in Poland who are focused on energy, digital, transportation, and infrastructure projects &amp; are making a difference in improving trade relations between our two nations. https://t.co/AFaRlNwGFW"
1228378484315172865,2020-02-14 18:00:27,"Poland is a stalwart ally, strategic partner, &amp; longtime friend of the United States. It was an honor to meet with Minister of Finance Tadeusz #Kościński &amp; Adam Guibourgé Czetwertyński of Poland's Ministry of Climate &amp; address ways to further increase our trade relationship. https://t.co/RGnc9gvy7H"
1228241288731951105,2020-02-14 08:55:17,Thank you @USAmbPoland for devoting so much of your time and energy to the Three Seas Initiative and furthering the U.S. – Poland relationship. 🇺🇸 🇵🇱 https://t.co/DWxwUZzNOg
1228237980566880256,2020-02-14 08:42:08,Poland is a strategic partner and longtime friend of the United States. It was an honor to meet with the Poland Minister of Development @JEmilewicz and I look forward to expanding commercial ties between our two countries. https://t.co/im4h3cSfZz
1228235002367729664,2020-02-14 08:30:18,It was my pleasure to meet with the @AMChamPoland. They are instrumental in generating economic growth in Poland. https://t.co/Ry3dNUFlLt
1227677297722953728,2020-02-12 19:34:11,Congratulations to the 2020 class of @InventorsHOF inductees. Your contributions to American innovation ensures that we continue our proud legacy of ingenuity and innovation. #NIHF2020 @uspto https://t.co/f6LlnoVCHD
1227642653178810368,2020-02-12 17:16:31,Thank you @IvankaTrump for your leadership on #WGDP. @CommerceGov is committed to greater economic participation by women in developing countries by working to reduce legal and regulatory barriers to entry around the world. https://t.co/fSstdYuwTQ
1227628643691745283,2020-02-12 16:20:51,".@realDonaldTrump's commitment to making America safe &amp; resilient is put into action by this Executive Order that will make the positioning, navigation, &amp; timing services more reliable &amp; help protect against costly disruptions in PNT services that can put Americans in harm’s way. https://t.co/8mxdkvKbvc"
1227329494136098816,2020-02-11 20:32:08,"The President's 2021 Budget request promotes industries of the future &amp; a robust trade agenda, provides resources to conduct an accurate #2020Census, &amp; improves the collection of data on ocean mapping, weather forecasting, &amp; measuring our Nation's economy. https://t.co/hyWVVw2gpw https://t.co/5jWjuwr0wr"
1227307640033873920,2020-02-11 19:05:18,It was an honor to meet with Austrian Minister of Environment @lgewessler and Finance Minister @Gernot_Bluemel. Austria is a leader in foreign direct investment in the U.S. and I look forward to deepening the connections between the U.S. and Austrian business communities. https://t.co/pJRumiNSbJ
1227272423160061952,2020-02-11 16:45:21,"America’s science, technology, engineering, and math workforce is crucial to our innovation and global competitiveness. I am proud that the Commerce Department is home to so many #WomenInScience who make a difference in the lives of Americans. #WomenInSTEM #WomenInScienceDay"
1227252301641011200,2020-02-11 15:25:24,"Our Nation’s governors are instrumental in furthering the President's economic agenda by increasing rural broadband connectivity, creating more opportunities for American workers, revitalizing underserved communities, and achieving an accurate #2020Census. https://t.co/xrd335OHLL"
1227009723477766147,2020-02-10 23:21:29,"@realDonaldTrump By putting more money in the pockets of Americans through historic tax cuts and eliminating burdensome and unnecessary bureaucratic regulations, we can promote prosperity for all Americans for generations to come."
1226995668780306432,2020-02-10 22:25:38,President @realDonaldTrump's dedication to the success of all Americans has fostered an unprecedented period of growth for our economy and created the biggest economic boom in our nation’s history. https://t.co/I3I76oGUFY
1226901733181448193,2020-02-10 16:12:22,"The @realDonaldTrump Administration is rebuilding America’s infrastructure. This pier will help the Port of Newport, #Oregon support its existing fishing fleet and new business growth. https://t.co/bubaFqURUk"
1226596630373138435,2020-02-09 20:00:00,Historic wage growth and job creation in the United States has led to a growing skills gap. The @realDonaldTrump Administration is committed to supporting local efforts to create the workforce necessary to serve business needs. #pledgetoamericasworkers https://t.co/dlOonVQOog …
1226551331021680642,2020-02-09 17:00:00,"January’s #JobsReport marks another strong month for #AmericanWorkers w/ 225,000 jobs added, once again beating expectations. Since @realDonaldTrump's election, 7 million jobs have been created &amp; our booming economy continues to create opportunities. https://t.co/TeJuOJfPfN …"
1226264442385469440,2020-02-08 22:00:00,"President @realDonaldTrump has secured four historic trade wins for America, which is shrinking the trade deficit and leveling the playing field for U.S. exporters. #USMCA #chinatradedeal @Reuters https://t.co/M25GwEYmP4 …"
1226234244667670528,2020-02-08 20:00:00,"From renegotiating trade deals that work for Americans to a jobs agenda that has led to the lowest unemployment rate in half a century, the American Dream is being restored for millions of American workers. #SOTU https://t.co/cqZBEWICeZ …"
1226219144615362560,2020-02-08 19:00:00,"Since the beginning of this Administration, critics have predicted doom and gloom for the American economy. They were wrong then, and they are wrong now. President @realDonaldTrump continues to unleash incredible growth in the American economy. #SOTU https://t.co/TK00f2XOem …"
1226143645503373314,2020-02-08 14:00:00,"The strong economy continues to lift up the manufacturing industry. Since the election of @realDonaldTrump, 500,000 manufacturing jobs have been added, businesses are growing, and the #americanworker is winning. https://t.co/HDNoBgs9yz …"
1226128547858784257,2020-02-08 13:00:00,"I am proud of this Administration and all that President @realDonaldTrump has accomplished on behalf of the American people. The President has produced real, measurable results on economic growth, jobs, and trade."
1225882035765510144,2020-02-07 20:40:27,Tariff threats facilitated the #chinatradedeal; the #USMCA; the renegotiation of the pact with Korea; and two new agreements with Japan. President @realDonaldTrump's policies are reshaping our trade relationships around the world. https://t.co/dnTzwdm0ot
1225858140266254337,2020-02-07 19:05:30,RT @WhiteHouseCEA: “#OpportunityZones lower taxes on job creation—the most powerful source of poverty reduction ever invented” https://t.co…
1225811333154820097,2020-02-07 15:59:30,"January’s #JobsReport marks another strong month for #AmericanWorkers w/ 225,000 jobs added, once again beating expectations. Since @realDonaldTrump's election, over 7 million jobs have been created &amp; our booming economy continues to create opportunities. https://t.co/TeJuOJxqEn"
1225531423731441665,2020-02-06 21:27:15,Historic wage growth and job creation in the United States has led to a growing skills gap. The @realDonaldTrump Administration is committed to supporting local efforts to create the workforce necessary to serve business needs. #pledgetoamericasworkers https://t.co/dlOonVzdwI
1225438478424518658,2020-02-06 15:17:55,"President @realDonaldTrump has secured four historic trade wins for America, which is shrinking the trade deficit and leveling the playing field for U.S. exporters. #USMCA #chinatradedeal @Reuters https://t.co/M25GwFfYdE"
1225423951591100416,2020-02-06 14:20:11,RT @CommerceGov: Commerce @SecretaryRoss will address the @OxfordUnion in London today at 11:00 a.m. EST and discuss export controls and th…
1224906158995132417,2020-02-05 04:02:40,"Because of @realDonaldTrump's leadership, we are experiencing a comeback like never before. Americans who need it the most are experiencing an incredible Blue Collar Boom that can be felt on manufacturing floors, at steel production facilities &amp; construction sites across America."
1224905303700987906,2020-02-05 03:59:16,"The benefits of the #ChinaTradeDeal, the #USMCA, the two trade agreements with Japan, and the renegotiated free trade agreement with South Korea are allowing American workers and businesses to compete on the world stage. #SOTU"
1224904308392710145,2020-02-05 03:55:19,"From renegotiating trade deals that work for Americans to a jobs agenda that has led to the lowest unemployment rate in half a century, the American Dream is being restored for millions of American workers. #SOTU https://t.co/cqZBEWICeZ"
1224853316867448833,2020-02-05 00:32:42,"Since the beginning of this Administration, critics have predicted doom and gloom for the American economy. They were wrong then, and they are wrong now. President @realDonaldTrump continues to unleash incredible growth in the American economy. #SOTU https://t.co/TK00f2GdmO"
1224818790153752582,2020-02-04 22:15:30,"I am proud of this Administration and all that President @realDonaldTrump has accomplished on behalf of the American people. The President has produced real, measurable results on economic growth, jobs, and trade. Watch the #SOTU tonight @ 9:10 PM EST. 
https://t.co/LN7COsop3S"
1224749150765494273,2020-02-04 17:38:46,RT @WhiteHouseCEA: @ISM’s Manufacturing PMI surged 3.1 percentage points to 50.9% in January—the largest one month increase since July 2013…
1224745234392920070,2020-02-04 17:23:13,"The strong economy continues to lift up the manufacturing industry. Since the election of @realDonaldTrump, 500,000 manufacturing jobs have been added, businesses are growing, and the #americanworker is winning. https://t.co/HDNoBgJKX9"
1224432926240043010,2020-02-03 20:42:13,"The project’s location in a #TaxCutsAndJobsAct #OpportunityZone will help increase job opportunities and support the expansion of businesses in an area deeply impacted by hurricanes Florence, Michael, and Matthew."
1224432924717547523,2020-02-03 20:42:12,"The truck driving industry in North Carolina is growing, and Sampson Community College is perfectly positioned to train drivers for in-demand jobs. https://t.co/SBLNdxOw58"
1223969320067313667,2020-02-02 14:00:00,American wages continue to climb and @realDonaldTrump is producing real results for our nation's economy. #PromisesMadePromisesKept https://t.co/u0WJkWlJ9D …
1223712627685236736,2020-02-01 21:00:00,"The #USMCA is a victory for America's farmers, innovators, manufacturers, &amp; workers. Since day one, @realDonaldTrump has fought for free &amp; fair trade. This agreement will level the playing field and put American jobs and workers first. #RIP #NAFTA https://t.co/l77pApP1I3 …"
1223689977617317894,2020-02-01 19:30:00,"What a historic week for the U.S. economy. The signing of the #USMCA, economic growth in Q4 of 2019, &amp; more money in pockets of the #americanworker. President @realDonaldTrump's economic policies continue to produce positive results for America. https://t.co/QfYOiPSkPJ …"
1223667328476270592,2020-02-01 18:00:00,"Along with #USMCA, this MOU cements our economic ties through increased cooperation between our nations' patent offices. @realDonaldTrump is bringing America’s trade relationship w/ Canada &amp; Mexico into the 21st century. https://t.co/RWUB0uxJjK …"
1223659778825768973,2020-02-01 17:30:00,"I was pleased to join @GMarquezColin at the MOU ceremony in Mexico City before the historic signing of the #USMCA. The economic relationship between the U.S. and Mexico supports growth, opportunity, &amp; jobs for millions of citizens in both our countries. https://t.co/Jrq2oemOkl …"
1223629579467685888,2020-02-01 15:30:00,"This initiative will positively impact the lives of the fastest growing minority population in America. Since the President was elected, more Asian Americans are working than ever before. https://t.co/aihP2R6sPQ …"
1223591833302982657,2020-02-01 13:00:00,Americans are more optimistic than ever before about our nation's economic outlook. @CNBC https://t.co/ZifDhhFdKD …
1223340580119425024,2020-01-31 20:21:37,American wages continue to climb and @realDonaldTrump is producing real results for our nation's economy. #PromisesMadePromisesKept https://t.co/u0WJkWlJ9D
1223328846981758977,2020-01-31 19:35:00,Americans are more optimistic than ever before about our nation's economic outlook. @CNBC https://t.co/ZifDhhFdKD
1223292631138164737,2020-01-31 17:11:05,"What a historic week for the U.S. economy. The signing of the #USMCA trade agreement, economic growth in the 4th quarter of 2019, and more money in pockets of the #americanworker. President @realDonaldTrump's economic policies continue to produce positive results for America. https://t.co/QfYOiPSkPJ"
1223020305268060160,2020-01-30 23:08:58,"RT @realDonaldTrump: BIGGEST TRADE DEAL EVER MADE, the USMCA, was signed yesterday and the Fake News Media barely mentioned it. They never…"
1222991090250395663,2020-01-30 21:12:52,"Since the beginning of this Administration, critics have predicted doom and gloom for the American economy. They were wrong then, and they are wrong now. President @realDonaldTrump continues to unleash incredible growth in the American economy. https://t.co/26Lg95geGj"
1222972858860810242,2020-01-30 20:00:25,"GDP grew in the 4th Quarter due to 4 historic trade wins by @realDonaldTrump. The #USMCA, Phase One of the #chinatradedeal, 2 trade deals w/ Japan &amp; the re-working of the free trade agreement w/ South Korea have signaled America is back &amp; competing on the world stage."
1222967397788913672,2020-01-30 19:38:43,GDP for 2019 is more great news for the American economy. Americans continue to experience tremendous increases in employment and wages that prime 2020 for further economic gains. https://t.co/DnC38TjdHU
1222671559753637896,2020-01-30 00:03:10,RT @CommerceGov: #TuneIn tomorrow at 7:30 am EST to watch @SecretaryRoss discuss the #USMCA and its benefits to America on @FoxBusiness wit…
1222649179148898304,2020-01-29 22:34:14,RT @HowieCarrShow: Listen live at https://t.co/FTIpZvYJXm! https://t.co/jRWP52fnVa
1222645264361672706,2020-01-29 22:18:41,RT @CommerceGov: #TuneIn at 5:33 p.m. (EST) to hear @SecretaryRoss discuss today's White House signing of the #USMCA and its benefits to Am…
1222641666298929153,2020-01-29 22:04:23,RT @CommerceGov: #TuneIn to watch @SecretaryRoss interview with @MariaBartiromo on @FoxBusinesss tomorrow morning at the top of the 8:00 a.…
1222610636439506944,2020-01-29 20:01:05,"Blue collar workers are rising. After decades of being left behind, President Trump has helped grow a full-blown blue-collar boom that can be felt on manufacturing floors, at steel production facilities &amp; construction sites across America. https://t.co/COHpduoPwy https://t.co/ab24HvNipc"
1222583079530901510,2020-01-29 18:11:35,"The #USMCA is a victory for America's farmers, innovators, manufacturers, and workers. Since day one, @realDonaldTrump has fought for free and fair trade. This agreement will level the playing field and put American jobs and workers first. #USMCAWin #AmericaFirst #RIP #NAFTA https://t.co/l77pApP1I3"
1222512896279826433,2020-01-29 13:32:42,"Along with USMCA, this MOU cements our economic ties through increased cooperation between our nations' patent offices. Looking forward to witnessing the #USMCA signing today. @realDonaldTrump is bringing America’s trade relationship w/ Canada &amp; Mexico into the 21st century. https://t.co/RWUB0ug8sc"
1222237200747765760,2020-01-28 19:17:11,"I was pleased to join @GMarquezColin at the MOU ceremony today in Mexico City ahead of tomorrow's historic signing of the #USMCA. The economic relationship between the United States and Mexico supports growth, opportunity, and jobs for millions of citizens in both our countries. https://t.co/Jrq2oemOkl"
1222183589678325761,2020-01-28 15:44:09,"It is an honor to co-chair the @WhiteHouseAAPI Initiative with you @SecElaineChao. This initiative will positively impact the lives of the fastest growing minority population in America. Since the President was elected, more Asian Americans are working than ever before. https://t.co/aihP2Ro4eq"
1221949759193260032,2020-01-28 00:14:59,Congratulations @SBAJovita on your confirmation as @SBAgov Administrator! I look forward to working with you on advancing @realDonaldTrump’s pro-growth agenda and the continued growth and prosperity of America's small business owners and entrepreneurs. https://t.co/i8LFtWDBKP
1220857036868636673,2020-01-24 23:52:54,It was an honor to be at the #WEF2020 in #Davos this week &amp; address the future of space and its immense economic potential. Current industry projections place the 2040 global space economy at between $1 and $3 trillion. And I think we will certainly get to a trillion before 2040. https://t.co/k3xTGWPVpj
1220395270057484288,2020-01-23 17:18:00,"RT @WhiteHouse: The Pledge to America's Workers is about helping employers look to all corners of the population, bring people off the side…"
1220392758747312128,2020-01-23 17:08:02,Thank you @IvankaTrump for informing the world about the Administration's #PledgetoAmericasWorkers. Our booming economy has created more opportunities for American workers &amp; it is critical we have the support of U.S. businesses in providing them with the skills they need. https://t.co/bdvuY7IwMP
1219046884205125632,2020-01-20 00:00:00,"This week's signing of #PhaseOne of the U.S.-#ChinaTradeDeal is a reflection of @realDonaldTrump's steadfast commitment to free &amp; fair trade and a historic win for U.S. businesses, manufacturers &amp; #AmericanWorkers #PromisesMadePromisesKept https://t.co/mE6VAQGaqk …"
1218994034955313152,2020-01-19 20:30:00,"Since day one, @realDonaldTrump has promised to fight for free &amp; fair trade &amp; get rid of NAFTA. This week, with the Senate passage of the #USMCA, that promise has been made &amp; will now go to the President's desk. #RIP #NAFTA #PromisesMadePromisesKept https://t.co/zpX43OytK0 …"
1218910991284490240,2020-01-19 15:00:01,"This week's signing of #PhaseOne of the U.S.-#ChinaTradeDeal is a reflection of President @realDonaldTrump's steadfast commitment to free &amp; fair trade and a historic win for U.S. businesses, manufacturers &amp; #AmericanWorkers. #PromisesMadePromisesKept https://t.co/mE6VAQoz1K …"
1218624097027936257,2020-01-18 20:00:00,"What a week of historic wins for the US economy and President @realDonaldTrump! 

✅US homebuilding soared to a 13-year high.
✅Two major wins on trade. #USMCA #ChinaTradeDeal 
✅Rising consumer confidence &amp; retail sales.
✅Stocks set record highs.

2020 is off to a great start!"
1218616547972767744,2020-01-18 19:30:00,"Closing out a year of positive economic growth, retail sales increased in December and increased 5.8% from one year ago. Coupled with this week's historic gains in the stock market, we are off to yet another prosperous year for the U.S. economy! https://t.co/EkTjqKgi2Y …"
1218578800109289473,2020-01-18 17:00:00,Congratulations @DrGiammattei on your inauguration as President of #Guatemala! The U.S. is committed to working with the Guatemalan government to stimulate job creation and economic growth and will stand with you in your fight against corruption. https://t.co/JaR9Wk4dfM …
1218232876103282695,2020-01-17 18:05:25,"What a week of historic wins for the US economy and President @realDonaldTrump! 

✅US homebuilding soared to a 13-year high.
✅Two major wins on trade. #USMCA #ChinaTradeDeal 
✅Rising consumer confidence &amp; retail sales.
✅Stocks set record highs.

2020 is off to a great start!"
1217899109228732418,2020-01-16 19:59:09,"Closing out a year of positive economic growth, retail sales increased in December and increased 5.8% from one year ago. Coupled with this week's historic gains in the stock market, 2020 is off to a great start for yet another prosperous year for the U.S. economy! https://t.co/EkTjqJYHbq"
1217893622097510402,2020-01-16 19:37:21,"Since day one, President @realDonaldTrump has promised to fight for free &amp; fair trade &amp; get rid of the trade deal known as NAFTA. Today, with the Senate passage of the #USMCA, that promise has been made &amp; will now go to the President's desk. #RIP #NAFTA #PromisesMadePromisesKept https://t.co/zpX43OQ58A"
1217587038154842113,2020-01-15 23:19:06,"This announcement is the result of the outstanding work by @BISgov, @TheJusticeDept, and others across the Administration. The agents and staff of @BISgov have and will always remain committed to pursuing any threat to our nation’s security. https://t.co/4emkbxG20R"
1217537047327662083,2020-01-15 20:00:27,"Today's signing of #PhaseOne of the U.S.-#ChinaTradeDeal is a reflection of President @realDonaldTrump's steadfast commitment to free &amp; fair trade. This agreement is a historic win for U.S. businesses, manufacturers &amp; #AmericanWorkers across the nation. #PromisesMadePromisesKept https://t.co/mE6VAQGaqk"
1217478605242093573,2020-01-15 16:08:13,Congratulations @DrGiammattei on your inauguration as President of #Guatemala! The U.S. is committed to working with the Guatemalan government to stimulate job creation and economic growth and will stand with you in your fight against corruption. https://t.co/JaR9Wk4dfM
1216773816287924224,2020-01-13 17:27:39,"And, a huge congratulations to #TEXAS @GovAbbott (4.0 %) and #UTAH @GovHerbert (3.2%) for topping the list of the 49 states that saw economic growth in Q3!"
1216434670746984449,2020-01-12 19:00:00,"Today is a day to celebrate the U.S. economy, American business, &amp; the #AmericanWorker! 

✅7.1 million jobs created since the election.
✅Lowest level of unemployment in 50 years.
✅Historic gains in the stock market.

Thank you President @realDonaldTrump! #JobsReport"
1216389372343394304,2020-01-12 16:00:00,"In the 3rd quarter of last year, retail and wholesale trade fueled the continuing economic resurgence. With growth in 17 of 22 sectors, American Industry continues to thrive thanks to the pro-growth policies of the @RealDonaldTrump Administration. https://t.co/QRgluCNcwG …"
1216026984373014528,2020-01-11 16:00:00,This week's @BEA_News data shows the U.S. trade deficit declined 8.2% in Nov from the previous month to its lowest level since 2016 w/ continued growth in good &amp; services exports. More great news for American biz &amp; the @realDonaldTrump economy! https://t.co/rEqujfAe9G …
1215782753859358720,2020-01-10 23:49:31,This decision will pave the way for more American jobs and vastly expanded exports of domestically sourced liquified natural gas to prized Asian markets. https://t.co/SdwNi4e1j1
1215737769563127808,2020-01-10 20:50:46,More great news for the U.S. economy! GDP increased in 49 states and the District of Columbia in the 3rd Quarter. The data is clear that our Administration’s pro-growth agenda is yielding strong results across the nation. https://t.co/6t0UPQdvQN
1215692625275228161,2020-01-10 17:51:22,"Today is jobs day &amp; a day to celebrate the US economy, American business, &amp; the #AmericanWorker! 

✅7.1 million jobs created since the election.
✅Lowest level of unemployment in 50 years.
✅Historic gains in the stock market.

Thank you President @realDonaldTrump! #JobsReport"
1215319286992056321,2020-01-09 17:07:52,"In the 3rd quarter of last year, retail and wholesale trade fueled the continuing economic resurgence. With growth in 17 of 22 sectors, American Industry continues to thrive thanks to the pro-growth policies of the @RealDonaldTrump Administration. https://t.co/QRgluCNcwG"
1215318535364399104,2020-01-09 17:04:53,RT @CommerceGov: #TuneIn to watch @SecretaryRoss interview with @LizClaman on @FoxBusiness today at the top of the 3:00 p.m. hour (EST). Se…
1214593453771907072,2020-01-07 17:03:40,Today’s @BEA_News data shows the U.S. trade deficit declined 8.2% in Nov from the previous month to its lowest level since 2016 w/ continued growth in good &amp; services exports. More great news for American biz &amp; the @realDonaldTrump economy! #AmericaFirst https://t.co/rEqujfAe9G
1214247883622486017,2020-01-06 18:10:29,"Ensuring communities have a trained workforce, especially in the wake of a disaster, is a major focus of @CommerceGov. The new trades &amp; skills training center in Santa Rosa, #California will help fill openings in local construction &amp; trades positions affected by the Sonoma fires. https://t.co/uL0DSoApJU"
1213163422927458307,2020-01-03 18:21:14,"Today’s @uscensusbureau data showed continued growth in U.S. home construction (1.9%), beating market expectations. More promising news for the @realDonaldTrump economy and the #AmericanWorker as we start the new year. https://t.co/psy15fdqkH"
1212858046856216581,2020-01-02 22:07:46,RT @CommerceGov: #TuneIn to watch @SecretaryRoss on @FoxNews with @BretBaier tonight during the 6:00 p.m. hour (EST). They will discuss the…
