id,created_at,text
1246444788049739776,2020-04-04 14:29:29,"VA News Release: #VA Extends Financial, Benefits and Claims Relief to #Veterans
https://t.co/iTXmGWTIkO
 #COVID19"
1246066799088553989,2020-04-03 13:27:30,VA helping New Jersey with its COVID-19 response efforts https://t.co/kO6Dwwc2w2
1245731692125523971,2020-04-02 15:15:54,".@DeptVetAffairs, @US_FDA, @NIH Partner to Accelerate 3D-Printed Protective Gear for COVID-19 Response https://t.co/F4P9cqnbIm"
1245730918389682177,2020-04-02 15:12:50,"@DeptVetAffairs, @US_FDA, @NIH Partner to Accelerate 3D-Printed Protective Gear for COVID-19 Response https://t.co/9o8Vq8T4JA"
1245327632557899778,2020-04-01 12:30:19,VA expands virtual services to support Veterans during COVID-19 pandemic: https://t.co/3Dyw2nvJVd
1244965262300000256,2020-03-31 12:30:23,VA deploys Mobile Vet Center units to increase outreach during COVID-19 outbreak: https://t.co/67uF8gD1iS
1244607585019404289,2020-03-30 12:49:06,VA is assisting New York City with its COVID-19 response while continuing the department’s primary mission of caring for our Nation’s Veterans: https://t.co/xHKVYifTU1
1243145691779792896,2020-03-26 12:00:04,We are in the middle of 15 Days To Slow The Spread. Follow these guidelines to protect yourself and your loved ones. https://t.co/ikvRyQEiol
1242783326471172099,2020-03-25 12:00:09,"Thanks to @USOPM, @DeptVetAffairs is inviting retired medical personnel back to work to help us deal with the COVID-19 pandemic. Please help us spread the word https://t.co/d0XCPo0gnP"
1242454744641294341,2020-03-24 14:14:29,Read my @MilitaryTimes op-ed about how @DeptVetAffairs is responding to the coronavirus outbreak https://t.co/zjLGKf1ePA
1241514988545638401,2020-03-22 00:00:14,RT @DeptVetAffairs: .@POTUS signed legislation today that will maintain educational benefits for Veterans and their families impacted by th…
1240624994226450442,2020-03-19 13:03:42,I joined @marthamaccallum last night to discuss how VA is protecting Veterans and fighting the Coronavirus https://t.co/QoiXo1QlV2
1240265760678785024,2020-03-18 13:16:15,I spoke with @ABC about VA’s efforts to care for Veterans and stop the spread of COVID-19 https://t.co/4TLqd5txxh
1239956961019469826,2020-03-17 16:49:11,We all must do our part to slow the spread of the Coronavirus. Learn how by reading @POTUS’s Coronavirus Guidelines for America https://t.co/QNBdbhxTrp
1239635837840752640,2020-03-16 19:33:09,"For the latest VA updates on coronavirus and commonsense tips on how to protect yourself, visit https://t.co/IAeuyWdEOg"
1238593538885144578,2020-03-13 22:31:26,"President Trump’s national emergency declaration is a decisive move that will help America contain the spread of the COVID-19 virus. It opens up billions of dollars in funding, and smartly leverages the power of private companies to quickly reach citizens."
1238118743160393729,2020-03-12 15:04:46,"While the risk to average Americans remains low, last night, @POTUS outlined the unprecedented steps our government is taking to protect Americans from the Coronavirus. It’s an aggressive approach that will help defeat the virus. https://t.co/lEp2tVP0eU"
1237402110683164674,2020-03-10 15:37:07,"It was an honor to join the American Legion at its 60th Annual Washington Conference today.  I told members we are blessed to gather in the strongest, most prosperous nation on Earth because they answered the call to defend freedom and democracy. Congratulations @AmericanLegion https://t.co/DkWbXKKcpi"
1235619084802420737,2020-03-05 17:32:01,"World War II Veteran Ernie Columbus was born February 8, 1920, and 100 years later, he celebrated his birthday with a jump from more than 10,000 feet. At VA, we’re inspired by #Veterans like Ernie.  https://t.co/cHR7fDx7KF"
1235204108015095809,2020-03-04 14:03:02,"President Lincoln’s Second Inaugural Address was so poignant and critical to our mission today, that I have directed that it be displayed at VA Cemeteries across the country. 

https://t.co/RzzVtYGfRi"
1235203456765440001,2020-03-04 14:00:27,"Today we honor the poignant words President Lincoln on the 155th Anniversary of his Second Inaugural Address. Although it was less than 700 words, its message echoes through the ages and contains the foundation for our service to Veterans #BornetheBattle https://t.co/Xqz1zhyAwT https://t.co/RU1bklCiVT"
1234914637201788928,2020-03-03 18:52:47,"#WomenVeterans have played a vital role in our nation's history and continue to do so here at VA by shaping the way VA delivers care and services to their fellow Veterans. 

#WomensHistoryMonth https://t.co/QDiy19rjZc"
1234535144041652225,2020-03-02 17:44:49,"It was great to be in Hot Springs, South Dakota, today to meet with Gov. Noem, Sens. Rounds and Thune, and Rep. Johnson. We discussed the challenges and opportunities of serving our rural #Veterans. ---- #VA https://t.co/tUKe4LZaVU"
1234474723762819073,2020-03-02 13:44:44,"Pam Powers #VA Chief of Staff, writing in Inside Sources:  It’s our job at VA to make sure we’re ready to serve these women warriors once they transition out of the military. And I’m proud to say we are getting the job done.
https://t.co/EVnHxyyZRt 
#Veterans"
1233499752643338242,2020-02-28 21:10:33,"Thank you Minister @L_MacAulay for meeting with me today to discuss Canadian and American #Veterans. We both are focused on helping military members transition to civilian life, ending Veteran homelessness, and supporting all Veterans. https://t.co/rxVbxRL8Sj"
1233421759296266240,2020-02-28 16:00:37,VA's Whole Health approach is all about getting to know our Veterans and developing a well-being plan around them https://t.co/AWkPO9RrQD
1233104540641218561,2020-02-27 19:00:07,"The National Veterans Golden Age Games is the premier senior adaptive rehabilitation program in the US, and the only national multi-event sports competition designed specifically to improve the quality of life for Veterans age 55 and older https://t.co/CZbDeChUfe @Sports4Vets"
1233074420345909248,2020-02-27 17:00:25,"Buffalo Soldiers scouted and patrolled vast expanses of challenging terrain. These #Veterans provided sentinels and security for settlers, built roads, installed telegraph lines and played an integral part in @NatlParkService #history 

https://t.co/YrZCrTyzLg #BlackHistoryMonth"
1232745123131396096,2020-02-26 19:11:55,"Since the Revolutionary War, African Americans have served with courage and distinguished service. At VA, our African American employment program ensures a strong and diverse workforce to deliver the care and benefits they earned. #blackhistorymonth https://t.co/yLobtQgzRs"
1232379783184617482,2020-02-25 19:00:11,Members of the New York National Guard’s 369th Infantry Regiment were the first African Americans to serve in WWI. The enemy called them “Hellfighters.” Here’s their story: https://t.co/drJXi0Ma3O
1232368977587982336,2020-02-25 18:17:15,"As people age, PTSD symptoms may suddenly appear or become worse. Dr. Elissa McCarthy, a VA psychologist, offers 5 strategies that may help aging Veterans. https://t.co/C9jmoeGm4H"
1232003530740895752,2020-02-24 18:05:05,"Medal of Honor recipient Hershel “Woody” Williams and Navajo Code Talker Thomas H. Begay, both WWII Marine Corps Veterans, recall the raising of the flag on Iwo Jima 75 years ago. https://t.co/N1WLC1uDAj"
1231989804063166464,2020-02-24 17:10:33,"I offer my deep appreciation to #NASDVA for the very important work they do everyday to serve our Veterans! Also, congratulations to the Pillar of Excellence winners for their outstanding efforts! https://t.co/777Ojmfhdk"
1230915300117372936,2020-02-21 18:00:51,"Yesterday, I had the pleasure of meeting with South Korean Patriots and Veterans Affairs Minister Park, Sam-Duck. We discussed the care and support of Veterans in our two countries, and he expressed gratitude to America’s Veterans, especially those of the Korean War. https://t.co/LenIdL5w3K"
1230190570905182209,2020-02-19 18:01:02,"Today, on the 75th Anniversary of the start of the Battle for Iwo Jima, we pause to honor the Navajo Code Talkers who helped ensure a @USMC victory. https://t.co/B459ejTiS6"
1229830450027339776,2020-02-18 18:10:03,Join us in honoring our Vietnam Veterans and their families for their service and sacrifice during one of the longest wars in our country’s history. https://t.co/b5kba2xR5b
1228412730387968000,2020-02-14 20:16:32,It was an honor to join the Jewish War Veterans of America today as they gather for their 125th anniversary; it is one of American’s oldest Veterans group founded in the years following the Civil War.  We at the VA thank you  @JewishWarVets for your service to our country!” https://t.co/r5KL0SBRSn
1228362390670106633,2020-02-14 16:56:30,"Lt. Col. Joseph Ward was VA's first African American hospital director. His son, later became the first African American to integrate a VA hospital. Then 7 years later, VA’s first African American VA regional director. #AfricanAmericanHistory  https://t.co/NQEJLIJrZA"
1228017248872411137,2020-02-13 18:05:02,"Calling all artists. The 2020 National Veterans Day Poster Contest is underway. The winning design will be displayed in VA facilities and military installations around the world to honor our Veterans. Submissions are due April 1, 2020. https://t.co/lMiugbrwds"
1227653771322384384,2020-02-12 18:00:42,This week I had the honor of recognizing some amazing women Veterans who served their country with distinction:  two survivors from the all-female 6888 Battalion and also 100 year old Marcella LeBeau who served during D-Day and in the Battle of the Bulge #HonorHiddenFigures! https://t.co/AjsjAJK8TW
1227623435502866432,2020-02-12 16:00:09,"Hosted by VA San Diego Healthcare System, the National Veterans Summer Sports Clinic offers adventure sports and recreational activities such as sailing, surfing, kayaking, and cycling for Veterans with disabilities. Registration is open through May 1. https://t.co/4abxa5hwyY"
1227291424007376899,2020-02-11 18:00:52,"The National Guard and Reserve have played a significant role stateside and around the globe. These new PSAs emphasize the unique duties they have in safeguarding our country. They served us, let’s be there for them. https://t.co/oQ6PCWxIEv"
1226921377405579267,2020-02-10 17:30:26,"When a Veteran turns to someone for help, it’s often to a spiritual leader in their community. That is why VA is training clergy and others to recognize injuries such as PTSD, make referrals for care and develop a network of community partners. https://t.co/F3l2GRehDj"
1225796478049947653,2020-02-07 15:00:29,Veterans are at the heart of VA’s effort to modernize the department’s electronic health record. This video offers some perspective from their point of view.   https://t.co/RCBrEI2NME
1225487023655604225,2020-02-06 18:30:49,"Yesterday, I gave my State of the VA address. Veterans expect more improvements and innovation from VA in 2020. https://t.co/qn32KEiE8o"
1225117130468876288,2020-02-05 18:01:00,Congratulations to Tuskegee Airman Charles McGee on his promotion to Brigadier General and for tossing out the coin this week at the Super Bowl.  Well deserved! #BestWeekEver! https://t.co/dmPeKYYmZZ. https://t.co/VUo157zJO3
1224769796383834115,2020-02-04 19:00:49,"To improve access to care, VA has partnered with Philips to provide free telehealth services at select VFW, American Legion and Walmart locations. Veterans can use VA Video Connect at those sites to talk to their VA health care provider at no cost to them. https://t.co/V4GoV8qciy"
1224392301956489216,2020-02-03 18:00:47,"In 2019, over 61,000 people volunteered more than 9.2M hours to serve Veterans through VA’s Voluntary Service. I encourage more people to reach out to their local VA facility and volunteer. National Salute to Veteran Patients is an excellent time to start https://t.co/p0fjMvldhM"
1223335509092683776,2020-01-31 20:01:28,"African American History Month starts Feb. 1. African American #Veterans have played a crucial role supporting and defending the Constitution through military service, from Harlem Hellfighters and Tuskegee Airmen to today's warfighters. We honor their service. #AAHM https://t.co/zc9StsyzOT"
1223334787085230080,2020-01-31 19:58:36,Marquette Michigan: Public Radio - WNMU-FM 90.1 -- What's going on in the VA: an interview with @SecWilkie -- https://t.co/3qF1uec52F
1223305044935745537,2020-01-31 18:00:25,"Congratulations to Chattanooga, TN for becoming the 11th community in the country to end Veteran homelessness. Thank you for your commitment to honor and serve our Veterans. https://t.co/ZERvQgaQpB"
1222898972735332355,2020-01-30 15:06:50,"From VA hospitals and clinics, to community partners and urgent care, VA is making easier for Veterans to get their FREE flu vaccination. To learn where to get your shot, or about the current spread of the flu in your area https://t.co/33K9EBmAVj"
1221864128333131777,2020-01-27 18:34:43,"South Dakota Public Broadcasting (SDPB) (Audio): #VA @SecWilkie On #Veterans’ Care --- Sec. Wilkie spoke with SDPB’s Lee Strubinger about rural health care delivery for #Veterans and tribal Veterans
https://t.co/I771UTd1xU"
1220779945196167174,2020-01-24 18:46:34,"I’ve said we need to have a national conversation about suicide. Today that conversation went global. @NZDefenceForce Minister Ron Mark and I shared our concerns about suicide, which tragically impacts both our countries. Thanks to @RonMarkNZF for this important conversation. https://t.co/4rQZpdT3ey"
1220764860654538752,2020-01-24 17:46:38,"See my recent OP-ED: At #VA, a Victory for Religious Freedom 
https://t.co/yFKCklTB45
#Veterans"
1220762750181396485,2020-01-24 17:38:14,"We joined the Darren White radio show in Albuquerque, NM on KKOB-RAD 96.3(FM) to talk about #Veterans issues.
https://t.co/RfulGIzR8a"
1220760511207346176,2020-01-24 17:29:21,"We discussed #VA priorities for #Veterans with Amarillo, Texas listeners on KGNC (AM-710/FM-97.5, Audio):  https://t.co/gaOQOHoGVZ"
1220452280903794688,2020-01-23 21:04:33,"VA’s Video Connect lets Veterans connect from any device that has an internet connection via desktop, smartphone or tablet and receive personalized health care wherever they are. https://t.co/IfQ1zGmolJ"
1220404057459896327,2020-01-23 17:52:55,"We welcome Jovita Carranza @SBAJovita, the 26th Administrator of @SBAgov to the Twitter community. #Veterans"
1220384047802781696,2020-01-23 16:33:25,"RT @INDOPACOM: Veteran Affairs Secretary, Robert Wilkie, @SecWilkie and @INDOPACOM Surgeon Rear Adm. Louis Tripoli share a meal with
senior…"
1220044717129437184,2020-01-22 18:05:02,"The first 6 months of implementing the MISSION Act has afforded Veterans with greater access to health care, and care when they need it most. https://t.co/6S4HjYPCjN"
1219682371840225283,2020-01-21 18:05:12,"For the second year in a row, VA ranks 6th as one of the Best Places to Work in the Federal Government. @VAcareers is recruiting the finest employees to join us in serving for our nation’s #Veterans. https://t.co/ZEcwPvJC0I"
1219273425321189376,2020-01-20 15:00:12,"Service is a powerful tool for strengthening our communities, but it is only a start. Americans can take up the challenge to experience the power of service Dr. King shared in his “Drum Major Instinct” sermon: “Everybody can be great because everyone can serve.” #MLKDay https://t.co/DID93hcIpg"
1217461479462592512,2020-01-15 15:00:10,"VA’s Warrior to Soulmate program is helping Veterans and their spouses communicate better, deepen their connection and reintegrate into the flow of everyday life. 
https://t.co/dzjqUdCrwf"
1215337868861890561,2020-01-09 18:21:42,Congratulations to Senator @JerryMoran upon his confirmation as the chairman of the Senate Veterans Affairs Committee. We look forward to working together for our nation’s #Veterans.
1214909927547953153,2020-01-08 14:01:13,"As with my previous visits to NYC, I am always very impressed with the top notch staff, especially at our Staten Island CBOC, what an outstanding team! I also deeply appreciate talking with our Veterans. My thanks to Rep. Max Rose for his service and support to our Vets. https://t.co/hL8snWEn0J"
