id,created_at,text
1246478303478910977,2020-04-04 16:42:40,Thank you @realDonaldTrump for your great support of #PPPloan @SBAgov @USTreasury https://t.co/stqKewiCNy
1246477929938288641,2020-04-04 16:41:11,RT @realDonaldTrump: I will immediately ask Congress for more money to support small businesses under the #PPPloan if the allocated money r…
1246475088574271494,2020-04-04 16:29:54,@SalehaMohsin We have a great team of political appointees and professional treasury career people that are hard at work to support American workers and American business!
1246220616530898945,2020-04-03 23:38:43,Thank you to everyone that participated in the launch of #Ppploans today! More lenders are expected to be available Monday. #CARESAct #SmallBusiness @SBAgov @USTreasury
1246137529822326784,2020-04-03 18:08:33,"UPDATE over $1,800,000,000 #PPPloan now processed by @SBAgov mostly all from community banks. Big banks taking in large amounts but not yet submitted in these numbers! #CARESAct #SmallBusiness"
1246100166026936322,2020-04-03 15:40:05,"UPDATE #PPPloan now over $875,000,000 processed almost all from community banks! Big banks taking applications and will submitting them shortly. @SBAgov @USTreasury #CARESAct #SmallBizRelief"
1246069934137974785,2020-04-03 13:39:57,"#PPPloan UPDATE $400,000,000 originated. Thank you #communitybank #largebanks @SBAgov @USTreasury #CARESAct #SmallBusinessRelief"
1246055694027153414,2020-04-03 12:43:22,Large banks expected to go live soon this morning  as well on #PPPloan @SBAgov @USTreasury #CARESAct
1246055354628218881,2020-04-03 12:42:01,"Congratulations to @SBAgov and @USTreasury teams!! I just got first report on #PPPloan The system is up and running. Community banks have already processed over 700 loans processed for $2,500,000. Great work!! #CARESAct #SmallBizRelief"
1245904710525235200,2020-04-03 02:43:25,Final borrower #PPPloan form up on website please check our form and speak To your existing #bank to see if you can apply!   https://t.co/jfEyOIj8gt
1245852489590530049,2020-04-02 23:15:54,Guidance for the Paycheck Protection Program is live! We encourage lenders to visit https://t.co/BvYPtkpepG for more details.
1245523908171837443,2020-04-02 01:30:15,".@SocialSecurity recipients don’t need to file a tax return to receive Economic Impact Payments. Recipients will receive these payments as a direct deposit or by paper check, just as they would normally receive their benefits. Learn more here: https://t.co/czJSWcjAlt"
1245118032931938310,2020-03-31 22:37:26,"I encourage small business to apply for Paycheck Protection Program so you can keep your employees paid! Program will be available Friday. Contact SBA Lenders, FDIC Banks and credit unions to participate. Learn more here: https://t.co/YCbKTiEL6a"
1245117953537957888,2020-03-31 22:37:07,"Under the #CARESAct, $349 billion is available for the Paycheck Protection Program so small businesses can get through this period and keep their workers paid!  Learn more here: https://t.co/gahbtioU4c"
1245117083840585736,2020-03-31 22:33:40,"I encourage businesses to take full advantage of the new Employee Retention Credit to keep employees on their payroll during these challenging times. 
Learn more here: https://t.co/6r1aE26V57"
1244754274913071110,2020-03-30 22:32:00,Americans will begin receiving economic impact payments in the next 3 weeks. Most people will receive these payments automatically. Read here to see if you are eligible and if you need to take any action: https://t.co/eHqhvFNTFg
1244261374135603201,2020-03-29 13:53:23,"Joined @FoxNewsSunday and @FacetheNation to discuss the #CARESAct, which will deliver unprecedented, direct and fast relief to American workers and businesses. https://t.co/jrsZuEHkgg"
1243725655365148672,2020-03-28 02:24:38,Deal!! Thank you!!! @ Washington D.C. https://t.co/WSz8DvV0Li
1243703528834699265,2020-03-28 00:56:42,Thank you to @realDonaldTrump @VP @senatemajldr @SenSchumer @SpeakerPelosi @GOPLeader for passing the #CARESAct @USTreasury will Deliver funds to support American workers and business! https://t.co/u2VBNXjzK7
1243678126175129601,2020-03-27 23:15:46,Proud to join President @realDonaldTrump as he signed into law the CARES Act to provide unprecedented economic relief to American workers and businesses. We are fully committed to ensuring that Americans get the resources they need fast. https://t.co/Ynzl1UcW8Y
1243141286539997186,2020-03-26 11:42:33,Congratulations to @senatemajldr and @SenSchumer for passing the #CARESAct with unanimous bipartisan support. I urge @SpeakerPelosi and @GOPLeader to pass this NOW! This will support American workers and American workers in the war against #coronavirus !!
1242918038174928899,2020-03-25 20:55:27,@SalehaMohsin Yes!
1242442803856236544,2020-03-24 13:27:02,Discussed #COVID19 coordination with the #G7 Finance Ministers this morning. We will work together to restore economic growth and protect jobs and businesses. https://t.co/5NrYnLQNVr
1242050162295549953,2020-03-23 11:26:49,I just read the @WSJ editorial. @USTreasury will be working with @SBAgov to put out new regulations that will allow the money to get out FAST! Senate should pass the legislation ASAP so we can help small business and workers!!
1241736459670913033,2020-03-22 14:40:16,"Joined @FoxNewsSunday to discuss the money, loans and other support we’re getting quickly to American workers and small businesses. Help is on the way! https://t.co/qW8JS0peIb"
1241044731897032710,2020-03-20 16:51:36,Thank you to @federalreserve Today I approved the expansion of the Money Market Mutual Fund Liquidity Facility to include municipal securities. This will create additional liquidity to support the states and municipalities!
1241002832779784192,2020-03-20 14:05:06,I encourage all taxpayers who may have tax refunds to file now to get your money.
1241002750483324930,2020-03-20 14:04:47,"At @realDonaldTrump’s direction, we are moving Tax Day from April 15 to July 15. All taxpayers and businesses will have this additional time to file and make payments without interest or penalties."
1240642297567592448,2020-03-19 14:12:28,"Joined @MorningsMaria to discuss our economic response to the coronavirus, including the relief we’re getting quickly to American workers and businesses."
1240635212964540419,2020-03-19 13:44:19,It would be nice if @WSJ editors asked us to explain our plans before they wrote editorials. @federalreserve has worked at incredible speed to announce 3 new 13(3) programs. Our 200 billion ESF request to Congress will support more. Now is the time for us to come together!
1240594527389450240,2020-03-19 11:02:39,@federalreserve announced third facility to support Money Market Mutual Fund Liquidity. @USTreasury to provide 10 Billion for credit support. We are committed to provide liquidity to business and hard working Americans! https://t.co/VxRQGoJE1A
1240593681729675264,2020-03-19 10:59:17,@federalreserve announced third facility for Money Market Mutual Fund Liquidity. @USTreasury will provide $10 Billion of credit protection. We are committed to provide liquidity to business and support hard working Americans!!https://t.co/VxRQGoJE1A
1239186310021238787,2020-03-15 13:46:53,"Joined @ThisWeekABC to discuss the economic response to the coronavirus outbreak, including helping small businesses and American workers. https://t.co/VBrpQv3dgJ"
1239186255843295234,2020-03-15 13:46:41,Joined @FoxNewsSunday to discuss the administration’s response to coronavirus and our efforts to assist American businesses and workers. https://t.co/8sgtbgAylU
1239032774524354561,2020-03-15 03:36:48,See attached  on help for small business https://t.co/OD00GvsD3S
1234945893536849921,2020-03-03 20:56:59,Glad to join BET founder Robert Johnson today as @USTreasury commemorated the historic Freedman’s Bank. We discussed promoting economic opportunities for all Americans. 🇺🇸 #Freedman155 https://t.co/2NfxUhi7Ax
1234886851468709889,2020-03-03 17:02:23,"Testified before the U.S. House of Representatives Ways and Means Committee on the Administration response to #coronavirus, the Budget, and resilience of the U.S. economy. https://t.co/vUYHAYLA0E"
1233862504109027330,2020-02-29 21:11:59,"Notwithstanding travel restrictions, the United States will continue to work with our allies to allow humanitarian assistance to the Iranian people, including for the Coronavirus outbreak, through the use of the Swiss Humanitarian Trade Arrangement."
1232755178157289472,2020-02-26 19:51:52,"Great conversation with Qatari Amir H.H. Sheikh Tamim Bin Hamad Al-Thani @TamimBinHamad. We discussed global economy, regional security issues, sanctions, and countering illicit finance. https://t.co/GII6ICHJHA"
1232755107852431372,2020-02-26 19:51:35,"Good meeting with Qatari Deputy Prime Minister, Minister of Foreign Affairs, and Chairman of QIA, H.E. Mahammed Bin Abdulrahman Al Thani. We discussed investment opportunities, regional security issues and commitment to combat illicit finance. @MofaQatar_EN"
1232754977128448001,2020-02-26 19:51:04,Good meeting with Qatari Prime Minister and Minister of Interior H.E. Khalid bin Khalifa bin Abdulaziz Al Thani. We discussed AML/CFT efforts and other security issues. https://t.co/duhmEzmUUb
1232754522793050114,2020-02-26 19:49:16,Had a productive discussion with Qatari Minister of Finance H.E. Ali Shareef Al-Emadi about economic priorities and combatting illicit finance. @MoF_Qatar https://t.co/53WavtvaMt
1232754477360304128,2020-02-26 19:49:05,Good meeting with Qatari Minister of Defense H.E. Dr. Khalid bin Mohammed Al-Attiyah. We discussed combatting illicit finance and other security issues in the region. @MOD_Qatar https://t.co/q7zkm0rlDA
1232754374054682627,2020-02-26 19:48:40,Met with Qatar National Bank CEO Abdulla Mubarak Al-Khalifa to discuss economic priorities in the region. https://t.co/7dyvsikBdZ
1232754321269362689,2020-02-26 19:48:28,Enjoyed my discussion with Qatar Central Bank Governor H.E. Sheikh Abdulla Bin Saoud Al-Thani. We discussed countering illicit finance and the AML/CFT regime. https://t.co/tfWJ4aBl11
1232754236917723139,2020-02-26 19:48:08,Met with Qatar Investment Authority CEO Mansoor Al-Mahmoud. We discussed our strong US economic performance and US investment opportunities.
1232754196908269569,2020-02-26 19:47:58,Thanks to Qatari Minister of Energy and Qatar Petroleum CEO Saad Sherida Al-Kaabi @meiqatar for a tour of Ras Laffan Industrial City. https://t.co/CPN9SlsCRk
1232754092247801859,2020-02-26 19:47:33,Met with Mubadala Investment Company CEO and Managing Director Khaldoon Al Mubarak to discuss economic issues and investments. @Mubadala
1232753056200175617,2020-02-26 19:43:26,Had important discussion with UAE National Security Advisor H.E. Tahnoun bin Zayed about combatting terrorist financing and other regional economic and security concerns.
1232753014143901696,2020-02-26 19:43:16,Enjoyed meeting with Abu Dhabi Investment Authority CEO H.E. Hamed bin Zayed Al-Nahyan. We discussed investment opportunities and our strong economic partnership.
1232752968635703300,2020-02-26 19:43:05,Good to meet with UAE Minister of Finance H.E. Obaid Humaid Al Tayer @MOFUAE and Central Bank Governor Mubarak Rashed Al-Mansoori. We discussed combatting the financing of terrorism and regional economic and security priorities. https://t.co/iEUfDqixME
1232636019666804743,2020-02-26 11:58:23,"Had productive meeting with HRH Mohammed bin Salman Al Saud, Crown Prince of Saudi Arabia. We discussed countering terrorist financing and other regional security issues. Congratulated him on #G20SaudiArabia"
1231911297144500225,2020-02-24 11:58:35,"It was good to meet with Australian Treasurer Josh Frydenberg @JoshFrydenberg yesterday at #G20SaudiArabia. We reaffirmed the strong economic relationship between the United States and Australia and discussed economic, trade, and security issues. https://t.co/33BbT8VSYv"
1231551049682411524,2020-02-23 12:07:06,Enjoyed meeting with European Central Bank President Christine Lagarde @Lagarde to discuss @ECB's outlook for the European economy. #G20SaudiArabia
1231550967578906624,2020-02-23 12:06:46,"Met with Canadian Finance Minister Bill Morneau @Bill_Morneau to discuss the important US-Canada relationship, USMCA, and other shared concerns. #G20SaudiArabia"
1231523183871705089,2020-02-23 10:16:22,Good meeting with Public Investment Fund Governor H.E. Yasir al-Rumayyan today. We discussed @PIFSaudi’s investments in #usa and economic  outlook. #G20SaudiArabia
1231522814399614976,2020-02-23 10:14:54,Productive first discussion with Argentinian Finance Minister Martin Guzman @Martin_M_Guzman. We discussed his government’s plans to implement economic policies.
1231522651971055617,2020-02-23 10:14:15,Met with Turkish Finance Minister Berat Albayrak @BeratAlbayrak today at #G20SaudiArabia to discuss economic and security issues of mutual concern. https://t.co/c1Mj7azjSs
1231522609772167169,2020-02-23 10:14:05,Joined @_HadleyGamble from Riyadh to discuss the United States’ economic and security priorities here at #G20SaudiArabia. https://t.co/LY8x3biZfd
1231522550015877126,2020-02-23 10:13:51,Today I met with Mexican Secretary for Finance and Public Credit Arturo Herrera @ArturoHerrera_G at #G20SaudiArabia. We discussed the important partnership between the United States and Mexico and opportunities associated with the #USMCA. https://t.co/YNrvjF9Dqi
1231522493774434304,2020-02-23 10:13:37,Met with Japanese Deputy Prime Minister Taro Aso to discuss the important economic relationship between the U.S. and Japan. #G20SaudiArabia https://t.co/2XRHQIiL3O
1231469473896501249,2020-02-23 06:42:56,"Productive discussion with South Korean DPM and Finance Minister Hong Nam-Ki. We discussed the US-South Korea economic and trade relationship, infrastructure cooperation and regional security. #G20SaudiArabia"
1231469418997256197,2020-02-23 06:42:43,"Productive meeting with H.E. Dr. Ahmed al-Kholifey, Governor of @SAMA_gov. We discussed the economy, developments in FinTech, and AML/CFT priorities. #G20SaudiArabia"
1231469365998034944,2020-02-23 06:42:31,"Good meeting with German Finance Minister Olaf Scholz @OlafScholz today at the #G20SaudiArabia Finance Ministerial. We discussed economic, energy, and security issues. https://t.co/SGuu9xqffr"
1231469264873426944,2020-02-23 06:42:06,Always a pleasure meeting with  IMF Managing Director Kristalina Georgieva @KGeorgieva. We discussed global economic issues and the need for continued action on debt transparency and sustainability. #G20SaudiArabia https://t.co/psFW1LAzOy
1231469215967797250,2020-02-23 06:41:55,"Continued discussions on international taxation, global economy, and combatting illicit finance with French Finance Minister Bruno Le Maire @BrunoLeMaire Confirmed our commitment to the OECD process. https://t.co/QAHkJbqiq8"
1231468829152305152,2020-02-23 06:40:23,Productive discussion on economic policy priorities with Italian Minister of Economy and Finance Roberto Gualtieri @GualtieriEurope. #G20SaudiArabia https://t.co/pEMlLJQ5WM
1231468795149127680,2020-02-23 06:40:15,"I thanked Saudi Arabian Minister of Finance H.E. Mohammed Al-Jadaan @MAAlJadaan for hosting us in Riyadh. We discussed important efforts on international taxation, debt transparency, and combatting terrorist financing. #G20SaudiArabia #sanctions https://t.co/Yxc56NljnC"
1231468614492065793,2020-02-23 06:39:31,Good to meet with @EU_Commission Commissioner Paolo Gentiloni @PaoloGentiloni today. We discussed the Commission's outlook for the Euro area economy and associated policy priorities. #G20SaudiArabia https://t.co/esd5jZ6m7H
1231468484036567042,2020-02-23 06:39:00,Pleased to join the International Taxation Symposium and continue work toward a consensus solution on international tax and digitization. #G20SaudiArabia https://t.co/lYZB4DlEBR
1230179395291242500,2020-02-19 17:16:38,"We applaud the @EUCouncil’s new sanctions designations of those supporting the Assad regime. The Syrian people have experienced unthinkable suffering, and the US and our partners will continue to hold the regime and its backers accountable."
1225585510946570240,2020-02-07 01:02:10,Bring back @SecretService to @USTreasury its original home! https://t.co/iD8RcEKTts
1224898433414238209,2020-02-05 03:31:58,Inspired by President @realDonaldTrump’s #SOTU address tonight. His message was clear: his economic freedom agenda is delivering for all Americans! 🇺🇸
1224794744099872771,2020-02-04 20:39:57,Pleased to give Gary Alford #irsspecialagent the @USTreasury Secretary’s Honor Award for his work to take down the #silkroad #bitcoin irsnews @ U.S. Department of the Treasury https://t.co/0nAgUJJgJ4
1222062037150457856,2020-01-28 07:41:09,Thank you to President Duda for hosting us on the 75th anniversary of the Liberation of #auschwitz . I delivered to him (picture included) a signed Proclamation from @realdonaldtrump #auschwitz75 #antisemetism… https://t.co/zxGGamtz0G
1221855667037917184,2020-01-27 18:01:06,Deeply honored to lead the US Delegation to the 75th anniversary of the liberation of #auschwitz . #neverforget #auschwitz75 @ Aushwitz - Birkenau concentration camp https://t.co/LqbbFW8IVh
1221767748591800320,2020-01-27 12:11:45,Visiting #schindlersfactory on the 75th anniversary of the liberation of #auschwitz Thank you to #oskarschindler for saving so many Jewish lives. @ Oscar Schindlers Enamel Factory https://t.co/PtT2w9GHIh
1221754986796847107,2020-01-27 11:21:02,Visiting #remuhsynagogue on the 75th anniversary of liberation of #auschwitz @ Kraków Jewish Quarter https://t.co/2pv1mqThZd
1221704962822025217,2020-01-27 08:02:15,My condolences to Vanessa Bryant and the Bryant family on the loss of Kobe and Gianna. Kobe was a basketball legend in Los Angeles. I am proud to have known him.
1221106473390039040,2020-01-25 16:24:04,"Enjoyed speaking @ChathamHouse as part of the Lloyd George Centennial Lecture program in partnership with @Georgetown. Discussed trade, technology, jobs, sanctions and the success of President @realDonaldTrump’s economic freedom agenda. https://t.co/8w3CsZYzUR"
1221012272329437184,2020-01-25 10:09:45,Good seeing sajidjavidmp to discuss strategic Relationship #trade #brexit #sanctions @ 11 Downing Street https://t.co/ruqKO8gm8e
1220845484098641920,2020-01-24 23:07:00,First @USTreasury Secretary to Visit to #londonstockexchange #brexit #usa🇺🇸 @ London Stock Exchange https://t.co/JACoj38TTm
1219528029707304960,2020-01-21 07:51:54,"Had a good discussion with @GeraldFSeib @WSJ on China trade, USMCA and the growth of the U.S. economy. https://t.co/uSHMLclfzx"
1219239683143671809,2020-01-20 12:46:07,"On this Martin Luther King Jr. Day, we remember and honor the sacrifices that Dr. King made for equal rights in our country. We are grateful for his extraordinary legacy of justice and peace. 🇺🇸"
1218181822133108736,2020-01-17 14:42:33,@USTreasury announces #20yearbonds @ Pennsylvania Avenue https://t.co/arISYQrFzE
1217906029389852674,2020-01-16 20:26:39,Thank you to @realDonaldTrump for supporting this important move for the future of @SecretService and @USTreasury. https://t.co/SvttDCXVFQ
1217881515574595590,2020-01-16 18:49:15,"Today, the Senate passed #USMCA which will strengthen the U.S. economy and help the American worker!"
1217860851614527489,2020-01-16 17:27:08,"Last night I joined @BretBaier @SpecialReport to discuss the landmark Phase One agreement with China and how it will boost American workers, farmers and businesses. 🇺🇸 https://t.co/ljOfNvBqu8"
1217583214660849664,2020-01-15 23:03:54,"This is a great day for the American people. Thanks to President @realdonaldtrump’s decisive leadership, the historic  China Phase 1 agreement will protect American workers from unfair trade practices and boost our strong economy. https://t.co/hXZuQIREDK"
1217582976567070720,2020-01-15 23:02:57,"Held productive meetings with Egyptian, Ethiopian, and Sudanese delegations this week about the Grand Ethiopian Renaissance Dam. We will meet again at the end of January. https://t.co/EBhHsZdBHP"
1217582909202345985,2020-01-15 23:02:41,Had a good discussion on @SquawkBoxCNBC about the landmark China Phase One Agreement and how the President’s trade agenda will boost the U.S. economy. 🇺🇸 https://t.co/jJy3pbJST1
1217582681162178563,2020-01-15 23:01:47,Good meeting yesterday with EU Trade Commissioner Phil Hogan @PhilHoganEU to discuss the important trade relationship between the United States and Europe. https://t.co/2uQYwlJrol
1217582642473979908,2020-01-15 23:01:38,"Last night, I joined @LouDobbs to discuss the historic Phase One Agreement with China that was signed today at the White House. 🇺🇸 https://t.co/tLpG4k5T7u"
1216384862350909445,2020-01-12 15:42:05,Thank you to OFAC and @USTreasury for expediting licenses to allow for investigation of  #UkranianPlaneCrash.
1216378606064193537,2020-01-12 15:17:13,"Joined @MariaBartiromo on @SundayFutures to discuss #Iran sanctions, China Phase One Agreement, USMCA and the strength of the U.S. economy! 🇺🇸 https://t.co/eps0FShIVN"
1215670005662199810,2020-01-10 16:21:30,Today @SecPompeo and I announced new #sanctions against Iran. See video included. We are grateful to our brave military in Iraq and around the world. https://t.co/OZtKyKCBUM
1215335489944768512,2020-01-09 18:12:15,Our deepest gratitude to all of the law enforcement officers across the country who protect us every day. Thank you for your service. #LawEnforcementAppreciationDay
1214984966427336705,2020-01-08 18:59:23,Saddened by the tragic loss of life in the Ukraine International Airlines crash. The United States sends our deepest condolences to the victims’ loved ones.
1214664570884759552,2020-01-07 21:46:15,"Congratulations to Treasurer Jovita Carranza, who was confirmed by the Senate with overwhelmingly bipartisan support, 88-5, as the Administrator of the @SBAgov. She has served @USTreasury well and will continue to advance a pro-growth agenda in her new role. https://t.co/le5ObjfJbJ"
1212441808094912513,2020-01-01 18:33:47,"Happy new year!  Wishing everyone peace, prosperity and joy in 2020!"
