id,created_at,text
1246094496716161033,2020-04-03 15:17:33,"RT @WhiteHouse: “In this time of need, I know that every American will do their patriotic duty and help us to achieve a total victory,” Pre…"
1245109836708294657,2020-03-31 22:04:52,"Report Highlights Accomplishments in Reducing Foreign Trade Barriers to American Exports

https://t.co/9E473oRsJC https://t.co/0DvgHV9vcY"
1245107267860643848,2020-03-31 21:54:40,"The 2020 National Trade Estimate report details foreign trade barriers faced by U.S. exporters of goods &amp; services and USTR’s efforts to reduce those barriers.

https://t.co/9E473oRsJC https://t.co/owDBmiCPlg"
1242801101985984512,2020-03-25 13:10:47,"USTR Announces Specialty Sugar Tariff-Rate Quota Tranches Adjustments and Opening Dates

https://t.co/IVI57OC3ij https://t.co/LwrdkiVrtK"
1242482181601099777,2020-03-24 16:03:30,"USDA and USTR Announce Continued Progress on Implementation of U.S.-China Phase One Agreement

https://t.co/fuobICzfG6 https://t.co/uAcLTHHIi6"
1241184538761539591,2020-03-21 02:07:08,"USTR: Response to Coronavirus Crisis

https://t.co/O6mIxTvEd2 https://t.co/ahmB3K9Yd9"
1240267029120196608,2020-03-18 13:21:17,"Public Field Hearings in Florida and Georgia on Seasonal and Perishable Produce Postponed

https://t.co/d0WoyHWXlN https://t.co/88IOHpKwiv"
1240014348296257537,2020-03-17 20:37:13,"Trump Administration Notifies Congress of Intent to Negotiate Trade Agreement with Kenya

https://t.co/B85CucrylJ https://t.co/haKF77AEFI"
1239705690576486400,2020-03-17 00:10:43,"Do your part. Slow the spread.

https://t.co/kkP1lWEejE"
1238579347507863552,2020-03-13 21:35:02,"Ambassador Lighthizer Comments on President Trump’s Decision to Declare a National Emergency

https://t.co/Ulr84KFE2k https://t.co/5Q4s878eqy"
1238568869473763329,2020-03-13 20:53:24,"Ambassador Lighthizer Statement on Canada's Approval of the USMCA

https://t.co/1n8MQD5JJf https://t.co/wCa3wk0pBJ"
1237128345390850059,2020-03-09 21:29:16,"In Washington, D.C., Ambassador Lighthizer met with Liechtenstein Foreign Minister Katrin Eggenberger to discuss transatlantic trade. https://t.co/AqYXIL5TTQ"
1236057391256518657,2020-03-06 22:33:41,"USTR Releases Annual Reports on WTO Compliance of China and Russia

https://t.co/iUCGKsO9DC https://t.co/g7SaW1DJ1n"
1235969160829640704,2020-03-06 16:43:05,"RT @WhiteHouse: 273,000 jobs added in February—beating expectations by nearly 100k! 

President @realDonaldTrump's economy is BOOMING 🇺🇸 ht…"
1235675867948478475,2020-03-05 21:17:39,"Federal Agencies to Hold Public Field Hearings in Florida and Georgia on Seasonal and Perishable Produce

https://t.co/cUcW1ZI4Bo https://t.co/wWFhEdztLS"
1235572962486407174,2020-03-05 14:28:44,"USTR Statement on 5th U.S.-Bangladesh Trade and Investment Cooperation Forum Agreement Council Meeting

https://t.co/R6lFQbCM74 https://t.co/BHLj1W9QRG"
1233520903385997318,2020-02-28 22:34:35,"President Trump kept his promise &amp; confronted China over its unfair trade practices, after years of little more than talk from Washington. In 2020, the Trump Administration will continue to take forceful action against unfair trading practices.

https://t.co/PFg5w7ylLc https://t.co/YS7ArdNeTA"
1233519641252835329,2020-02-28 22:29:34,"In 2019, the Administration held to its promise to secure policies that benefit Americans. In 2020, the Administration will continue to negotiate trade agreements with other nations, work to enforce our prior trade agreements, &amp; work to change the WTO.

https://t.co/uKNeHLQzuS https://t.co/cb5GHJJarN"
1233519025646424065,2020-02-28 22:27:08,"In 2019, the Administration took decisive action to propel the U.S. economy into a “blue-collar boom.” In 2020, the Administration will continue to fight for the American worker by negotiating even more new trade agreements with the UK, the EU, &amp; Kenya!

https://t.co/uKNeHLQzuS https://t.co/6nXIXhVfRT"
1233111452170543104,2020-02-27 19:27:34,"In Washington, D.C., Ambassador Doud met with the leadership of several state departments of agriculture in town with @NASDAnews, the National Association of State Departments of Agriculture. https://t.co/2hPZXFwHxt"
1232741997884198917,2020-02-26 18:59:30,"Happening Now: Public Hearing on Special 301 Review

For more details, visit https://t.co/xi4NJNh5UR. https://t.co/aUI9Hi8kao"
1232324729509490695,2020-02-25 15:21:25,"USDA and USTR Announce Progress on Implementation of U.S.-China Phase One Agreement

https://t.co/1bij8FB4uU https://t.co/9OiyJyZ83L"
1227369831432847360,2020-02-11 23:12:25,"USTR Issues Report on the WTO Appellate Body

https://t.co/C6gTjiW3AX https://t.co/9yntKvNS5k"
1226998628713148417,2020-02-10 22:37:24,RT @SenatorEnzi: I've had the privilege of visiting Kenya &amp; meeting with President Kenyatta several times. It's positive to hear discussion…
1226998443375284230,2020-02-10 22:36:40,"RT @JimInhofe: For too long, the State Department’s focus in Africa has been aid, not trade. With the enactment of #USMCA, @realDonaldTrump…"
1225969462362415104,2020-02-08 02:27:51,"Last week, @POTUS signed the United States-Mexico-Canada Agreement.

Today, in Washington, USTR Lighthizer met with Canadian Deputy Prime Minister @cafreeland, Premier Ford, Premier Higgs, Premier Moe, &amp; Premier Kenney to discuss USMCA &amp; U.S.-Canada trade. https://t.co/rOzGz7ByS8"
1225525407144988672,2020-02-06 21:03:20,"USTR Lighthizer: “Under President Trump’s leadership, we look forward to negotiating and concluding a comprehensive, high-standard agreement with Kenya that can serve as a model for additional agreements across Africa.”

https://t.co/zYnh3QuMjW https://t.co/IoHc3wdVeD"
1225422938213638145,2020-02-06 14:16:10,"USTR Announces Reallocation of Unused Fiscal Year 2020 WTO Tariff-Rate Quota Volume for Raw Cane Sugar

https://t.co/aW69zCdoZ5 https://t.co/VFF7L5pJmd"
1224902533791076353,2020-02-05 03:48:16,"Ambassador Lighthizer’s Statement about President Trump’s State of the Union Address

https://t.co/mWfHrhOszB https://t.co/dbqpU4vwlE"
1224900616419495936,2020-02-05 03:40:39,"Ambassador Lighthizer Comments on President Trump’s State of the Union Address

https://t.co/mWfHrhOszB https://t.co/eAArCW6lpE"
1224882009002127361,2020-02-05 02:26:42,"Under President Trump’s leadership, the United States is confronting China’s unfair &amp; market-distorting trade policies &amp; practices.

The Phase One deal, signed on January 15, 2020, requires structural reforms &amp; changes to China’s economic &amp; trade regime. #SOTU https://t.co/nBVxcXyUEJ"
1224881609846992897,2020-02-05 02:25:07,"The passage of the USMCA opens a new chapter in U.S. trade policy. The USMCA’s enforceable, 21st century standards will help to level the playing field for American workers, creating more jobs &amp; benefits for years to come. #SOTU https://t.co/py03BZPf9U"
1224785507206430722,2020-02-04 20:03:14,"Trade between the United States &amp; Kenya stands at about $1 billion per year.
 
Amb. Lighthizer welcomed Kenya’s Minister-nominee Betty Maina, Cabinet Secretary for Trade &amp; Industry, to Washington, D.C. to discuss deepening the U.S.-Kenya trade relationship. https://t.co/AGXPZxWWfk"
1223346663944835074,2020-01-31 20:45:48,"Ambassador Lighthizer Issues Statement Concerning President Trump’s Executive Order on Counterfeit Goods

https://t.co/GQJn7N7b0s https://t.co/lPzT9du5Al"
1223293538638671873,2020-01-31 17:14:41,"RT @WhiteHouse: Our nation boasts a proud legacy in the auto industry. 

USMCA is a BIG WIN for American automakers! https://t.co/QKe8MXQwdS"
1222880542527574020,2020-01-30 13:53:36,"Happening Soon: Public Hearing on GSP Country Practice Reviews

Details here: https://t.co/UppalctKe1 https://t.co/Se8uECiqTx"
1222615229600800777,2020-01-29 20:19:20,"Ambassador Lighthizer Delivers Remarks at USMCA Signing

https://t.co/xuMRZ6j7nd https://t.co/x1nfaQXVZO"
1222605395782447104,2020-01-29 19:40:15,"The USMCA is a complete overhaul of NAFTA, with modern, strengthened, and rebalanced rules of trade and investment for North America. https://t.co/OjzY3kCaNv"
1222601579519520769,2020-01-29 19:25:06,"Through bipartisan support &amp; action in Congress over the past two years, the Trump Administration has strengthened North American trade with the USMCA. The agreement speaks to the President’s determination to help the American worker succeed. #USMCA https://t.co/BL9HcEnyW1"
1222599299319697411,2020-01-29 19:16:02,"Thanks to President Trump’s leadership and the work of Republicans and Democrats, the USMCA delivers a strong win for the American people. https://t.co/MzRDVmKtC7"
1220835348005236737,2020-01-24 22:26:43,"Deputy USTR C.J. Mahoney &amp; Bolivian Foreign Minister @KarenLongaric exchanged letters to launch a process by Bolivia to designate Bourbon Whiskey &amp; Tennessee Whiskey as distinctive products of the U.S., &amp; by the U.S. to designate Singani as a distinctive product of Bolivia. https://t.co/CY41oDMhMJ"
1220813604527779840,2020-01-24 21:00:19,"Deputy U.S. Trade Representative C.J. Mahoney and Bolivian Foreign Minister Karen Longaric Exchange Letters on Unique Distilled Spirits 

https://t.co/ToCHLFxGbX https://t.co/a4xKvWBmVo"
1219650855730909185,2020-01-21 15:59:58,"RT @WhiteHouse: Just last week, the United States concluded two extraordinary trade deals that put American workers and families FIRST! htt…"
1219650742182694912,2020-01-21 15:59:31,"RT @WhiteHouse: For the first time ever, China agreed to end its practice of forcing American companies to transfer their technology to Chi…"
1219278334326079488,2020-01-20 15:19:42,"Honoring Dr. Martin Luther King, Jr., his legacy &amp; service to the United States of America. https://t.co/aTMAiC36rN"
1217935459424374784,2020-01-16 22:23:36,"Ambassador Lighthizer Comments on Senate Passage of USMCA

https://t.co/EUnH0fOzmT https://t.co/eVI6m6pz7k"
1217863941428252673,2020-01-16 17:39:25,"RT @WhiteHouse: For years, politicians—both Democrat and Republican—have promised to replace NAFTA with a deal that better protects America…"
1217530182313095174,2020-01-15 19:33:10,"The U.S. &amp; China have reached an historic &amp; enforceable agreement on a Phase One trade deal that will bring structural reforms to China’s economic &amp; trade regime in the areas of IP, agriculture, financial services, &amp; tech transfer.

(Official White House Photo by Tia Dufour) https://t.co/2TlAmG2AJa"
1217525464518008833,2020-01-15 19:14:25,"China has agreed to considerably increase imports of U.S. goods &amp; services over the next two years by at least $200 billion.

(Official White House Photo by Tia Dufour) https://t.co/YD8Sy4vwqd"
1217523629224878086,2020-01-15 19:07:08,".@realdonaldtrump has concluded a high-quality, fully-enforceable Phase One trade agreement with China that begins to rebalance the trading relationship &amp; achieves enforceable commitments to resolve structural issues. (Official White House Photo by Shealah Craighead) https://t.co/4SXNWP8pP7"
1217521566847848454,2020-01-15 18:58:56,"Economic and Trade Agreement Between the Government of the United States and the Government of the People’s Republic of China

https://t.co/vYX6BaKAwf https://t.co/P2vBqqMWW1"
1217121901656584193,2020-01-14 16:30:49,"The U.S.-Japan Trade Agreement and U.S.-Japan Digital Trade Agreement entered into force on January 1, 2020. 

On Monday, Ambassador Lighthizer met with Japan’s new Minister of Economy, Trade and Industry @kajiyamahiroshi in Washington, D.C. https://t.co/JfiC9XYN62"
1217113701293137926,2020-01-14 15:58:13,"Joint Statement of the Trilateral Meeting of the Trade Ministers of Japan, the United States and the European Union

https://t.co/4uUCs0XlEC https://t.co/0UjGq1D5vd"
1214541729745063937,2020-01-07 13:38:08,"Happening soon: Public Hearing on Proposed Action to France’s Digital Services Tax

Details here: https://t.co/w35HuyMpiz https://t.co/cCQ45kCNjj"
1212758202531688450,2020-01-02 15:31:02,RT @WhiteHouse: It's been an incredible year for trade under President @realDonaldTrump. Better deals with trading partners all over the wo…
