id,created_at,text
1247294757950414850,2020-04-06 22:46:58,RT @WhiteHouse: America's prayers are with Prime Minister Boris Johnson. 🇺🇸🇬🇧 https://t.co/LFz3z0HtD7
1247294752598429696,2020-04-06 22:46:57,RT @WhiteHouse: We will beat this virus together. https://t.co/guj8C1FCwf
1247294744604168198,2020-04-06 22:46:55,RT @Mike_Pence: https://t.co/8uDyuBBhGq
1247294731287216129,2020-04-06 22:46:52,RT @realDonaldTrump: https://t.co/GIzwKSbuuS
1247294723515170817,2020-04-06 22:46:50,RT @WhiteHouse: Small businesses often lack the cash that big firms have access to in hard times. The Paycheck Protection Program helps by…
1247294714396672001,2020-04-06 22:46:48,"RT @Mike_Pence: Thank you, @Airbnb. We are grateful to you for giving those taking care of the people of our great Nation a safe and clean…"
1247294706989568000,2020-04-06 22:46:46,"RT @Mike_Pence: Thank you, @Apple for stepping up once again to meet the needs of the American people and launching a company-wide effort t…"
1247294700236820480,2020-04-06 22:46:44,RT @Mike_Pence: American companies are continuing to rally behind our amazing health care workers. @AmericanExpress and @HiltonHotels will…
1247294691705597955,2020-04-06 22:46:42,"RT @Mike_Pence: What an inspiring story...
God bless them all.
https://t.co/SE7LunGJL6"
1246894098864312322,2020-04-05 20:14:53,"RT @Mike_Pence: Thank you, @GovInslee. We’re all in this together."
1246894095668326407,2020-04-05 20:14:53,"RT @Mike_Pence: Thank you, @OregonGovBrown. #InItTogether"
1246881593958039555,2020-04-05 19:25:12,RT @WhiteHouse: Thank you to hotels around the country for providing healthcare workers and first responders a place to stay while they're…
1246881586789986305,2020-04-05 19:25:10,"RT @WhiteHouse: Your activities can increase the risk of infection for everyone around you. 

Do your part to slow the spread! https://t.co…"
1246881576358752258,2020-04-05 19:25:08,"RT @Mike_Pence: Today, we honor our Nation’s Gold Star Spouses. As we remember the fallen we also give thanks for the spirit and sacrifice…"
1246881567580073988,2020-04-05 19:25:06,"RT @Mike_Pence: .@SecondLady &amp; I are wishing everyone a blessed Palm Sunday as we reflect on our Savior’s arrival into Jerusalem. Today, we…"
1246616279856840704,2020-04-05 01:50:56,RT @WhiteHouse: Our patriotic duty in this national crisis: Keep following the guidelines! https://t.co/u0QYL52zPM
1246616271636115457,2020-04-05 01:50:54,RT @WhiteHouse: The Paycheck Protection Program is now in action—helping our small businesses stay open and helping our workers get paid. h…
1246616257446674433,2020-04-05 01:50:51,"RT @WhiteHouse: ""The next two weeks are extraordinarily important,"" Dr. Birx says. ""This is the moment to do everything that you can on the…"
1246616229000986624,2020-04-05 01:50:44,RT @Mike_Pence: It is more important now than ever that every American follows President @realDonaldTrump’s guidelines. Visit https://t.co/…
1246616219849043968,2020-04-05 01:50:42,"RT @Mike_Pence: What health care workers are doing every day is inspiring. They’re not just doctors &amp; nurses, they’re family for people all…"
1246216174880374785,2020-04-03 23:21:04,RT @WhiteHouse: Our hearts go out to the communities hardest hit by the Coronavirus—and we salute the great medical professionals on the fr…
1246216168408580110,2020-04-03 23:21:02,"RT @WhiteHouse: .@CDCgov has suggested the use of non-medical, cloth face coverings as an additional, voluntary step that Americans can tak…"
1246216161102102528,2020-04-03 23:21:01,"RT @WhiteHouse: Cost should not be a barrier to anyone seeking testing or treatment for Coronavirus. 

America's private insurers are takin…"
1246216151149023243,2020-04-03 23:20:58,"RT @Mike_Pence: We will get through this together, America. https://t.co/KS19LHtyJy"
1246216146900189184,2020-04-03 23:20:57,"RT @Mike_Pence: Today, we held a teleconference with commercial retailers and on the President’s behalf we thanked them for their patriotic…"
1246216138662576130,2020-04-03 23:20:55,RT @Mike_Pence: We want to commend Americans across the Country for putting into practice President @realDonaldTrump’s guidelines as well a…
1245826243033026560,2020-04-02 21:31:37,RT @Mike_Pence: https://t.co/cpTux92FvH
1245409745651085314,2020-04-01 17:56:36,"RT @Mike_Pence: These are not numbers, these are Americans. They are our loved ones and we are doing everything we can to keep them safe. h…"
1245398164867362816,2020-04-01 17:10:35,"RT @Mike_Pence: We’ll get through this together, America. https://t.co/VPV1wBzxjt"
1245398157145575426,2020-04-01 17:10:33,RT @Mike_Pence: The effort to combat the Coronavirus at the government level has been matched by companies around the Country like @Walmart…
1245398150740836360,2020-04-01 17:10:32,"RT @Mike_Pence: When faced with the threat of the Coronavirus, President @realDonaldTrump took unprecedented action and suspended all trave…"
1245398140594925568,2020-04-01 17:10:29,"RT @Mike_Pence: On behalf of a grateful Nation, thank you to all of the members of @Walmart Distribution Center Team 7016. We know you’re o…"
1245128223509315585,2020-03-31 23:17:56,RT @Mike_Pence: 30 Days to Slow the Spread: https://t.co/GI3qrBOFaA
1245128215116603393,2020-03-31 23:17:54,"RT @WhiteHouse: Today, @USTreasury and @SBAgov announced further details on the Paycheck Protection Program, which is made possible by The…"
1245128210800615428,2020-03-31 23:17:53,"RT @WhiteHouse: Dr. Fauci: ""The reason why we feel so strongly about the necessity of the additional 30 days is that now is the time, whene…"
1245128203758456832,2020-03-31 23:17:51,RT @WhiteHouse: Our goal over the next 30 days is to mitigate the spread of Coronavirus community by community. https://t.co/rkQTfm2jh6
1245128191846604804,2020-03-31 23:17:48,"RT @Mike_Pence: We will get through this, and we will get through it together. https://t.co/kuLe6xeox2"
1245128187102875649,2020-03-31 23:17:47,"RT @Mike_Pence: Thank you, America. 🇺🇸 https://t.co/iAD81Kd61Y"
1245128180303872002,2020-03-31 23:17:46,RT @Mike_Pence: We are continuing to work closely with Governors across the Country as we respond to the Coronavirus together as a Nation.…
1245103212086132738,2020-03-31 21:38:33,RT @Mike_Pence: https://t.co/5N8Y9Jrsvp
1245103203311669254,2020-03-31 21:38:31,RT @realDonaldTrump: https://t.co/nzWJ8ViwbZ
1244735141802631168,2020-03-30 21:15:58,RT @Mike_Pence: https://t.co/XIAaAK6Ywp
1244638333931847681,2020-03-30 14:51:17,"RT @Mike_Pence: To every doctor around the Country tirelessly working to keep the American people healthy and safe, thank you. Our Nation i…"
1244638326625353728,2020-03-30 14:51:15,RT @realDonaldTrump: https://t.co/YzhyVR1N6d
1244638314449244161,2020-03-30 14:51:13,"RT @WhiteHouse: ""The American people have embodied the unrivaled patriotism and willpower that has led America to conquer every challenge—e…"
1244638303049207812,2020-03-30 14:51:10,"RT @Mike_Pence: As Americans continue to put into practice the guidelines President @realDonaldTrump laid out, we believe that while there…"
1244638294924767234,2020-03-30 14:51:08,"RT @Mike_Pence: From everyone at @fema and @HHSgov to all of our partners working at the state and local level, you have our admiration and…"
1244638291464458241,2020-03-30 14:51:07,RT @Mike_Pence: Thank you to the American people and thank you to the amazing health care workers across this Country who are the hands and…
1244071697365577728,2020-03-29 01:19:41,"RT @Mike_Pence: At the recommendation of the Coronavirus Task Force &amp; after consulting with @NYGovCuomo, @GovMurphy, &amp; @GovNedLamont, @CDCg…"
1244071687634681857,2020-03-29 01:19:38,"RT @realDonaldTrump: With the courage of our doctors and nurses, with the skill of our scientists and innovators, with the determination of…"
1244071676507193347,2020-03-29 01:19:36,RT @Mike_Pence: Productive call with the White House Coronavirus Task Force today. We are working every day to meet the needs of the Americ…
1243906590501191681,2020-03-28 14:23:36,RT @Mike_Pence: Senator Tom Coburn was a great conservative voice in the United States Congress and American physician whose legacy will li…
1243654908647288832,2020-03-27 21:43:30,"RT @Mike_Pence: Today, President @realDonaldTrump signed into the law the #CARESAct which will help small businesses stay open, help worker…"
1243654897448484870,2020-03-27 21:43:28,"RT @realDonaldTrump: We are marshalling the full power of government and society to achieve victory over the virus. Together, we will endur…"
1243596238370541571,2020-03-27 17:50:22,"RT @Mike_Pence: We have every confidence that the American people will continue to rise to the challenge as we slow the spread, protect our…"
1243596231114440706,2020-03-27 17:50:21,"RT @Mike_Pence: There’s no question, that by suspending all travel from China in January and by suspending travel from Europe recently, Pre…"
1243596207123038210,2020-03-27 17:50:15,RT @Mike_Pence: It is the responsibility of all of us at every level to bring our very best to the American people and American businesses.…
1243596199434878977,2020-03-27 17:50:13,"RT @Mike_Pence: At President @realDonaldTrump’s direction, we have convened at the White House, health insurance leaders, nursing home lead…"
1243596190014464002,2020-03-27 17:50:11,RT @Mike_Pence: We are going to continue to lean in to our response to the Coronavirus as we work with Governor’s across the Country and le…
1243596179411210243,2020-03-27 17:50:08,RT @Mike_Pence: Dollar Tree and Family Dollar stores are stepping up and taking care of their employees during this tough time. They will n…
1243292203897716736,2020-03-26 21:42:15,RT @Mike_Pence: https://t.co/9KWa13EUbD
1243292196327116805,2020-03-26 21:42:13,RT @Mike_Pence: .@NBA players and team owners across the Country are pitching in to compensate arena employees after the @NBA made the deci…
1243292176873906183,2020-03-26 21:42:08,RT @Mike_Pence: Joined President @realDonaldTrump today for a productive teleconference with our Nation’s Governors. We will continue to wo…
1243292167830937605,2020-03-26 21:42:06,"RT @Mike_Pence: Thank you to the @WNCathedral for donating 3,000 N95 masks to @MedStarGUH and 2,000 N95 masks to @ChildrensNatl. This cruci…"
1243292160893562882,2020-03-26 21:42:05,RT @Mike_Pence: .@DES_WA_gov received medical supplies to distribute to emergency management divisions across WA state. Counties with more…
1243292149170479112,2020-03-26 21:42:02,RT @Mike_Pence: American companies are continuing to work together to meet the needs of our Nation during this time: @GM is partnering with…
1243202584573329420,2020-03-26 15:46:08,RT @Mike_Pence: We must continue to meet the needs of every American during this time. @FeedingAmerica has launched a COVID-19 Response Fun…
1243186825872781313,2020-03-26 14:43:31,"RT @Mike_Pence: As medical professionals continue to work on the front lines of this pandemic, we commend @OYOrooms across the United State…"
1243186809561063424,2020-03-26 14:43:27,RT @Mike_Pence: We are grateful to @AnheuserBusch for donating $5 million to the @RedCross to help support our Nation’s health care profess…
1242953445306445826,2020-03-25 23:16:08,"RT @WhiteHouse: Every day, ordinary Americans are stepping up to the challenge of helping one another through this crisis. https://t.co/fTp…"
1242953433033986050,2020-03-25 23:16:06,RT @Mike_Pence: President @realDonaldTrump and I spoke to over 150 CEOs at the top non-profits in the Country to thank them for the work th…
1242953424066482176,2020-03-25 23:16:03,"RT @Mike_Pence: Today, we had a productive call with @BetsyDeVosED &amp; education leaders around the Country. America’s teachers are truly her…"
1242953415396855810,2020-03-25 23:16:01,"RT @WhiteHouse: The more aggressively we commit to social distancing, the more lives we can save, and the sooner Americans can go back to w…"
1242953383805362177,2020-03-25 23:15:54,RT @Mike_Pence: We are grateful to the hundreds of companies who have stepped forward to be involved in the supply chain and produce protec…
1242953378080141323,2020-03-25 23:15:52,RT @Mike_Pence: President @realDonaldTrump and the entire team continues to be inspired by Americans across the Country who are putting int…
1242953361206530051,2020-03-25 23:15:48,RT @Mike_Pence: https://t.co/L2t2oo9U9S
1242953345930838016,2020-03-25 23:15:45,RT @realDonaldTrump: Today is National #MedalofHonorDay. Join me in a #MomentofHonor to remember those who have earned our Nation's highest…
1242953340230799362,2020-03-25 23:15:43,"RT @Mike_Pence: Today, on National Medal of Honor Day, we honor those whose military actions have gone above and beyond call of duty. As a…"
1242600460898504704,2020-03-24 23:53:30,RT @Mike_Pence: We are grateful for the level of generosity that industries are showing throughout this time and we will continue to work w…
1242600453566795776,2020-03-24 23:53:29,"RT @Mike_Pence: We're calling on Americans, especially those in the NY Metro area, to avoid non-essential travel. Those in the NY Metro are…"
1242600447128584193,2020-03-24 23:53:27,RT @Mike_Pence: People across this Country and businesses large and small are responding to the threat of the Coronavirus in ways that are…
1242600436164673536,2020-03-24 23:53:25,RT @Mike_Pence: https://t.co/rN6EdaDpMi
1242600429432774656,2020-03-24 23:53:23,RT @realDonaldTrump: https://t.co/ytgBP3hJv1
1242600411049218049,2020-03-24 23:53:19,"RT @Mike_Pence: We are spinning up American industry, from @3M and @honeywell to @Apple, we are working to meet the need of critical protec…"
1242600392246079489,2020-03-24 23:53:14,RT @Mike_Pence: Our Nation’s health care workers have done an incredible job providing compassionate care to Americans struggling with the…
1242600376358051842,2020-03-24 23:53:10,RT @Mike_Pence: Our hearts go out to every family that has lost a loved one to the Coronavirus. https://t.co/WfaiH7uCIg
1242600369945010178,2020-03-24 23:53:09,RT @Mike_Pence: It is absolutely crucial that Congress comes together to pass legislation that will help American families and American wor…
1242600344468819969,2020-03-24 23:53:03,"RT @Mike_Pence: As our Coronavirus response continues to be locally executed, state managed, and federally supported, President @realDonald…"
1242600315687448576,2020-03-24 23:52:56,RT @realDonaldTrump: https://t.co/w36LLghHiA
1242233566555144193,2020-03-23 23:35:36,"RT @Mike_Pence: The Federal Government will do whatever it takes to support an effort that is locally executed, state managed, and federall…"
1242233545466101760,2020-03-23 23:35:31,"RT @realDonaldTrump: STRONG &amp; UNITED, WE WILL PREVAIL! GOD BLESS THE USA!!
https://t.co/T6UCyaPRIy"
1242215617920405512,2020-03-23 22:24:17,RT @Mike_Pence: https://t.co/hYGsOHNzNF
1242215603685011464,2020-03-23 22:24:13,RT @Mike_Pence: Stopped by @FEMA today to talk with our Nations’ great Governors who are showing strong leadership in their states as we wo…
1242215581115469826,2020-03-23 22:24:08,"RT @Mike_Pence: With the cooperation, compassion, generosity and prayers of the American people we can slow the spread, we can protect the…"
1242215574270337032,2020-03-23 22:24:06,RT @Mike_Pence: I couldn’t be more proud to be an American and to see the way the American people and American businesses are rising to the…
1241869886844014596,2020-03-22 23:30:28,"RT @Scavino45: .@realDonaldTrump: “Today, I am announcing action to help New York, California, and Washington ensure that the @USNationalGu…"
1241869870876278789,2020-03-22 23:30:24,"RT @WhiteHouse: President @realDonaldTrump: ""We're enduring a great national trial, and we will prove that we can meet the moment ... No Am…"
1241869860658954240,2020-03-22 23:30:22,RT @Mike_Pence: For any American looking on from overseas: Call the Smart Traveler Enrollment Program at 1 (888) 407-4747 or visit https://…
1241869849648824330,2020-03-22 23:30:19,RT @Mike_Pence: The bipartisan spirit taking place on Capitol Hill is a great credit to the Nation and should be a great encouragement to t…
1241869843122606081,2020-03-22 23:30:18,RT @Mike_Pence: Thank you to the American people who are responding to President @realDonaldTrump’s 15 Days to Slow the Spread Guidelines a…
1241869834935242759,2020-03-22 23:30:16,RT @Mike_Pence: https://t.co/E2LASIN7Ys
1241029125743218688,2020-03-20 15:49:35,RT @Mike_Pence: https://t.co/jgqb4Q6kxz
1240674534191136770,2020-03-19 16:20:34,"RT @Scavino45: Last night in the Oval Office, @POTUS @realDonaldTrump signed into law: H.R. 6201, the “Families First Coronavirus Response…"
1240674530168836102,2020-03-19 16:20:33,RT @Mike_Pence: https://t.co/M5HQfv41W2
1240674503178498050,2020-03-19 16:20:26,RT @WhiteHouse: Social distancing will help you avoid contracting Coronavirus—or transmitting it. https://t.co/ls9bJEOpGu
1240674439697764359,2020-03-19 16:20:11,RT @FLOTUS: https://t.co/3KXrAP0A35
1240429054458814474,2020-03-19 00:05:07,"RT @charlipence: “We have a common adversary once again, and while it is no minor foe, it is no match for the power of the American will.”…"
1240429047324311554,2020-03-19 00:05:05,RT @WhiteHouse: Today's NEW regulation from @HHSGov will allow doctors to practice across state lines in order to help hospitals in adjoini…
1240429024305909765,2020-03-19 00:05:00,"RT @realDonaldTrump: STRONG &amp; UNITED, WE WILL PREVAIL! https://t.co/T6UCyaPRIy"
1240429016064167943,2020-03-19 00:04:58,RT @Mike_Pence: 15 Días Para Desacelerar La Propagación Del Coronavirus: https://t.co/CUWY5i5pnA
1240383385408856064,2020-03-18 21:03:38,RT @Mike_Pence: Joined President @realDonaldTrump in speaking with our Nation’s great physicians and nurses today. We will continue to do e…
1240383378094010369,2020-03-18 21:03:37,RT @realDonaldTrump: 15 DAYS TO SLOW THE SPREAD! https://t.co/ytgBP3hJv1
1240383373551570947,2020-03-18 21:03:36,RT @Mike_Pence: The United States Senate just passed the Families First Coronavirus Response Act giving Americans access to free Coronaviru…
1240383360414953479,2020-03-18 21:03:32,"RT @WhiteHouse: Who needs to be tested for Coronavirus?

First, the patients at highest medical risk and the helpers working on the front l…"
1240383350877061121,2020-03-18 21:03:30,RT @Mike_Pence: President @realDonaldTrump &amp; I are deeply proud that the American people have pulled together in so many ways in response t…
1240383339737026562,2020-03-18 21:03:28,"RT @WhiteHouse: With America's full cooperation, we will turn the corner on Coronavirus!

More from @Surgeon_General: https://t.co/qJ7p3r32…"
1240383329108623362,2020-03-18 21:03:25,RT @realDonaldTrump: Thank you to our great American businesses for going above and beyond to keep our most vulnerable citizens safe!
1240383320204197889,2020-03-18 21:03:23,"RT @WhiteHouse: President @realDonaldTrump: ""We will be invoking the Defense Production Act."" https://t.co/yUsLbV9ri9"
1240383313451331584,2020-03-18 21:03:21,RT @Mike_Pence: https://t.co/bnOjLdGXPb
1240383307147284481,2020-03-18 21:03:20,"RT @realDonaldTrump: We will be, by mutual consent, temporarily closing our Northern Border with Canada to non-essential traffic. Trade wil…"
1240383294186967041,2020-03-18 21:03:17,RT @Mike_Pence: Every American can be confident that we’re going to do whatever it takes to keep the American people safe and when we defea…
1240383287308230657,2020-03-18 21:03:15,"RT @Mike_Pence: Today, President @realDonaldTrump convened the Nation’s top industrial suppliers and directed them to ensure that critical…"
1240383280790282243,2020-03-18 21:03:14,RT @Mike_Pence: We urge all Americans to follow President @realDonaldTrump’s Coronavirus Guidelines over the next 15 days so we can #slowth…
1240383259839791107,2020-03-18 21:03:09,"RT @WhiteHouse: The American people and U.S. businesses, large and small, are stepping up to make this a true all-of-America effort. 🇺🇸 

M…"
1240383252071923715,2020-03-18 21:03:07,"RT @WhiteHouse: We are in this together!

15 Days to Slow the Spread: https://t.co/E8k5IdXQ03"
1240050112405127170,2020-03-17 22:59:20,RT @Mike_Pence: 15 Days to Slow the Spread: https://t.co/hzjrO61dMA
1240050102233960450,2020-03-17 22:59:18,"RT @Mike_Pence: .@EsperDoD and the Pentagon will be providing 5 million respirator masks and 2,000 specialized ventilators to aid in our wh…"
1240050049679265794,2020-03-17 22:59:05,"RT @WhiteHouse: What is social distancing—and why are we doing it?

Dr. Anthony Fauci, Dr. Deborah Birx, and @Surgeon_General Jerome Adams…"
1239977863484444676,2020-03-17 18:12:14,RT @Mike_Pence: We’re asking every American to partner with us in the effort to combat the Coronavirus and be mindful of our vulnerable sen…
1239977855418871809,2020-03-17 18:12:13,"RT @Mike_Pence: All of our health experts agree, you do not need the results of Coronavirus testing to know what you should do. Every Ameri…"
1239977849702014977,2020-03-17 18:12:11,"RT @Mike_Pence: I’m pleased to report, through the swift action of the @US_FDA, state health authorities can authorize labs in their state…"
1239939497061736452,2020-03-17 15:39:47,RT @Mike_Pence: https://t.co/euA0f1Nj2h
1239939490841493509,2020-03-17 15:39:46,RT @Mike_Pence: President @realDonaldTrump’s Coronavirus Guidelines for America: https://t.co/ggsF44SxCl
1239633489844199424,2020-03-16 19:23:49,RT @Mike_Pence: https://t.co/kAXpuUPoiI
1239371375770570752,2020-03-16 02:02:17,"RT @WhiteHouse: Steve Rusckowski, @QuestDX: ""We now have capabilities from Roche diagnostics that we will bring into our facilities this we…"
1239371358188044288,2020-03-16 02:02:12,"RT @WhiteHouse: Earlier today, President @realDonaldTrump held a phone call with more than two dozen grocery store and supply chain executi…"
1239371347232460802,2020-03-16 02:02:10,"RT @WhiteHouse: America's retailers are working hard to keep food and essentials stocked for the American public, and there is no need to h…"
1239371340139855872,2020-03-16 02:02:08,"RT @WhiteHouse: We are maintaining strong, seamless relationships and constant contact with state and local officials and health organizati…"
1239371334028754944,2020-03-16 02:02:07,"RT @WhiteHouse: We will have 1.9 million high-throughput tests available and up to 2,000 labs ramping into gear this week. 

“That is reall…"
1239371326873374721,2020-03-16 02:02:05,"RT @WhiteHouse: The public and private sector are working together to rapidly expand the volume and speed of Coronavirus testing.

Vice Pre…"
1239371318715240448,2020-03-16 02:02:03,"RT @Mike_Pence: American families can remain confident, your local grocery stores will stay open through the duration of the Coronavirus. h…"
1239371310985338881,2020-03-16 02:02:01,RT @Mike_Pence: It is inspiring to see the way Americans across the Country are responding with compassion to those affected by the Coronav…
1239371296091385856,2020-03-16 02:01:58,RT @Mike_Pence: President @realDonaldTrump and our entire team are grateful for our Nation’s Governors who are working tirelessly to protec…
1239371288327700485,2020-03-16 02:01:56,"RT @Mike_Pence: For the American people as a whole, the risk of serious illness from the Coronavirus remains low. We will continue to focus…"
1239371281411321856,2020-03-16 02:01:54,RT @Mike_Pence: We have no higher priority than the health of the American people. We are all in this together. https://t.co/dAdxRxNh6Q
1239299183082954752,2020-03-15 21:15:24,RT @Mike_Pence: https://t.co/znMIlR0yiJ
1239299174836953089,2020-03-15 21:15:23,"RT @WhiteHouse: Vice President @Mike_Pence and members of the Coronavirus Task Force will hold a press briefing at 5:00 p.m. ET.

Watch LIV…"
1239299100002201602,2020-03-15 21:15:05,"RT @WhiteHouse: Richard Ashworth, @Walgreens: ""We're happy to stand in here and help in communities all across America ... We look forward…"
1239299090732720128,2020-03-15 21:15:02,"RT @WhiteHouse: Brian Cornell, @Target: ""Thank you for inviting us here today, along with our colleagues from Walmart and Walgreens and our…"
1239299078615379968,2020-03-15 21:15:00,RT @realDonaldTrump: TODAY IS A NATIONAL DAY OF PRAYER. GOD BLESS EVERYONE!
1239299059011158019,2020-03-15 21:14:55,"RT @Mike_Pence: Today on National Day of Prayer, we pray for every person in our Country. We will continue to put the American people first…"
1239177348827799552,2020-03-15 13:11:17,https://t.co/H4PDjak1DY
1238862479020756992,2020-03-14 16:20:06,RT @Mike_Pence: https://t.co/uNXsJX2TvO
1238862473966608387,2020-03-14 16:20:05,"RT @realDonaldTrump: Just finished a meeting on Covid-19 in the Situation Room, news conference coming up shortly. https://t.co/x9lSEXjnea"
1238572810466996226,2020-03-13 21:09:04,"RT @WhiteHouse: ""We'll remove or eliminate every obstacle necessary to deliver our people the care that they need and that they're entitled…"
1238572803470823431,2020-03-13 21:09:02,"RT @realDonaldTrump: To unleash the full power of the Federal Government in this effort, today I am officially declaring a National Emergen…"
1238572796432855050,2020-03-13 21:09:00,RT @Mike_Pence: We must look after the vulnerable senior population during this time. They were there for us and now it is time for us to b…
1238572788526592000,2020-03-13 21:08:59,"RT @Mike_Pence: Today, with a historic public, private partnership, we have laid the foundation to meet the needs of the American people du…"
1238572780582588419,2020-03-13 21:08:57,"RT @Mike_Pence: President @realDonaldTrump has brought the best of America together to address the Coronavirus, forging a seamless partners…"
1238572773599035392,2020-03-13 21:08:55,RT @Mike_Pence: We’re bringing an all of America approach to confronting the Coronavirus and putting the health and safety of the American…
1238548441267146752,2020-03-13 19:32:14,RT @WhiteHouse: LIVE: President @realDonaldTrump holds a news conference https://t.co/D975UkADhj
1238163809845555201,2020-03-12 18:03:50,"RT @realDonaldTrump: KEEPING THE WORKPLACE SAFE, ENCOURAGE YOUR EMPLOYEES TO.... https://t.co/Fgt0HTv2KU"
1238163805651296256,2020-03-12 18:03:49,"RT @realDonaldTrump: KEEPING COMMERCIAL ESTABLISHMENTS SAFE, ENCOURAGE YOUR EMPLOYEES AND CUSTOMERS TO.... https://t.co/Fxx6DlHmPf"
1238163788953772032,2020-03-12 18:03:45,"RT @realDonaldTrump: KEEPING THE HOME SAFE, ENCOURAGE YOUR FAMILY MEMBERS TO.... https://t.co/2hUQuUvGQb"
1238163774131122178,2020-03-12 18:03:42,RT @WhiteHouse: One of President @realDonaldTrump's top priorities is looking out for American workers during the Coronavirus. https://t.co…
1238163764333228032,2020-03-12 18:03:40,RT @Mike_Pence: The risk to the American public of contracting the Coronavirus remains low but every American should make sure to pay speci…
1238163755013492738,2020-03-12 18:03:37,"RT @Mike_Pence: Last night, President @realDonaldTrump took decisive action to protect the American people and suspended travel from Europe…"
1238163744040955911,2020-03-12 18:03:35,RT @Mike_Pence: The American people have seen once again that President @realDonaldTrump has no higher priority than the health and safety…
1238163737724551174,2020-03-12 18:03:33,"RT @WhiteHouse: The travel restriction applies to foreign nationals who have been in 26 European countries with open borders agreements, in…"
1238163717222813699,2020-03-12 18:03:28,"RT @Mike_Pence: As President @realDonaldTrump said, “Acting with compassion and love, we will heal the sick, care for those in need, help o…"
1238163712864854019,2020-03-12 18:03:27,"RT @Mike_Pence: Tonight, President @realDonaldTrump took decisive action in suspending all travel from Europe to the United States for the…"
1237922498081173504,2020-03-12 02:04:57,"RT @WhiteHouse: President @realDonaldTrump just addressed the nation from the Oval Office. 

""We are marshaling the full power of the feder…"
1237922476543352834,2020-03-12 02:04:52,"RT @WhiteHouse: We will be suspending all travel from Europe, except the United Kingdom, for the next 30 days. The policy goes into effect…"
1237922468578418688,2020-03-12 02:04:50,"RT @WhiteHouse: Insurance companies have agreed to waive co-payments of necessary testing and treatment, and we are cutting red tape to mak…"
1237922452912713728,2020-03-12 02:04:46,"RT @WhiteHouse: Our vast economic prosperity gives us flexibility, reserves, and resources to handle any threat.

""This is not a financial…"
1237907050245611520,2020-03-12 01:03:34,RT @WhiteHouse: LIVE: President @realDonaldTrump Addresses the Nation https://t.co/XobdLyEf5g
1237514279743619076,2020-03-10 23:02:50,RT @Mike_Pence: https://t.co/ov2gv8tT3e
1237514261515120640,2020-03-10 23:02:46,"RT @Mike_Pence: Americans on Medicare and Medicaid as well as those who utilize telemedicine, particularly the vulnerable senior population…"
1237514253642457089,2020-03-10 23:02:44,"RT @Mike_Pence: I'm pleased to report that at President @realDonaldTrump's request, all the insurance companies at the @WhiteHouse today ag…"
1237514243815194625,2020-03-10 23:02:42,RT @Mike_Pence: We are bringing all federal resources and companies across the Country to bear to protect the health and well-being of the…
1237514231081304064,2020-03-10 23:02:39,RT @realDonaldTrump: Great meeting on Capitol Hill with the @SenateGOP! https://t.co/eNB8zMRCup
1237514220318515202,2020-03-10 23:02:36,"RT @WhiteHouse: President @realDonaldTrump and Vice President @Mike_Pence met with executives of health insurance companies, who are taking…"
1237514203382124549,2020-03-10 23:02:32,"RT @WhiteHouse: .@CDCDirector Robert Redfield: ""The risk to the American public does remain low."" https://t.co/yupnGYFEuz"
1237514196272574464,2020-03-10 23:02:30,RT @WhiteHouse: Vice President @Mike_Pence and the Coronavirus Task Force have been meeting with industry leaders and lawmakers to coordina…
1237201194671636480,2020-03-10 02:18:45,RT @Mike_Pence: Keep yourself and those around you safe from the Coronavirus: https://t.co/XHz9BWzxq0
1237146069701713920,2020-03-09 22:39:42,RT @Mike_Pence: https://t.co/pPeSb9g5gQ
1237124746237456384,2020-03-09 21:14:58,"RT @WhiteHouse: Vice President @Mike_Pence and members of the Coronavirus Task Force will hold a press briefing at 5:30 p.m. ET. 

Watch LI…"
1237124725308100610,2020-03-09 21:14:53,RT @Mike_Pence: Led a productive meeting with nearly 50 of our Nation’s Governors &amp; the White House Coronavirus Taskforce today. We’re grat…
1236410973981982720,2020-03-07 21:58:42,RT @Mike_Pence: Our Administration will continue to bring the full resources of the federal government to bear to protect the American peop…
1236410966809731072,2020-03-07 21:58:40,"RT @Mike_Pence: Thank you @marcorubio, @GovRonDeSantis, @SenRickScott, Dr. Redfield, @DHS_Wolf and leaders from the cruise line industry fo…"
1236410960568561673,2020-03-07 21:58:39,RT @Mike_Pence: https://t.co/dbkM2LPp6j
1236384152011911171,2020-03-07 20:12:07,RT @Mike_Pence: We are praying for the Sheriff’s Deputy and his family. We are grateful to everyone in the Palm Beach Sheriff’s Office for…
1236384148547239936,2020-03-07 20:12:06,"RT @SeemaCMS: Today, @CMSGov issued frequently asked questions &amp; answers for #healthcare providers regarding #Medicare billing &amp; payment fo…"
1236366523519905792,2020-03-07 19:02:04,RT @Mike_Pence: Thank you @govkristinoem for your hard work in protecting the health and safety of the people of South Dakota. We will cont…
1236334899390369794,2020-03-07 16:56:24,RT @Mike_Pence: Heading to Florida for a briefing with cruise line executives and port directors. We will be discussing what additional mea…
1236145841284530176,2020-03-07 04:25:09,RT @Mike_Pence: https://t.co/QSwXMX4hPh
1236145831864131584,2020-03-07 04:25:07,RT @realDonaldTrump: https://t.co/TZ6o5jjPH7
1236145824419233792,2020-03-07 04:25:05,RT @WhiteHouse: Dr. Anthony Fauci answers a frequently asked question about risk factors: https://t.co/vm7HfBGvL5
1236145813782491136,2020-03-07 04:25:03,RT @WhiteHouse: It's important to know: the risk to the American public of contacting the Coronavirus remains low. https://t.co/aekA1vThSV
1236145782467768326,2020-03-07 04:24:55,RT @WhiteHouse: Vice President @Mike_Pence spoke from the briefing room after meeting with the Coronavirus Task Force. https://t.co/VHKZTvH…
1236145775823982599,2020-03-07 04:24:54,"RT @WhiteHouse: Vice President @Mike_Pence and members of the Coronavirus Task Force will give a press briefing at 5:30 p.m. ET. 

Watch LI…"
1236145750096084998,2020-03-07 04:24:47,RT @realDonaldTrump: It is FAKE NEWS that @HHSGov @SecAzar is “sidelined” from the great job he is doing on the CoronaVirus Task Force. He…
1236145739195191297,2020-03-07 04:24:45,RT @realDonaldTrump: https://t.co/QvDKY27t6h
1236145731326693376,2020-03-07 04:24:43,"RT @WhiteHouse: 273,000 jobs added in February—beating expectations by nearly 100k! 

President @realDonaldTrump's economy is BOOMING 🇺🇸 ht…"
1236145722560573440,2020-03-07 04:24:41,"RT @Mike_Pence: Huge news! The February jobs report crushed expectations with 273,000 jobs added and a strong 3.5% unemployment rate! Ameri…"
1235760438974939136,2020-03-06 02:53:42,"RT @WhiteHouse: Today in Minnesota and Washington state, Vice President @Mike_Pence and members of the Coronavirus Task Force met with team…"
1235749250031484928,2020-03-06 02:09:14,RT @Mike_Pence: https://t.co/cDUU9P2akR
1235749234759970822,2020-03-06 02:09:11,RT @Mike_Pence: Met the hard working men and woman of the State Emergency Management Operations Center in Washington. I reassured them that…
1235749221715697670,2020-03-06 02:09:08,RT @Mike_Pence: President @realDonaldTrump has no higher priority than the health &amp; safety of the American people. The passage of an almost…
1235749213813653504,2020-03-06 02:09:06,RT @Mike_Pence: .@3M is playing a vital role in the life of our Nation and we are grateful for their efforts in combatting the spread of th…
1235749210114293760,2020-03-06 02:09:05,"RT @Mike_Pence: From the moment President @realDonaldTrump took unprecedented action in January to respond to the Coronavirus, @3M made the…"
1235749193701941250,2020-03-06 02:09:01,RT @Mike_Pence: Productive &amp; substantive discussion with Minnesota state leadership and @3M about the production efforts of protective gear…
1235676079362199552,2020-03-05 21:18:29,RT @Mike_Pence: Heading to Washington to meet with @GovInslee. We are here for the people of Washington and America as we work in the best…
1235676066103963648,2020-03-05 21:18:26,RT @Mike_Pence: Helpful information from the @TODAYshow this morning. https://t.co/sa8NGm98LA
1235676061771296769,2020-03-05 21:18:25,"RT @Mike_Pence: En route to Minnesota to visit @3M, where they are producing critical protection gear for our Nation’s health care provider…"
1235335042471202816,2020-03-04 22:43:20,RT @Mike_Pence: https://t.co/hXT5xhSy9Z
1235270001474576384,2020-03-04 18:24:53,RT @Mike_Pence: I will be traveling to Washington to meet with Governor @JayInslee tomorrow. We are here for every American and will contin…
1235269989264916481,2020-03-04 18:24:50,RT @Mike_Pence: Today marks one week since President @realDonaldTrump asked me to lead the White House Coronavirus Task Force. I couldn’t b…
1235269982877081608,2020-03-04 18:24:48,RT @WhiteHouse: President @realDonaldTrump and Vice President @Mike_Pence met with airline CEOs earlier to discuss the impact of the Corona…
1235269967739850752,2020-03-04 18:24:45,"RT @WhiteHouse: ""The threat of contracting the Coronavirus remains low according to all of our experts."" — Vice President @Mike_Pence https…"
1235206932933332996,2020-03-04 14:14:16,RT @SecAzar: Grateful to @POTUS for his leadership and commitment to protecting the American people. All of @HHSGov is working to support t…
1234871446163402752,2020-03-03 16:01:10,"RT @Mike_Pence: While the risk of the spread of Coronavirus remains low, it is important that the American people are cautious and informed…"
1234871431944658948,2020-03-03 16:01:06,"RT @Mike_Pence: .@Surgeon_General is right, Americans should be cautious but not afraid of the Coronavirus. https://t.co/onPsP21MZu"
1234871421429583873,2020-03-03 16:01:04,"RT @WhiteHouse: Experts agree that the risk to the American people remains low—but we're coordinating the efforts of federal, state, and lo…"
1234625597030248456,2020-03-02 23:44:15,"RT @Mike_Pence: The White House Coronavirus Task Force has been working every single day to ensure the health, safety &amp; well-being of the A…"
1234625586141724672,2020-03-02 23:44:12,"RT @WhiteHouse: President @realDonaldTrump's top priority is the health, safety, and well-being of the American people. https://t.co/aXrqKN…"
1234625576742379521,2020-03-02 23:44:10,"RT @WhiteHouse: President @realDonaldTrump met with pharmaceutical companies that are actively working to develop the COVID-19 vaccine, dis…"
1234625557796708352,2020-03-02 23:44:05,RT @Mike_Pence: https://t.co/Njkr60mFJM
1234551535964770306,2020-03-02 18:49:57,RT @Mike_Pence: Participated in a productive discussion with our Nation’s Governors today &amp; provided an update on the work of the White Hou…
1234551526422695938,2020-03-02 18:49:55,"RT @Mike_Pence: ✅ Signed the strongest anti-Semitism Executive Order ever written
✅ Recognized Israel’s sovereignty over the Golan Heights…"
1234551523063013376,2020-03-02 18:49:54,"RT @Mike_Pence: Our Administration will never tolerate the suppression, persecution, or silencing of the people of Israel. Under President…"
1234551509662257152,2020-03-02 18:49:51,"RT @Mike_Pence: We stand with Israel because her cause is our cause, her values are our values, and her fights are our fights. We stand wit…"
1234551503270051842,2020-03-02 18:49:49,"RT @Mike_Pence: It was an honor to address @AIPAC this morning, the largest gathering of friends of Israel anywhere in the world, and celeb…"
1234551492016734209,2020-03-02 18:49:47,RT @WhiteHouse: President @realDonaldTrump gives an update on the coronavirus: https://t.co/1rtDjXaUgn
1234551485301690374,2020-03-02 18:49:45,RT @Mike_Pence: This Thursday I will be visiting @3M in Minnesota. We are grateful for the work @3M is doing to aid in the Coronavirus resp…
1234514457948311552,2020-03-02 16:22:37,"RT @Mike_Pence: Today, we are honored to welcome Ambassador Debbie Birx, a world-renowned global health official and physician, to the Whit…"
1234510098208346113,2020-03-02 16:05:18,RT @SecondLady: Enjoyed meeting so many wonderful #milspouses at @FortCampbell! @USArmy https://t.co/ZetxUNMQuF
1234509876820402176,2020-03-02 16:04:25,RT @Mike_Pence: https://t.co/j6E6msT94K
1233914056928636929,2020-03-01 00:36:50,RT @Mike_Pence: https://t.co/PFlVXVwsPI
1233914046145056771,2020-03-01 00:36:48,RT @Mike_Pence: Today we had a very productive meeting of the White House Coronavirus Taskforce in the Situation Room. We placed additional…
1233914044136017920,2020-03-01 00:36:47,RT @Mike_Pence: President @realDonaldTrump’s number one priority is to protect the health and well-being of the American people and we will…
1233804426466467847,2020-02-29 17:21:12,RT @realDonaldTrump: I will be having a 1:30 P.M. Press Conference at the White House to discuss the latest CoronaVirus developments. Thank…
1233450292273963008,2020-02-28 17:54:00,"RT @SecondLady: HAPPENING SOON: speaking to military spouses today at @FortCampbell. Watch LIVE here:
https://t.co/zMHCb0a3Mr https://t.co/…"
1233235755922796544,2020-02-28 03:41:31,RT @Mike_Pence: The risk of Coronavirus in the US remains low &amp; it's a direct result of the unprecedented action of President @realDonaldTr…
1233235749262299136,2020-02-28 03:41:29,RT @Mike_Pence: President @realDonaldTrump and our Administration have no higher priority than the health and safety of the American people…
1233235743620894721,2020-02-28 03:41:28,RT @Mike_Pence: The President’s message is clear: we’re ready. https://t.co/oGW4IklPBb
1233235736398385155,2020-02-28 03:41:26,RT @Mike_Pence: https://t.co/WmqtCkgHWw
1233235717993771011,2020-02-28 03:41:22,RT @Mike_Pence: https://t.co/WkHOXAO3Ta
1233235702424489984,2020-02-28 03:41:18,"RT @Mike_Pence: Thank you @GovLarryHogan, appreciate your leadership &amp; support. While the threat of Coronavirus to the American public rema…"
1233235698750234625,2020-02-28 03:41:17,RT @Mike_Pence: https://t.co/IrXPO2pA79
1233235691594829824,2020-02-28 03:41:15,"RT @Mike_Pence: Today, I led a meeting of the White House Coronavirus Taskforce at @HHSgov. Grateful for the work of @SecAzar, @Surgeon_Gen…"
1233235678902784002,2020-02-28 03:41:12,RT @Mike_Pence: Life is winning in America with the most pro-life President in our Nation’s history! Our Administration will NEVER stop fig…
1233235674486202368,2020-02-28 03:41:11,"RT @Mike_Pence: Thank you, @CPAC! It has been a historic three years under President @realDonaldTrump! America is stronger than ever before…"
1233131511756525569,2020-02-27 20:47:17,"RT @Mike_Pence: President @realDonaldTrump and our Administration have no higher priority than the health, safety, and well-being of the Am…"
1232841047287508995,2020-02-27 01:33:05,RT @Mike_Pence: https://t.co/aRbrBaW8Ao
1232841036730437639,2020-02-27 01:33:02,RT @WhiteHouse: LIVE: President @realDonaldTrump holds a news conference https://t.co/ge5q2nmhCn
1232841030178873345,2020-02-27 01:33:01,"RT @WhiteHouse: President @realDonaldTrump just held a news conference on the coronavirus: 

""The number-one priority from our standpoint i…"
1232841012885753857,2020-02-27 01:32:57,RT @Mike_Pence: Honored to present the President's Cup Cybersecurity Competition Awards with @DHS_Wolf &amp; members of the Military! Since the…
1232379224184573958,2020-02-25 18:57:58,"RT @Mike_Pence: As Republicans continue to support important pro-life policies, Democrats are bowing to the most radical elements of their…"
1232379218459348997,2020-02-25 18:57:56,RT @Mike_Pence: President @realDonaldTrump is the most pro-life President in our Nation’s history &amp; our Administration will always fight fo…
1232379212469882881,2020-02-25 18:57:55,RT @Mike_Pence: Just arrived in the great state of Michigan with @SecretarySonny to deliver remarks to the Michigan Farm Bureau Lansing Leg…
1232379106576261121,2020-02-25 18:57:30,"RT @Mike_Pence: Spent #NationalPancakeDay with some wonderful Michiganders at Fleetwood Diner! Thanks for the warm welcome, our Administrat…"
1232041821964046337,2020-02-24 20:37:15,RT @Mike_Pence: Our Nation will continue to stand with the people of Venezuela until their #Libertad is restored! https://t.co/eAJYlTi0P5
1232041816968564736,2020-02-24 20:37:14,"RT @Mike_Pence: The facts speak for themselves! Under President @realDonaldTrump, we have the lowest unemployment rate ever recorded for La…"
1232003658965016576,2020-02-24 18:05:36,"RT @WhiteHouse: Commerce between the U.S. and India has increased by more than 40% since President @realDonaldTrump took office.

India is…"
1232003653059383296,2020-02-24 18:05:35,"RT @WhiteHouse: ""When leaders put the interests of their own citizens first, we can forge strong and fair partnerships to build a safer and…"
1232003644683407362,2020-02-24 18:05:33,"RT @Mike_Pence: Karen and I send our deepest sympathies to her daughters Joylette and Kathy, who I met just last week at @NASA_Langley, and…"
1232003637964091393,2020-02-24 18:05:31,"RT @Mike_Pence: Today, our Nation lost a Great American Space pioneer, the original #HiddenFigure, Katherine G. Johnson. In the face of adv…"
1232003628887629826,2020-02-24 18:05:29,"RT @WhiteHouse: “The First Lady and I have just traveled 8,000 miles around the globe to deliver a message to every citizen across this nat…"
1232003617487454208,2020-02-24 18:05:26,RT @WhiteHouse: President @realDonaldTrump delivered remarks alongside Prime Minister @narendramodi at the world's largest cricket stadium!…
1232003607706427392,2020-02-24 18:05:24,RT @WhiteHouse: LIVE: Namaste Trump Rally https://t.co/Wt3JRner8b
1232003593487691777,2020-02-24 18:05:20,RT @realDonaldTrump: Our two national constitutions both begin with the same three beautiful words: “We the people.” That means that in Ame…
1232003576521773057,2020-02-24 18:05:16,RT @WhiteHouse: President @realDonaldTrump and @FLOTUS are wheels up for India! 🇺🇸🇮🇳
1232003566237339649,2020-02-24 18:05:14,"RT @WhiteHouse: ""We are here to reaffirm that America is a nation that believes in redemption."" 🎓 https://t.co/Z7iaJWIJmL"
1232003558033285120,2020-02-24 18:05:12,RT @mschlapp: We're honored that @VP Mike Pence--who earned a 99% @ACUConservative Rating as a Member of Congress--returns to #CPAC2020 to…
1230886120730218497,2020-02-21 16:04:54,RT @Mike_Pence: Joined Jim Daly for an episode of the Daily Broadcast in Colorado Springs &amp; couldn’t pass up the opportunity to visit the m…
1230650252853538816,2020-02-21 00:27:39,RT @Mike_Pence: Inspiring Day with our incredible Navy Seals! These Warriors know “The Only Easy Day Was Yesterday” and are always ready to…
1230650233953996800,2020-02-21 00:27:34,"RT @Mike_Pence: With over 180,900 jobs created since Election Day, Colorado is WINNING under President @realDonaldTrump!"
1230650223757647872,2020-02-21 00:27:32,"RT @Mike_Pence: Last year, President @realDonaldTrump made history and  established the sixth branch of military, @SpaceForceDoD. Great mee…"
1230650211447427073,2020-02-21 00:27:29,RT @realDonaldTrump: It was my great honor to deliver the commencement address at the @LVMPD’s Hope for Prisoners Graduation Ceremony today…
1230205217695727616,2020-02-19 18:59:14,RT @Mike_Pence: Incredible to see the 14x22 Subsonic Wind Tunnel at @NASA_Langley where engineers just performed successful testing for the…
1230205202076229632,2020-02-19 18:59:10,RT @NASA: LIVE NOW: @VP Pence &amp; Administrator @JimBridenstine celebrate @NASA_Langley's role in breaking barriers and pushing the nation fo…
1230205186485952513,2020-02-19 18:59:07,RT @Mike_Pence: Watch LIVE as I deliver remarks at @NASA_Langley: https://t.co/i6K5L5ZwZf
1230205171927519238,2020-02-19 18:59:03,RT @Mike_Pence: Just landed at Langley Air Force Base with @BetsyDeVosED and @JimBridenstine to visit @NASA_Langley! https://t.co/nmaCxBV2uW
1230205163023015936,2020-02-19 18:59:01,"RT @WhiteHouse: On the 75th anniversary of the Battle of Iwo Jima, we honor the great American warriors who answered the call of duty. http…"
1230166803357327360,2020-02-19 16:26:35,"RT @Mike_Pence: More Medals of Honor were awarded on Iwo Jima than any battle in American history. As Admiral Nimitz said, ""uncommon valor…"
1230166799540539393,2020-02-19 16:26:35,"RT @Mike_Pence: On this Day 75 years ago, @USMC landed on Iwo Jima. Today, @SecondLady and I paid tribute to the nearly 7,000 Marines who f…"
1230166774018125824,2020-02-19 16:26:28,"RT @Mike_Pence: The US will continue to stand with the Venezuelan people until their #libertad is restored! Today, President @realDonaldTru…"
1229505061073670147,2020-02-17 20:37:04,RT @Mike_Pence: So God Made a Farmer 🇺🇸 https://t.co/sbXSugMNyO
1229447059146772487,2020-02-17 16:46:35,"RT @Mike_Pence: Happy Presidents’ Day! Today we celebrate our Nation’s first President, George Washington, our Great current President, @re…"
1229447055095029760,2020-02-17 16:46:34,RT @realDonaldTrump: HAPPY PRESIDENT’S DAY!
1229205594197897216,2020-02-17 00:47:05,RT @realDonaldTrump: #DAYTONA500 https://t.co/fT8L0EZqXh
1228411668956426240,2020-02-14 20:12:19,RT @Mike_Pence: President @realDonaldTrump promised the American people that he would bring back jobs and bring back manufacturing. He kept…
1228411663298236416,2020-02-14 20:12:17,"RT @Mike_Pence: Under President @realDonaldTrump’s leadership, more than 90 percent of the regulations that @ShopFloorNAM identified as hur…"
1228411655970750469,2020-02-14 20:12:16,RT @Mike_Pence: Today we celebrate 125 years of @ShopFloorNAM and three years of Promises Made and Promises Kept under President @realDonal…
1228411642108616704,2020-02-14 20:12:12,"RT @Mike_Pence: Under President @realDonaldTrump, manufacturing is BACK!"
1228411635041210369,2020-02-14 20:12:11,"RT @ShopFloorNAM: TUNE IN 📽️: Today at 11:15 a.m. ET, we're livestreaming @VP at our Winter Board Meeting! Watch from our Facebook as we ce…"
1228411616812650496,2020-02-14 20:12:06,RT @Mike_Pence: Happy Valentine’s Day to our Wonderful @SecondLady and my Valentine for the last 35 years! ❤️ https://t.co/MMUZzLy4nO
1228114231737888769,2020-02-14 00:30:24,"RT @Mike_Pence: As long as we have patriots like all of the men and women at the Citadel, we will protect this nation, we will defend our f…"
1228114227900092416,2020-02-14 00:30:23,"RT @Mike_Pence: From the earliest days of our administration, President @realDonaldTrump has taken decisive action to provide our armed for…"
1228114219482132480,2020-02-14 00:30:21,RT @Mike_Pence: It was my great honor to address an extraordinary group of men and women at the @Citadel1842 today. The Citadel has a long…
1228114208203706368,2020-02-14 00:30:19,RT @Mike_Pence: To the men and women of the Citadel: President @realDonaldTrump and our entire Administration will always have your back. h…
1228077556190076929,2020-02-13 22:04:40,RT @Mike_Pence: Watch LIVE as I deliver remarks at the @Citadel1842 https://t.co/NKZ84KzzFU
1228075661627187202,2020-02-13 21:57:08,RT @Citadel1842: Members of the Corps of Cadets have gathered in McAlister Field House for this afternoon's Greater Issues address from @VP…
1228075652462661632,2020-02-13 21:57:06,RT @Mike_Pence: Awesome stopping by Doc’s BBQ in Columbia today! Thank you for the warm welcome and great BBQ! https://t.co/Dyw78ptOgx
1228075645353299970,2020-02-13 21:57:05,RT @Mike_Pence: Just landed here in the Palmetto State with @RepJoeWilson and Governor @henrymcmaster! It was a pleasure meeting so many Am…
1228075614260858880,2020-02-13 21:56:57,RT @Mike_Pence: Hello Charleston! Happy to be here to visit the cadets at the @Citadel1842! https://t.co/QJuwvYVOHj
1227973975059263489,2020-02-13 15:13:04,"RT @Mike_Pence: Chuck Yeager is a truly Great American Patriot who made history and has had the Right Stuff for 97 years! Happy birthday, @…"
1227973936987529216,2020-02-13 15:12:55,RT @Mike_Pence: Record highs all around! The Trump economy is BOOMING and Americans are winning! 🇺🇸 https://t.co/BJD7567GhA
1227270563812585473,2020-02-11 16:37:58,RT @WhiteHouse: Space exploration is a top priority for President @realDonaldTrump—and his new budget proposes a 12 percent increase in @NA…
1227270537250066432,2020-02-11 16:37:52,RT @realDonaldTrump: BEST USA ECONOMY IN HISTORY!
1227270472968146946,2020-02-11 16:37:36,RT @Mike_Pence: So much excitement at the Roundabout Diner for a President who has been working hard for the American people since Day One!…
1227270456077623296,2020-02-11 16:37:32,"RT @WhiteHouse: Last month—just like in 2019—job gains beat expectations, wages grew above 3 percent, and the unemployment rate stayed near…"
1227270442366492672,2020-02-11 16:37:29,"RT @WhiteHouse: Jobs are booming.

Poverty is plummeting.

Crime is falling.

Confidence is surging.

Incomes are soaring.

America is thri…"
1227270431662624768,2020-02-11 16:37:27,"RT @WhiteHouse: The people are the heart of our country, their dreams are the soul of our country, and their love is what powers and sustai…"
1227270306861142022,2020-02-11 16:36:57,"RT @Scavino45: “The only victories that matter in Washington are victories that deliver for the AMERICAN PEOPLE!”
@POTUS @realDonaldTrump h…"
1227270283989569538,2020-02-11 16:36:51,"RT @realDonaldTrump: After years building up other countries, we are finally rebuilding OUR Country. From our inner cities to our rural com…"
1227270274145562630,2020-02-11 16:36:49,RT @Mike_Pence: .@SecondLady and I were honored to welcome members of the @NatlGovsAssoc from across America to the Vice President’s Reside…
1227270257909403648,2020-02-11 16:36:45,"RT @Mike_Pence: Thanks to the leadership of President @realDonaldTrump, Americans are WINNING like never before! https://t.co/LfvKxiytsn"
1227270233313947648,2020-02-11 16:36:39,"RT @Mike_Pence: In this @WhiteHouse, it is about safety, security, and JOBS, JOBS, JOBS! https://t.co/UHBxSzcsEJ"
1227270221553111041,2020-02-11 16:36:37,"RT @realDonaldTrump: JOBS, JOBS, JOBS!
#PromisesMadePromisesKept🇺🇸 https://t.co/yIOxpzCNb7"
1227270205493186560,2020-02-11 16:36:33,"RT @TrumpWarRoom: “Thanks to the President’s leadership, we’re in the middle of a booming American economy...This economy is working for wo…"
1225514577439477760,2020-02-06 20:20:18,RT @Mike_Pence: https://t.co/HFN4qm5UST
1225514573660336128,2020-02-06 20:20:17,"RT @Mike_Pence: This is a Great Day for America! After 3 years of Endless Investigations &amp; a Partisan Impeachment, yesterday the President…"
1225409512166875138,2020-02-06 13:22:49,"RT @Mike_Pence: “These results are from Gallup's Mood of the Nation poll, conducted Jan. 2-15, which also recorded a 20-year high in Americ…"
1225409507456626688,2020-02-06 13:22:48,RT @Mike_Pence: Watch LIVE: The 68th Annual National Prayer Breakfast https://t.co/f12IHxBXMS
1225205996320100352,2020-02-05 23:54:07,RT @Mike_Pence: PRESIDENT @realDonaldTrump 🇺🇸
1225205987038105601,2020-02-05 23:54:05,RT @realDonaldTrump: I will be making a public statement tomorrow at 12:00pm from the @WhiteHouse to discuss our Country’s VICTORY on the I…
1225205980474040321,2020-02-05 23:54:03,RT @Mike_Pence: Thank you for the warm hospitality at Lyndon City Line Diner! The energy for President @realDonaldTrump and his America Fir…
1225205966154665984,2020-02-05 23:54:00,"RT @Mike_Pence: Under President @realDonaldTrump, this is an American comeback! #SOTU https://t.co/BYa3p8VfK2"
1225205956331614208,2020-02-05 23:53:57,"RT @WhiteHouse: ""Three years ago, we launched the great American comeback. Tonight, I stand before you to share the incredible results.""

5…"
1225205940020011008,2020-02-05 23:53:53,"RT @Mike_Pence: Whether you grew up with a cornfield in your backyard or in a big city, if you work hard, study hard, listen to people whoc…"
1225205929328680961,2020-02-05 23:53:51,RT @Mike_Pence: President @realDonaldTrump and I are working with @BetsyDeVosED and many great champions to create a new program that will…
1225205923028914176,2020-02-05 23:53:49,"RT @Mike_Pence: Under President @realDonaldTrump’s leadership, enrollment in the D.C. voucher program, the only federally funded voucher pr…"
1225205431099887616,2020-02-05 23:51:52,"RT @Mike_Pence: Over the last 30 years, I’ve watched this movement grow and have seen firsthand the thousands of lives it’s touched in my h…"
1225205425072754691,2020-02-05 23:51:51,RT @Mike_Pence: Last night the President @realDonaldTrump laid out our vision for #SchoolChoice and today I’m in the Keystone State with @B…
1224861371705233409,2020-02-05 01:04:42,RT @realDonaldTrump: #SOTU2020 https://t.co/W03gQLkdpo
1224861363610308608,2020-02-05 01:04:40,"RT @WhiteHouse: Our Nation is great because of the courage and character of its people.

Meet the incredible individuals and families that…"
1224861357079695361,2020-02-05 01:04:39,RT @realDonaldTrump: https://t.co/QeFYDg9jZ0
1224753136541356033,2020-02-04 17:54:37,RT @WhiteHouse: JUST ANNOUNCED: President @realDonaldTrump and @FLOTUS are excited to welcome these special guests for tonight's State of t…
1224753112394629121,2020-02-04 17:54:31,"RT @Mike_Pence: Tonight, President @realDonaldTrump will show the American people, once again, how he’s been fighting for YOU since day one…"
1224753104039620611,2020-02-04 17:54:29,"RT @WhiteHouse: ""At this year's #SOTU, the country and Congress will hear directly from the president on how he has delivered on promises m…"
1224505590996766720,2020-02-04 01:30:57,"RT @WhiteHouse: ""Tuesday night, President Trump delivers his State of the Union Address, where he’ll quite rightly be able to declare the n…"
1224466058389721089,2020-02-03 22:53:52,"RT @Mike_Pence: Rush Limbaugh is a National Treasure who has made a difference on the airwaves of America for 30 years. Rush, Karen and I w…"
1223672954933989376,2020-02-01 18:22:21,"RT @Mike_Pence: This month we celebrate the extraordinary contributions made by African Americans throughout the history of our Republic, a…"
1223077737461506048,2020-01-31 02:57:10,RT @Mike_Pence: Thank you Drake Diner for the warm Iowa welcome! https://t.co/JopUjMkVLf
1223077685120790528,2020-01-31 02:56:58,RT @Mike_Pence: Today’s GDP number exceeded expectations yet again! The @realDonaldTrump economy is BOOMING! https://t.co/HKOUY1iJtn https:…
1222624162406993921,2020-01-29 20:54:50,RT @Mike_Pence: A historic day for America! #USMCA 🇺🇸 https://t.co/pqwareR4z9
1222615188534386689,2020-01-29 20:19:10,RT @realDonaldTrump: USMCA is a massive win for American manufacturers and auto workers! https://t.co/eOgFm31cAo
1222615176672948228,2020-01-29 20:19:07,"RT @realDonaldTrump: USMCA is a cutting edge state of the art agreement that protects, defends and serves the great people of our Country.…"
1222615168569483265,2020-01-29 20:19:05,"RT @realDonaldTrump: Thanks to our pro-worker, pro-American economic policies, unemployment is at the lowest level in more than 50 years. W…"
1222615162370383873,2020-01-29 20:19:04,"RT @realDonaldTrump: For the first time in American History, we have replaced a disastrous Trade Deal that REWARDED outsourcing with a trul…"
1222579040961343490,2020-01-29 17:55:32,"RT @Mike_Pence: Promises Made, Promises Kept! https://t.co/H8qlHEFwG1"
1222579034007265282,2020-01-29 17:55:30,"RT @Mike_Pence: ✅ 1 Year
✅ 18 States
✅ A Trade Deal for ALL Americans!
#USMCA https://t.co/I4b6jeZfNy"
1222579023378817025,2020-01-29 17:55:28,"RT @Mike_Pence: This is a great day for American workers and American farmers because thanks to President @realDonaldTrump’s leadership, NA…"
1222578943292846080,2020-01-29 17:55:09,"RT @WhiteHouse: Today, America's incredible blue collar boom gets another boost! 🇺🇸 https://t.co/b7nYA4qQQz"
1222552890599972866,2020-01-29 16:11:37,RT @WhiteHouse: LIVE: President @realDonaldTrump signs USMCA! https://t.co/IrVfdzcgzp
1222549551439056896,2020-01-29 15:58:21,"RT @Mike_Pence: Today, President @realDonaldTrump will sign the largest trade deal in the history of our Nation! Under this President, Amer…"
1222549544849809408,2020-01-29 15:58:20,"RT @WhiteHouse: Signed, sealed, delivered: Today, President @realDonaldTrump puts his signature on USMCA! 🎉 

Watch LIVE at 11:00 a.m. ET!…"
1222276192792825856,2020-01-28 21:52:07,"RT @Mike_Pence: In America, every child deserves a chance at the American Dream, regardless of their background or circumstance! 🇺🇸 https:/…"
1222276188602658816,2020-01-28 21:52:06,"RT @Mike_Pence: As a candidate, President Trump promised the American people that he would be the nation’s biggest advocate for school choi…"
1222276180578983936,2020-01-28 21:52:04,"RT @Mike_Pence: For the past 30 years, Wisconsin has shown when parents are given the opportunity to choose the best school for their child…"
1222276172517539840,2020-01-28 21:52:02,"RT @Mike_Pence: A great Catholic school in Milwaukee, where more than 90 percent of the graduates are Hispanic-Americans, just had their fi…"
1222276165458522112,2020-01-28 21:52:01,"RT @Mike_Pence: In Madison today with @BetsyDeVosED and @RepBryanSteil at just one of the over 50,000 events celebrating National #SchoolCh…"
1222276148157022208,2020-01-28 21:51:57,RT @WhiteHouse: The White House is pleased to share President @realDonaldTrump's Vision for a comprehensive peace agreement between Israel…
1222276134416465920,2020-01-28 21:51:53,"RT @WhiteHouse: On Sunday, President @realDonaldTrump delivered to Prime Minister Netanyahu his new, comprehensive vision for peace between…"
1222276121141510144,2020-01-28 21:51:50,RT @realDonaldTrump: תמיד אעמוד לצד מדינת ישראל והעם היהודי. אני תומך בחוזקה בבטיחותם ובטחונם ובזכותם לחיות במולדתם ההיסטורית. הגיע הזמן לש…
1222222219025231873,2020-01-28 18:17:39,RT @Mike_Pence: Today President @realDonaldTrump revealed his bold vision for peace between Israel and the Palestinians. The President’s vi…
1222222214797369344,2020-01-28 18:17:38,RT @Mike_Pence: Americans are thriving more than ever before under President @realDonaldTrump and the numbers don’t lie! ⬇️ https://t.co/ed…
1222222208963096577,2020-01-28 18:17:37,RT @WhiteHouse: LIVE: President @realDonaldTrump unveils plan for peace agreement https://t.co/86eeZMv61W
1222222197110059015,2020-01-28 18:17:34,RT @Mike_Pence: Hello Wisconsin! https://t.co/SkIiDlKSUm
1222184590640435200,2020-01-28 15:48:08,RT @Mike_Pence: Wheels up to the Badger State with @BetsyDeVosED and @RepBryanSteil for the Wisconsin #SchoolChoice Student Showcase! https…
1221939348012138498,2020-01-27 23:33:37,RT @Mike_Pence: Heading to Wisconsin with @BetsyDeVosED tomorrow for an event celebrating National School Choice Week! Every child across A…
1221939340001136640,2020-01-27 23:33:35,"RT @WhiteHouse: President @realDonaldTrump welcomed @gantzbe, leader of Israel’s Blue and White party, to the White House today! https://t.…"
1221939326327586816,2020-01-27 23:33:32,"RT @Mike_Pence: Under the leadership of President @realDonaldTrump, Asian Americans are prospering like never before! https://t.co/oCAgKaV1…"
1221939301736439808,2020-01-27 23:33:26,"RT @Mike_Pence: Education determines a child's future but for most families, education opportunities are decided by their neighborhood or i…"
1221878059864854534,2020-01-27 19:30:05,RT @Mike_Pence: Watch LIVE: @WhiteHouse Initiative on Asian Americans &amp; Pacific Islanders Lunar New Year Celebration https://t.co/4FUFZFciHE
1221828608752340993,2020-01-27 16:13:35,RT @Mike_Pence: Today we pause to remember the greatest evil ever perpetuated by man against man in the long catalogue of human crime. On I…
1221616510545879042,2020-01-27 02:10:47,RT @Mike_Pence: Today we lost one of the greatest basketball players the world has ever seen and his beautiful daughter Gianna. Karen and I…
1220977859365429250,2020-01-25 07:53:01,RT @Mike_Pence: A great day in Italy with @SecondLady! We were honored to meet with so many wonderful leaders and were inspired by the beau…
1220756337140715520,2020-01-24 17:12:45,"RT @Mike_Pence: Today, President @realDonaldTrump will become the first President to attend the @March_for_Life! Our Administration will fi…"
1220604173210869765,2020-01-24 07:08:07,RT @Mike_Pence: Wheels up to Italy after a wonderful and inspiring visit to Israel with @SecondLady! https://t.co/sVvKNYseqa
1220604168894697472,2020-01-24 07:08:06,"RT @Mike_Pence: There is a rising tide of vile anti-Semitism that’s emerging all around the world . . . even in the halls of Congress, we’v…"
1220604150741753857,2020-01-24 07:08:01,"RT @Mike_Pence: May the memory of the martyrs be enshrined in the hearts of all humanity for all time. May God bless the Jewish people, may…"
1220604119225794560,2020-01-24 07:07:54,RT @realDonaldTrump: The United States looks forward to welcoming Prime Minister @Netanyahu &amp; Blue &amp; White Chairman @Gantzbe to the @WhiteH…
1220604093057597440,2020-01-24 07:07:48,RT @Mike_Pence: President @realDonaldTrump promised he would move the US Embassy in Israel to Jerusalem and he kept that promise! Thank you…
1220604088926162944,2020-01-24 07:07:47,RT @Mike_Pence: Karen &amp; I send our prayers &amp; deep condolences to the families of the 3 brave American firefighters who died in AUS yesterda…
1220604081867120640,2020-01-24 07:07:45,"RT @netanyahu: בכותל עם סגן נשיא ארה""ב מייק פנס. עם ישראל חי! https://t.co/VDsTEnpcQC"
1220604067799453696,2020-01-24 07:07:42,RT @Mike_Pence: https://t.co/9R03dzabBG
1220422449587720192,2020-01-23 19:06:00,"RT @Mike_Pence: After honoring the memory of 6 million Jewish lives at @YadVashem, it was my privilege to visit the Western Wall with Prime…"
1220419135114481666,2020-01-23 18:52:50,"RT @Mike_Pence: On behalf of President @realDonaldTrump, I’ve invited Prime Minister @netanyahu to the @WhiteHouse next week. At the Prime…"
1220401430852444160,2020-01-23 17:42:29,RT @Mike_Pence: We must confront &amp; expose the rising tide of vile anti-Semitism fueling hate &amp; violence across the world &amp; stand united aga…
1220398415273553921,2020-01-23 17:30:30,RT @AmbasciataUSA: Domani a Roma il Vice Presidente @VP Mike Pence. Incontrerà il Presidente #Mattarella al @Quirinale e il Presidente del…
1220398403550449664,2020-01-23 17:30:27,RT @Mike_Pence: Today we commemorated the 75th anniversary of the liberation of Auschwitz. We have the responsibility and the power to ensu…
1220365674108731392,2020-01-23 15:20:24,"RT @Mike_Pence: For while might alone can never make right, in a world filled with evil, right without might assures the triumph of evil. h…"
1220365666810617857,2020-01-23 15:20:22,"RT @yadvashem: #WHF2020JLM
US @VP Michael R. Pence is addressing the distinguished delegations from countries across Europe, North America…"
1220365658463977473,2020-01-23 15:20:20,RT @Mike_Pence: We mourn with those who mourn and grieve with those who grieve. We remember the names and the faces and the promise of the…
1220365651237146625,2020-01-23 15:20:19,RT @Mike_Pence: Today we remember what happens when the powerless cry for help and the powerful refuse to answer.
1220365647349075969,2020-01-23 15:20:18,RT @Mike_Pence: The faces of a million and a half children were rendered into smoke under a silent sky for the crime of having a single Jew…
1220365634271203328,2020-01-23 15:20:15,"RT @Mike_Pence: Today we pause to remember what President @realDonaldTrump rightly called, “a dark stain on human history”—the greatest evi…"
1220365626713096192,2020-01-23 15:20:13,RT @Mike_Pence: It is my honor to represent the United States at the 75th anniversary of the liberation of Auschwitz by speaking to the Fif…
1220365614843224065,2020-01-23 15:20:10,RT @Mike_Pence: Just arrived in Israel with @SecondLady to represent the United States as we mark the 75th anniversary of the liberation of…
1220365610116243458,2020-01-23 15:20:09,RT @Mike_Pence: President @realDonaldTrump is the most pro-life President in our Nation’s history and has worked since day one to protect t…
1220105232648065025,2020-01-22 22:05:30,RT @realDonaldTrump: See you on Friday...Big Crowd!
1220090280986079232,2020-01-22 21:06:05,RT @SecondLady: Happy Anniversary from the Pence family!
1220055112384516096,2020-01-22 18:46:20,RT @Mike_Pence: Heading to Israel with @SecondLady to participate in the Fifth World Holocaust Forum to commemorate the 75th anniversary of…
1219624830523334659,2020-01-21 14:16:33,"RT @WhiteHouse: ""Today, I'm proud to declare that the United States is in the midst of an economic boom, the likes of which the world has n…"
1219624826027024396,2020-01-21 14:16:32,"RT @WhiteHouse: ""Today, we take a momentous step—one that has never been taken before with China —toward a future of fair and reciprocal tr…"
1219624790731956224,2020-01-21 14:16:24,RT @WhiteHouse: #MLKDay https://t.co/ZCrkxtlQjb
1219624773459828736,2020-01-21 14:16:20,"RT @Mike_Pence: Three years ago today, America was put FIRST again as President @realDonaldTrump was inaugurated as our Nation’s 45th Presi…"
1219624766384082948,2020-01-21 14:16:18,"RT @Mike_Pence: Happy Birthday to a great American and one of the first men on the Moon, @TheRealBuzz! 🇺🇸 https://t.co/dBHMQTLd0y"
1219280140586377216,2020-01-20 15:26:53,"RT @WhiteHouse: ""Today, we pause to honor the incredible life and accomplishments of Dr. King, who helped shape the Civil Rights Movement,…"
1219274683234881537,2020-01-20 15:05:12,RT @Mike_Pence: Today we honor the memory of a man who led a movement and challenged a Nation to uphold its highest ideals. We will never f…
1219069900905426944,2020-01-20 01:31:28,RT @WhiteHouse: Just announced: President @realDonaldTrump is taking steps to protect the water rights of American farmers and ranchers! ht…
1218995390294495232,2020-01-19 20:35:23,"RT @Mike_Pence: In these divided times, let us remember Rev. Dr. Martin Luther King Jr. as he challenged the conscience of a nation and tou…"
1218995382778245128,2020-01-19 20:35:21,RT @Mike_Pence: Dr. Martin Luther King Jr. was a leading voice of the civil rights movement who called on our nation to live up to the high…
1218995374154768384,2020-01-19 20:35:19,RT @Mike_Pence: Thank you Holy City Church of God in Christ for the warm welcome as we celebrate the 32nd anniversary of your founding and…
1218995364432351232,2020-01-19 20:35:17,RT @Mike_Pence: It was my great honor to visit the National Civil Rights Museum and see the very balcony where Dr. Martin Luther King Jr. f…
1218954526935437312,2020-01-19 17:53:00,RT @Mike_Pence: Honored to be at Holy City Church of God in Christ today to celebrate the life of Dr. Martin Luther King Jr. https://t.co/4…
1218938238242607104,2020-01-19 16:48:17,"RT @Mike_Pence: Just landed in Tennessee to honor the memory of a great American, Dr. Martin Luther King Jr. https://t.co/X4TLwzqjxZ"
1218896249853816832,2020-01-19 14:01:26,"RT @WhiteHouse: ""This administration is—and always will be—committed to ensuring that all believers can live and practice their faith witho…"
1218896233739087872,2020-01-19 14:01:22,"RT @WhiteHouse: President @realDonaldTrump is a champion for religious freedom—and this week, the President announced new steps to protect…"
1218220599547514880,2020-01-17 17:16:39,RT @Mike_Pence: Thanks @mboyle1 for joining us on the road yesterday. It was great talking about how the #USMCA is a historic achievement f…
1217915927645315072,2020-01-16 21:05:59,RT @Mike_Pence: .@SecondLady and I loved welcoming students from Land O’Lakes Christian School to see Air Force Two today as they celebrate…
1217915900768276480,2020-01-16 21:05:53,RT @Mike_Pence: Landed in Tampa and had to stop by the West Tampa Sandwich Shop where you can feel the energy for President @realDonaldTrum…
1217857055496843268,2020-01-16 17:12:03,"RT @Mike_Pence: One day after President @realDonaldTrump signed a historic phase one trade agreement with China, the #USMCA passed and is o…"
1217575761139437573,2020-01-15 22:34:17,RT @Mike_Pence: Tune in tonight when I sit down with @LouDobbs after a historic day at the @WhiteHouse where President @realDonaldTrump sig…
1217548251395690497,2020-01-15 20:44:58,RT @Mike_Pence: President @realDonaldTrump's commitment to a growing &amp; prosperous America has been the centerpiece of his leadership. Today…
1217501377842307073,2020-01-15 17:38:43,RT @WhiteHouse: LIVE: POTUS Signs the Phase One Trade Agreement! https://t.co/teqGqjdgeZ
1217241691872202752,2020-01-15 00:26:49,RT @Mike_Pence: Awesome stopping by @Culvers where there is so much energy for President @realDonaldTrump’s winning agenda! Thanks for the…
1217171159013380097,2020-01-14 19:46:32,RT @Mike_Pence: Today marks a historic day for America. With the establishment of the @SpaceForceDoD and the swearing-in of General Raymond…
1217166966177312768,2020-01-14 19:29:53,"RT @Mike_Pence: It was my privilege to swear-in our Nation’s first @SpaceForceCSO, General Jay Raymond! After serving our country for over…"
1216836051630686211,2020-01-13 21:34:57,RT @Mike_Pence: Today the US imposed new sanctions against the 7 individuals who carried out Maduro’s attempts to thwart democracy at last…
1216115015599763457,2020-01-11 21:49:48,RT @Mike_Pence: Human trafficking is an issue we face around the world each day where as many as 24.9M people are trapped in some form of m…
1215720115855069184,2020-01-10 19:40:37,"RT @Mike_Pence: Congratulations to the Turtles, @NASA’s newest astronauts! These are the men and women whose personal excellence and courag…"
1215720102081060864,2020-01-10 19:40:33,RT @Mike_Pence: The last three years under President @realDonaldTrump’s leadership have been Promises Made and Promises Kept! The December…
1215652075499130881,2020-01-10 15:10:15,"RT @realDonaldTrump: “11,000 points gained in the Dow in the 3 years since the Election of President Trump. Today it may hit 29,000. That h…"
1215652068108783623,2020-01-10 15:10:13,RT @Mike_Pence: It’s jobs day in America and the December jobs report rounded out an amazing year for American workers and our economy! 145…
1215422664577298432,2020-01-09 23:58:39,RT @Mike_Pence: Lots of support for President @realDonaldTrump at @SchmuckersOH! Thanks for the warm welcome! https://t.co/2rYOAaf0W6
1215383184415657985,2020-01-09 21:21:46,"RT @Mike_Pence: The Obama Admin put money in the hands of Iranian terrorists in the Iran Nuclear Deal.

President @realDonaldTrump threw ou…"
1215349649609019399,2020-01-09 19:08:31,RT @SecondLady: Today we celebrate the amazing men and women in blue who work hard every day to keep our communities safe. Thank you for yo…
1215332864415424512,2020-01-09 18:01:49,RT @realDonaldTrump: Happy National Law Enforcement Appreciation Day! #LESM https://t.co/kNN3RetVvs
1215325241167241217,2020-01-09 17:31:31,RT @Mike_Pence: Today on National Law Enforcement Appreciation Day we celebrate all of the brave men and women who work each day to keep us…
1215325230811492352,2020-01-09 17:31:29,RT @Mike_Pence: Honored to be at the @StateDept last night with @SecondLady to welcome Prime Minister @kmitsotakis of Greece back to the Un…
1215325217192644608,2020-01-09 17:31:26,"RT @Mike_Pence: Thanks to the President’s leadership and thanks to the extraordinary work of our military in the region, the world and Amer…"
1215240615203500033,2020-01-09 11:55:15,RT @Mike_Pence: Tune in as I join @GStephanopoulos on @GMA at 7AM!
1215234446993043462,2020-01-09 11:30:44,RT @Mike_Pence: Sitting down LIVE with @SavannahGuthrie this morning at 7AM. Join us to hear about what President @realDonaldTrump and our…
1215077293858664449,2020-01-09 01:06:16,RT @Mike_Pence: Americans can rest easier tonight thanks to the leadership of President @realDonaldTrump and the courageous professionalism…
1215053828879503362,2020-01-08 23:33:02,RT @Mike_Pence: Joined President @realDonaldTrump in the Situation Room last night upon reports the Islamic Republic of Iran had launched m…
1215042378597314562,2020-01-08 22:47:32,RT @Mike_Pence: Joining @NorahODonnell tonight at 6:30 to talk about President @realDonaldTrump’s action to make America and the world safe…
1214979808343576577,2020-01-08 18:38:54,RT @WhiteHouse: https://t.co/S5LWerdfhC
1214972842154045444,2020-01-08 18:11:13,RT @WhiteHouse: The United States will immediately impose additional sanctions on the Iranian regime. https://t.co/Y47COReXr2
1214965143316160512,2020-01-08 17:40:37,"RT @WhiteHouse: After receiving billions from the last administration, Iran went on a terror spree. https://t.co/XgfU5W4W9X"
1214961346594381827,2020-01-08 17:25:32,RT @WhiteHouse: The days of tolerating Iran’s destructive and destabilizing behavior as the leading sponsor of terrorism are over. https://…
1214958484892069888,2020-01-08 17:14:10,"RT @WhiteHouse: ""As long as I am President of the United States, Iran will never be allowed to have a nuclear weapon."" https://t.co/7lzGY5f…"
1214946717088571392,2020-01-08 16:27:24,RT @WhiteHouse: LIVE: President @realDonaldTrump Addresses the Nation https://t.co/vRH9gVAD0N
1214928685360394240,2020-01-08 15:15:45,RT @WhiteHouse: Watch President @realDonaldTrump's address to the nation LIVE at 11 a.m. ET: https://t.co/EmsdctGWtd https://t.co/h1dEntlqnX
1214921533434597377,2020-01-08 14:47:20,RT @WhiteHouse: President @realDonaldTrump will deliver remarks at 11AM ET today.
1214741294834225157,2020-01-08 02:51:08,RT @realDonaldTrump: All is well! Missiles launched from Iran at two military bases located in Iraq. Assessment of casualties &amp; damages tak…
1214614976914247680,2020-01-07 18:29:11,"RT @Mike_Pence: America and Australia have an unbreakable bond and our hearts are with the courageous firefighters, first responders, @Scot…"
1214614972321456129,2020-01-07 18:29:10,RT @Mike_Pence: Many blessings and Merry Christmas to all of the believers in America and around the world celebrating Orthodox Christmas!
1214359988157726720,2020-01-07 01:35:57,"RT @Mike_Pence: Congratulations to the new Director of the US Fish &amp; Wildlife Services, Aurelia Skipwith! Today, Aurelia took charge of an…"
1214302062059671552,2020-01-06 21:45:46,RT @Mike_Pence: Spoke today with @jguaido and congratulated him on his re-election as Interim President of Venezuela. Told him estamos con…
1213305270744600581,2020-01-04 03:44:53,"RT @WhiteHouse: We have the best military and the best intelligence anywhere in the world. If Americans are threatened, we are prepared to…"
1213305266290200578,2020-01-04 03:44:52,"RT @WhiteHouse: President @realDonaldTrump: ""We took action last night to stop a war. We did not take action to start a war."" https://t.co/…"
1213305258086207488,2020-01-04 03:44:50,RT @WhiteHouse: Soleimani contributed to terrorist plots to kill innocent people around the world. His reign of terror is over. https://t.c…
1213201508856147971,2020-01-03 20:52:34,RT @WhiteHouse: A statement from President @realDonaldTrump: https://t.co/Jfy4GCLdif
1213192497175900162,2020-01-03 20:16:46,RT @Mike_Pence: Soleimani was plotting imminent attacks on American diplomats and military personnel. The world is a safer place today beca…
1213192414153920513,2020-01-03 20:16:26,"RT @Mike_Pence: Yesterday, President @realDonaldTrump took decisive action and stood up against the leading state sponsor of terror to take…"
1212935881163780101,2020-01-03 03:17:03,RT @WhiteHouse: Full @DeptofDefense statement: https://t.co/Z1wZUbnLrs
1212935876269019138,2020-01-03 03:17:02,RT @WhiteHouse: General Soleimani was actively developing plans to attack American diplomats and service members in Iraq and throughout the…
1212934267401097217,2020-01-03 03:10:39,"RT @WhiteHouse: At the direction of the President, the U.S. military has taken decisive defensive action to protect U.S. personnel abroad b…"
1212798553594183686,2020-01-02 18:11:22,"RT @WhiteHouse: ""My goal has been to give a voice to the voiceless and to make Washington see and hear those who have been made to feel sil…"
1212456014798360577,2020-01-01 19:30:14,RT @Mike_Pence: Happy Birthday to my Incredible Wife &amp; our Amazing @SecondLady Karen Pence!!! 🎂❤️ https://t.co/6iLVLF5UHx
1212409748735303682,2020-01-01 16:26:24,RT @Mike_Pence: Happy New Year! https://t.co/pGpbE2nbdr
1212392945963487233,2020-01-01 15:19:38,RT @WhiteHouse: Happy New Year! 🇺🇸 https://t.co/5jNejyOSA5
1212391720610095106,2020-01-01 15:14:45,"In 2017, Speaker Pelosi called President @realDonaldTrump’s historic tax cuts, Armageddon.

In 2019, American businesses and workers had another record year as a result of the BOOMING economy! 🇺🇸 https://t.co/VccU65x63c"
