0,1,2,3,4,5,6,7,8,9,10,11,12,13
2,0.146123,closely,measure,monitoring,novel,number,prepare,situation,take,week,able,1,53
1,1.470405,general,low,novel,public,risk,time,announce,base,xCase,center,2,18
6,2.9283330000000003,american,china,contain,effort,hard,people,president,state,thank,united,1,71
7,3.0081830000000003,xCase,confirm,currently,nj,potential,prepared,able,access,across,act,1,25
8,3.9605089999999996,cdc,effort,employee,gov,info,keep,lead,necessary,precaution,safe,1,4
5,4.3816440000000005,health,official,state,briefing,combat,current,follow,guidance,low,meeting,2,9
9,5.986609,closely,one,regard,work,able,access,across,act,action,add,1,15
10,6.1949879999999995,china,expert,xGlobal,health,lead,learn,novel,outbreak,today,able,1,71
12,6.840035,create,able,access,across,act,action,add,additional,address,administration,1,71
14,6.922639,xCase,message,novel,possible,regard,able,access,across,act,action,1,22
15,7.778252,safe,support,able,access,across,act,action,add,additional,address,1,53
16,7.891959,hold,jersey,new,novel,briefing,xCase,cause,china,concern,conference,4,25
17,7.920336,call,information,monitoring,place,preparedness,strong,visit,able,access,across,1,25
18,7.975313000000001,county,facebook,health,info,late,live,novel,official,page,response,1,18
13,8.654242,china,outbreak,closely,xContinue,expert,health,offer,public,report,agree,4,53
22,8.678785000000001,xBreak,hampshire,new,patient,possible,result,show,symptom,test,two,1,12
3,10.127442,china,work,outbreak,closely,novel,protect,american,xContinue,health,monitor,25,53
11,10.384045,give,update,ahead,director,discus,hall,healthcare,response,spoke,tonight,2,53
25,11.007488,call,info,news,novel,phone,visit,website,able,access,across,1,22
4,11.254512,response,director,novel,today,call,coordinate,general,outbreak,strong,support,5,53
21,12.303825999999999,health,american,date,ensure,information,keep,low,mitigate,monitor,novel,5,53
26,12.837563000000001,health,pa,official,threat,across,around,become,bring,critical,expert,5,40
20,13.529962,health,state,official,today,novel,federal,governor,outbreak,safety,update,10,53
27,13.954942,american,keep,safe,discus,family,gapol,leadership,make,new,others,2,4
28,14.821370000000002,life,save,affected,china,donate,equipment,medical,organization,people,personal,3,57
29,14.943831,american,clear,let,part,state,able,access,across,act,action,1,25
19,15.346262,novel,xCase,confirm,low,risk,new,currently,information,remains,still,14,48
30,15.91037,around,director,executive,fight,go,novel,outbreak,thank,together,able,1,18
31,16.479109,china,conversation,day,even,feel,focus,good,hospital,lead,long,1,71
32,17.048657000000002,xCase,health,know,necessary,novel,prevent,public,remain,spread,step,1,18
33,18.927847,federal,get,official,outbreak,response,update,able,access,across,act,1,66
34,20.728275,citizen,country,federal,first,government,keep,response,safe,able,access,1,53
36,21.106609,xBreak,disease,one,able,access,across,act,action,add,additional,1,15
37,22.582326000000002,appreciate,hard,inform,keep,ongoing,protect,support,threat,work,able,1,4
38,22.95669,aid,contain,encourage,health,north,organization,outbreak,people,spread,support,1,57
39,25.964398000000003,affected,american,around,assist,bring,xContinue,effort,home,key,line,1,57
40,26.930115999999998,briefing,xCase,confirm,effort,gapol,georgia,georgian,keep,remain,safe,1,20
41,27.911632,disease,outbreak,able,access,across,act,action,add,additional,address,1,15
42,27.936353999999998,healthy,stay,able,access,across,act,action,add,additional,address,1,15
44,29.864676,announce,xCase,st,state,washington,able,access,across,act,action,1,27
45,30.817951,concern,full,new,stand,able,access,across,act,action,add,1,48
35,30.909094,know,five,thing,answer,important,novel,question,information,need,new,8,53
46,30.932765999999997,xCase,community,level,practice,precaution,spread,able,access,across,act,1,15
47,30.973877,novel,via,video,able,access,across,act,action,add,additional,1,15
43,31.029225,today,nation,preparedness,spoke,together,work,across,discuss,earlier,federal,3,53
48,33.467529,cdc,immediate,measure,preparedness,risk,serious,situation,take,able,access,2,15
49,33.926076,agency,american,cdc,early,ensure,gov,information,low,measure,people,1,4
50,33.94485,cdc,contact,country,everyone,good,hard,health,look,much,start,1,71
24,33.946404,take,american,protect,state,action,new,update,novel,today,xCase,45,53
52,34.625556,ask,closing,early,like,much,prepare,right,say,travel,would,1,71
53,34.9114,department,health,xCase,check,connecticut,daily,deal,guidance,hawaii,inform,2,15
23,34.971353,update,live,provide,press,conference,hold,state,public,take,briefing,23,26
54,35.246314,administration,cdc,closing,early,great,include,job,area,certain,decision,2,71
55,35.331292,pandemic,act,aggressive,ahead,america,china,dr,effort,put,quickly,3,71
56,35.526596999999995,afternoon,briefing,call,great,house,job,meeting,today,white,able,1,71
57,35.802824,bring,check,create,healthcare,info,late,resident,resource,school,together,1,26
58,36.019838,xBreak,xCase,due,service,south,suspend,able,access,across,act,1,15
59,36.077859000000004,avoid,cdc,info,south,travel,able,access,across,act,action,2,15
51,36.280569,health,local,xCase,effort,official,state,discus,people,spread,closely,14,26
61,37.05743,state,work,conference,local,around,federal,keep,news,potential,prepared,16,24
62,37.200657,president,china,country,early,great,job,look,professional,trump,agency,4,71
60,37.596847,spread,help,hand,health,like,people,prevent,response,avoid,combat,9,57
65,37.626742,doctor,great,office,report,response,serious,support,team,visit,able,2,7
66,37.715486,discus,join,member,nj,thing,yesterday,able,access,across,act,1,25
68,37.973796,closely,louisiana,monitoring,outbreak,resource,able,access,across,act,action,1,45
67,37.994846,president,update,additional,community,discus,extend,federal,help,local,may,3,15
69,38.039363,daily,inform,sign,stay,able,access,across,act,action,add,1,15
70,38.685023,change,day,dr,need,right,able,access,across,act,action,1,53
72,38.814409999999995,day,die,effort,family,friend,full,go,healthy,heart,inform,1,18
73,38.859352,delaware,expert,health,information,late,prepared,public,tip,visit,able,1,44
74,38.905463,emergency,ensure,everything,health,issue,necessary,outbreak,prepare,protect,resource,1,18
63,38.964512,grateful,house,meeting,today,white,work,combat,lead,additional,affected,5,57
76,39.604537,also,america,area,certain,country,high,risk,thank,able,access,1,71
77,39.623067,ahead,full,plan,read,release,able,access,across,act,action,1,31
64,39.684512,low,risk,remains,xCase,health,info,keep,make,positive,safe,8,71
78,39.896794,able,day,everyone,keep,like,novel,sick,spread,take,virus,1,48
80,39.989872999999996,available,capacity,declaration,effective,effort,emergency,good,health,increase,late,1,18
81,40.154525,continued,discus,general,official,response,statewide,tomorrow,able,access,across,1,32
82,40.242627,commit,date,impact,information,please,provide,review,school,able,access,1,49
71,40.341892,briefing,conference,discus,laboratory,late,development,state,connecticut,hold,house,14,26
79,40.681791,development,state,take,briefing,xCase,monitor,new,prepare,seriously,address,4,29
75,41.0551,keep,safe,state,update,work,healthy,people,public,available,briefing,14,15
85,41.102129999999995,first,get,information,one,possible,quickly,share,update,watch,able,1,49
86,41.314294,bank,china,country,federal,interest,low,make,order,reduce,situation,1,71
87,41.647303,command,outbreak,pennsylvania,preparation,able,access,across,act,action,add,1,40
89,41.808264,regard,briefing,conference,current,doctor,hold,know,measure,meet,member,2,27
90,42.021678,event,measure,phone,safety,talk,year,able,access,across,act,1,24
91,42.034745,afternoon,join,talk,watch,able,access,across,act,action,add,1,31
92,42.163137,fight,help,president,thank,trump,able,access,across,act,action,1,71
93,42.273275,deal,disease,like,prepared,state,united,well,able,access,across,1,71
88,42.479941,today,response,state,emergency,health,briefing,governor,hold,learn,official,12,21
95,42.881076,american,development,discuss,economic,education,everything,leader,meet,opportunity,prepare,1,16
96,42.975417,great,listen,morning,able,access,across,act,action,add,additional,1,31
83,43.097353000000005,state,health,test,today,update,xCase,louisiana,say,discus,visit,71,45
97,43.674126,situation,access,china,country,cover,decision,early,effort,especially,feel,2,71
99,43.717593,list,release,today,use,able,access,across,act,action,add,1,26
98,43.87753,preparedness,today,ohioready,xContinue,director,dr,effort,ensure,event,front,10,24
100,43.898171000000005,april,ask,die,ever,flu,give,high,people,president,situation,1,71
94,43.926132,hand,wash,least,second,avoid,close,contact,xContinue,like,people,5,18
101,44.41158,action,make,respond,take,ahead,best,bring,xCase,confirm,expert,2,64
103,44.678403,get,mask,prevent,question,able,access,across,act,action,add,1,22
105,44.707153000000005,de,nj,able,access,across,act,action,add,additional,address,1,25
104,44.871875,force,great,job,news,task,deliver,early,governor,morning,number,3,71
106,44.882211,dr,prepare,say,time,able,access,across,act,action,add,1,20
107,45.008542,facility,able,access,across,act,action,add,additional,address,administration,1,15
108,45.035556,company,detail,xGlobal,insurance,national,offer,people,response,six,travel,1,48
110,45.641256,information,anyone,connecticut,department,impact,insurance,link,need,put,state,2,20
112,45.770532,xCase,expect,first,information,nebraska,set,able,access,across,act,1,31
113,45.77081,food,home,news,ricketts,week,able,access,across,act,action,1,31
114,46.009566,business,close,even,may,post,precaution,read,school,several,able,2,31
109,46.32609,risk,low,remains,american,xCase,medium,news,regard,base,briefing,13,20
116,46.74456,become,care,xCase,cause,employee,medical,one,person,related,xReturn,1,26
111,46.86991,positive,test,update,negative,person,presumptive,complete,new,one,process,9,25
117,47.506678,get,let,medium,th,xTry,able,access,across,act,action,1,71
119,47.642928000000005,get,company,cost,ensure,free,help,important,insurance,late,make,2,40
115,47.657808,provide,response,today,health,maryland,update,discus,care,xContinue,join,27,21
118,47.714838,announce,available,disease,employee,hotline,morning,state,action,agency,also,4,26
120,47.869361,work,info,due,great,insurance,job,medical,affected,also,always,6,8
121,48.735671,affected,everyone,far,go,heart,help,include,respond,speak,today,1,53
102,48.763214000000005,update,live,watch,information,force,governor,share,task,state,today,53,10
122,48.958228999999996,able,benefit,company,declare,immediate,impact,insurance,may,monitoring,one,1,26
126,49.606458,community,make,state,sure,across,appreciate,assist,call,direct,force,2,20
127,49.639271,another,business,fact,great,hit,job,make,soon,source,team,1,71
125,49.653075,make,say,best,close,conference,due,earlier,expert,georgia,go,3,20
124,49.746057,include,cough,illness,symptom,avoid,full,home,know,late,learn,3,35
128,49.808731,spread,help,stop,beshear,distance,five,gov,hand,healthy,keep,3,10
129,49.826395,america,american,care,create,get,life,need,plan,prevent,protect,2,71
130,49.960405,important,life,medium,must,possible,quickly,safety,state,time,united,1,71
123,50.38404,take,protect,step,xContinue,people,work,american,risk,health,keep,55,41
133,50.598762,add,page,able,access,across,act,action,additional,address,administration,1,17
134,50.601828999999995,get,hard,next,able,access,across,act,action,add,additional,1,71
132,50.641571,strong,action,american,decisive,fight,make,please,president,protect,related,7,18
136,50.729201,business,plan,additional,around,assist,assistance,available,xContinue,country,employer,2,52
131,50.799493,response,know,state,pandemic,prepare,work,briefing,xContinue,emergency,medium,32,45
138,51.065346999999996,begin,company,make,million,outbreak,since,test,able,access,across,1,71
137,51.079994,info,check,date,effort,important,owner,reminder,response,able,access,2,26
139,51.105995,due,may,pandemic,able,access,across,act,action,add,additional,1,71
140,51.193472,briefing,business,member,nebraska,preparation,able,access,across,act,action,1,31
135,51.485008,update,ohioready,live,watch,response,health,provide,take,state,information,164,24
141,51.509996,always,ask,cdc,change,frequently,happen,large,look,make,pandemic,3,71
143,51.624953999999995,able,administration,commit,xContinue,department,fight,healthy,help,make,part,1,7
144,51.637997999999996,date,everything,novel,related,stay,website,able,access,across,act,1,22
146,51.664051,conference,house,news,today,white,death,high,many,number,open,3,71
145,51.723769,call,late,information,keep,provider,feel,general,news,please,prepare,6,68
142,51.871103000000005,ohioready,school,go,information,ohio,help,spread,xCase,close,learn,41,24
147,52.246238,administration,deliver,response,unprecedented,able,access,across,act,action,add,1,71
149,52.5264,avoid,best,hand,second,wash,way,able,access,across,act,1,30
148,52.528142,good,big,bill,china,close,find,hospital,house,last,news,2,71
152,52.658044,call,health,hospital,lab,leader,system,test,able,access,across,1,53
153,52.70116899999999,act,action,must,population,potential,protect,reduce,spread,time,virus,1,17
150,52.74765,meeting,come,situation,conference,xContinue,government,help,lead,leader,news,8,55
151,52.815617,lagov,lalege,test,around,xCase,clock,louisiana,meeting,question,state,27,45
154,53.097905000000004,address,facility,immediate,insurance,pandemic,release,able,access,across,act,1,17
155,53.103553000000005,close,effective,get,soon,tomorrow,well,able,access,across,act,1,48
84,53.187226,state,update,health,spread,today,xCase,new,test,positive,response,2704,45
156,53.550602000000005,address,commissioner,conversation,discuss,dr,indiana,morning,protect,watch,able,1,17
157,53.66666899999999,ohioready,ohio,test,dr,expand,join,need,special,talk,adult,10,24
160,53.731655,emergency,indiana,protect,resident,step,able,access,across,act,action,1,17
161,53.767674,able,xCase,confirm,data,day,leave,may,negative,new,ohioready,2,8
162,53.8225,xCase,confirm,daily,death,georgia,link,report,right,total,able,1,20
159,53.957421999999994,ohioready,need,people,get,worker,family,healthcare,help,know,must,54,24
163,54.035174,action,executive,expect,far,issue,last,order,page,soon,th,1,26
158,54.43072900000001,school,health,public,xContinue,family,limit,morning,protect,response,take,34,23
165,54.562014000000005,around,connecticut,discus,host,late,morning,update,able,access,across,1,26
164,54.663548999999996,ohioready,ohio,ohioan,online,unemployment,apply,benefit,via,act,ahead,5,24
167,54.78432900000001,late,maryland,order,pay,provider,result,service,show,able,access,1,21
166,54.960565,ohioready,take,today,spread,action,response,people,measure,order,effort,77,24
169,54.976881000000006,cause,time,blood,call,certain,come,xContinue,donate,donation,eligible,2,61
170,55.081551,citizen,guidance,hotline,missouri,provider,want,able,access,across,act,1,27
172,55.120093000000004,folk,high,please,response,risk,year,able,access,across,act,1,48
168,55.48645,health,public,work,take,update,arizona,call,guidance,protect,state,28,66
173,55.55755799999999,call,decision,declare,emergency,national,pandemic,president,right,trump,able,1,71
171,55.573024,unemployment,benefit,hour,work,due,reduce,access,allow,individual,issue,8,12
175,55.612396,age,discussion,follow,full,kid,one,reminder,see,start,teamkentucky,1,10
177,55.637789,around,community,decision,difficult,ensure,make,nh,pandemic,require,response,1,12
174,55.657029,information,late,page,connecticut,create,eligible,employer,impact,include,loan,3,17
178,55.664537,across,crisis,hampshire,new,able,access,act,action,add,additional,1,12
179,55.688720999999994,blood,donate,drive,due,event,face,healthy,many,need,supply,2,11
176,55.706981000000006,need,care,child,closure,health,individual,quarantine,school,time,american,5,12
181,56.229352,hour,pandemic,senior,set,special,able,access,across,act,action,1,15
182,56.587095,access,due,flattenthecurve,health,new,period,special,spread,thank,able,2,20
187,56.63309,additional,xCase,department,health,local,release,report,statewide,total,able,1,31
185,56.646398,assistance,affected,business,due,impact,million,work,america,around,best,4,14
186,56.668455,limit,spread,avoid,business,xCase,closure,distance,gathering,group,help,2,17
188,56.673715,critical,inform,information,new,pandemic,sign,state,stay,update,york,1,48
189,56.690185,check,community,help,others,video,able,access,across,act,action,1,17
180,56.695879000000005,spread,take,community,help,slow,guideline,keep,state,stay,america,38,15
190,56.877534999999995,fight,hospital,hour,long,medical,provide,staff,thanks,work,able,1,20
184,56.92468100000001,whole,approach,government,administration,america,combat,support,effort,read,take,22,7
183,57.010422999999996,spread,ohioready,ohio,county,stop,together,flattenthecurve,get,go,test,57,24
192,57.082097999999995,sign,information,new,pay,york,additional,bill,business,critical,declaration,4,48
193,57.17506899999999,hawaii,march,able,access,across,act,action,add,additional,address,1,15
191,57.193875,impact,business,small,state,disaster,economic,loan,need,support,indiana,22,17
194,57.581441000000005,facebook,live,additional,announce,announcement,combat,go,governor,maryland,measure,2,21
195,57.65305,teamkentucky,togetherky,xCase,go,kid,make,remember,together,update,able,2,10
196,57.812096,live,force,task,briefing,update,gov,official,press,watch,cooper,8,13
197,57.95946800000001,join,member,nebraska,team,tomorrow,able,access,across,act,action,1,31
198,58.225196999999994,fight,act,action,administration,aid,american,approach,direct,economic,financial,3,71
200,58.727017000000004,fight,xContinue,gapol,georgian,make,part,thanks,together,able,across,4,20
201,58.83536899999999,update,response,live,today,watch,provide,business,spread,conference,facebook,25,31
202,59.48706,allow,citizen,discus,essential,friend,implement,measure,mexico,protect,still,1,4
203,59.843008999999995,public,state,act,appreciate,available,away,xCase,challenge,critical,ensure,3,37
204,59.897014,answer,discussion,edward,governor,louisiana,pandemic,plan,provide,question,relief,2,45
205,59.994329,commissioner,dr,protect,provide,step,together,work,able,access,across,1,17
206,60.273056000000004,march,able,access,across,act,action,add,additional,address,administration,1,15
208,60.46456,administration,affected,america,direct,financial,individual,maintain,provide,relief,trump,2,71
207,60.48128199999999,economy,national,take,term,week,action,appreciate,base,best,blood,9,71
211,60.60258100000001,include,show,socialdistancing,together,able,access,across,act,action,add,1,27
210,60.643975,aid,help,pandemic,relief,act,answer,assistance,call,check,close,5,71
199,60.647369999999995,spread,order,state,today,health,help,work,home,slow,take,372,45
212,60.764054,medical,need,system,adult,become,care,condition,health,healthcare,may,8,24
209,60.81020899999999,inthistogetherohio,ohioready,ohio,socialdistancing,assistance,xCase,confirm,xContinue,county,crisis,12,24
215,60.819638,nation,emergency,impact,interest,make,minimize,right,service,spread,student,8,3
214,60.861036999999996,due,large,official,regard,reminder,source,symptom,business,cough,health,11,66
216,61.019363,around,citizen,clock,crisis,follow,home,identify,late,local,option,1,57
217,61.251006999999994,info,march,resource,able,access,across,act,action,add,additional,1,15
218,61.665517,fact,time,center,create,crisis,xCase,china,continued,country,direct,3,52
219,61.729304000000006,make,business,action,help,take,change,disaster,include,list,loan,7,10
220,61.884294,base,continued,declaration,disaster,impact,major,request,texas,able,access,1,9
221,62.096667000000004,xBreak,county,death,due,first,individual,reporting,able,access,across,1,66
222,62.144873,change,combat,help,able,access,across,act,action,add,additional,1,71
225,62.368738,march,able,access,across,act,action,add,additional,address,administration,1,15
224,62.447019999999995,la,connecticut,de,due,experience,fact,first,line,must,part,6,71
226,62.528183,ask,center,friend,million,able,access,across,act,action,add,1,71
223,62.747059,learn,resource,great,pandemic,state,student,across,alpolitics,emergency,family,10,38
229,63.415136,health,spread,public,take,life,protect,together,work,arizona,business,42,66
230,63.511088,xEnd,house,leadership,real,say,white,able,access,across,act,1,71
231,63.52956,doctor,hospital,long,patient,people,set,vulnerable,without,able,access,1,57
228,63.596187,help,pandemic,health,work,state,new,order,need,business,response,191,66
232,63.636722999999996,resource,info,family,individual,update,announcement,arizona,assistance,business,change,6,40
235,63.659086,allow,child,day,education,learn,must,non,number,request,school,1,10
233,63.766185,ohio,inthistogetherohio,xCase,confirm,county,stayhomeohio,due,fatality,high,information,10,24
234,63.820628,information,help,important,resource,spread,stay,distance,social,visit,business,21,66
236,64.065816,begin,back,base,xBreak,xCase,economy,first,gov,number,open,2,25
227,64.169483,xCase,louisiana,new,spread,state,today,positive,test,lagov,help,165,45
237,64.500417,another,come,dedicate,everything,house,kentuckian,last,let,lose,night,1,10
239,64.57706,patient,affected,assist,country,critical,donation,effort,essential,first,life,2,31
240,64.68769300000001,thank,aztogether,business,discus,first,go,late,morning,nebraska,outbreak,3,66
241,64.690116,arizona,gov,pandemic,response,able,access,across,act,action,add,1,66
243,64.727176,age,best,child,family,find,hard,help,kid,provide,stay,1,10
242,64.841165,challenge,thank,together,county,find,make,speak,teamkentucky,togetherky,visit,6,10
244,64.959838,call,county,good,home,negative,news,nursing,old,receive,resident,1,10
246,65.568692,louisiana,morning,response,rise,sure,today,able,access,across,act,2,45
247,65.778521,teamkentucky,togetherky,help,thanks,together,care,come,deliver,donate,encourage,4,10
248,65.802778,house,launch,thanks,together,tool,white,able,access,across,act,3,53
249,65.83438699999999,everything,life,member,protect,senior,able,access,across,act,action,1,25
250,65.878477,xCase,say,yesterday,confirm,late,parish,people,state,american,best,8,45
251,65.954126,distance,ever,grateful,health,keep,leadership,need,partnership,plan,respond,2,8
238,65.99328100000001,spread,work,state,today,help,stay,health,home,new,pandemic,259,66
245,66.033599,new,state,care,test,act,fight,help,need,positive,support,35,25
253,66.675596,make,practice,safe,socialdistancing,april,best,xContinue,difficult,follow,guideline,2,10
254,66.760339,inthistogetherohio,stayhomeohio,ohioready,socialdistancing,xCase,confirm,county,essential,impact,ohio,11,24
258,66.835359,ahead,care,expand,health,hospital,pandemic,plan,respond,system,week,1,21
257,66.840677,virus,combat,help,people,person,spread,step,thank,together,able,2,31
259,66.88725699999999,allow,assist,combat,effort,healthcare,license,process,professional,texas,workforce,1,9
260,66.974028,country,people,protect,stop,able,access,across,act,action,add,1,71
261,67.114525,administration,april,day,entire,everyone,heart,lagov,lalege,loss,met,1,45
262,67.140914,around,home,house,prevent,put,stay,thing,able,access,across,1,31
256,67.299278,quarantine,connecticut,new,jersey,travel,york,day,issue,already,call,12,71
263,67.499687,feel,get,home,house,kentuckian,know,let,make,member,protect,1,10
213,67.638489,update,live,today,watch,state,response,briefing,provide,new,press,1348,45
266,67.68544,city,data,xEnd,federal,look,ohio,ppe,quarantine,radio,world,3,71
268,67.698449,child,create,situation,socialdistancing,able,access,across,act,action,add,1,25
267,67.702054,time,also,conversation,discus,fight,go,hall,join,live,need,2,26
269,67.72816,access,change,child,give,home,learn,monday,opportunity,parent,program,1,10
264,67.775526,inthistogetherohio,ohioready,stayhomeohio,age,xCase,confirm,ohio,county,hospitalization,care,7,24
270,67.89142700000001,new,center,orleans,able,call,city,come,drive,facility,go,3,45
255,67.971041,update,live,governor,provide,today,call,action,beshear,facebook,medium,29,10
271,68.02985,please,question,related,able,access,across,act,action,add,additional,1,70
272,68.218837,illinois,la,de,test,across,arizona,go,move,part,priority,6,29
274,68.512477,administration,make,need,supply,sure,able,access,across,act,action,1,71
275,68.62831,director,doctor,healthcare,include,inthistogetherohio,join,life,ohio,pandemic,please,1,24
276,68.773623,avoid,xCase,curve,essential,flatten,food,gathering,home,least,leave,1,10
277,68.84489599999999,million,part,relief,report,state,able,access,across,act,action,1,66
273,68.847266,xCase,positive,death,need,state,test,confirm,xContinue,get,inthistogetherohio,29,24
265,68.921665,health,line,front,thank,care,new,work,test,fight,worker,91,66
278,68.953715,information,able,access,across,act,action,add,additional,address,administration,1,66
279,69.72907,ohio,inthistogetherohio,ohioready,stayhomeohio,xCase,outbreak,community,confirm,online,thank,23,24
281,70.241076,need,step,thank,time,able,access,across,act,action,add,1,66
283,70.542905,agree,nurse,able,access,across,act,action,add,additional,address,1,22
284,70.576262,fear,let,say,able,access,across,act,action,add,additional,1,22
282,70.586252,pandemic,important,need,support,day,emergency,first,get,help,home,12,53
285,70.610313,death,related,release,report,state,today,able,access,across,act,1,31
280,70.679917,louisiana,lagov,lalege,xCase,business,small,affected,april,come,crisis,14,45
252,70.74682299999999,home,spread,stay,help,today,state,need,work,new,fight,427,25
286,71.224352,available,first,healthcare,one,pandemic,patient,professional,thing,work,able,1,70
287,71.569236,assist,close,office,pandemic,service,several,still,able,access,across,1,22
289,71.660799,xContinue,essential,inthistogetherohio,life,please,save,socialdistancing,stayhomeohio,able,access,1,24
288,71.69072,support,week,affected,apply,benefit,help,last,stop,across,april,5,41
290,71.70524300000001,information,stay,virus,commonwealth,condition,could,date,disease,good,great,2,10
291,71.82661,number,ohio,today,response,inthistogetherohio,question,arizona,resource,state,stayhomeohio,55,24
292,71.895498,declaration,disaster,due,major,able,access,across,act,action,add,1,15
293,71.996887,china,country,least,thanks,able,access,across,act,action,add,1,1
294,72.530243,around,everyone,follow,let,must,part,practice,socialdistancing,step,teamkentucky,1,10
298,72.836042,fellow,protect,able,access,across,act,action,add,additional,address,1,15
296,72.83779200000001,help,spread,take,fight,get,go,health,home,one,play,19,24
300,72.926076,also,ask,call,director,information,insurance,inthistogetherohio,pandemic,question,thanks,1,24
299,73.148712,fund,help,health,make,aztogether,community,declaration,disaster,major,order,20,20
295,73.237702,update,late,live,briefing,call,discus,house,news,trump,watch,15,26
301,73.781053,distance,ensure,gapol,georgian,grateful,keep,safe,social,work,able,1,20
303,74.540961,connecticut,la,personal,able,access,across,act,action,add,additional,1,26
297,74.64609399999999,update,live,watch,briefing,today,provide,response,press,state,hold,311,31
304,74.839225,family,friend,lose,prayer,share,time,able,access,across,act,1,30
305,74.955318,act,economic,gov,governor,grant,impact,important,life,must,say,2,62
306,75.073137,curve,fight,flatten,help,leader,many,thanks,able,access,across,1,20
307,75.552888,allow,xBreak,country,die,front,give,good,medical,news,outbreak,2,71
309,75.600833,drive,march,new,open,site,announce,check,close,impact,jersey,3,26
308,75.636166,call,discus,late,update,around,go,host,listen,live,morning,4,26
310,75.66621500000001,help,medical,need,already,assistance,aztogether,call,citizen,contain,country,5,7
302,75.694066,help,thank,work,spread,slow,state,today,worker,health,xContinue,57,10
311,76.096499,help,also,apply,assistance,aztogether,business,combat,come,critical,find,2,62
