id,created_at,text
1247309421891465216,2020-04-06 23:45:14,"Thank you to @uamshealth and @ADHPIO for supporting my request to send five ventilators to Louisiana. I just spoke to @LouisianaGov, and he thanked the people of Arkansas."
1247294978579202048,2020-04-06 22:47:51,I have extended the closure of public schools through the remainder of the 2019-20 school year. Schools will continue to provide alternative methods of instruction (AMI). This is necessary for our students to be safe but let’s keep learning every day. https://t.co/3ViK85woAr
1247230010852851718,2020-04-06 18:29:41,LIVE: Governor Hutchinson Provides COVID-19 Update to Media (04.06.20) https://t.co/m3YMCHnmX3
1247206638852935691,2020-04-06 16:56:49,I’m holding a news conference at 1:30pm today to provide an update on our COVID-19 response. You can watch here: https://t.co/m3YMCHnmX3
1247187783875248129,2020-04-06 15:41:53,@grantlharrison I assume those tests were sent to commercial testing labs &amp; they have a high volume from other states. This results in a slow turnaround.  Our state health department is up to date but that is primarily for contact tracing tests.
1246939952396546060,2020-04-05 23:17:06,(3/3) I encourage all Arkansans to join me in following @CDCgov guidelines &amp; wearing a mask when you are not able to socially distance. I'd like to thank Dr. Nate Smith's wife (also Dr. Smith) for crafting a mask for my use. Get creative &amp; share your masks on social media. https://t.co/FdiwybDcqL
1246938842407583744,2020-04-05 23:12:41,(2/3) I appreciate @EntergyArk for its support of the new COVID-19 Relief Fund and for announcing at today's news briefing that it will temporarily suspend disconnection of service for customers who can't pay.
1246938430958903300,2020-04-05 23:11:03,"(1/3) This crisis has placed hardships on many, but Arkansans have been incredibly responsive to the needs of others. I'm pleased that the State is partnering w/ @SmartGivingAR to support the COVID-19 Relief Fund, a fund for Arkansans to donate &amp; help their neighbors."
1246867879062056960,2020-04-05 18:30:42,"LIVE: Governor Hutchinson Provides COVID-19 Update to Media (04.05.20)
https://t.co/h42A1L4w92"
1246823033953759232,2020-04-05 15:32:30,I’m holding a news conference at 1:30pm today to provide an update on our COVID-19 response. You can watch here: https://t.co/haewL5ZJmo
1246789282414592000,2020-04-05 13:18:23,https://t.co/6yRi9d9sGj
1246782728311377920,2020-04-05 12:52:21,Looking forward to talking about the incredible work of our Arkansas health care professionals on Meet the Press. https://t.co/En1LMIuvSE
1246558152109236224,2020-04-04 21:59:58,"(2/2) I am grateful that Arkansans have taken extraordinary efforts to practice social distancing &amp; flatten the curve. Each day, we evaluate new steps we can take. These measures will provide further protection for Arkansans as we prepare for the peak number of COVID-19 cases."
1246557498695442432,2020-04-04 21:57:22,"(1/2) I have issued an executive order mandating new safety measures for commercial lodgings, short-term rentals, and other institutions and operations in order to protect public health during the COVID-19 crisis. https://t.co/RpLzmo2O7p"
1246505610931249153,2020-04-04 18:31:11,LIVE: Governor Hutchinson Provides COVID-19 Update to Media (04.04.20) https://t.co/hg5H89y2tt
1246480874956378113,2020-04-04 16:52:53,I’m holding a news conference at 1:30pm today to provide an update on our COVID-19 response. You can watch here: https://t.co/hg5H89y2tt
1246189098253135878,2020-04-03 21:33:28,"Arkansas’s request for federal disaster assistance as a result of COVID-19 has now been approved. Thank you to our federal delegation, @fema, and @POTUS for approving this assistance."
1246142326264795137,2020-04-03 18:27:37,LIVE: Governor Hutchinson Provides COVID-19 Update to Media (04.03.20) https://t.co/JA0Ry2VRpi
1246112727166320645,2020-04-03 16:30:00,I’m holding a news conference at 1:30pm today to provide an update on our COVID-19 response. You can watch here: https://t.co/hPlzST7NpC
1245869453289508870,2020-04-03 00:23:19,"@ArkansasBarber Thanks for the question, Mike. We will continue to evaluate the situation and follow the guidance from health experts at the state and federal level. Hope to return to business as usual as soon as possible. #AskGovHutchinson"
1245869020928020483,2020-04-03 00:21:36,"@KaribethDavis We hope to return to business as usual as soon as possible, but we will continue to evaluate the situation and follow the guidance from health experts at the state and federal level. #AskGovHutchinson"
1245868711556206592,2020-04-03 00:20:22,"@linglin42108652 Great suggestion, @linglin42108652. Those who have tested positive for COVID-19 should self-quarantine &amp; not leave their home. Designating a friend or family member to care for them, including getting their groceries, would help mitigate the spread of the virus. #AskGovHutchinson"
1245868352595091457,2020-04-03 00:18:57,@victorjrojas I have authorized National Guard and Army personnel to assist @ADHPIO in increasing hospital bed capacity. The public can do its part by continuing to practice social distancing. #AskGovHutchinson
1245867969059545093,2020-04-03 00:17:25,"@hogdawg44 Thanks for your question, Harvey. It's up to individual businesses and plants to put responsible workplace screening measures into place. Employees should be encouraged to stay home when sick &amp; to practice healthy habits both in &amp; out of the workplace. #AskGovHutchinson"
1245867664137834498,2020-04-03 00:16:12,"@amozan Thanks, @amozan. We have worked hard through our daily press conferences and social media to encourage people to stay home unless necessary. #AskGovHutchinson"
1245867513432248322,2020-04-03 00:15:36,"@rockyblonde I understand your concern. We must consider the patient’s history in deciding whom to test. But for those whose symptoms worsen or linger, by all means, get tested. #AskGovHutchinson"
1245866627637231616,2020-04-03 00:12:05,@erik_looney We can track the testing at public labs. Private labs aren’t required to report tests unless they get a positive. But the private companies understand the gravity of the situation &amp; have been very cooperative as we assess our progress in flattening the curve. #AskGovHutchinson
1245866231791378437,2020-04-03 00:10:31,"@Chris70909106 Our testing program has improved by the day. I am confident we are testing the right people to detect &amp; slow the spread. We have tested nearly 8,000 people, &amp; about 92% of those tests have been negative. That demonstrates we are testing at an appropriate pace. #AskGovHutchinson"
1245865227356258306,2020-04-03 00:06:31,"@mccullersrocky Thanks for your patience, @mccullersrocky. A month ago, our unemployment was at historic lows. We’ve gone from processing 100s of claims to 10s of thousands. It's a frightening time for many, &amp; I understand the frustration. We're working diligently to respond to every applicant."
1245846902391934977,2020-04-02 22:53:42,"@tyledbetter Many are asking about that, Ty. We are waiting for federal approval. Extra pay will go to full-time direct-care LTSS providers, including nurses &amp; respiratory therapists in private &amp; public facilities &amp; in homes. Part-time workers will receive smaller bonuses. #AskGovHutchinson"
1245846103523643393,2020-04-02 22:50:32,"@claysalt1 Thanks for asking, @claysalt1. On its own, Arkansas can’t open a special enrollment period for uninsured people who did not previously have an insurance policy. To do so would require federal approval.  #AskGovHutchinson"
1245845036580966400,2020-04-02 22:46:18,"@makeupwifey There are currently no positive cases among inmates in Arkansas. The Arkansas Department of Corrections stopped in-person visitations in mid-March in an effort to protect inmates, and these efforts have helped keep AR prisons safe during this crisis."
1245844655092183041,2020-04-02 22:44:47,@DK_Benjamin @nnoheadd There is already a practical moratorium in place regarding evictions. I've talked to a number of landlords who are willing to waive penalties and interest to give tenants more time to make a cash payment. #AskGovHutchinson
1245843659544604673,2020-04-02 22:40:49,"@Scotty_2017 Currently, Arkansas is approximately 400 cases below original projections, thanks to Arkansans efforts to mitigate the spread of the virus, and we are hopeful that this trend will continue as we anticipate the peak in coming weeks. #AskGovHutchinson"
1245843155003404289,2020-04-02 22:38:49,"@WaydeDay Very kind of you to ask, @WaydeDay. I'm doing well. I have high energy, I'm exercising each day, and I'm working hard to keep the Arkansans safe and informed. #AskGovHutchinson"
1245842829982814209,2020-04-02 22:37:31,@victorjrojas I've attached a graph showing state projections. We are constantly reviewing the guidance of federal &amp; state health experts to ensure that we are protecting Arkansans. We are working hard to prepare the state to return to everyday life after the threat passes. #AskGovHutchinson https://t.co/IE4sD8dD0z
1245840914964242432,2020-04-02 22:29:55,"@Chris70909106 Starting tomorrow, Arkansas State Parks is implementing new safety measures, like day-use operations only, that will reduce the risk of overcrowding at our parks and discourage visitors from out-of-state until the threat of COVID-19 has passed. #AskGovHutchinson"
1245840502655770625,2020-04-02 22:28:17,"@amsam412 Each state does receive a supply of PPE from the federal stockpile, but it's not enough to meet Arkansas's needs. That's why I authorized $75 million for Arkansas to purchase PPE for our hospitals and health care workers. #AskGovHutchinson"
1245840119744983041,2020-04-02 22:26:45,"@CorlissDephon Thanks for asking, @CorlissDephon. We hope to make a decision on that next week. We will continue to evaluate the situation and follow the guidance from health experts at the state and federal level."
1245839796272082944,2020-04-02 22:25:28,"@DuaneCowling Thanks for the question, @DuaneCowling. We hope to make a decision on that next week. We will continue to evaluate the situation and follow the guidance from health experts at the state and federal level. #AskGovHutchinson"
1245839504726020098,2020-04-02 22:24:19,@rzrbckchk21 Thanks for the question. We hope to make a decision on that next week. We will continue to evaluate the situation and follow the guidance from health experts at the state and federal level. #AskGovHutchinson
1245839097572274176,2020-04-02 22:22:42,@ecklesmatt Thanks for the question. We hope to make a decision on that next week. We will continue to evaluate the situation and follow the guidance from health experts at the state and federal level. #AskGovHutchinson
1245838748081766402,2020-04-02 22:21:18,"@coolmax977 Thanks for the question, @coolMax977. We hope to make a decision on that next week. We will continue to evaluate the situation and follow the guidance from health experts at the state and federal level."
1245838025117949953,2020-04-02 22:18:26,"@grover_betts Thanks for asking, @grover_betts. This could certainly be a consideration as the situation evolves in different areas throughout the state. I'll continue to follow guidance from health experts &amp; reevaluate shelter-in-place options as needed."
1245837175020826625,2020-04-02 22:15:03,"@dbishop4152 I'll continue to follow guidance from health experts &amp; reevaluate shelter-in-place options as needed. Currently, AR is well below projected cases, thanks to Arkansans efforts to mitigate spread &amp; because of our targeted approach to closures. #AskGovHutchinson"
1245836770970865664,2020-04-02 22:13:27,"@luvmyhub I don't plan to give a shelter-in-place order right now. Currently, AR is ≈400 cases below projections, thanks to Arkansans efforts to mitigate spread &amp; because of our targeted approach to closures. I'll continue to follow guidance from health experts &amp; reevaluate as needed."
1245836352287125504,2020-04-02 22:11:47,"@WordsbySeth A targeted approach to closures is working in AR. Currently, AR is ≈400 cases below projections, thanks to Arkansans efforts to mitigate spread &amp; because of school, restaurant, &amp; park closures. I'll continue to follow guidance from health experts &amp; reevaluate as needed."
1245780289009397760,2020-04-02 18:29:01,LIVE: Governor Hutchinson Provides COVID-19 Update to Media (04.02.20) https://t.co/YUMRwEEhI6
1245756633139032065,2020-04-02 16:55:01,I’m holding a news conference at 1:30pm today to provide an update on our COVID-19 response. You can watch here: https://t.co/DUh0DG5UDr
1245753972394164224,2020-04-02 16:44:26,"If you have #COVID19 related questions, I’ll be participating in a nationwide #AsktheGovernor Twitter Q&amp;A today at 5:00 ⏰.
 
I'll answer as many questions as I can! Reply below or Tweet your question with #AskGovHutchinson"
1245514502562553858,2020-04-02 00:52:52,"Today I announced a partnership w/the state, Walmart &amp; Quest Labs to start a pilot, drive-thru testing site in Benton County for first responders &amp; health care workers who have symptoms. This will help expedite &amp; make testing more accessible for those fighting this battle for us."
1245417790238068737,2020-04-01 18:28:34,LIVE: Governor Hutchinson Provides COVID-19 Update to Media (04.01.20) https://t.co/pUGz6Bjjdz
1245387950902239232,2020-04-01 16:30:00,I’m holding a news conference at 1:30pm today to provide an update on our COVID-19 response. You can watch here: https://t.co/pUGz6BAU57
1245099595107110913,2020-03-31 21:24:10,"(3/3) This gives Arkansans an objective: to do our part by being self-disciplined, following @ADHPIO guidelines, limiting our social gatherings, and maintaining social distancing to beat projections. This will save lives and help us overcome this crisis more quickly."
1245099593752367106,2020-03-31 21:24:10,(2/3) This is good news for us. The red line means that we are having success in our social distancing and in following the guidelines and directives that have been set. Our goal is to stay below the blue line of projected cases.
1245099591705509888,2020-03-31 21:24:10,(1/3) Our current number of COVID-19 cases in Arkansas is lower than the projected number of cases provided by @ADHPIO last week. https://t.co/cTHvDfxD13
1245078468758581249,2020-03-31 20:00:14,"If you suspect you have COVID-19 symptoms or have questions regarding children and COVID-19, call @ADHPIO at 1-800-803-7847 or @archildrens at 1-800-743-3616. https://t.co/4bksjPaiZf"
1245055334735101954,2020-03-31 18:28:18,LIVE: Governor Hutchinson Provides COVID-19 Update to Media (03.31.20) https://t.co/8Ka5d0NV2J
1245025563560923136,2020-03-31 16:30:00,I’m holding a news conference at 1:30pm today to provide an update on our COVID-19 response. You can watch here: https://t.co/8Ka5d0wjE9
1245001787792375809,2020-03-31 14:55:31,".@ArkansasEd &amp; @ArkansasPBS have partnered to support teachers, families, &amp; students by providing Arkansas AMI Learning Guides associated with PBS educational programming. Learn more here: https://t.co/pzHBtGn2Ki"
1244783971105464321,2020-03-31 00:30:00,"We need more COVID-19 data in AR, and testing is what gives us that data. Increased testing is our immediate need right now, as well as protecting our health care workers. Our whole team, including myself, @AR_Emergencies, and @ADHPIO, is working on procuring add’l tests."
1244776073558179845,2020-03-30 23:58:37,"On #NationalDoctorsDay, I commend the extraordinary physicians who protect &amp; heal daily. We are especially grateful for your sacrifice during the COVID-19 outbreak. This year, we can support our doctors by social distancing while they save lives during this crisis."
1244767834032476160,2020-03-30 23:25:52,Thanks @DanyelleSargent &amp; Coach @EricPMusselman for reminding us that if we want to get back to basketball we have to practice social distancing now. https://t.co/Qdc9s56X0T
1244693166105788421,2020-03-30 18:29:10,LIVE: Governor Hutchinson To Provide COVID-19 Update to Media (03.30.20) https://t.co/ENRKZCHmDV
1244663220859817986,2020-03-30 16:30:11,I’m holding a news conference at 1:30pm today to provide an update on our COVID-19 response. You can watch here: https://t.co/ENRKZCHmDV
1244442375856041986,2020-03-30 01:52:37,I met with the great county and local leadership who are responding quickly and efficiently to the disaster in Craighead County. Thank you for your recovery efforts on behalf of the people of Jonesboro. https://t.co/S0lN9ay8VM
1244409314393182208,2020-03-29 23:41:15,Today I took a flyover tour of Jonesboro to assess the damage from yesterday’s tornado. I am grateful that no lives were lost. https://t.co/Li3JM3ixa3
1244331050131755010,2020-03-29 18:30:15,LIVE: Governor Hutchinson To Provide COVID-19 Update to Media (03.29.20) https://t.co/KH8IrkZAen
1244300786760167426,2020-03-29 16:30:00,I’m holding a news conference at 1:30pm today to provide an update on our COVID-19 response. You can watch here: https://t.co/KH8IrkHYPN
1244247941239508993,2020-03-29 13:00:00,Have a safe day. https://t.co/Yq2as1bUS6
1244036861233954824,2020-03-28 23:01:15,"I have declared tomorrow a Special Day of Prayer in Arkansas. It is my hope that we can be unified in prayer thanking God for His love and mercy. We need His wisdom &amp; guidance during this time of emergency. 
https://t.co/4QWXF74lJP"
1244033492624777216,2020-03-28 22:47:52,I am paying close attention to the report of a tornado hit in Jonesboro.  I know there is property damage.  Just praying all is safe.
1244013896903438342,2020-03-28 21:30:00,"These are great guidelines from the Arkansas Department of Parks, Heritage and Tourism. We must do our part to flatten the curve. #COVID19Ark https://t.co/Rf66jnabEV"
1243991247162937346,2020-03-28 20:00:00,"Uplift Arkansas provides free COVID-19 resources for businesses, organizations, and individuals. Thank you to @LittleRockCVB, @ManganHolcomb, &amp; @WeAreTeamSI for creating this community website. https://t.co/n3RxNyAJlt https://t.co/8fOO9CGTCF"
1243968259818500096,2020-03-28 18:28:39,LIVE: Governor Hutchinson To Provide COVID-19 Update to Media (03.28.20) https://t.co/yVHccIET8A
1243938422701654016,2020-03-28 16:30:05,I’m holding a news conference at 1:30pm today to provide an update on our COVID-19 response. You can watch here: https://t.co/yVHccIET8A
1243906397563162626,2020-03-28 14:22:50,@jonzy Most likely the test was submitted to a private lab company that is processing the test.
1243777704870248451,2020-03-28 05:51:27,"LIVE: Governor Hutchinson Signs Legislation Establishing the COVID-19 Rainy Day Fund
https://t.co/yGhs1Rkazn"
1243712026159075328,2020-03-28 01:30:28,I will sign legislation establishing the COVID-19 Rainy Day Fund immediately upon its passage around midnight tonight. You can watch the bill signing here: https://t.co/yGhs1Rkazn
1243679936440938497,2020-03-27 23:22:57,"In this week’s radio address, I share the initiatives we launched to assist rural hospitals and to provide more support for those on the front lines treating COVID-19 patients. Learn more here: https://t.co/QIWYd8YUxD https://t.co/N56AcYcKeG"
1243658578327736322,2020-03-27 21:58:05,"(3/3) In order to do that, I have to enlist the support of every Arkansan to not gather in social groups of more than 10, to practice social distancing, and to follow the directives of @ADHPIO. We need everyone’s assistance."
1243658576964603904,2020-03-27 21:58:05,"(2/3) We also placed an order for more ventilators. The other part of the equation is not just to be prepared for what’s ahead, but also to use the tools we have available to reduce the trend line of cases &amp; hospitalizations."
1243658575500763136,2020-03-27 21:58:05,(1/3) I have authorized 10 additional National Guard personnel to assist the AR Dept. of Health and Corps of Engineers in expanding the capacity of hospital beds in AR. This is to get ahead of the curve &amp; make sure we don’t have to make difficult choices down the road.
1243606148458127362,2020-03-27 18:29:45,LIVE: Governor Hutchinson To Provide COVID-19 Update to Media (03.27.20) https://t.co/TneBva6CeR
1243578303069519874,2020-03-27 16:39:06,I’m holding a news conference at 1:30pm today to provide an update on our COVID-19 response. You can watch here: https://t.co/TneBva6CeR
1243541141074690061,2020-03-27 14:11:26,"It is important for Arkansans to stay home if possible as we work to mitigate the spread of COVID-19. When it is necessary to be out of the home, be mindful in public spaces. Keep a safe distance of at least six feet from others. There is no need for crowding."
1243319320463245312,2020-03-26 23:30:00,"In order for us to be successful in Arkansas in slowing the upward trend line of COVID-19, the public needs to abide by the guidance of the Arkansas Department of Health. @ADHPIO guidelines and directives can be found here: https://t.co/tFzZuRkedi"
1243311619440082947,2020-03-26 22:59:24,"I am grateful for our federal delegation’s communication &amp; support they’ve given the state, especially through the passage of the COVID-19 relief bill by the Senate. This bill provides confidence to Arkansans whose employment or small business has been affected by the outbreak."
1243306383061200896,2020-03-26 22:38:35,(4/4) The plan also proposes an additional payment of $250 a week for non-physician direct care workers and $500 a week for non-physician direct care workers who work in a facility where COVID-19 is present. Read more about this initiative here: https://t.co/rolC0F71Zr
1243306381891047429,2020-03-26 22:38:35,(3/4) The plan includes capital improvement payments to health care facilities; financial support for workforce safety and training; and payments to expand telemedicine.
1243306380808814604,2020-03-26 22:38:35,"(2/4) Health care today cannot be delivered as it was just two weeks ago. Hospitals, clinics, pharmacies, residential facilities, and other licensed practitioners must now re-engineer their practice patterns to protect the lives of their patients and their employees."
1243306379537977346,2020-03-26 22:38:35,(1/4) Today I announced a $116M initiative that directly addresses the COVID-19 crisis &amp; the burden on our rural hospitals &amp; other health care providers. This proposal will provide improved access to care for citizens &amp; will keep providers open &amp; their workforce employed.
1243259070913617920,2020-03-26 19:30:35,LIVE: Governor Hutchinson To Provide COVID-19 Update to Media (03.26.20) https://t.co/fHVH593KkM
1243239642280808448,2020-03-26 18:13:23,LIVE: Gov. Hutchinson speaks to the 92nd General Assembly ahead of the First Extraordinary Session https://t.co/1E0nOEuTlZ
1243213189413769219,2020-03-26 16:28:16,I’m holding a news conference at 2:30pm today to provide an update on our COVID-19 response. You can watch here: https://t.co/fHVH593KkM
1243212737850880001,2020-03-26 16:26:29,I am addressing a Special Session of the 92nd General Assembly at 1pm. You can watch here: https://t.co/1E0nOEMuKz
1243190318431903747,2020-03-26 14:57:23,I am grateful for members of the @ArkansasGuard who have assisted @uamshealth in screening patients and administering COVID-19 tests through drive-through testing sites. They have responded faithfully to the urgent need of our state. https://t.co/yrKK6NaLx1
1242931922277449728,2020-03-25 21:50:37,"(4/4) Also, the AR State Board of Nursing has expedited its licensing process in response to the public health emergency. 300 nurses have been licensed this month because of this. I am thankful for these boards for meeting the need and urgency of our current health crisis."
1242931921077878784,2020-03-25 21:50:37,"(3/4) And the Medical Board also accelerated its overall licensing process, resulting in over 100 new AR physicians that have been licensed in the month of March."
1242931919559503878,2020-03-25 21:50:36,"(2/4) In order to expand the number of available physicians and nurses, we have taken action. The AR State Medical Board granted emergency temporary licenses to AR medical residents who have completed at least 1 year of internship. These residents’ licensing fees will be waived."
1242931917902790656,2020-03-25 21:50:36,"(1/4) I am grateful for our doctors, nurses, lab technicians, and other health care professionals who are on the front lines of COVID-19. As we look to the future, there will be fatigue among these individuals and an increased demand for more health care workers."
1242881709546356736,2020-03-25 18:31:05,LIVE: Governor Hutchinson To Provide COVID-19 Update to Media (03.25.20) https://t.co/49luBn4LKy
1242830148937945091,2020-03-25 15:06:12,I’m holding a news conference at 1:30pm today to provide an update on our COVID-19 response. You can watch here: https://t.co/49luBn4LKy
1242588640544534528,2020-03-24 23:06:32,"We have received 24 pallets of personal protective equipment (PPE)—including 27,800 N95 masks—from the Natl. Strategic Stockpile. Combined w/an order we'll receive this weekend, this will cover us for the next 60 days at the current usage rate. We will continue to buy PPE."
1242564345760043010,2020-03-24 21:30:00,".@ArkansasEDC has been working hard on behalf of Arkansas businesses during the COVID-19 outbreak. For COVID-19 business and employer resources, visit https://t.co/qLY8bu2TCm."
1242541698619772928,2020-03-24 20:00:00,"I issued Executive Order 20-05 to leverage telehealth in AR during the COVID-19 outbreak. A doctor can now establish a new patient over the phone. This will minimize the number of sick patients in waiting rooms, which will mitigate the spread of the virus. https://t.co/LrCcGWF3dE"
1242518725615591425,2020-03-24 18:28:43,LIVE: Governor Hutchinson To Provide COVID-19 Update to Media (03.24.20) https://t.co/JFq4za5g9B
1242474392086593536,2020-03-24 15:32:33,I’m holding a news conference at 1:30pm today to provide an update on our COVID-19 response. You can watch here: https://t.co/JFq4za5g9B
1242467731137384451,2020-03-24 15:06:05,"The Arkansas Blood Institute (ABI) is the only blood collection organization in central Arkansas, with donation centers in Little Rock, North Little Rock, and Hot Springs. If you are able, please consider donating blood as we face the COVID-19 public health emergency. @ABIblood"
1242225414971568128,2020-03-23 23:03:13,(3/3) I applaud the General Assembly for their support and coordination on these tax and budget issues during this extraordinary time.
1242225413809672193,2020-03-23 23:03:12,"(2/3) Due to the COVID-19 outbreak &amp; the changed individual tax filing deadline, the official state revenue forecast has been lowered by $353.1M. This necessitates a special session of the General Assembly to address this shortfall w/AR's $173M unallocated surplus from last year."
1242225412467568642,2020-03-23 23:03:12,"(1/3) The tax filing &amp; payment deadline for individuals in AR has been extended to July 15, mirroring the fed. govt.’s amended deadline. This will provide relief &amp; consistency for individual taxpayers. The corporate filing deadline &amp; est. payments timeline will remain the same."
1242171513798868993,2020-03-23 19:29:01,LIVE: Governor Hutchinson To Provide COVID-19 Update to Media (03.23.20) https://t.co/Abl6DGuZLh
1242114090266435585,2020-03-23 15:40:51,I’m holding a news conference at 2:30pm today to provide an update on our COVID-19 response. You can watch here: https://t.co/Abl6DGuZLh
1241915300691542018,2020-03-23 02:30:56,@CoachBalado Thanks Coach.   Great message and spirit.   Thanks for speaking out and encouraging everyone.
1241850894058246150,2020-03-22 22:15:00,"Business owners should encourage employees to protect their personal health for themselves &amp; for the safety of others. Clean surfaces that are frequently touched, avoid meetings that require close proximity, &amp; post the symptoms of COVID-19: fever, cough, &amp; shortness of breath."
1241840115321917441,2020-03-22 21:32:10,"(4/4) In recent days, 8-10K Arkansans have filed unemployment claims. I am asking the General Assembly to approve $1.1M of rainy day funds for IT upgrades for the online unemployment system. Tomorrow, the statewide unemployment assistance hotline goes live at 844-908-2178."
1241840113728053249,2020-03-22 21:32:10,"(3/4) We are looking at purchasing from the internatl. market, manufacturing our own, &amp; working w/FEMA to release more of the strategic natl. stockpile to AR. While we’re working very hard on this procurement, Arkansans need to understand the current challenge that we face."
1241840112738107400,2020-03-22 21:32:09,(2/4) The federal govt. is asking states to manage the supply chain &amp; take the lead in procuring personal protective equipment (PPE). I have dedicated $30 million to obtain additional PPE but the total supply is not sufficient domestically.
1241840111567933441,2020-03-22 21:32:09,"(1/4) As of today, there are a total of 165 positive COVID-19 cases in AR. This is the largest increase of cases in a 24-hour period that we’ve seen so far, and this number reflects the increase in @ADHPIO testing capacity."
1241816921118519298,2020-03-22 20:00:00,"As COVID-19 spreads, it is important for Arkansans to follow the CDC’s guidelines to keep themselves and their families safe. I encourage the people of our state to practice the CDC’s current recommendation to avoid social gatherings of 10+ to help mitigate the virus."
1241794044671426561,2020-03-22 18:29:06,LIVE: Governor Hutchinson To Provide COVID-19 Update to Media (03.22.20) https://t.co/WRyqkeXPeQ
1241764124603940865,2020-03-22 16:30:12,I’m holding a news conference at 1:30pm today to provide an update on our COVID-19 response. You can watch here: https://t.co/WRyqkeXPeQ
1241711226683613187,2020-03-22 13:00:00,Have a safe Sunday. https://t.co/O13chxHJAG
1241519892207198208,2020-03-22 00:19:43,(3/3) And we will not have to take the extreme measures that we see in other states. We will not stop all business &amp; we will get back to normal more quickly.
1241519891066376193,2020-03-22 00:19:43,"(2/3) This outbreak endangers lives &amp; strains our economy. Our goal is to flatten the peak &amp; reduce the spread. We need the people’s help. If we do what we are supposed to do in terms of social distancing &amp; in taking care of ourselves &amp; others, then we'll reduce the trend line."
1241519889820594180,2020-03-22 00:19:42,"(1/3) Today I announced that we have a total of 118 positive COVID-19 cases in Arkansas. Based on what we have seen in other states, Arkansas is likely to reach the peak of COVID-19 cases in 6 to 8 weeks. We project that at the peak there will be 1,000 patients hospitalized."
1241483580137787393,2020-03-21 21:55:25,"I encourage our churches, synagogues, and other places of worship to continue making good decisions while looking for creative ways to communicate their messages. They need to minister to their congregations with the same innovation we’re asking of our businesses."
1241455186117308416,2020-03-21 20:02:36,"Social distancing does not have to mean staying in the home, although this is an effective way to mitigate the spread of COVID-19. Walking, hiking, fishing, and other outdoor activities are all consistent with social distancing practices."
1241431666880643074,2020-03-21 18:29:08,LIVE: Governor Hutchinson To Provide COVID-19 Update to Media (03.21.20) https://t.co/AG7KynpySS
1241401672959774720,2020-03-21 16:29:57,I’m holding a news conference at 1:30pm today to provide an update on our COVID-19 response. You can watch here: https://t.co/AG7KynpySS
1241375259883737088,2020-03-21 14:45:00,Protecting Arkansas’s workforce and businesses from the COVID-19 outbreak is a top priority. Arkansas businesses can follow these guidelines to ensure the safety of their employees and the continuation of their operations. https://t.co/bmIUdr9f8V
1241351619964436482,2020-03-21 13:11:04,"My team of top health care professionals from @ADHPIO, @uamshealth, and other agencies and hospitals from across the state have worked hard to keep me informed of the COVID-19 outbreak as it develops. Here are some guidelines Arkansans can follow to stay safe and healthy. https://t.co/245GhOgm2H"
1241155058915475457,2020-03-21 00:10:00,"According to the CDC, the best way to prevent the spread of COVID-19 is to avoid being exposed to the virus. COVID-19 is thought to spread between people within 6 feet of each other. By practicing social distancing, we can help mitigate the outbreak in our state."
1241147509092671489,2020-03-20 23:40:00,"The rising number of positive COVID-19 cases in Arkansas reflect the additional testing capacity that we now have. We want that number to rise. That means we are locating &amp; isolating cases across the state that otherwise would go undetected, which slows the spread of the virus."
1241139142693699584,2020-03-20 23:06:45,"In this week’s radio address, I discuss the executive order I issued last week to expand telemedicine during the COVID-19 outbreak. Learn more here: https://t.co/SybmCInPsX https://t.co/sv6tqBg2Tq"
1241120835634638851,2020-03-20 21:54:00,"(5/5) I spoke with our federal delegation earlier today about obtaining an @SBAgov disaster declaration for small businesses in AR. Arkansas has now been declared a Small Business Disaster Area by SBA, so we can receive loans to help business owners in our state."
1241120834728726529,2020-03-20 21:54:00,(4/5) @AGRutledge announced that she is committing $3 million from the Consumer Education &amp; Enforcement Fund to @ArkansasEDC’s Quick Action Loan Program. This is in addition to the $4 million I previously committed. This is good news for AR businesses that are being challenged.
1241120833776607232,2020-03-20 21:54:00,(3/5) We are canceling the ACT Aspire &amp; other yearly assessments for this spring under the waiver announced earlier today by the Trump administration &amp; Secretary DeVos. This will allow educators to focus on providing the best education possible to students during this outbreak.
1241120832656728065,2020-03-20 21:54:00,"(2/5) Personal protective equipment (PPE) for our health care providers is a great need in our state. I have approved an advance of $30 million to help procure, in a greater quantity &amp; at a lower cost, these materials that we will need in the future."
1241120831654318085,2020-03-20 21:53:59,"(1/5) Today I announced that we currently have 96 positive cases of COVID-19 in AR. This affects 3 of our long-term care facilities:  Apple Creek Nursing &amp; Rehab in Centerton, The Villages of General Baptist West in Pine Bluff, and Briarwood Nursing Home &amp; Rehab in Little Rock."
1241114190431113216,2020-03-20 21:27:36,Doing my part to encourage social distancing within the community while supporting our local businesses in AR. Thanks to @TazikisCantrell for this wonderful carry-out lunch! https://t.co/wDJOqMNgC8
1241069354898391040,2020-03-20 18:29:26,LIVE: Governor Hutchinson To Provide COVID-19 Update to Media (03.20.20) https://t.co/HXQ5eI1RFP
1241063824326897670,2020-03-20 18:07:28,I’m holding a news conference at 1:30pm today to provide an update on our COVID-19 response. You can watch here: https://t.co/HXQ5eI1RFP
1240805256201752581,2020-03-20 01:00:00,"The American Red Cross is facing a blood shortage due to blood-drive cancellations across the nation. Maintaining our nation’s blood supply is critical. If you are able, please consider donating blood."
1240797704017432578,2020-03-20 00:30:00,"Last week, I activated the @ArkansasGuard to assist with our COVID-19 response. Grateful for the work that these National Guard medics from the 39th Infantry Brigade Combat Team are doing to support the @ADHPIO Emergency Operations Center and respond to questions from Arkansans. https://t.co/A10wHeKE6f"
1240790156338061313,2020-03-20 00:00:00,Thank you to each of the team members of the @ADHPIO Emergency Operations Center for your hard work and dedication during the COVID-19 outbreak. I commend your service to the people of Arkansas as we face this public health emergency. https://t.co/tCvxD3ddMd
1240777321969332224,2020-03-19 23:09:00,"I joined a call with @POTUS, @VP and governors this afternoon on the COVID-19 pandemic. We are taking every step possible to make this national emergency as short-lived as possible. https://t.co/w4R7VpT1BU"
1240721788591628289,2020-03-19 19:28:20,LIVE: Governor Hutchinson To Provide COVID-19 Update to Media Today (03.19.20) https://t.co/wkArmNBJiy
1240693745789493248,2020-03-19 17:36:54,I’m holding a news conference at 2:30pm today to provide an update on our COVID-19 response. You can watch here: https://t.co/DQ4Tv1lKnb
1240454700329316354,2020-03-19 01:47:01,Today I announced relief for Arkansas businesses and child-care providers to ease COVID-19 impact. Read more here: https://t.co/IThKlGgfA0
1240344912266252291,2020-03-18 18:30:46,LIVE: Governor Hutchinson to Provide COVID-19 Update to Media (03.18.20) https://t.co/2bwhflGV66
1239937044153065474,2020-03-17 15:30:02,"LIVE: Gov. Hutchinson, Sec. Smith To Provide Coronavirus Update to Media in West Memphis (03.17.20) https://t.co/7rCmpD1So5"
1239610680191451146,2020-03-16 17:53:11,"(3/3) I discourage unnecessary out-of-state travel during this time of mitigation. This is to slow the spread of COVID-19 for when students and educators return to school after spring break, if circumstances allow."
1239610679373582336,2020-03-16 17:53:11,(2/3) We received new CDC guidelines that there should be no indoor events greater than 50 people. I emphasize that this is an event-restriction recommendation. Restaurants and other businesses will continue to operate.
1239610678542991366,2020-03-16 17:53:11,"(1/3) Today I announced that there are six new positive COVID-19 cases in Arkansas. Our strategy is to be ahead of the curve by mitigation, including closing school for two weeks and preventing large gatherings, while we don’t have significant community spread in our state."
1239585559460405248,2020-03-16 16:13:22,I'm holding a news conference in Fayetteville at 11:15 a.m. to provide an update on our ongoing COVID-19 response. You can watch here: https://t.co/lIs0P97i2V
1239386008816418816,2020-03-16 03:00:25,@DavyCarter Thanks Davy.
1239309851995648001,2020-03-15 21:57:48,"(3/3) As a result of these concerns, I have ordered the closure of on-site instruction of AR public schools, effective Tuesday, March 17 through the end of spring break. At that time, we will return to normal classroom instruction, unless the circumstances dictate otherwise."
1239309850498215937,2020-03-15 21:57:48,"(2/3) As this situation has developed, many parents and educators have shared their concerns regarding the safety of their students and communities with my office."
1239309849051226119,2020-03-15 21:57:47,"(1/3) As of today, Arkansas has 16 confirmed cases of COVID-19. All the individuals are in isolation, and the situation is being monitored closely. I announced yesterday the activation of the Arkansas National Guard to assist in COVID-19 response."
1239257450605359105,2020-03-15 18:29:35,"LIVE: Governor Hutchinson, Secretary Smith To Provide Coronavirus Update to Media (03.15.20) https://t.co/zk1VIdb2CC"
1239174508352765958,2020-03-15 13:00:00,Have a great day. https://t.co/NMTbdeKtKP
1239002090627874817,2020-03-15 01:34:52,Thanks to all who have expressed concern about students in school.  My public health professionals are following the guidance of the US Center for Disease Control.  Wellbeing of students is always #1.
1238895355552509952,2020-03-14 18:30:44,LIVE: Daily Media Briefing on COVID-19 (03.14.20) https://t.co/6M2t2zQq60
1238602239838740480,2020-03-13 23:06:00,"In this week’s radio address, I commend the responsive and responsible leaders of Arkansas who have worked together to prevent the spread of COVID-19 in our state: https://t.co/B7HF02Q5lm https://t.co/zcwPCdsOlZ"
1238571579690430467,2020-03-13 21:04:10,"Initial invitations to respond to the #2020Census will be delivered by mail between March 12-20. Once you receive your invitation, respond online, by phone, or by mail. An undercount of 1 percent, or just 30,000 people, could cost AR nearly a billion dollars over the next decade."
1238532673997504512,2020-03-13 18:29:34,LIVE: Daily Media Briefing on COVID-19 https://t.co/GA1wy1CwGs
1238488425621307392,2020-03-13 15:33:45,"Out of precaution, @ARSecofState has temporarily closed the AR State Capitol Building to visitors. The Governor's Office remains open, and our meetings continue. I will continue to work on behalf of the state as we prepare for the upcoming fiscal session of the General Assembly."
1238235072513392640,2020-03-12 22:47:01,"(4/4) The AR Dept. of Health and @uamshealth are resources for information regarding COVID-19. For questions or if you show symptoms, call the 24/7 hotline at 1-800-803-7847 or visit https://t.co/AUHqi6j1B7 or https://t.co/V7ipOfJpOq to speak with a health care professional."
1238235071385141255,2020-03-12 22:47:00,(3/4) I am working with the Arkansas Department of Emergency Management to increase our stockpile in terms of protective equipment to make sure that is available to our health care workers and other responders.
1238235070269456385,2020-03-12 22:47:00,"(2/4) The cases affect Pulaski, Saline, Jefferson &amp; Grant counties. In an abundance of caution &amp; after consulting w/@ADHPIO &amp; @ArkansasEd, I'm advising schools in those counties to close for the next two weeks. School closing advisories will be determined on a case-by-case basis."
1238235069212430339,2020-03-12 22:47:00,(1/4) Yesterday I announced the first presumptive positive case of COVID-19 in Arkansas. I learned today that we now have five additional presumptive positive cases in our state. This is not uncommon. We have seen the spread progress in a similar fashion in other states.
1238175651179487235,2020-03-12 18:50:54,"LIVE: Governor Hutchinson, Secretary Smith to Provide Coronavirus Update to Media https://t.co/meoUrLXG5A"
1238171238373249024,2020-03-12 18:33:21,LIVE: Governor Hutchinson Announces Next State Highway Commissioner https://t.co/pxEpEYvroK
1237923159636090880,2020-03-12 02:07:35,"(2/2) For months, AR has been preparing to respond to COVID-19. We're taking measures to mitigate the spread of the virus. Practice healthy habits, wash your hands frequently, &amp; stay home if you're not feeling well. Beyond that, continue to conduct business &amp; normal activities."
1237923158147108866,2020-03-12 02:07:35,(1/2) Today I confirmed the first presumptive positive case of coronavirus in Arkansas. I issued an executive order to declare a public health emergency to facilitate coordination &amp; provide support to state agencies involved in response to the virus: https://t.co/FHSPK0wL8q
1237763464778649601,2020-03-11 15:33:01,LIVE: Governor Hutchinson Holds Media Availability Following Cabinet Meeting https://t.co/L4VNsF6ABv
1237740795756675074,2020-03-11 14:02:56,"I am deeply saddened to learn that Hot Springs Police Officer Brent Scrimshire was shot and killed in the line of duty last night. Our prayers are with his family, the Hot Springs Police Department, and the entire law enforcement community."
1237122316716384261,2020-03-09 21:05:19,(5/5) We take this COVID-19 outbreak seriously &amp; are taking precautions. But I'm keeping my normal schedule &amp; we should continue to do business; go to school &amp; enjoy a beautiful spring.
1237122315789520898,2020-03-09 21:05:19,(4/5) I've confirmed that there are 2 Arkansans on the Grand Princess Cruise Ship who are not symptomatic. We are working on arrangements to repatriate them to the United States with necessary home isolation.
1237122314807980032,2020-03-09 21:05:19,"(3/5) Today, the state issued guidance to our long term care facilities to screen visitors. This is designed to reduce exposure of the elderly to those who may have traveled to impacted countries. Guidance for employers; EMS, travelers &amp; educators is at https://t.co/tFzZuRkedi."
1237122313906200576,2020-03-09 21:05:18,"(2/5) As of today, there are no confirmed cases of COVID-19 in the state. We are currently monitoring 100 travelers with daily @ADHPIO check-in &amp; guidance. There have been 12 negative test results &amp; our state lab is equipped to do testing in house."
1237122312740184064,2020-03-09 21:05:18,(1/5) This is an update on our state’s coordinated response to Coronavirus concerns:
1236637798494425088,2020-03-08 13:00:01,Have a good Sunday! https://t.co/lnrSdNFmcn
1236065526482382849,2020-03-06 23:06:01,"Census Day is less than a month away, and in this week’s radio address, I share some advice from the @uscensusbureau that will ensure we count as many people as possible. https://t.co/icl3l1B5Zo https://t.co/MLh8XcVtg9"
1236057001161039877,2020-03-06 22:32:08,A high school shot clock is something I have pushed for 4 years.  Starting at 6A will not put a cost burden on smaller schools. Thanks to AAA 6A principals for supporting.  @sully7777 https://t.co/VyMBVj2GfO
1236016522243584000,2020-03-06 19:51:17,Great to be at the Ag Hall of Fame luncheon where we saluted 6 new inductees.  I also got to see some dynamic new young 4-H leaders. https://t.co/2sH5n7rAcd
1235685072268857344,2020-03-05 21:54:13,Congratulations to the Nettleton STEAM program for receiving @CogniaOrg STEM certification. Nettleton is the first in Arkansas and one of only 200 programs worldwide to receive this certification. Wonderful work on this outstanding achievement! https://t.co/bEaRYwg50L
1235219622535847936,2020-03-04 15:04:41,LIVE: Governor Hutchinson Presents Balanced Budget https://t.co/79jBP74rkK
1234901610461089792,2020-03-03 18:01:01,"Early this morning, the state of Arkansas lost Tom Schueck, a true leader in business and public service. Read my full statement here: https://t.co/y14gBeZHU5"
1234848850680086529,2020-03-03 14:31:23,Today is Primary Election Day in Arkansas. I encourage each Arkansan to get out to the polls today. Go vote!
1234598439029215239,2020-03-02 21:56:20,Excited to proclaim March as Arkansas School Breakfast Month. Providing breakfast as part of the school day improves children's diets and allows students to begin their days focused and ready to learn. https://t.co/X9tdSYm2g2 https://t.co/UvB2Lg7gp0
1234573126408843266,2020-03-02 20:15:45,"It was my honor to recognize Sergeant Major John Canley, Arkansas's own Medal of Honor recipient, at Saturday's @LittleRockMBB game. Thank you for your courageous service to our state and our nation. https://t.co/HDeUb4MoS6"
1234116177732915200,2020-03-01 14:00:00,Have a great day. https://t.co/WFlHDxnQG2
1233753792358862848,2020-02-29 14:00:00,"March 3 is Primary Election Day in Arkansas. In this week's radio address, to emphasize the importance of voting, I share the story of a recent election in Arkansas that demonstrates that every vote is important. https://t.co/H6Hlr5SZvE https://t.co/BdXDjCzQZk"
1233508278312808448,2020-02-28 21:44:25,I spoke w/ @VP today &amp; assured him that we're taking the #coronavirus threat seriously &amp; are prepared in AR. I appreciate the Trump admin's aggressive approach to containing COVID-19 in the US &amp; the VP's leadership &amp; communication w/governors on this critical public health issue. https://t.co/6RJTqdRSqR
1233444109001613312,2020-02-28 17:29:26,LIVE: Governor Hutchinson Holds News Conference To Discuss State’s Strategy to Address COVID-19 https://t.co/in94Tl8has
1233171578214588417,2020-02-27 23:26:30,We have been preparing for the potential of #coronavirus in Arkansas. I will discuss the state's strategy to address COVID-19 at a news conference tomorrow. I have confidence in our preparation &amp; am hopeful that our early planning will reduce understandable concerns of Arkansans.
1233082780596285440,2020-02-27 17:33:39,The @MilitaryOfficer 2020 Report Card grade for Arkansas is “green.” This is a great honor for Arkansas to be recognized as a military-friendly state. We support our troops and military families! https://t.co/7lcz4oWUX3
1232742497585115137,2020-02-26 19:01:29,"In Arkansas we do not have sanctuary  cities so we do not lose federal dollars.  Nationally, this decision is good news because it strengthens cooperation between federal &amp; local law enforcement. https://t.co/9vHenGHF1S"
1232473800731582465,2020-02-26 01:13:47,@bobbyscc Fantastic lunch today.  Love being with you and having great service as well.
1232436359022796800,2020-02-25 22:45:00,Delighted to attend the dedication of @ibclr's new City Center. I look forward to the many ways this ministry facility will help serve the people of Little Rock. https://t.co/EDk99LyX7T
1232412707275624450,2020-02-25 21:11:01,"I asked the Terry Elementary students, “how many of you know how to code?” Just about every student raised their hand. #CSEd #CSinAR @codeorg https://t.co/qKscslLBbI"
1231685161223221248,2020-02-23 21:00:00,"Our students are AR’s most valuable resource &amp; are critical to the future of our state. During Gifted and Talented Awareness Week, we celebrate gifted &amp; talented students &amp; recognize our state’s education system’s important role in nurturing our students. https://t.co/IRtaO0LJVV"
1231579464963960832,2020-02-23 14:00:00,Have a blessed day. https://t.co/dbdciJcVim
1231247276112261120,2020-02-22 16:00:00,"On Civil Air Patrol Recognition Day, I commend the 260 adult &amp; 203 cadet members of the AR Wing of Civil Air Patrol. These volunteers are tasked by @usairforce for inland search &amp; rescue of downed aircraft &amp; other disaster relief efforts in our state. https://t.co/XXxzKzKZws"
1231217076359950336,2020-02-22 14:00:00,"On the 288th anniversary of his birth, we recognize the leadership and wisdom of founding father and first President George Washington. https://t.co/2GqcrvNyNq"
1230989994602455040,2020-02-21 22:57:40,"In the past two years, the number of youths in state custody of the Division of Youth Services has declined by nearly thirty percent, and in this week's radio address, I discuss some of the changes we have made to achieve that. https://t.co/0dhzAcyvmx https://t.co/PM2pdPvLMj"
1230628195180789760,2020-02-20 23:00:00,"The nursing profession celebrates a global milestone this year, as @WHO declares 2020 the International Year of the Nurse in honor of the 200th anniversary of the birth of Florence Nightingale. It was a pleasure to meet many of AR's nurses &amp; nursing students today at the Capitol. https://t.co/uew80S38J8"
1230622121149259783,2020-02-20 22:35:52,"RT @NatlGovsAssoc: ""You look at #reentry programs and those coming out of prison, it's the right thing to do at a human level for those tha…"
1230244749803692033,2020-02-19 21:36:19,"At today's STEM Poster event, more than 140 undergraduate students from 17 Arkansas colleges &amp; universities shared their scientific research in natural science &amp; math at the Capitol. It was inspiring to see the work these bright young people have accomplished in STEM fields. https://t.co/N2bGAaO90y"
1229556485782462471,2020-02-18 00:01:24,"Today we learned of the death of Arkansan and beloved writer Charles Portis. His classic works, including “True Grit,” will be remembered for generations to come.  And we are proud of the way he showcased our beautiful state."
1229473146547384321,2020-02-17 18:30:15,This is great news &amp; the changes give a meaningful second chance opportunity for youth who are struggling.  We all need hope.   https://t.co/rVcGCEZZyh
1229405141075255297,2020-02-17 14:00:01,Powerful words from former President Ronald Reagan's 1985 State of the Union address. Happy #PresidentsDay. https://t.co/ccON5aRV7x
1229042749451595777,2020-02-16 14:00:00,Have a good Sunday. https://t.co/paG92NDK9d
1228442867988865026,2020-02-14 22:16:17,"In this week’s radio address, I share the story of Daisy Bates, a courageous woman whose leadership and determination continue to inspire us today. Learn more about her and her enormous contributions to the cause of equal rights here: https://t.co/JyxMPnkCq0 https://t.co/jbBJNtNeKn"
1228420936677941264,2020-02-14 20:49:08,The newly created Occupational Licensing Sustainability Group will continue to streamline AR’s licensing &amp; certification process from last year’s reforms. This is a significant step in pursuing @realDonaldTrump’s vision for regulatory reform. https://t.co/ZdMZ0izLFO
1228086144614699008,2020-02-13 22:38:48,"It's always a pleasure to meet with our state's local leaders, who work daily on behalf of the people of Arkansas by serving our communities. Thank you for inviting me to speak with you at today's Arkansas Municipal League Winter Conference! https://t.co/keg5kO75hW"
1227785920985862144,2020-02-13 02:45:49,I like it when Arkansas gets an “A” on broadband deployment policy.  Much more to do but I  appreciate the General Assembly supporting our rural internet initiative. https://t.co/4LitXrWbCG
1227747965986594816,2020-02-13 00:15:00,"At yesterday's CTE Day at the Capitol, I discussed the importance of career &amp; technical education to AR &amp; met several bright students from across the state who are learning skills that will help them pursue future careers in industries such as computer science, welding &amp; nursing. https://t.co/OgtCjW4dLe"
1227738925357244418,2020-02-12 23:39:04,Wise words from former President Abraham Lincoln on what would have been his 211th birthday. https://t.co/fHutDCvLDq
1227361220132511744,2020-02-11 22:38:12,Great to be on @FoxFriendsFirst this morning to discuss the partnerships with governors and @realDonaldTrump’s administration in reducing regulations and in increasing state flexibility. https://t.co/rIhabvSH7S
1226951984219070465,2020-02-10 19:32:03,I am grateful for law enforcement who respond to calls to assure public safety.   They put their own safety at risk. Very thankful. https://t.co/gjlXXxNtD0
1226603198275899400,2020-02-09 20:26:06,It’s exciting to share with my fellow governors what Arkansas is doing to help ex-offenders re-enter the workforce. https://t.co/ihDNfUrxPt
1226506034983759875,2020-02-09 14:00:00,Have a wonderful day. https://t.co/U6CjIIWXdJ
1226268570746806272,2020-02-08 22:16:24,We had a productive meeting of the Council of Governors yesterday in DC. I’m honored to represent AR as co-chair of this important state-federal partnership to strengthen our homeland defenses and keep our citizens safe. https://t.co/7Vd6nBT4OY
1225626732927049728,2020-02-07 03:45:58,Our tech talent in Arkansas leads to Affirma Consulting expanding its Fayetteville office - #Success  https://t.co/uSFarD6clZ
1225477328282759171,2020-02-06 17:52:17,Former President Ronald Reagan appointed me as U.S. Attorney for the Western District of Arkansas in 1982 when I was 31 years old. Today is the 109th anniversary of his birth and the 16th since his passing. I am honored to have served under his leadership. https://t.co/xzfYAMlIoD https://t.co/18yc0oWP9h
1225192576699052032,2020-02-05 23:00:47,"""Rescuers: Portraits of Moral Courage in the Holocaust” is a compelling exhibit by photographer Gay Block that tells stories of those who saved lives during one of history’s darkest moments. I was honored to attend the opening of this collection, on display now at @ArkansasTech. https://t.co/9eKYVWZL5E"
1225182508859432960,2020-02-05 22:20:47,"It was great to be                                in #I❤️Russellville with ⁦@BreanneDavis⁩ 
to enjoy some good bbq and talk about the importance of rural broadband. https://t.co/ZbroSK6vnf"
1225084655407333376,2020-02-05 15:51:57,I’m grateful for the well-deserved recognition given in the #SOTU to our men &amp; women serving in the military overseas. I’m glad they were honored last night by @realDonaldTrump.
1224823885780213763,2020-02-04 22:35:45,"Today I spoke to the Benton Chamber of Commerce &amp; learned more about the future Saline County Career &amp; Technical Center, which will help students learn skills to set them apart in the workforce. Great work being done in central AR! https://t.co/uX5fYhOtOe"
1224472794240602119,2020-02-03 23:20:38,"What a privilege for @ARFirstLady &amp; me to host the 70th anniversary celebration of the Arkansas Governor's Mansion. Thank you to former Governors Jim Guy Tucker, @GovMikeHuckabee, &amp; @MikeBeebeAR, First Ladies, &amp; their family members for joining us on this special day. https://t.co/7DvNO0AnLu"
1224371969275109377,2020-02-03 16:39:59,LIVE: 70th Anniversary Celebration of the Governor’s Mansion Press Conference https://t.co/sddlOpnyLD
1223969321468100609,2020-02-02 14:00:01,Have a blessed Sunday! https://t.co/RkXoLX8rtv
1223604344592961536,2020-02-01 13:49:43,"February is Career and Technical Education Month in Arkansas. Career and technical education offers students the opportunity to gain the academic, technical, and employability skills necessary for true career readiness. https://t.co/3mN3QIbXD1"
1223388690296332289,2020-01-31 23:32:47,"In Arkansas, we have fostered an environment for tech innovation and recognize that the commercialization of technology drives our global economies. NWA @PlugandPlayTC inspires and supports innovation across our state and region. https://t.co/bOMAbuLO0P"
1223385265630334978,2020-01-31 23:19:11,"In this week’s radio address, I share my thoughts about Forrest Wood, one of Arkansas’s great outdoorsmen, conservationists, and entrepreneurs. Learn about his life and legacy here: https://t.co/0KMhUc5nxR https://t.co/K3NKXHup9f"
1223340400485728256,2020-01-31 20:20:54,"Coming out of a technology summit at Crystal Bridges, I got to meet some bright young students from ⁦@lrsd⁩ with two wonderful teachers https://t.co/epPhdPUYVa"
1223270678398455808,2020-01-31 15:43:51,"Don't miss your opportunity to be part of our 2020 Summer Internship Program. Click here to apply by March 1, 2020: https://t.co/iuOaBZqwbx https://t.co/2euR54tl0x"
1223096570658291712,2020-01-31 04:12:01,Pretty excited for Asa4 tonight. https://t.co/bJUqirU5R6
1223004275636350983,2020-01-30 22:05:16,"Today, I visited Helena-West Helena to announce that @WaltonFamilyFdn awarded @ARStatePark a $20 million matching grant to complete the construction of the Delta Heritage Trail over the next 5 yrs. I've visited the trail many times &amp; always admire the rich beauty of the AR Delta. https://t.co/7M0MW0ghrF"
1222654881334484992,2020-01-29 22:56:54,"Three Arkansans were chosen to be Presidential Leadership Scholars: @GayatriAgnew of @Walmart, Chris Jones of @ARInnovationHub, &amp; Alison Williams, my Chief of Staff. Thank you for your dedication to our state. Congratulations on this well-deserved honor! @PLSprogram"
1222634181173432321,2020-01-29 21:34:38,"3 yrs ago, I met w/POTUS, @VP &amp; other Admin. officials to emphasize the importance of North American trade for AR. They told me they would work hard to open our trade markets &amp; increase fairness. By signing #USMCA, @realDonaldTrump has delivered on that promise. Good news for AR!"
1222630515959832578,2020-01-29 21:20:05,Thank you to the Newport Chamber of Commerce for inviting me to speak at your 84th annual banquet last night. Your hard work and dedication to the Jackson County community help boost economic growth not only in Northeast Arkansas but also throughout the state. https://t.co/ty6UCLvBmo
1221938436308787201,2020-01-27 23:30:00,"Seventy-five years ago today, the prisoners of Auschwitz were liberated. On #InternationalHolocaustRemembranceDay, we continue to tell these stories as a means to understand the past and ensure that these atrocities never happen again."
1221917353006522374,2020-01-27 22:06:13,"Today is Firefighter Recognition Day in Arkansas. We honor the men and women who make extraordinary sacrifices while in the line of duty on behalf of the citizens of our state, and I commend the courageous service of each of our state’s firefighters. https://t.co/aWABz1jCpN https://t.co/Hqv9LIEzAe"
1221560948521152513,2020-01-26 22:30:00,Best of luck to each of the Arkansans nominated for 2020 #Grammys tonight! @AshleyMcBryde @ShayMooney @PhillipSweet @zachwilliams
1221538301712257029,2020-01-26 21:00:00,"Every student in Arkansas should have access to an effective education. During Arkansas School Choice Week, we celebrate that our state is home to many different types of public and nonpublic schools, as well as families who educate their children at home. https://t.co/aKqX2lMKxb"
1221432604907515904,2020-01-26 14:00:00,Have a great day. https://t.co/8oTHuGh1TD
1221130395003117569,2020-01-25 17:59:08,"It was my honor to know Forrest Wood, and his passing is a deeply sad moment for our entire state. Forrest embodied the best of Arkansas. Read my full statement here: https://t.co/wMEsmJjiP5"
1221070215133483008,2020-01-25 14:00:00,"Arkansas high school students, the deadline to apply for the 2020 Governor’s Young Artist Competition is February 7! Learn about this year’s theme, “The Home Within,” and how to submit your artwork here: https://t.co/pROTIGsCaq https://t.co/xr3Lvk1nRQ"
1220858823306440705,2020-01-25 00:00:00,"In this week’s radio address, I talk about the state Revenue Office’s Skip the Trip at https://t.co/Y46wuVUm8E. Click here to learn more about the service that lets you conduct nearly all revenue business online: https://t.co/NPjkxhkV2e https://t.co/zCcpraM0Gh"
1220847497246994433,2020-01-24 23:15:00,Honored to be in Lowell for the official grand opening of the first facility in the state to house both an @ARStatePolice headquarters and AR State Crime Lab. The lab reduces the backlog of cases at the crime lab in LR &amp; helps better serve the people and ASP officers of NWA. https://t.co/aBFAvop6lv
1220839303460347905,2020-01-24 22:42:26,Thank you to the @SpringdaleCofC for inviting me to speak at today’s annual meeting. Great work being done in Northwest Arkansas! https://t.co/WEJBIiVZt2
1219449902348095488,2020-01-21 02:41:27,I’ll be on @foxnewsnight w/@ShannonBream at 10pm CT to discuss the news of the day. Tune in!
1219386755352268800,2020-01-20 22:30:32,"At today’s annual @MosaicTemplars MLK Challenge, our state’s young people continued Dr. Martin Luther King, Jr.’s legacy through service. I commend these inspiring individuals for volunteering across Little Rock today. https://t.co/aU1ws4bl0K"
1219298055121514496,2020-01-20 16:38:04,"Today, we celebrate a true leader for justice and reflect on the courage, the life, and the legacy of Dr. Martin Luther King, Jr. It was an honor to speak at the #MLK Interfaith Prayer Breakfast this morning in celebration of Martin Luther King, Jr. Day. https://t.co/BvBiR2rOLc"
1219047129408327682,2020-01-20 00:00:59,"I was honored to speak today at the annual March for Life in Little Rock. I appreciate the many elected officials who turned out for this important event, and I am committed to stand for life. https://t.co/qxIGeW0kxp"
1218895890296885249,2020-01-19 14:00:00,Have a wonderful Sunday. https://t.co/JHZXp7Wybp
1218315687350996993,2020-01-17 23:34:29,"Today I had the privilege of speaking at the Arkansas No. 1 Bowie Knife dedication at @UAHopeTexarkana’s James Black School of Bladesmithing &amp; Historic Trades. This knife holds an important place in Arkansas’s history, and it was an honor to participate in its dedication. https://t.co/V6h83VLSe7"
1218308995276050437,2020-01-17 23:07:54,"In this week's radio address, I discuss my decision to allow refugees from war-torn countries to relocate legally in Arkansas after they have been vetted and cleared by agencies of the United States: https://t.co/U9lwoSALDj https://t.co/haB8kOsHdI"
1218242927425658880,2020-01-17 18:45:22,Interested in joining my team this summer? The application for our 2020 Summer Internship Program is now open! Apply before March 1 for opportunities and experiences you won't forget! https://t.co/iuOaBZqwbx https://t.co/3TipOycIIr
1218206114996801536,2020-01-17 16:19:05,"As Governor of the Natural State and as a lifelong outdoorsman, I understand the importance of protecting our state’s natural resources and beauty. Thank you to the Arkansas Association of Conservation Districts for its efforts to preserve our state’s great outdoors. https://t.co/Ci4Cm7IKMp"
1218172044522639360,2020-01-17 14:03:42,"At yesterday's AR Counts Census Summit, I shared why participating in the #2020Census is so important—census figures are used to make decisions at every level of govt, including policy decisions &amp; funding for public services like education, healthcare, &amp; economic opportunity. https://t.co/bvak5Sp7ol"
1217964412398641152,2020-01-17 00:18:39,Today I spoke with school leaders from across the state at @The_AAEA Superintendent Symposium in Little Rock. Thank you to each of these inspiring individuals for all they do on behalf of the students of Arkansas! https://t.co/HCOK1DKYw6
1217952169220964353,2020-01-16 23:30:00,"I am pleased to hear that the Senate has passed #USMCA. The agreement allows the continuation of trade with customers in Mexico &amp; Canada as well as the creation of new jobs &amp; investment opportunities, which is great news for AR's manufacturers, agricultural producers, &amp; workers."
1217942032779567106,2020-01-16 22:49:43,"On #NationalReligiousFreedomDay, I am grateful to live in a country where we are free to worship how we choose. As Governor, I value the fundamental right of religious liberty. https://t.co/3y0XymYOfo"
1217529700706209792,2020-01-15 19:31:15,"The Phase One trade deal with China is great news for AR’s farmers, manufacturers, and businesses. Thank you to @realDonaldTrump for your leadership in securing this historic agreement."
1217168228222369792,2020-01-14 19:34:54,(3/3) I shared stories of 3 refugees now living in NWA. Homayoon Abdullah fled Afghanistan after yrs. of assisting US authorities in his country. Lusia Akilimali fled war-torn Congo &amp; now works as a CNA at a sr. care facility. Monga Mukandama fled the Congo with a similar story. https://t.co/5uS4026UJm
1217168221087916033,2020-01-14 19:34:52,"(2/3) As Governor and as former Undersecretary of @DHSgov, I have confidence in the @realDonaldTrump administration's enhanced vetting process and security requirements for the refugees who have waited patiently to legally enter the U.S."
1217168220060295172,2020-01-14 19:34:52,"(1/3) Yesterday, I spoke to the General Assembly on accepting refugees into AR. We support border security &amp; oppose illegal entry, but this is about those who lawfully come to America."
1216847639175749633,2020-01-13 22:20:59,"Privileged to help cut the ribbon at today's opening of @BaptistHealthAR's new Graduate Medical Education building in NLR. Through a partnership with @uamshealth, this building houses 24 new residency slots, with the plan to expand to 120 or more opportunities in the future. https://t.co/8FHNMYJev9"
1216464898810634241,2020-01-12 21:00:07,Good luck to Arkansas native Sofia Overton on @ABCSharkTank tonight! We are rooting for you back home! https://t.co/QCpk8ycL8z
1216359173102768129,2020-01-12 14:00:00,Have a blessed Sunday! https://t.co/MI7CsUgwpJ
1216094995859615747,2020-01-11 20:30:15,I have declared a state of emergency to assist the crews working to restore power around the state. https://t.co/H7jIGyi1IN
1216012048515194888,2020-01-11 15:00:39,"Our state &amp; local emergency managers were busy last night responding to reports of storm damage.  7 tractor trailer rigs were blown over on I-40.  Over 40,000 without power.  Stay safe everyone &amp; we appreciate the power crews still at work."
1216003495352045569,2020-01-11 14:26:40,Congratulations to @naomimeeks for being selected as the 2020 Arkansas Mother of the Year by @americanmothers! Your unique story and dedication to your family is inspiring to all. https://t.co/PwbXMQZVD9 https://t.co/jHLoFyWSzM
1215773691147161600,2020-01-10 23:13:30,"Great to speak with you today, @NWAGreg and @NWARusty. Thank you for having me. https://t.co/wbS5B86EzW"
1215755602229592066,2020-01-10 22:01:37,"I created the Arkansas Levee Task Force in June 2019 in response to last year's historic flooding. In this week's radio address, I discuss the recommendations that the Task Force submitted to me this week in its final report: https://t.co/PfFjxOa1Q6 https://t.co/AJgoIv0nhk"
1215394361124511745,2020-01-09 22:06:11,"On National #LawEnforcementAppreciationDay, I commend the law enforcement officers who protect us daily and remember those who sacrificed all in the line of duty. Thank you for your service. https://t.co/qwyG641l74"
1215043056363327491,2020-01-08 22:50:13,"Today I was honored to help break ground on @mondegroup's new project, Esplanade, a mixed-use housing development in NLR. The land it will be built on is one of the largest tracts of Opportunity Zone land purchased in AR to date. Great day for economic development in our state! https://t.co/pcDxSLOWZW"
1214637361897836544,2020-01-07 19:58:08,LIVE: Arkansas Levee Task Force Presents Final Report to Governor Hutchinson https://t.co/XaiuLYkaql
1213886857165115394,2020-01-05 18:15:54,Great duck hunt this morning w/grandson Malcolm Wengel getting his first banded duck. From Manitoba to the Cache River bottoms this 11 year old mallard helps us understand &amp; conserve migratory wetlands. https://t.co/RrW8AM14zz
1213822461046734848,2020-01-05 14:00:01,Have a good day. https://t.co/z3hPrgdul7
1213507107791802368,2020-01-04 17:06:55,It is nice for Arkansas and our educators to be recognized by https://t.co/e8Bem5njDt as a national leader and model in computer science education. Let’s keep setting a high mark. https://t.co/lUQskTv905
1213223915314667520,2020-01-03 22:21:36,"Over the course of the past five years, we have reduced our state’s income taxes by over $250 million. On New Year’s Day, the first day of 2020, our top individual income tax rate was reduced again. Learn more in this week’s radio address: https://t.co/hVhzlx2Q6u https://t.co/hbjEjQMmAa"
1212371037742084097,2020-01-01 13:52:34,Happy New Year! https://t.co/WZzRL9aDE5
