id,created_at,text
1247350106657079299,2020-04-07 02:26:54,Grateful to @POTUS and the @WhiteHouse Coronavirus Task Force for their support and partnership with governors as we fight this COVID-19 pandemic together! https://t.co/mHG49LbYx7
1247314570630369280,2020-04-07 00:05:42,"To protect the most vulnerable and slow the spread, I also signed executive orders requiring self-quarantine for positive cases of COVID-19 &amp; their household members, as well as an executive order suspending visitation to long-term care facilities. https://t.co/YcaQeDyWiX"
1247314567425863691,2020-04-07 00:05:41,"As ND increases testing capacity, we're seeing among the lowest rates of confirmed positives in the nation with one of the best per capita testing rates. 

We'll continue to take targeted action to slow the spread of COVID-19 and preserve hospital capacity to save lives. https://t.co/oZT8PgVVhX"
1247260904183476224,2020-04-06 20:32:27,Watch today’s press briefing at 3:30 p.m. CT for updates on COVID-19 in North Dakota. https://t.co/QKy8gLEj36
1246881645497548807,2020-04-05 19:25:24,"Stay home, stay healthy, stay connected. https://t.co/WvmR0b8tWd"
1246516356679380993,2020-04-04 19:13:53,"With 409 new tests conducted, North Dakota has confirmed an additional 13 cases of COVID-19.

Remember: stay home, avoid all gatherings and don't go out for non-essential trips. Everyone has a responsibility to help slow the spread. https://t.co/jsZDL2y5u5"
1246209246146035717,2020-04-03 22:53:32,"We're launching a new pilot project to expand COVID-19 testing and improve contact tracing to slow the spread.

This involves setting up drive-through sites this weekend to test as many people as possible in two communities. Read the plan here: https://t.co/5dIKuEsimG https://t.co/pK2xKoJ3f6"
1246172321452298240,2020-04-03 20:26:48,Today’s press briefing on North Dakota’s COVID-19 response is live at 3:30 p.m. CT. Watch here: https://t.co/YX1xJWh57X
1245867206195310592,2020-04-03 00:14:23,Donations of personal protective equipment also are being accepted to ensure health care workers and first responders are protected as they respond to COVID-19. Commercially-produced supplies can be dropped off at NDDOT district locations. Details: https://t.co/76N3r7CTrf
1245867204744118273,2020-04-03 00:14:23,"If you're in a position to do so, the best way is to donate directly to a trusted, local organization. If they can't accept donations, or if you prefer, you can give to the ND COVID-19 Community &amp; Nonprofit Response Fund at the ND Community Foundation. https://t.co/vlZkZ5iJsS"
1245867203552919552,2020-04-03 00:14:23,"Our state is blessed with some of the most generous people in the world, and many of you are looking for ways to support your community during this crisis. Here's a thread on how to help:"
1245843258066026497,2020-04-02 22:39:14,"All North Dakotans should be staying home and avoiding non-essential trips. However, if you need to pick up food and supplies, follow these helpful tips from the North Dakota Grocers Association to stay safe and help slow the spread of COVID-19. https://t.co/vB4AM6T2Th"
1245818243505405952,2020-04-02 20:59:50,Watch today’s press briefing on COVID-19 at 4 p.m. CT: https://t.co/H0fZzGjkO9
1245751421179478019,2020-04-02 16:34:18,"ND has confirmed 12 new cases of COVID-19, for a cumulative total of 159 confirmed positive cases since the pandemic began.

Be on the lookout for data at 11 am CT going forward. This new, once-daily reporting will allow epidemiologists more time to conduct their investigations. https://t.co/8hqzw0Ryz5"
1245492542730272773,2020-04-01 23:25:36,We also announced that existing business closures mandated by executive order will be extended until April 20. An announcement will be made by April 15 on whether closures will be extended further. View affected businesses here: https://t.co/rccbC7I7lw
1245492541643988992,2020-04-01 23:25:36,"Today, I signed an executive order waiving the mandatory 1-week waiting period for unemployment benefits as claims continue to increase. This is critical to helping out-of-work North Dakotans who are struggling to make ends meet during the COVID-19 crisis. https://t.co/rccbC7I7lw"
1245455714790838272,2020-04-01 20:59:16,Today’s COVID-19 press briefing with the @NDDOH begins at 4 p.m. CT. Watch here: https://t.co/POwU8kQi6n
1245425871189663745,2020-04-01 19:00:41,".@POTUS has granted ND's request for a major presidential disaster declaration, opening up federal assistance for our response efforts. Grateful to the President, his administration &amp; our congressional delegation for their partnership in fighting COVID-19. https://t.co/epWLxDk9qM"
1245371366238490625,2020-04-01 15:24:06,"North Dakota has confirmed 16 additional cases of COVID-19, with 142 cumulative cases in the state. Stay home, avoid non-essential trips, wash your hands and do not gather in groups of ten or more. Your actions to slow the spread can protect your fellow North Dakotans. https://t.co/9T4TCtTNi3"
1245129801133940736,2020-03-31 23:24:12,"Those who are out of work, retired or just want to help are asked to consider volunteering during this emergency situation. The WCC is seeking both volunteers and paid staff. To get started, contact Job Service ND at (701) 328-0400, or go to https://t.co/j6stL5yEEm."
1245129799988916224,2020-03-31 23:24:12,"State agencies have come together to activate the Workforce Coordination Center to serve emergency workforce needs in support of health care providers, industries and agencies affected by COVID-19. 

Details: https://t.co/ogEyMGDxDz"
1245092573473058819,2020-03-31 20:56:16,Today’s press briefing with the @NDDOH will begin at 4 p.m. CT. Watch here: https://t.co/XyPPKWROd5
1245008993929646081,2020-03-31 15:24:09,State Engineer Garland Erbele is retiring today after four decades of public service and four years with the State Water Commission. We're grateful to Garland for his leadership on important water projects and to John Paczkowski for stepping in as Interim State Engineer. https://t.co/PtHr9Rfv4y
1244729552334716931,2020-03-30 20:53:45,Today’s press briefing on COVID-19 with @SenJohnHoeven and @SenKevinCramer begins at 4 p.m. CT. Watch live: https://t.co/IxxTM7IvBS
1244717873970524161,2020-03-30 20:07:21,"In times of crisis, it's more important than ever to make sure we're all doing our part to stop the spread of rumors. Before you share, check the facts. #InThisTogetherND https://t.co/XvyC23zQtH"
1244643701735018496,2020-03-30 15:12:37,"It’s with heavy hearts that we announce the second death in ND related to COVID-19. Each loss of life deeply affects that person’s loved ones, and that loss reverberates across each community and the entire state. We all have a role to play in slowing the spread of coronavirus."
1244357666937417731,2020-03-29 20:16:01,"Thank you @SenKevinCramer, @SenJohnHoeven &amp; @RepArmstrongND for your strong support of this request and your tireless work to prioritize the needs of North Dakotans and all Americans in the CARES Act. #InThisTogether #COVID19ND @NDResponse @NDDOH https://t.co/3t2OMFNUV6"
1244345499873882117,2020-03-29 19:27:40,"On Vietnam Veterans Day, we share our unending gratitude for their incredible service and sacrifice in the name of freedom. https://t.co/FCuy685iHf"
1244292200265064449,2020-03-29 15:55:53,"We appreciate all who have watched our press briefings over the past two weeks. Please note that there will not be a briefing today. Briefings will resume at 4 p.m. Monday, March 30."
1244292197715005440,2020-03-29 15:55:52,"ND has requested a major presidential disaster declaration to unlock federal assistance to support our response to the COVID-19 pandemic. 

This is critical for our capability to expand North Dakota’s response to the rapidly evolving impacts of COVID-19. https://t.co/uIDDJJjH51"
1244074364934459393,2020-03-29 01:30:17,"Whether or not a test has confirmed that your county has a positive case, we all need to take precautions against the spread of this disease. Visit the @NDDOH website to learn how you can help to slow the spread. https://t.co/XFYwB2V86T"
1244074362434699264,2020-03-29 01:30:16,"ND saw its largest jump in confirmed cases of COVID-19 today. 

Collecting this data is important, and we continue to work to expand our testing capacity. It’s important for North Dakotans to understand this is not a complete picture of the prevalence of COVID-19 in our state. https://t.co/FukH66bsQX"
1244005026160394244,2020-03-28 20:54:45,Tune into today’s briefing on COVID-19 with the @NDDOH at 4 p.m. CT. https://t.co/kPWbaOoEJm
1243927204762923012,2020-03-28 15:45:31,"North Dakota has confirmed 15 new cases of COVID-19, for a total of 83 cases.

We know this number will continue to rise. Everyone needs to take steps to slow the spread and #flattenthecurve: stay home, avoid non-essential trips, wash your hands and keep physical distance. https://t.co/FGm6i9BjU9"
1243676312042119169,2020-03-27 23:08:33,We have also suspended payment of unemployment taxes to allow employers to focus on their businesses and employees during this crisis. Read more: https://t.co/GeJx0f5wyf
1243676310112735239,2020-03-27 23:08:33,"Within the past couple of days, for the first time, ND’s number of confirmed COVID-19 cases attributed to community spread surpassed the number of travel-related or close-contact cases.

It’s everyone’s responsibility to help slow the spread of this virus &amp; protect public health."
1243676308036558855,2020-03-27 23:08:32,"Today I signed an order directing the closure of all salons operated by licensed cosmetologists, as well as massage therapy, barbershop and tattoo facilities, effective 12 a.m. Saturday, March 28 until April 6. https://t.co/GeJx0f5wyf"
1243642158705303552,2020-03-27 20:52:51,Watch today’s press briefing at 4 p.m. CT for the latest on COVID-19 in North Dakota. https://t.co/hOPn2JJXwJ
1243573249528782851,2020-03-27 16:19:01,"Sadly, ND has experienced its first death related to COVID-19. Kathryn &amp; I extend our deepest condolences to the family &amp; friends who have lost a loved one. Each of us has a responsibility to help prevent the spread of COVID-19. We’re all in this together. https://t.co/CNpf9HfZOA"
1243321118032879622,2020-03-26 23:37:08,"With ND's primary election on the horizon, we’re looking out for the well-being of voters and poll workers.

We issued an executive order waiving the requirement for a physical polling location if a county chooses to conduct voting by mail. Read the order: https://t.co/QEtT3C94LR"
1243321116770385920,2020-03-26 23:37:08,"Access to child care is essential for health, safety and other lifeline workers during the COVID-19 pandemic. 

Today we released modified operating practices &amp; an emergency grant program for child care providers to help them through this crisis. Details: https://t.co/PMVst3gfA5"
1243281162405109765,2020-03-26 20:58:22,Watch today’s press briefing regarding child care and other updates on the COVID-19 pandemic in North Dakota. https://t.co/qBpdOCo8dr
1243207746104803328,2020-03-26 16:06:39,".@NDDOH confirmed 7 new cases of COVID-19 in ND this morning, increasing the statewide total of confirmed cases to 52.

As of this morning, state &amp; private labs have conducted 2,091 total tests with 2,039 negative results. #COVID19ND https://t.co/CIduU3WVs8"
1243006214507827200,2020-03-26 02:45:50,The North Dakotans behind #aworldofhearts have shown how a simple gesture of gratitude can spread throughout the world. We are #InThisTogetherND https://t.co/DBbhCowQ62
1242993533323300871,2020-03-26 01:55:26,"In uncertain times, we turn to the caring spirit of North Dakotans who find ways to help neighbors &amp; strangers in need.

Whether it’s a friend’s kind deed or an uplifting message on the sidewalk, we encourage you to share these stories at @TogetherND. 

We are #InThisTogetherND. https://t.co/LXrWzr4SX6"
1242962764949225480,2020-03-25 23:53:10,"ND’s first responders and health care workers are on the front lines of the COVID-19 fight.

Today’s exec. order expands worker’s compensation coverage to 80K workers who are now eligible for benefits if they contract COVID-19 or are quarantined. Details: https://t.co/R03toP28LO"
1242919948160307200,2020-03-25 21:03:02,Watch today’s press briefing on COVID-19 in North Dakota. https://t.co/upAnzCqYaW
1242849609480916994,2020-03-25 16:23:32,"With 171 more test results in, ND has 3 new confirmed cases of COVID-19, bringing our total to 39, with 8 hospitalizations.

Please continue to stay home, avoid non-essential trips and keep physical distance. It's everyone's responsibility to be #NDSmart and help slow the spread. https://t.co/b5mxNEdn1F"
1242586156954521601,2020-03-24 22:56:40,"In our latest executive order, we've temporarily lifted road restrictions on state highways while still allowing the director of NDDOT to implement restrictions if a public safety risk exists. Read more: https://t.co/gDFDwJ6UG2"
1242586155490607111,2020-03-24 22:56:40,"We're continuing to take your input and explore ways to better serve North Dakotans through this COVID-19 crisis. 

Today the Bank of North Dakota announced that student loan borrowers may request to defer payments for six months. Learn more &amp; opt in here: https://t.co/ang3f6VZzC"
1242558171421511685,2020-03-24 21:05:28,Tune in to today’s COVID-19 press briefing. https://t.co/wdhvpgZIP5
1242538063957569544,2020-03-24 19:45:34,Health care providers have been collecting specimens for COVID-19 testing from almost all areas of North Dakota. These specimens are then tested at a state or private lab. This map breaks down completed tests by county. https://t.co/yas9XbbMqm
1242244378606870529,2020-03-24 00:18:34,We will need a fully functioning child care system when this pandemic is over and our economy gets back on track. Read more below. (3/3) https://t.co/tlx8Z0ToJY
1242244376832741377,2020-03-24 00:18:33,"The process began over the weekend &amp; is focused on: 

1) Protecting the health of children, families &amp; child care workers. 
2) Providing child care for essential worker households.
3) Sustaining the child care sector as an industry that’s essential to every business in ND. (2/3)"
1242244374857203712,2020-03-24 00:18:33,We've launched a rapid planning process to develop operating guidelines to ensure that child care is available for health care and other essential workers through the COVID-19 crisis. (1/3)
1242194124989763591,2020-03-23 20:58:52,Watch today’s press briefing on COVID-19 at 4 p.m. with @NDDPI Supt. Kirsten Baesler and @NDHumanServices Executive Director Chris Jones. Watch live here: https://t.co/m8gKBH4M06
1242176166867468296,2020-03-23 19:47:31,"In North Dakota and around the world, individuals and families are experiencing significant changes in their lives. It can be hard to navigate all of the information to find what you need to know. Team ND wants to help.

Visit https://t.co/NDatXrnPxc for more. https://t.co/PqLjbOceBz"
1242083543972548609,2020-03-23 13:39:28,"Curious how the NDDoH tests for the novel coronavirus? Watch this quick video to see how the process works.

Grateful for the members of Team ND and all of North Dakota's health professionals working tirelessly to fight this pandemic. https://t.co/LBJS8gcDOG"
1241867200144846850,2020-03-22 23:19:47,"Read more about today's cases, as well as an executive order on plans for K-12 distance learning, at the link below. https://t.co/bgxtjcWG0X"
1241867197770850304,2020-03-22 23:19:47,"The NDDoH lab confirmed 2 new cases of COVID-19 in ND today.

It's important to note these tests have a lag time — results will not be an immediate indicator of how well we're practicing #socialdistancing. Now is not the time to be complacent. We’ve got to be vigilant. #COVID19ND https://t.co/v264q8EsGx"
1241840045218246665,2020-03-22 21:31:53,Watch today’s press briefing with the @NDDOH here: https://t.co/fhDADPjZYi
1241741355887595520,2020-03-22 14:59:44,"No new positive cases of COVID-19 from the most recent @NDDOH report. North Dakota's confirmed positive cases remains at 28.

Stay home, avoid non-essential trips and practice social distancing. It's everyone's responsibility to be #NDSmart and help slow the spread. #COVID19ND https://t.co/9zImzhRbM5"
1241517637127098374,2020-03-22 00:10:45,"To expand the availability of COVID-19 testing, I signed an executive order authorizing licensed pharmacists to administer tests in collaboration with @NDDOH. It also streamlines the process for essential prescription medication refills during this crisis.
https://t.co/RcrlJauJ3v"
1241468839692566528,2020-03-21 20:56:51,Tune into today’s press briefing with health care leaders at 4 p.m. CT. https://t.co/0semBbJKGz
1241381733121036288,2020-03-21 15:10:43,"With 231 tests conducted so far today, 2 have been positive, bringing North Dakota's confirmed positive cases of COVID-19 to 28.

Stay home, avoid non-essential trips and practice social distancing. Be #NDSmart and help slow the spread. #COVID19ND. https://t.co/1aziaU8uso"
1241160958644555776,2020-03-21 00:33:26,"By cutting red tape &amp; streamlining services, state government can better serve North Dakotans &amp; provide relief during this stressful time.

Today I signed 3 executive orders addressing unemployment insurance, burdensome regulations &amp; expanding telehealth. https://t.co/Vik3yKk8Rk"
1241108464291774470,2020-03-20 21:04:51,Today’s press briefing is live now. Watch here: https://t.co/xGSAGegRFS
1241085447704625154,2020-03-20 19:33:23,"We urge you to seek out facts from official sources: https://t.co/aQvF4YzReR, https://t.co/d5ZeJjWK0i, https://t.co/VxlNN6MxvK #COVID19ND #NDSmart"
1241085446526054401,2020-03-20 19:33:23,"A recent viral post claims that the President would enact a mandatory nationwide quarantine. When asked about this in his press conference today, the President said, “We are working with the Governors and I don’t think we’ll ever find that necessary.”"
1241085445548716032,2020-03-20 19:33:23,"During a crisis, misinformation is often our greatest enemy. New information regarding COVID-19 remains dynamic and constantly changing. Given the importance and fluidity of this situation it is vital that we circulate only factual reports and refrain from rumor."
1241018614175739910,2020-03-20 15:07:49,"ND has now confirmed 20 total positive tests for COVID-19. 

A reminder that bars, restaurants, rec facilities &amp; entertainment venues will close to on-site patrons at noon today until April 6. Continue practicing social distancing and help slow the spread. #COVID19ND #NDSmart. https://t.co/wuSnoQ5BNT"
1240797451260493824,2020-03-20 00:28:59,"Also issued additional guidance with @NDDPI Supt. Kirsten Baesler for K-12 schools to educate students with alternative delivery methods beginning April 1. School buildings will remain closed to students until further notice, with access for essential staff only."
1240797449662447618,2020-03-20 00:28:59,"Today I signed an executive order directing bars, restaurants, recreational facilities and entertainment venues to close to on-site patrons tomorrow at noon until April 6 to slow the spread of COVID-19. Read more: https://t.co/9b8FGpvyyL"
1240750600339554304,2020-03-19 21:22:49,"Watch today's press conference on plans for K-12 education, state facilities, on-site dining establishments and recreational facilities. https://t.co/3MR6G7NwuT"
1240703493930749952,2020-03-19 18:15:38,"For North Dakota businesses feeling the effects of COVID-19, @CommerceND has assembled important information pertaining to both state and federal resources for businesses and communities affected economically.

Explore available resources: https://t.co/ESMJRutcuj https://t.co/45XOHfBP6M"
1240672671081418754,2020-03-19 16:13:10,"North Dakota has now confirmed 15 total positive tests for COVID-19. It's critically important that you stay home when you're sick and practice social distancing.

Follow the @NDDOH &amp; visit https://t.co/pY1odUUdzg to stay up to date with the latest info. https://t.co/s0XpTedO1E https://t.co/4Vo6MM6hAo"
1240459198850351110,2020-03-19 02:04:54,"The COVID-19 pandemic can create feelings of fear and anxiety. @NorthDakotaBH put together helpful resources for managing your well-being along with your friends, family and community. #BehavioralHealthIsHealth https://t.co/vaKWPX6bzs https://t.co/8KUaj9m8TW"
1240410284679970820,2020-03-18 22:50:32,"Today we confirmed our first 2 cases of community transmission of COVID-19, bringing our total to 7 positive cases in ND.

Follow the @NDDOH and visit https://t.co/pY1odUUdzg for the latest information. https://t.co/8z1raZAZdV"
1240382994428411907,2020-03-18 21:02:05,"With North Dakota's first confirmed cases of community transmission of COVID-19, @NDDOH Field Medical Officer Joan Connell helps explain what that means and how to slow the spread of the novel coronavirus. Tune into a news conference on https://t.co/UOsJh4AhCr now for more. https://t.co/Cjtqasg46W"
1240290155606544384,2020-03-18 14:53:11,".@NDDOH confirmed a new case of COVID-19 in Morton County, which is the first confirmed case of community spread of the disease in ND. 

It’s critically important to practice social distancing and stay home when you’re sick, even if it’s minor.

https://t.co/6l56uWljK0 https://t.co/ogiR6T0LXa"
1240088394300116994,2020-03-18 01:31:27,".@NDDOH confirmed two new cases of COVID-19 tonight in Burleigh County, for a total of 5 positive cases in ND.

For questions related to COVID-19, you can call 1-866-207-2880 daily from 7am-10pm. For medical advice, contact your health care provider. https://t.co/KuzF9JagpX https://t.co/EHpY1Do2j5"
1240039379537727490,2020-03-17 22:16:41,"RT @BrentSanfordND: COVID-19 is causing financial anxiety around the world, so today we spoke w/ 150 leaders from ND's banks to address con…"
1240024030675193860,2020-03-17 21:15:42,WATCH: Press conference with @NDDOH to discuss two additional positive cases of COVID-19 in North Dakota and the importance of social distancing to slow the spread of coronavirus. https://t.co/4FAenR96LV
1240004046922096644,2020-03-17 19:56:17,"The @NDDOH confirmed two additional cases of COVID-19 in residents from Cass &amp; Ward counties. 

This increase in cases underscores the importance of exercising personal responsibility &amp; following the CDC &amp; White House recommendations for social distancing. https://t.co/OLBFagYiPO https://t.co/IywMQNjnIa"
1239963582860677121,2020-03-17 17:15:30,"#SocialDistancing: Look below to see what this means for you.

This is especially important on St. Patrick’s Day, when you might be accustomed to going out to celebrate with friends. We all have a role to play in slowing the spread of coronavirus. https://t.co/k4LsKbZMP4"
1239699428283473921,2020-03-16 23:45:50,"K-12 schools which were closed this week will NOT have to make up the instructional time later this school year.

Granting these waivers ensures that districts will be able to pay teachers and hourly employees through this weeklong closure. https://t.co/1Ll2SbaqQM"
1239652892870664193,2020-03-16 20:40:55,"News about COVID-19 is everywhere and concerns can result in children feeling anxious. As you take steps to protect your physical health, remember to address your family's behavioral health needs.

Visit https://t.co/g73kiSAN3H for resources to guide your family's conversation. https://t.co/ERd1jZl9NT"
1239635100167540736,2020-03-16 19:30:13,"Our Unified Command is working with state, local &amp; tribal partners to slow and mitigate the spread of COVID-19 and protect our citizens. We’ll continue to keep you informed as the situation develops. 

Questions? Visit https://t.co/pY1odUUdzg or call @NDDoH at 1-866-207-2880. https://t.co/cSouNMinld"
1239378051588333569,2020-03-16 02:28:48,"The decision was made in an effort to reduce the rate of infection and allow time to gather more data, better assess testing and treatment capabilities and plan for education in the event of an extended COVID-19 pandemic. The situation will be reassessed at the end of the week."
1239378049667403777,2020-03-16 02:28:48,"To slow the spread of COVID-19 and protect our citizens, public and private schools will be closed March 16-20. We want to work through the situation, gain understanding and make sure we’re driven by data and solid strategies. https://t.co/wLsCu7D2gP"
1239348203222417409,2020-03-16 00:30:12,Happening now: press conference about K-12 school closures related to the COVID-19 pandemic. Watch live: https://t.co/8DsQb5VMBD
1239009274459758592,2020-03-15 02:03:25,"We’re taking a whole-of-government approach to prevent and slow the spread of coronavirus and to continue and expand upon the efforts of the @NDDOH. https://t.co/v7cZbbA4Jj 

Thread ⬇️ https://t.co/smYVnwV7F0"
1238575887244824581,2020-03-13 21:21:17,Read more and view the executive order below: https://t.co/kDpoJndErA
1238574105265344513,2020-03-13 21:14:12,We have announced the declaration of a state of emergency for North Dakota in response to COVID-19 and issued guidance to K-12 schools. Watch the press conference on https://t.co/UOsJh4AhCr #coronavirus https://t.co/NLp6Dk3Xoy
1238098968636260353,2020-03-12 13:46:11,Watch the press conference with @NDDOH at 9 a.m. CT on Facebook: https://t.co/w17rJFdO8Y
1237929633527496707,2020-03-12 02:33:18,We encourage citizens to be prepared and not panic. Take this virus seriously and follow recommendations for reducing its spread. We are constantly working with stakeholders to stay on top of this rapidly evolving situation. Stay tuned for a press conference at 9 a.m. tomorrow.
1237929631950483457,2020-03-12 02:33:18,"Tonight, @NDDOH confirmed North Dakota's first presumptive case of COVID-19 in a Ward County resident. We have been planning and preparing for this since January, and our top priority is your health, safety and well-being. https://t.co/wTwYqYevMl"
1237867926574600195,2020-03-11 22:28:06,"Every North Dakotan has a role to play in reducing the spread of COVID-19. The @WhiteHouse and @CDCgov have provided state, local, tribal and community leaders with the latest helpful actions for all Americans. Learn more here: https://t.co/MDOlAO46Hg https://t.co/nntm8J2tQT"
1237837373360295938,2020-03-11 20:26:42,"Community efforts to prepare for spring flooding are underway in several regions around the state. Visited Sandbag Central in @cityoffargo today to discuss flood preparations with local officials and thank the volunteers who are helping to fill 400,000 sandbags this week. https://t.co/qLdkLc8sKX"
1237761763103342592,2020-03-11 15:26:15,"Thanks to @1MillionCupsFar for hosting a conversation on behavioral health today! #1MCFar 

@FirstLadyND announced the fourth annual Recovery Reinvented, Sept. 29 in Grand Forks. Details: https://t.co/blFEQNl2ve https://t.co/41F4oUgWFu"
1237538801276219392,2020-03-11 00:40:17,"While we'll be wearing different shades of green, @BrentSanfordND &amp; I wish best of luck to @NDSUmbb and @UNDmbasketball in tonight's Summit League championship. Thanks to both teams for representing our state well &amp; making sure a ND team is punching their ticket to @marchmadness!"
1237481354423607298,2020-03-10 20:52:00,"The ND Emergency Commission voted today to accept up to $6 million in federal funds to contain &amp; mitigate the spread of COVID-19. Grateful to Congress and @POTUS for approving $8.3 billion for #coronavirus preparedness, prevention &amp; treatment efforts. https://t.co/Hlkm8nXpq2"
1237173436407037953,2020-03-10 00:28:27,"Our highest priority is the health, safety and well-being of all North Dakotans, and that especially includes our seniors and individuals with serious chronic medical conditions who are among the most vulnerable to COVID-19. Read about steps you can take: https://t.co/FNRzSvXW21"
1237113332101939201,2020-03-09 20:29:37,"Over the weekend, @NDDOH tested four individuals for COVID-19, and all tests came back negative. Learn more: https://t.co/TM0CT0qx7i

While we have not had a case in ND, everyone has a role to play in reducing the spread of COVID-19. Learn what you can do: https://t.co/XFYwB2V86T"
1235959252201754628,2020-03-06 16:03:43,"Students, jobseekers and employers: this is the place to be on April 8!

Join us for Dakota Strike, a first-of-its-kind, multi-industry career expo aimed at addressing the state’s workforce shortage and highlighting the importance of 21st century skills. https://t.co/tbUgqXqZFH"
1235700517176840197,2020-03-05 22:55:36,"Stay tuned to @NDDOH for the latest coronavirus updates. Our focus continues to be preparation, and our top priority is always the safety of North Dakota citizens. https://t.co/fgxSpN3DDj"
1235255540995018754,2020-03-04 17:27:25,"Big thanks to Plug and Play and its corporate partners for their investment in ND's entrepreneurial ecosystem! As a national leader in ag tech, ND is an ideal place for startups from around the globe to test their technology, grow their companies and advance agriculture. https://t.co/7sar00Yxmv https://t.co/uhaCOhYuqF"
1235243922550644736,2020-03-04 16:41:15,"Grateful for the opportunity this morning at the @FMWFChamber to engage with local business, education and nonprofit leaders and discuss efforts to address our workforce challenges and diversify the economy! https://t.co/2ZCRD9P4qE"
1234960383254892544,2020-03-03 21:54:34,State agencies are working together with federal &amp; local partners to prepare for the potential of coronavirus cases in North Dakota. We all have a role to play in keeping our citizens and communities healthy. Read the latest information from @NDDOH here: https://t.co/0PLjGlZmK5.
1234570904199364609,2020-03-02 20:06:55,"Participated with fellow governors in a briefing call from @VP Pence and @SecAzar regarding the response to COVID-19. 

We'll provide an update on the state's preparations at a press conference at 2:00 p.m. tomorrow, which will be streamed live at: https://t.co/Kb9g2sZa5A. https://t.co/e5qmphhqKv"
1234169168813056000,2020-03-01 17:30:34,"Calling all school, community and church bands, orchestras and choirs across North Dakota: apply to serve as the Governor’s Official State Band/Orchestra Program and Choral Program for 2020! Submit an application by March 13 at this link: https://t.co/UBoi8dsl4q https://t.co/hKlAnJkEEW"
1233516298954592263,2020-02-28 22:16:17,"We are actively monitoring the COVID-19 situation with @NDDOH and taking all appropriate measures to prevent the spread of coronavirus and fine-tune response plans. The health, safety and well-being of our citizens remains our top priority. Read more: https://t.co/pQp21CDfNM"
1233168099286843392,2020-02-27 23:12:40,"Local leaders drive important initiatives affecting workforce, infrastructure &amp; more, and we're working closely with city officials to improve quality of life. Appreciate the opportunity to join the ND League of Cities today &amp; speak with mayors representing 450K+ North Dakotans! https://t.co/jPuV76eqke"
1232782539548512257,2020-02-26 21:40:36,"Thanks to Cavendish Farms and President Robert K. Irving for their continued commitment to ND and for taking the time to discuss ways to grow our potato industry. Not only do they make a delicious product, they support agriculture and community development in Jamestown &amp; beyond! https://t.co/xHWvdNb9j4"
1232383576072740864,2020-02-25 19:15:15,"""As a team, we’ve really invested time ... to help them understand the nature of the threat, what we have in place to address the threat, and what is needed to have a comprehensive, world-class cybersecurity posture,” said @ndgovitd CIO Shawn Riley. https://t.co/PioNMStTbJ"
1232330805877334016,2020-02-25 15:45:34,Hundreds of partners work together across many industries every day to ensure the safety of ND’s workers. Thanks to the ND Safety Council for bringing the latest &amp; greatest in safety training and tools to its annual conference and to @NDWSI for its role in promoting safety! https://t.co/knhDqCOsQj
1230574811656708099,2020-02-20 19:27:52,North Dakota’s entrepreneurs and innovators — people who care deeply about their community and the business and institutions they lead — are powering our strong economy. Thanks to the @FMWFChamber for the opportunity to speak at their 2020 Economic Outlook Forum! #EOF20 https://t.co/YaQBtcHpcl
1230505202605793281,2020-02-20 14:51:16,"Broadband is critical infrastructure for a 21st century economy, and North Dakota is well-positioned to continue being “one of the most connected states in the country.” https://t.co/Xv18o3ddXu"
1230258672711933952,2020-02-19 22:31:39,"To help attract and retain airmen and soldiers in Minot and elsewhere, we're working to make ND more military friendly, including passing occupational licensing reciprocity for military spouses and exempting military retirement pay from state income tax. https://t.co/LZ5XVuKHsX"
1230258671457832960,2020-02-19 22:31:39,"Welcome! Thanks for visiting Minot AFB, including our @NDNationalGuard 219th Security Forces Squadron. @TeamMinot is essential to the nuclear triad, and the work of the 5th Bomb Wing and 91st Missile Wing helps the U.S. achieve peace through strength. #OnlyTheBestComeNorth https://t.co/0u7EjtT1lM"
1230201782267236352,2020-02-19 18:45:35,"The Battle of Iwo Jima began 75 years ago today, lasting 36 days and claiming the lives of nearly 7,000 brave Americans, one of the deadliest conflicts in the Pacific Theater of WWII. On this day, we honor their incredible service and sacrifice. #IwoJima75 https://t.co/QSprLQGP33"
1229890183828582400,2020-02-18 22:07:24,Save the date for the 2020 Governor's Summit on Innovative Education! We look forward to gathering June 16-17 in Mandan to discuss the future of education in North Dakota. More details to come! https://t.co/fpdvhCrPnD
1229488722074361858,2020-02-17 19:32:08,"In honor of the inspirational leaders who have shaped this country we call home, Happy Presidents Day!

📸: NPS Photo https://t.co/WGgSw7F0j5"
1228896263317393410,2020-02-16 04:17:55,RT @FirstLadyND: Congratulations to the @jimmiemvb team on some historic firsts - claiming ND’s first @NAIA men’s volleyball match ever pla…
1228376750591238144,2020-02-14 17:53:34,"North Dakota is the best state in the Midwest to do business! Thanks to reliable infrastructure, low taxes, a skilled workforce and a focus on technology and innovation, our state is a terrific environment for businesses to grow. Via @247WallSt https://t.co/RPWQ1fEBsJ"
1228014319557890050,2020-02-13 17:53:23,"It's a great day to give! Grateful to the volunteers who joined us to celebrate #GivingHeartsDay in Bismarck. More than 14,000 individuals have already contributed to important causes throughout the region — join them at https://t.co/nujr9PnJiu! https://t.co/P7iiaFqn0s"
1227976110538993664,2020-02-13 15:21:34,Going live on @GivingHeartsDay TV with @FirstLadyND at 9:30! Tune in on Facebook and make your contribution at https://t.co/nujr9PnJiu. https://t.co/Zm2mU5giuI
1227734427230461952,2020-02-12 23:21:12,Always a highlight receiving the Boy Scouts Report to the State! Hearing these young people share their experiences with the @NLCBSA over the past year is inspiring and shows how bright the future of our state is! https://t.co/Fv5i2vah3G
1227645904292843521,2020-02-12 17:29:26,"Tomorrow is @GivingHeartsDay! Join us for 24 hours of giving to benefit nearly 500 outstanding local organizations. Visit https://t.co/nujr9PnJiu to make your contribution. Together, we can be the most generous place on the planet! #GivingHeartsDay https://t.co/TcpCJvYSfF"
1227376151405920258,2020-02-11 23:37:32,"Thankful to @POTUS, @VP and the administration for engaging with governors at yesterday’s @WhiteHouse business session on the issues that matter most to our states. Across the nation, states are successfully implementing unique solutions to solve our most complex challenges! https://t.co/uJk1YLcfR8"
1226623484996063232,2020-02-09 21:46:43,"RT @PremierScottMoe: In addition to maintaining a border, SK &amp; North Dakota hold a number of shared economic interests. Governor @DougBurgu…"
1226585197552029697,2020-02-09 19:14:34,"From droughts to floods, building resiliency against natural disasters is a critical need across America. Glad to join @GovJanetMills and @GavinNewsom at @NatlGovsAssoc to talk about steps states can take to protect our citizens. #WeTheStates https://t.co/sna4DLsysi"
1226526350724468742,2020-02-09 15:20:44,"Thanks to @SecBernhardt for hosting western governors and Cabinet secretaries at @Interior this morning! As chair of @westgov, grateful to have such strong partnerships as we drive our Reimagining the Rural West initiative. https://t.co/EIq1gnZ1aS"
1226286133174308865,2020-02-08 23:26:12,"Terrific discussion about energy today with Alberta Premier @jkenney and Acting Ambassador @KirstenHillmanA. Alberta leads oil and natural gas production in Canada, making them a valuable partner in promoting research and encouraging innovation in our energy industries! https://t.co/d1Cmlb9a1h"
1226275773750947840,2020-02-08 22:45:02,"Grateful to meet with the U.S.-Canada Inter-Parliamentary Group today as the #USMCA is in the process of being ratified by Canada. As North Dakota's largest trading partner, continuing our strong relationship with our neighbors to the north is essential to our state's economy. https://t.co/ZU3l3y1xf2"
1225910348273901573,2020-02-07 22:32:57,"Each state can be a platform for innovation, and that’s how North Dakota will seize the opportunities that lie ahead and solve the complex issues we face. Grateful to @politico for hosting today’s #StateSolutions Conference! https://t.co/1PcPRNlcbV"
1225855890777165826,2020-02-07 18:56:34,"Joining @POLITICOLive to talk about trade, energy, agriculture and all things North Dakota for the 10th Annual #StateSolutions Conference! Watch the livestream starting in five minutes at https://t.co/g7OKIIIehQ"
1225480829322833922,2020-02-06 18:06:12,"@FirstLadyND and I were grateful to see so many North Dakotans at the 68th #NationalPrayerBreakfast, including @jakefromfargo &amp; @camknutson. Blessed to take part in this time-honored, bipartisan tradition of expressing faith, enjoying fellowship &amp; celebrating our nation's values. https://t.co/i0rdbouV44"
1224921930454720512,2020-02-05 05:05:20,"Tonight President Trump outlined a vision for America that builds upon the economic growth, historic low unemployment and rising wages that have benefited citizens in North Dakota and across the nation under his administration. My full statement: https://t.co/w4YtN4y8kC"
1224814085906292736,2020-02-04 21:56:48,".@bakerboynd is a North Dakota success story, and they've made big investments in their operations in the past couple of years. Thanks for the tour today in Dickinson! https://t.co/1wRIpPMGP2"
1224425732388139009,2020-02-03 20:13:37,Terrific example of how building a statewide air traffic control network for UAS will enable smart decisions utilizing real-time data. Great partnership between McKenzie County and ISight RPV! https://t.co/4i3BXR6gCU
1224377072178663429,2020-02-03 17:00:16,"Exciting to see how oil and gas operators are responding to our challenge and pursuing cutting-edge technologies to enhance leak prevention and detection. Learn more about the iPIPE program at https://t.co/PNC9k8tyaQ  @EnergyofND #innovationoverregulation

https://t.co/Ev3oUXDxbo"
1223341761818451970,2020-01-31 20:26:19,Missed watching the State of the State address? Watch the full program at the link below! https://t.co/nvUmUYu7ly
1223282744022700032,2020-01-31 16:31:48,"Our entrepreneurs, risk-takers and innovators are helping lead North Dakota into the future. Grateful to spend time with some of the region's brightest leaders at 1 Million Thanks! https://t.co/CHmkCLPkBF"
1222709397295636480,2020-01-30 02:33:31,"#USMCA is a victory for American farmers, business owners and innovators, modernizing trade and strengthening our relationships with ND’s top 2 trading partners! Grateful to @USTradeRep and @POTUS for signing this historic deal and providing increased market access &amp; certainty. https://t.co/UClSnoEA4m"
1222644331745546240,2020-01-29 22:14:58,LaGrave on First provides an essential service in the Grand Forks community with permanent supportive housing. It’s a great example of how the state can utilize the Housing Incentive Fund to work together with communities to build affordable housing. https://t.co/WIB7H8cg8y
1222586258310017025,2020-01-29 18:24:13,Investing Legacy Fund earnings in infrastructure will support commerce and drive economic prosperity throughout our state. #NDSOTS20 #NDgov
1222586256762310656,2020-01-29 18:24:12,"To help turn the corner on rising property taxes and uneconomic patterns of development, legacy fund earnings should be used to incentivize smart development and not subsidize uneconomic growth. #NDSOTS20 #NDgov"
1222586254228967425,2020-01-29 18:24:12,"As we envision the needs of this generation and beyond, we find ourselves today with a $6.8 billion Legacy Fund that, if utilized correctly, will help North Dakota reach its full potential. #NDSOTS20 #NDgov https://t.co/rzI7NKj41t"
1222584916036157442,2020-01-29 18:18:53,"By partnering on these five strategic initiatives, together we can change this generation and chart a course for future generations. #NDSOTS20 #NDgov https://t.co/S9IWTFccFh"
1222581761542098950,2020-01-29 18:06:21,"Excited to announce the Dakota Strike career expo, inviting young people to explore dozens of careers and thousands of job openings in ag, energy, manufacturing, UAS, military, health care, and more! https://t.co/SETvNP2cIZ #NDSOTS20 #NDgov"
1222579712129687553,2020-01-29 17:58:12,"Over the last 3 years we've been dedicated to strengthening our government-to-government relationships with the 5 sovereign tribal nations with whom we share geography. Working together, we’ve honored that commitment, by listening first &amp; making real progress. #NDSOTS20 #NDgov"
1222576147185242112,2020-01-29 17:44:02,Team ND has saved taxpayers more than $1 million in avoided cost avoidance by providing standard back-end website technology for over 45 state agencies – all while providing a more consistent and user-friendly experience. #NDSOTS20 #NDgov #ReinventingGovernment https://t.co/FnNPMoBJDA
1222574290362667008,2020-01-29 17:36:39,"Together with the Legislature, we’re piloting a first-of-its-kind statewide network that will support UAS flights beyond visual line of sight. This newest form of air traffic control will us help us diversify our economy, w/applications for ag, energy, etc.! #NDSOTS20 #NDGov"
1222566843627528193,2020-01-29 17:07:04,"We’ve taken meaningful steps toward our goal of making North Dakota the most military-friendly state in the nation. This is important as we compete with other states and, more importantly, for honoring the service of our brave military men and women. #NDSOTS20 #NDgov"
1222565859211784193,2020-01-29 17:03:09,#NDSOTS20 #NDgov https://t.co/pW6UsjkMvt
1222564583241670657,2020-01-29 16:58:05,"North Dakota is a state driven by farmers, ranchers, entrepreneurs and innovators. A people dedicated to the future who achieve amazing things with a humility that requires no recognition. A people who give without expectation of receiving anything in return. #NDSOTS20 #NDGov https://t.co/gv0unpYtqu"
1222553640969428998,2020-01-29 16:14:36,Tune in to the 2020 State of the State at 10:30 a.m. at https://t.co/G11LZ7Y80W!  #NDSOTS20 #NDGov
1221850493619707909,2020-01-27 17:40:33,"On #HolocaustRemembranceDay, #WeRemember the 6 million men, women and children who were victims of a massive genocide carried out against the Jewish people. Seventy-five years later, we must never forget and continue to reject hatred to ensure this never happens again."
1221587106729988096,2020-01-27 00:13:56,See you in Grand Forks this Wednesday for the State of the State! #NDSOTS20 #NDpol https://t.co/6nrYrL0SMg
1220806590326083591,2020-01-24 20:32:27,"North Dakota continues to work with local, state &amp; federal partners – including the Office of National Drug Control Policy – to eliminate the stigma associated with the disease of addiction. 

Grateful to @FirstLadyND &amp; @ONDCP Director Carroll for their meaningful collaboration! https://t.co/y3rTROkiSA"
1220542585078538245,2020-01-24 03:03:23,North Dakota’s thriving economy is enabling a bright future full of opportunity. Great to be with hundreds of business leaders who are making it possible at the @bismanedc tonight! https://t.co/ggz7HbbOtP
1219708183524016128,2020-01-21 19:47:46,Grateful to @POTUS and @fema for approving our request for a major disaster declaration! This declaration will provide critical relief to local governments that incurred substantial costs from the historic early October rain and snowstorm. Read more: https://t.co/6YZPPWxgkL
1219389169652379649,2020-01-20 22:40:07,"High-speed connectivity is key to the prosperity of both our rural &amp; urban areas in North Dakota. We’re excited about the many investments being made across our state, including the first rollout of 5G service by @TMobile, &amp; for what’s to come to help ND reach its full potential!"
1219351406353768448,2020-01-20 20:10:04,"Thanks to all of the hardworking @NDHighwayPatrol troopers, NDDOT plow drivers, law enforcement officers and county &amp; city road crews who helped keep drivers safe and opened roads and rest areas after the big blizzard! #VisionZero https://t.co/Wr8X2SO67c"
1219268964259450880,2020-01-20 14:42:28,Dr. King's legacy of visionary leadership on civil rights and justice lives on today through the generations of people who have been inspired by his words to work toward a better world for their fellow Americans. #MLKDay https://t.co/cDpGaIRiHe
1218267192321593344,2020-01-17 20:21:47,"Approved 16 pardons today for low-level marijuana offenses through a new, streamlined process. By removing the stigma of these minor offenses, we can offer people a second chance at a healthy, productive life &amp; help address our state’s workforce shortage. https://t.co/bxoAdr9a72"
1217866379325595649,2020-01-16 17:49:06,"Great news on the Senate passing #USMCA, which will provide enhanced market access &amp; certainty for ND ag producers and manufacturers. Thanks to @SenJohnHoeven &amp; @SenKevinCramer for helping to push this bill through the Senate and to @POTUS for continuing to fight for fair trade. https://t.co/6LmyofZSZc"
1217533365840154629,2020-01-15 19:45:49,"With China pledging to buy $200B+ in additional US goods over the next 2 yrs, including $40B-50B in ag products, the Phase One trade deal is a major win for ND farmers &amp; ranchers. Thanks to @POTUS &amp; @USTradeRep for their efforts to improve trade fairness.  https://t.co/Ppiu2bZGuy"
1217505795690156033,2020-01-15 17:56:16,Deeply grateful to the leaders of North Dakota’s tribal nations and the hundreds of partners who are here to work together at this week’s Strengthening Government to Government Partnerships and Relationships Conference. https://t.co/cT0smeJoik https://t.co/EIRCkMaGoN
1216880072499585024,2020-01-14 00:29:52,Join us for the 2020 State of the State Address at 10:30am on January 29 at the Chester Fritz Auditorium in Grand Forks! https://t.co/OziPCk85nD
1216212577484754945,2020-01-12 04:17:29,"We celebrate big wins in a big way. Congratulations to the Bison on their eighth national championship in nine years.

Photo by @Threefold. https://t.co/r5m3WJHFwr"
1216093743058767873,2020-01-11 20:25:16,"Congrats to @Coach_Entz and the national champion Bison! With an amazing 37-game win streak and 8 out of the last 9 national titles, this @NDSUfootball team is one for the history books. Great matchup against JMU today – what a game! #GoBison🤘 https://t.co/hFrZzMjOkW"
1215806557168029698,2020-01-11 01:24:06,Bison Nation is ready for a great game in Frisco tomorrow! Great to see Easton Stick and all of the former players alongside thousands of fans in the crowd at tonight’s Pep Fest. Let’s go win a championship! #GoBison🤘 https://t.co/tAmaPjIf6o
1215748272947634181,2020-01-10 21:32:30,"Save the date! We're excited to host the Cybersecurity Education and Diversity Policy Summit on April 20 at @Bismarck_State.

We'll be joined by @GirlScouts CEO Sylvia Acevedo &amp; @PaloAltoNtwks President Amit Singh to discuss ND's model for cyber education. https://t.co/oNh6gyVDwo"
1215325425787920384,2020-01-09 17:32:15,"The 40-year-old NEPA process has grown more complex, creating multi-year delays for key infrastructure projects like including highways, bridges, pipelines &amp; flood protection. We thank @POTUS &amp; his administration's proposal to modernize &amp; streamline NEPA. https://t.co/W0eKhu9xWG"
1215308900951609351,2020-01-09 16:26:35,"Grateful to the men and women who put their lives on the line to protect the people of North Dakota each and every day. On #NationalLawEnforcementAppreciationDay, we thank all of the officers who keep us safe, including the dedicated troopers of the @NDHighwayPatrol. https://t.co/vrwE8tswDQ"
1215038612938665984,2020-01-08 22:32:34,Excited to deliver the 2020 State of the State Address later this month at the @UofNorthDakota’s Chester Fritz Auditorium. Hope to see you in @GrandForksCity on January 29! https://t.co/YvkqOZNnfi
1214245938597912576,2020-01-06 18:02:46,"Congratulations to North Dakota’s new Supreme Court Chief Justice Jon Jensen on receiving the gavel from Chief Justice Gerald VandeWalle, who provided exceptional leadership during his 27-year tenure, the longest-serving chief justice in state history. https://t.co/aBrTtstCxF"
1213187486723330055,2020-01-03 19:56:51,"Grateful to @SecBernhardt for addressing these concerns raised by ND landowners and to @SenKevinCramer and @SenJohnHoeven for bringing the issue to light -- ensuring a fairer, more collaborative process for all involved. https://t.co/ls3GA6vRUJ via @interior"
1212405008358088704,2020-01-01 16:07:34,Happy New Year! Wishing you a 2020 filled with gratitude and curiosity! https://t.co/64ADVaTY88
