id,created_at,text
1247294613288677382,2020-04-06 22:46:24,"Listen to @McConaughey:

“Staying home is not a retreat, it is the most brave and aggressive weapon we have against this enemy.” 

 #StayHomeSaveLives https://t.co/GacL7sV8ze"
1247247835843551232,2020-04-06 19:40:31,"NEW: CA has 14,336 confirmed positive cases of #COVID19.

2,509 of those cases are in our hospitals. 1,085 of those are in the ICU.

We’ve now identified up to 4,613 beds at new healthcare sites we’re building across CA—transforming arenas &amp; convention centers into places of care"
1247237725738033152,2020-04-06 19:00:21,TUNE IN NOW. https://t.co/7vxZlFiqAz
1247229110746636288,2020-04-06 18:26:07,RT @JenSiebelNewsom: Thank you @CoryBooker for spreading this #metoWE message. Let’s all remember in our most fearful moments to listen to…
1247228818445590530,2020-04-06 18:24:57,"RT @CountyofLA: LA County is working with state, federal &amp; local partners on Project Roomkey--an initiative to bring medically vulnerable p…"
1247207670655803395,2020-04-06 17:00:55,TUNE IN at 12pm for a #COVID19 update. https://t.co/fM7kgih3sA
1247191412719800327,2020-04-06 15:56:19,CA will continue to prepare and secure the equipment we need to keep our fellow Californians healthy while standing with other states in their moments of need.
1247191409766969344,2020-04-06 15:56:18,"In times of crisis, it’s more important than ever we are the UNITED States of America. CA is answering the call for Americans in NY and across the country, loaning 500 state-owned ventilators to those in need. I know, if the tables were turned, other states would be there for us."
1246977829117427713,2020-04-06 01:47:36,"RT @JenSiebelNewsom: We can each do our part to get through this crisis. 

Together we can: Stay Home. Save Lives. Check In."
1246564723270635520,2020-04-04 22:26:04,"RT @CAgovernor: Many Californians have stepped up to offer resources and supplies to help CA fight #COVID19. 

If you have a large amount o…"
1246520357546102784,2020-04-04 19:29:47,"NEW: CA has 12,026 confirmed positive cases of #COVID19.

2,300 of those who have tested positive are in our hospitals. 1,008 of those patients are in the ICU.

This disease can impact anyone. Stay home. Take this seriously. #StayHomeSaveLives"
1246512222928396292,2020-04-04 18:57:27,TUNE IN for a #COVID19 update. https://t.co/cWn6nnAKB3
1246497939188379648,2020-04-04 18:00:42,RT @CAPublicHealth: ICYMI: Yesterday @CAgovernor @GavinNewsom signed an executive order to expand protections to medical providers as they…
1246494114134110209,2020-04-04 17:45:30,"RT @CAgovernor: TUNE IN: Governor @GavinNewsom will provide an update today on the state’s response to the #COVID19 outbreak.

Watch live o…"
1246283441647136768,2020-04-04 03:48:21,"RT @yashar: 1. Important!

The state you live in, or a state(s) you used to live in, may owe you or your company/small business money

I'm…"
1246224592282062848,2020-04-03 23:54:31,"This is Adam and April. Adam’s an ER doc. April’s a clinical nurse. They have a beautiful 5-month-old daughter named Dylan.

To them -- and the hundreds of thousands of courageous CA healthcare workers on the frontlines of this pandemic -- THANK YOU. https://t.co/xYOL0xCw5H"
1246209671985152000,2020-04-03 22:55:13,"If you’re currently out of work -- check out this new website that will match Californians with critical jobs statewide.

Jobs are being added on a regular basis. —&gt; https://t.co/TBNFxMCjte"
1246164093674741760,2020-04-03 19:54:07,"NEW: With help from @FEMA we’re identifying 15,000 hotel/motel rooms to help house our most vulnerable homeless population -- a first in the nation effort.

Homelessness is a crisis that predates the current crisis. We're doing everything we can to meet it head-on."
1246157473674747911,2020-04-03 19:27:48,"NEW: CA has 10,701 confirmed positive cases of #COVID19.

2,188 of those who have tested positive are in our hospitals. 901 of those patients are in the ICU.

This disease can impact anyone. Stay home. Take this seriously. #StayHomeSaveLives"
1246152169348202496,2020-04-03 19:06:44,TUNE IN for a #COVID19 update. https://t.co/2GOMNyMrnF
1246109489687703552,2020-04-03 16:17:08,"The most impactful thing we can do is STAY HOME.

Practice physical distancing.

Take this seriously. https://t.co/KLw0Wf0mD1"
1246078691601289218,2020-04-03 14:14:45,"THANK YOU -- 

To all the teachers that have turned their living rooms into virtual classrooms and lessons into creative take-home packets.

To all the school employees that are making sure our kids stay fed and our students stay healthy. We are in debt to you."
1246075550487023617,2020-04-03 14:02:16,Tune in! https://t.co/0rnJIawLh5
1246075474620469259,2020-04-03 14:01:58,RT @TheView: COMING UP: California Gov. @GavinNewsom joins us from Sacramento to discuss how his state is handling the coronavirus pandemic…
1245937643180843008,2020-04-03 04:54:17,RT @CAgovernor: Governor @GavinNewsom today signed an executive order that will restrict water shutoffs to homes and small businesses while…
1245886776121495552,2020-04-03 01:32:09,"RT @CAgovernor: Q: #AskGovNewsom  what is the bitwise stir again? I was unable to find it. Thank you
- @JuniorV82110213

A: Hi Junior! It’s…"
1245886761328201728,2020-04-03 01:32:06,"RT @CAgovernor: Q: #AskGovNewsom What are you doing to address the serious EDD backlog?
- @yorrose

A: We have repurposed 200 state employe…"
1245886750389440515,2020-04-03 01:32:03,"RT @CAgovernor: Q: As the fifth largest economy in the work, can CA take even m… #AskGovNewsom
- @softwareweaver

A: 350 manufacturers have…"
1245886737588473857,2020-04-03 01:32:00,"RT @CAgovernor: Q: #AskGovNewsom With schools shutting for the rest of the year, what resources can the state help provide to teachers and…"
1245886725332668417,2020-04-03 01:31:57,"RT @CAgovernor: Q: Thanks so much for doing this 
@GavinNewsom! Beyond sheltering in place, what can Californians be doing to help our smal…"
1245886711449583616,2020-04-03 01:31:54,"RT @CAgovernor: Q: Are we seeing less people effected in California then we originally presumed? If so, are we going to continue our stay a…"
1245886699349008385,2020-04-03 01:31:51,RT @CAgovernor: Q: What do you say to people that still aren’t taking this seriously? Seeing people out and about not social distancing is…
1245824597334736896,2020-04-02 21:25:04,"RT @CAgovernor: NEW: Governor @GavinNewsom announced a package of state and federal assistance for CA small businesses, including a program…"
1245793075064004612,2020-04-02 19:19:49,"INCREDIBLE: over 70,000 people have stepped up and applied to help.

Let’s keep it going: https://t.co/EfQYLH7nZC https://t.co/Bju9tW9Khd"
1245792027595309056,2020-04-02 19:15:39,If you’re unemployed and are looking for work -- this new job matching website can help. 👇 https://t.co/SPxUWj3UDC
1245787252099141632,2020-04-02 18:56:41,TUNE IN -- about to give my daily #COVID19 update. https://t.co/XT4fY3mzVY
1245776633140633600,2020-04-02 18:14:29,I’ll be answering questions today around 1pm! #AsktheGov https://t.co/JIglxHydre
1245534680360730624,2020-04-02 02:13:03,"RT @JenSiebelNewsom: Today @GavinNewsom &amp; I spoke directly to teachers adjusting to the new distance learning reality. 

We know this momen…"
1245510908987629568,2020-04-02 00:38:35,"RT @CAgovernor: Communities count. 🏘️
Families count. 👨‍👨‍👧
We count. 👫🏾

Complete your #2020Census form online or via phone from the safet…"
1245492078013906944,2020-04-01 23:23:46,"I’m going to REPEAT. REPEAT. REPEAT.

The most important thing we can do is STAY HOME and practice physical distancing. That’s how we flatten the curve. https://t.co/3tg5w1woTO"
1245480164173070336,2020-04-01 22:36:25,"RT @AlexPadilla4CA: It's #CensusDay and EVERYONE needs to be counted.

I'm asking 5 of my friends to join the #CensusChallenge:
@MayorOfLA…"
1245479727780880385,2020-04-01 22:34:41,"RT @CAgovernor: Governor @GavinNewsom announced a major agreement between teachers, classified employees, school boards, superintendents, &amp;…"
1245471721395589120,2020-04-01 22:02:52,"There’s no greater intervention than physical distancing.

That’s how we flatten the curve.

That’s how we save lives.

By staying HOME. https://t.co/Fzo6NL4r1g"
1245468018928308224,2020-04-01 21:48:10,"RT @TheLeadCNN: CA Gov: All governors should issue stay at home orders now, what are they waiting for? @GavinNewsom discusses https://t.co/…"
1245460149151469569,2020-04-01 21:16:53,"NEW: CA has 8,155 confirmed positive cases of #COVID19.

1,855 of those who have tested positive are in our hospitals. 774 of those patients are in the ICU.

This disease can impact anyone. Take this seriously. #StayHomeSaveLives"
1245425515776708608,2020-04-01 18:59:16,TUNE IN NOW. https://t.co/ZG4XBISPQI
1245415843766235138,2020-04-01 18:20:50,RT @JenSiebelNewsom: Today is #CensusDay2020 and it is more important than ever that we get an accurate count to ensure our communities rec…
1245392716843741184,2020-04-01 16:48:56,We’re working around the clock to make sure we’re prepared for the worst while also putting measures in place to help us from reaching that point. We need more masks &amp; ventilators. But we also need folks to take this seriously. Stay home. Stop the spread. https://t.co/U4cWVigCuf
1245383655335182336,2020-04-01 16:12:56,"Just wanted to start the day saying THANK YOU to our dock workers, truck drivers, and warehouse workers -- making sure our stores are stocked and our hospitals get equipment. Thank you."
1245178397652733952,2020-04-01 02:37:18,"RT @CAgovernor: What was California's response to #COVID19 today? We launched Stay Home. Save Lives. Check In.

We all must do our part to…"
1245169303386599425,2020-04-01 02:01:10,"RT @CAgovernor: When California needs resources, Californians step up. 

@Virgin_Orbit has developed a new mass-producible bridge ventilato…"
1245158370824216576,2020-04-01 01:17:44,"California is an enterprising, modernizing, nation-state. 40 million strong. Together, we will get through this. https://t.co/PBTc7ukmak"
1245146425760952320,2020-04-01 00:30:16,These are dark times -- but I’ve also never been more inspired. Folks across our state are stepping up with the kind of innovative spirit that embodies the very best of what it means to be a Californian. https://t.co/tOnBmkT2Q7
1245138014243700736,2020-03-31 23:56:50,"RT @Rendon63rd: Older Californians- if you're in need of support or services during the #COVID19 outbreak, call this brand-new hotline laun…"
1245137683237634049,2020-03-31 23:55:31,"RT @RepBera: .@CAgovernor has launched a new hotline for older Californians. 👀👇

Please use this resource if you have any questions or need…"
1245133565169258497,2020-03-31 23:39:10,"RT @tedlieu: This is a terrific action being taken by Governor @GavinNewsom. Deeply grateful to all the medical professionals who are, or w…"
1245120700517502976,2020-03-31 22:48:02,"Listen to Larry David:

“You’re hurting old people like me. Well, not me...I’ll never see you.” 

#StayHomeSaveLives https://t.co/1f79k9I0q7"
1245074520030863361,2020-03-31 19:44:32,"CA has launched a hotline to deliver services and help for older Californians.

CALL: 1-833-544-2374.

Social isolation is real. During these trying times it’s important to check in with our loved ones.

Stay Home. Save Lives. Check In."
1245067970394517504,2020-03-31 19:18:31,"NEW: CA has 6,932 positive cases of #COVID19.

1,617 of those who have tested positive are in our hospitals. 657 of those patients are in the ICU.

Over the next few weeks we expect these numbers to increase. This disease can impact anyone. Stay home. Take this seriously."
1245063457084305408,2020-03-31 19:00:34,TUNE IN for a #COVID19 update. https://t.co/4p0FDuT9gI
1245048015066296322,2020-03-31 17:59:13,"RT @JenSiebelNewsom: Today is #EqualPayDay and one year since we launched #EqualPayCA, a campaign to close the wage gap in CA. Now, the wor…"
1244837447298502656,2020-03-31 04:02:30,RT @TheDailyShow: Here's the full interview with Governor @GavinNewsom: https://t.co/TpMKErQ065
1244822049870106624,2020-03-31 03:01:19,"We need more masks. We need more ventilators. But we also need more PEOPLE.

That means every doctor, nurse, EMT, and more -- we need your help.

Together, we can meet this moment.

https://t.co/wAbISmjFuS"
1244818799812993024,2020-03-31 02:48:24,"RT @CAgovernor: 🎥 The Daily California Response is here! 

Today we launched the #CAHealthCorps to expand California’s health care workforc…"
1244799539321561088,2020-03-31 01:31:52,"""It's important for people to step in and just do whatever they can, even if it helps just one person.""

That’s the CA spirit.

Shaivi -- you’re an inspiration to us all!! https://t.co/NfHJXMVS9F"
1244709952712617984,2020-03-30 19:35:52,"NEW: California has 1,432 COVID-19 positive patients in hospital beds.

597 of those patients are in ICU beds.

Over the next few weeks these numbers will increase. We’re working around the clock to get the equipment, medical staff, and beds we will need to meet this moment."
1244702780662538240,2020-03-30 19:07:23,"Medical professionals are the heroes of this moment.

We need ALL healthcare workers out in the field. This is an all hands on deck situation as we prepare for what’s ahead.

Doctors, nursing students, EMTs &amp; more--CA needs YOU.

Sign up. Spread the word: https://t.co/EfQYLH7nZC"
1244700849588166658,2020-03-30 18:59:42,TUNE IN NOW. https://t.co/DJstDGWOfb
1244667473040818178,2020-03-30 16:47:05,"To every doctor and healthcare worker out there on the front lines of this pandemic -- THANK YOU.

Thank you for your tireless work to keep our communities safe and your willingness to risk your own health to help save others.

You are true heroes. #NationalDoctorsDay"
1244490980243296257,2020-03-30 05:05:45,"RT @JenSiebelNewsom: As we get ready to start another week of shelter in place, remember you can still access essential needs - but we need…"
1244379170269851648,2020-03-29 21:41:28,RT @CAStateParks: Continued visitation surges @ state parks yesterday have resulted in the closing of vehicle access @ ALL 280 state parks.…
1244379104343814144,2020-03-29 21:41:12,"RT @CAgovernor: ➡️ 90-day grace period for mortgage payments 
➡️ No negative credit impacts resulting from relief 
➡️ 60-day moratorium on…"
1244029584808402945,2020-03-28 22:32:20,"LA received 170 broken ventilators from the national stockpile. Rather than complaining, we put them on a truck, drove them up overnight, and had @Bloom_Energy get to work fixing them.

Monday they‘ll back in LA--fixed.

That’s the spirit of CA. https://t.co/y8yzsiC3Ny"
1243994410632663040,2020-03-28 20:12:34,RT @CAgovernor: Governor @GavinNewsom provides a #COVID19 update from @Bloom_Energy's ventilator refurbishing site with San Jose Mayor @SLi…
1243989933166956545,2020-03-28 19:54:46,"I’m at Bloom Energy’s warehouse. 

They have partnered with the state and transformed their facility to refurbish life-saving ventilators.

Their goal is to send out 80-100 a day.

This kind of innovative spirit is exactly what CA is all about. https://t.co/MyB0pibiAp"
1243960698163486720,2020-03-28 17:58:36,"Headed to Bloom Energy today. Through a partnership with CA, Bloom has transformed its facility to rapidly refurbish life-saving ventilators.

CA companies are stepping up and stepping in to help us meet this moment together. https://t.co/IiTs1H2izm"
1243931882288328704,2020-03-28 16:04:06,Listen to @kenjeong. #StayHomeSaveLives https://t.co/T5ipzDGBFv
1243921540309123077,2020-03-28 15:23:00,RT @MayorOfLA: Thank you @CAGovernor for your leadership in confronting the COVID-19 crisis and supporting us with resources to prevent the…
1243658501097803777,2020-03-27 21:57:47,RT @CoveredCA: Are you concerned about the #Coronavirus and need health coverage? You can enroll now in a health plan through #CoveredCA du…
1243644006061322240,2020-03-27 21:00:11,"NEW: CA now has a statewide moratorium on residential evictions for those impacted by #COVID19. This will be in place until at least the end of May.

No one should lose their home because of COVID-19.

LEARN MORE: https://t.co/xtXFwVeWc2"
1243632186999189504,2020-03-27 20:13:13,TUNE IN. Live now. 👇 https://t.co/aE33dDygLx
1243630680870809600,2020-03-27 20:07:14,TUNE IN. https://t.co/bpCDest4Xa
1243622968715907073,2020-03-27 19:36:35,"Greeting the #USNSMercy as it arrives in Los Angeles. The ship will serve as an additional hospital with up to 1,000 beds. https://t.co/x0LfLiY5g7"
1243606936152461312,2020-03-27 18:32:53,"The USNS Mercy hospital ship docked this morning in Los Angeles.

Grateful to the @USNavy for helping increase our hospital capacity during the #COVID19 outbreak. https://t.co/jJo02NfZd7"
1243605095419236352,2020-03-27 18:25:34,"RT @CAgovernor: ➡️An additional $600/week in unemployment insurance
➡️Emergency loans &amp; grants to help small businesses &amp; non-profits
➡️Dir…"
1243335018761469952,2020-03-27 00:32:23,"RT @CAgovernor: .@Bloom_Energy is working quickly to refurbish ventilators to meet this moment!

If you know of organizations that have out…"
1243334903950802944,2020-03-27 00:31:55,"RT @JenSiebelNewsom: 🚨Calling all Californians!🚨Food Banks across the state need our help. 

Watch the video below and go to https://t.co/Y…"
1243271060629254144,2020-03-26 20:18:14,"Yesterday, Ms. Nancy, Omar, and Nowell took the time to chat with me about how a 90-day grace period can help provide some relief to their families.

These are unprecedented times, but I believe that together Californians can meet this moment. https://t.co/PcsuES40w1"
1243267801675993090,2020-03-26 20:05:17,"RT @CAgovernor: Yesterday, Governor @GavinNewsom announced a major financial relief package for those impacted by #COVID19. 

@RepKatiePort…"
1243244826847375360,2020-03-26 18:33:59,"Eternally grateful for your leadership and mentorship -- especially during these trying times. Happy birthday, @SpeakerPelosi.

(📸: @AP) https://t.co/sfnoS2qgK5"
1242965263856717825,2020-03-26 00:03:06,"Staying at home will reduce the spread of #COVID19 and will save lives. But what does that mean? What’s open? What’s closed? 👇

#StayHomeSaveLives https://t.co/FDjpCfJ5Kf"
1242959736422584322,2020-03-25 23:41:08,"Thank you, @netflix. https://t.co/FeaPvUnonB"
1242931590637817856,2020-03-25 21:49:18,Listen to @kumailn. #StayHomeSaveLives https://t.co/IaHSkWJi68
1242915578534219776,2020-03-25 20:45:40,"UPDATE: CA has tested almost 67,000 people for #COVID19. 

2535 have tested positive. 37 of those were people under 17. 51% were between ages of 18-49.

This disease can impact anyone. Stay home. Practice social and physical distancing. Take this seriously."
1242911256752709632,2020-03-25 20:28:30,"UPDATE: California has distributed 24.5 million N95 masks. We have now ordered 100 million new masks.

But it isn’t enough. We’re working around the clock to secure the personal protective equipment needed for those on the frontlines of #COVID19."
1242905395011538947,2020-03-25 20:05:12,"Families should not lose their homes because of COVID-19.  Very pleased that Wells Fargo, Citi, JPMorgan, and US Bank have agreed to a 90 day grace period for mortgage payments for those impacted by #COVID19.

A big sigh of relief for millions of CA families."
1242900591111581696,2020-03-25 19:46:07,Making a major announcement. Tune in now. https://t.co/5aDItjDm9P
1242897303528079360,2020-03-25 19:33:03,TUNE IN at 12:45 — I’ll be making a major announcement that will help families during the #COVID19 outbreak. 👇 https://t.co/87XE26tmQS
1242876265356394496,2020-03-25 18:09:27,"RT @CAgovernor: To reduce the #COVID19 risks in correctional settings, Governor @GavinNewsom issued an executive order directing the @CACor…"
1242857485330874368,2020-03-25 16:54:50,"Just wanted to start off the day saying THANK YOU --

to our first responders, firefighters, and law enforcement officers in our communities making sure we stay safe. Grateful for your work during this unprecedented time."
1242625249964724224,2020-03-25 01:32:01,"RT @CAgovernor: Today, Governor @GavinNewsom met with military leaders to plan for the arrival of the USNS Mercy Hospital Ship ahead of its…"
1242610132527116289,2020-03-25 00:31:56,TUNE IN NOW. https://t.co/oqcE0YzVBv
1242610103074689026,2020-03-25 00:31:49,"RT @CAgovernor: TUNE IN: Governor @GavinNewsom provides a Facebook Live update on the state’s response to #COVID19. 

📹: https://t.co/jzKZR…"
1242608174957395968,2020-03-25 00:24:10,"Today, California’s Office of Emergency Services delivered 4,200 N95 masks, 1,000 face shields and 5,500 surgical masks to Queen Of The Valley Hospital in Napa and the Napa County Emergency Operations Center. https://t.co/g2aExzgAla"
1242587634003673088,2020-03-24 23:02:32,RT @JenSiebelNewsom: The Neighbor-to-Neighbor campaign   with @CalVolunteers &amp; @Nextdoor is all about embracing our CA values of generosity…
1242587575736393728,2020-03-24 23:02:18,"RT @kerrywashington: I sat down with California’s brilliant Surgeon General, @DrBurkeHarris to get some of your ?s answered. Stay kind, sta…"
1242563768241934336,2020-03-24 21:27:42,"RT @CalGuard: Soldiers with the Cal Guard's 315th Engineers, were on site at the @FINDFoodBank  in  Indio, Calif. assisting staff members a…"
1242494732132945921,2020-03-24 16:53:23,Listen to Will Ferrell. Party with the people you live with. #StayHomeSaveLives https://t.co/kNmdaHfxf8
1242255694654353409,2020-03-24 01:03:32,Listen to @SnoopDogg. #StayHomeSaveLives https://t.co/VdruzU8fb6
1242233103663292417,2020-03-23 23:33:46,LIVE NOW. Tune in. https://t.co/ZsrmivPwtT
1242208178831409152,2020-03-23 21:54:43,RT @CAgovernor: TUNE IN: Governor @GavinNewsom and state health officials will provide an update today on the state’s response to the #COVI…
1242198231578062848,2020-03-23 21:15:11,"A disease is not a reason to be racist. We simply will not tolerate any form of xenophobia. This is a time to come together. To recognize our common humanity.

We will get through this -- together. https://t.co/fRJzYLmtGa"
1242162513619202048,2020-03-23 18:53:16,RT @CAgovernor: California has opened two new #COVID19 community based testing sites in partnership with @verilylifesci in Lake Elsinore in…
1241881305739972608,2020-03-23 00:15:50,"President Trump has approved our request to deploy the #USNSMercy to Los Angeles. Grateful for the quick response and partnership, @realDonaldTrump. https://t.co/hN7wJfQz1n"
1241783506553851904,2020-03-22 17:47:13,"RT @CAgovernor: Todos podemos hacer nuestra parte para mantener a California saludable.
 
Dra. Nadine Burke Harris comparte pasos fáciles y…"
1241756056553836546,2020-03-22 15:58:09,"Grocery stores are open. You can still pick up your prescription. You can still take your dog on a walk.

But you should also use common sense when doing all these things. Practice social distancing. Wash your hands. Wipe down your phone. https://t.co/0QYIktdRYN"
1241754425154088965,2020-03-22 15:51:40,Thank you @tim_cook! https://t.co/lmPqsgS5x7
1241744314071257095,2020-03-22 15:11:29,"RT @CAgovernor: Yesterday, @GavinNewsom deployed the @CalGuard to provide short-term food security to isolated and vulnerable Californians.…"
1241743462669512704,2020-03-22 15:08:06,RT @Teamsters: Thank you Gov. @GavinNewsom for the shout-out &amp; recognizing the important role of #Teamsters during this crisis. From proces…
1241519860850384897,2020-03-22 00:19:35,RT @CAgovernor: Governor @GavinNewsom and state health officials provide an update on California’s response to the #COVID19 outbreak.  http…
1241517819667210240,2020-03-22 00:11:29,TUNE IN AT 5:15. https://t.co/oVWinwahbe
1241501819785760769,2020-03-21 23:07:54,"What’s closed?

- Dine-in restaurants 
- Bars and nightclubs 
- Entertainment venues 
- Gyms and fitness studios 
- Public events and gatherings 
- Convention Centers
- Hair and nail salons"
1241501818309373952,2020-03-21 23:07:54,"You may be asking...What does CA’s stay at home order MEAN? What can I do? What’s open?

Essential services will remain open like:
- Gas stations 
- Pharmacies
- Grocery stores
- Food banks
- Take-out &amp; delivery
- Banks
- Laundry 
- Essential state and local government functions"
1241477638771724288,2020-03-21 21:31:49,"RT @CAgovernor: This week, CA began receiving supplies from the Strategic National Stockpile including N95 masks, surgical masks, face shie…"
1241412950331514881,2020-03-21 17:14:46,"RT @Nextdoor: 👋 Welcome to #nextdoor, @CAgovernor @GavinNewsom! “Now more than ever we must create a culture of WE over me.” How Nextdoor i…"
1241373043617751040,2020-03-21 14:36:11,"RT @CalVolunteers: It’s in these times of crisis that Californians are at their best, coming to the aid of those in their community who are…"
1241243857267740675,2020-03-21 06:02:51,RT @CAgovernor: NEW: What does CA’s stay at home order mean? What’s an essential activity? What businesses are exempt? Is going outside ok?…
1241132716235476993,2020-03-20 22:41:13,RT @KamalaHarris: The @RedCross is calling on those who feel healthy to give blood to ensure a sufficient supply for those who need it most…
1241096146430259200,2020-03-20 20:15:54,"We have the capacity to meet this moment -- but only if we change our behaviors. 

We don't want to look back with regrets -- not when the data points to where this could be headed.

Let's bend the curve TOGETHER. https://t.co/Nzg4DZXThA"
1241020738452074497,2020-03-20 15:16:15,"RT @RepAdamSchiff: Last night, California issued a mandatory, statewide order to stay at home.

Essential services like health care, grocer…"
1241020711432409090,2020-03-20 15:16:09,RT @KamalaHarris: Grateful for Governor @GavinNewsom’s leadership to protect Californians and flatten the curve. Learn what this means for…
1241007486422757378,2020-03-20 14:23:36,"Just wanted to start off the day saying THANK YOU to every -- 

grocery store worker, pharmacist, and delivery worker that are helping us get though this together."
1240886049162670081,2020-03-20 06:21:03,RT @CAgovernor: Governor @GavinNewsom issued a stay at home order to protect the health and well-being of all Californians and to establish…
1240820390407991296,2020-03-20 02:00:09,"CA is issuing a statewide, mandatory STAY AT HOME order.
 
Those that work in critical sectors should go to work. Grocery stores, pharmacies, banks and more will stay open.

We need to meet this moment and flatten the curve together.

Go to https://t.co/xtXFwVeWc2 to learn more."
1240814423658221570,2020-03-20 01:36:26,Making a major announcement. Tune in now. https://t.co/Yjet7ojZqf
1240812662574829568,2020-03-20 01:29:26,I’ll be going live shortly to make a major #COVID19 announcement. TUNE IN. https://t.co/vwq4S7LnqW
1240752997371535360,2020-03-19 21:32:21,"RT @CAgovernor: ""Embracing CA’s values of inclusivity, generosity &amp; community – &amp; understanding that our fates are intertwined – is critica…"
1240729426607747072,2020-03-19 19:58:41,.@CalFTB is extending the tax filing deadlines for all Californians to JULY 15. 👇 https://t.co/uAjysr5MnR
1240659699218833409,2020-03-19 15:21:37,"Thank you -- 

To our doctors.

To our nurses. 

To ALL our healthcare workers out there. 

You’re on the front lines in a whole new way these days.

Eternally grateful for your service."
1240444600075964417,2020-03-19 01:06:53,Answering a few questions tonight from you all on Facebook live. Tune in now... https://t.co/ORchdb036o https://t.co/HZkMBEWv6L
1240439737246081024,2020-03-19 00:47:34,LIVE NOW. Tune in 👇 https://t.co/dYfmCiTh7F
1240435277790736384,2020-03-19 00:29:51,"I’ll be going live shortly to give a #COVID19 update. 

TUNE IN: https://t.co/wFSAHEcs8q"
1240423458770530304,2020-03-18 23:42:53,"RT @JenSiebelNewsom: As Californian's grapple with new and growing challenges and hardships, it is critical that those who can lend a helpi…"
1240405911203610626,2020-03-18 22:33:09,"No one should lose access to basic benefits that help them live healthy, productive lives during this time.

Now — you can keep your benefits like:

-Medi-Cal health coverage
-CalFresh food assistance
-CalWORKS
-Cash Assistance for Immigrants
-In-Home Supportive Services. https://t.co/LIwY9mPLPo"
1240390192063639552,2020-03-18 21:30:41,"RT @CAgovernor: Taking action to ensure key commodities can be delivered to CA retailers in a timely manner during the #COVID19 outbreak, G…"
1240116717822578688,2020-03-18 03:24:00,RT @chefjoseandres: Love all initiatives of @GavinNewsom @CAgovernor that California is putting in play! Ahead of the pack....happy that @W…
1240061827666472960,2020-03-17 23:45:53,RT @JenSiebelNewsom: Proud of @GavinNewsom and the team's leadership during this unprecedented time. Tune in now for the latest updates.
1240059924568084480,2020-03-17 23:38:19,Live now. 👇 https://t.co/gYl4wQB18I
1240056420017377281,2020-03-17 23:24:24,TUNE IN SOON. 👇 https://t.co/vcNcjaYHnV
1240019678702874624,2020-03-17 20:58:24,"RT @JenSiebelNewsom: Creating a culture of WE vs. me something we need now more than ever. 

There are still plenty of ways to safely help…"
1239772965014654977,2020-03-17 04:38:03,No one should be forced out of their home because of #coronavirus. https://t.co/GiAKjp8JiW
1239765279539789825,2020-03-17 04:07:31,"RT @CAGoBiz: “We just got that approval from the federal government [...] as a consequence of moving fast, we can move now...”

@CAgovernor…"
1239746330479624192,2020-03-17 02:52:13,"RT @CAgovernor: LIVE NOW: @GavinNewsom gives a #COVID19 update. 

Watch here: https://t.co/Zeb2FKtAmw https://t.co/5gQkQVHC5Z"
1239744423178747905,2020-03-17 02:44:38,"LIVE NOW. 

TUNE IN: https://t.co/ORchdaIseQ https://t.co/mpyS1HseYl"
1239738731013136384,2020-03-17 02:22:01,"I’ll be giving a #COVID19 update shortly on Facebook live.

TUNE IN: https://t.co/ORchdb036o https://t.co/mpyS1HaDzL"
1239718052498788352,2020-03-17 00:59:51,"If you're experiencing symptoms of #COVID19 or may have had contact with a person with COVID-19, call your provider or local public health department FIRST before seeking medical care so appropriate precautions can be taken.

MORE INFO: https://t.co/PJjVGRACg6"
1239684893103120386,2020-03-16 22:48:05,"RT @maxbrooksauthor: A message from me and my dad, @Melbrooks. 

#coronavirus #DontBeASpreader https://t.co/Hqhc4fFXbe"
1239683093763481601,2020-03-16 22:40:56,"RT @CAgovernor: ""We must rise to the challenge facing our state with every tool at our disposal and without a second of delay.""

Governor G…"
1239675916889907200,2020-03-16 22:12:25,"RT @Schwarzenegger: Stay at home as much as possible. Listen to the experts, ignore the morons (foreheads). We will get through this togeth…"
1239675501033033728,2020-03-16 22:10:46,A few ways you can help out your community 👇 https://t.co/Sd5RlgRy11
1239610363080929280,2020-03-16 17:51:56,"We know many of our students depend on school lunch for a nutritious meal.

CA is working to keep our kids fed.

Please contact your local school or district for more info. 👇 https://t.co/fXSVs8Zs6X"
1239309430975369216,2020-03-15 21:56:08,"We must protect our most vulnerable to #COVIDー19 and ensure essential parts of our society can keep functioning like:

- our healthcare system
- grocery stores
- pharmacies
- social service providers

And that people who can continue to work safely &amp; remain productive can do so."
1239309428903391232,2020-03-15 21:56:07,"We’re working in real time to secure hotels, motels, and trailers to house our homeless safely and protect our communities and the spread of #COVIDー19."
1239309418497363968,2020-03-15 21:56:05,"NEW: Those that are 65 and older or vulnerable to #COVIDー19 must practice home isolation.

Bars, night clubs, wineries, and breweries should close in CA.

Restaurants -- focus on takeout for those isolating. Maximize social distancing."
1239292526491652096,2020-03-15 20:48:57,TUNE IN. https://t.co/O1Sy3mQWwN
1239273731186286592,2020-03-15 19:34:16,"RT @CAgovernor: Protecting the health and safety of Californians requires a foundational public health model for testing.

CA is partnering…"
1239232506286596096,2020-03-15 16:50:27,"RT @CAgovernor: You don’t have to be diagnosed with #COVID19 to take a paid sick day.
 
You may be able to use Paid Sick Leave (PSL) for pr…"
1238917002355306496,2020-03-14 19:56:45,"RT @CAgovernor: CA is working to keep kids fed.

Governor @GavinNewsom’s executive order provides that even if schools close because of #CO…"
1238836895288668161,2020-03-14 14:38:26,"RT @PodSaveAmerica: “We want to maximize inconvenience to the issues that are non-essential, so that we can minimize the impact on things t…"
1238635495237636096,2020-03-14 01:18:09,RT @CAgovernor: Governor Gavin Newsom issued an executive order ensuring CA public schools serve students in the event of a #COVID19 closur…
1238621855205867520,2020-03-14 00:23:57,RT @Schwarzenegger: I tried to do a hand-washing tutorial for Cherry but I think you guys will pay more attention. Be safe. Wash your hands…
1238267600552902656,2020-03-13 00:56:16,"RT @BarackObama: If you’re wondering whether it’s an overreaction to cancel large gatherings and public events (and I love basketball), her…"
1238248068421746690,2020-03-12 23:38:39,"RT @jonfavs: New pod! Some much-deserved ranting about Trump, and a very helpful/informative conversation between @danpfeiffer and @GavinNe…"
1238224457996439552,2020-03-12 22:04:50,"BREAKING: CA has waived the 1 week waiting period for those unemployed or disabled as a result of COVID-19.

If a medical professional says you’re unable to work, if your hours have been reduced, or your employer has shut down -- you can file a claim. 
—&gt; https://t.co/EHzOdKgoV3"
1238209931410460672,2020-03-12 21:07:07,"California has put out a new policy ending mass gatherings of 250+ people to slow the spread of coronavirus. We’ve been working with companies like Disney to meet it.

@Disney has agreed to shut down their CA parks. Expect more to come... https://t.co/RlmTaFL2EK"
1238157865711333377,2020-03-12 17:40:13,LIVE NOW. 👇 https://t.co/ORWxgrczX9
1238157764532174848,2020-03-12 17:39:49,RT @CAgovernor: LIVE NOW: Governor @GavinNewsom and state health officials provide an update on the state’s response to #COVID19. https://t…
1238125931568365569,2020-03-12 15:33:20,"Changing our actions now will save lives in the days and weeks to come.

To protect the public health, CA has issued an updated policy --

Gatherings with 250+ people should be rescheduled or canceled at least through the end of March.

MORE: https://t.co/u5A2WbHBO3"
1237899398920585217,2020-03-12 00:33:10,"It’s simple: 
DO listen to public health officials. 
DON’T be racist. https://t.co/bPnQbAoBmJ"
1237872117162496003,2020-03-11 22:44:45,"RT @CAPublicHealth: California has released guidances for colleges, schools, and large events to prepare and protect Californians from #COV…"
1237872105095487488,2020-03-11 22:44:43,"RT @CAPublicHealth: The State of California has released guidances for schools, colleges, and large events to prepare and protect Californi…"
1237521451776786432,2020-03-10 23:31:20,"RT @QuickTake: “Testing is top of mind in the state of California.” 

Gov. @GavinNewsom said 1,075 individuals have been tested for #corona…"
1237505019944914944,2020-03-10 22:26:03,"RT @QuickTake: “It is incumbent upon seniors and those with any medical conditions not to go on cruise ships.”

@GavinNewsom detailed Calif…"
1237478607208906752,2020-03-10 20:41:05,RT @CAgovernor: Governor @GavinNewsom and state health officials hold a media availability to provide an update on the state’s response to…
1237470361320476672,2020-03-10 20:08:19,RT @CAgovernor: Governor @GavinNewsom and state health officials will hold a media availability today to provide an update on the state’s r…
1237443583528931328,2020-03-10 18:21:55,"RT @CAgovernor: California is continuing to prepare &amp; respond to #COVID19 in coordination with federal and local partners, hospitals and ph…"
1237164108144734209,2020-03-09 23:51:23,Thank you @chefjoseandres and @WCKitchen for your support!! https://t.co/QrBL2bQo7U
1237154607198924803,2020-03-09 23:13:38,"If you’re unable to work because you’re caring for a sick or quarantined family member with Coronavirus, you can file a Paid Family Leave claim.

MORE INFO: https://t.co/EHzOdKgoV3"
1237125847766544384,2020-03-09 21:19:21,"If your hours have been reduced or your employer has shut down operations due to Coronavirus -- you can file an Unemployment Insurance claim.

MORE INFO: https://t.co/EHzOdKgoV3"
1237111491989393408,2020-03-09 20:22:18,"If a medical professional says you are unable to work due to having or being exposed to the Coronavirus -- you can file a Disability Insurance claim. 

MORE INFO: https://t.co/EHzOdKgoV3"
1237092765814550528,2020-03-09 19:07:54,"For many students, school lunch may be the only nutritious meal they receive. 

That’s why CA has allowed school meal programs to continue to run even if a school is temporarily closed. https://t.co/VZPxBb9vds"
1236121951979986944,2020-03-07 02:50:14,"Sing them. Hum them. Whistle them. Tap your foot to them. 

Just please wash your hands.

👇👇👇 https://t.co/VRXmzId8nr"
1236089219073716224,2020-03-07 00:40:09,RT @CAgovernor: Governor @GavinNewsom's emergency proclamation will make additional resources available in response to the global #COVID19…
1236079396819046402,2020-03-07 00:01:08,"Tips on washing your hands...

1) Wet hands with clean, running water

2) Lather hands — rubbing them together with soap. Backs of your hands. Between fingers. Under nails.

3) Scrub hands for at least 20 seconds (hum the Happy Birthday song from beginning to end 2x!)

4) Rinse."
1235740745325142016,2020-03-06 01:35:27,BREAKING: we have ordered health insurance companies to waive ALL out-of-pocket costs for preventive coronavirus testing. https://t.co/5LWWoOqx2r
1235720739744931840,2020-03-06 00:15:57,"RT @CAPublicHealth: For the latest updates on Coronavirus Disease 2019, also known as COVID-19, please visit https://t.co/TLLUGwPGY7.

#COV…"
1235648036270817281,2020-03-05 19:27:03,"RT @CAPublicHealth: Multiple public health laboratories throughout the state have received #COVID19 test kits, expanding California’s testi…"
1235393527971893248,2020-03-05 02:35:44,4 ways you can help prevent the spread of coronavirus: https://t.co/49oggxYhrI
1235378976291356672,2020-03-05 01:37:54,RT @LondonBreed: Thank you Governor @GavinNewsom for your leadership. This state of emergency will help provide further resources for San F…
1235354600518987776,2020-03-05 00:01:03,RT @CAgovernor: LIVE: Governor @GavinNewsom and State Health Officials hold a #COVID19 briefing in Sacramento.  https://t.co/epnqSKL40h
1235345446131945472,2020-03-04 23:24:40,RT @CAgovernor: Governor @GavinNewsom and state health officials will hold a press briefing on the state’s response to COVID-19 today at th…
1235029648662130688,2020-03-04 02:29:48,"CALIFORNIA: You still have time to vote!

Polls close at 8:00PM.

As long as you are in line by 8PM, you will be able to vote.

If you run into any issues, you can contact the voter hotline: 800-345-VOTE(8683)."
1234963502571220992,2020-03-03 22:06:58,"RT @AFSCME: Vote YES on Proposition 13 today to make sure that the schools with the most need, not the most lobbyists, get the funding need…"
1234963226854477824,2020-03-03 22:05:52,RT @YesOnProp13: Don't be misled by trolls and bots. The #Prop13SchoolBond has nothing to do with property taxes. Join @GavinNewsom @Bernie…
1234946599349960704,2020-03-03 20:59:48,"Your vote is your tool for change.

Use it.

Find your polling place here:
https://t.co/H8H63rFd6b https://t.co/QyVS4S9Ff5"
1234930025108930561,2020-03-03 19:53:56,"Keeping your hands clean will help prevent the spread of coronavirus.

Seriously, @amazon? These prices are absurd. https://t.co/S10EcBMzWn"
1234907564774576128,2020-03-03 18:24:41,.@JenSiebelNewsom and I voted!! Did you? Polls close at 8pm! 🇺🇸 https://t.co/cG8sWnBvcd
1234853133957976067,2020-03-03 14:48:24,"CALIFORNIA: TODAY is Election Day!

Polls are open from 7:00AM to 8:00PM.

As long as you are in line by 8PM, you will be able to vote.

If you run into any issues, you can contact the voter hotline: 800-345-VOTE(8683).

Find your polling place here:
https://t.co/H8H63rnCeD"
1234737689032716289,2020-03-03 07:09:40,"RT @KamalaHarris: A reminder for Californians: Polls are open tomorrow from 7:00 a.m. to 8:00 p.m. 

If you haven’t already registered to v…"
1234701141918666752,2020-03-03 04:44:26,"Thank you, Esra for inspiring us all today. You make California a better place. https://t.co/W1HhhzV07O"
1234680799397416960,2020-03-03 03:23:36,RT @BernieSanders: It is unacceptable that our students are attending schools that don’t meet basic health and safety standards. The Propos…
1234670687903567877,2020-03-03 02:43:25,"""It's a man's world...until we change it.""

@jensiebelnewsom once again calling it like it is!! https://t.co/tYhba7dAG7"
1234669518535872517,2020-03-03 02:38:46,".@HollyJMitchell's public service has been defined by her tireless fight to uplift some of California's most vulnerable communities. She is a fighter that gets results.

LA County go vote for Holly Mitchell for Los Angeles County Board of Supervisors!!  https://t.co/TRRLe0NRUq"
1234622355755814912,2020-03-02 23:31:22,RT @AlexPadilla4CA: California's early presidential primary is TOMORROW! Here are a few resources to keep handy as you get ready to vote:…
1233975776141135873,2020-03-01 04:42:05,".@TomSteyer has been a progressive, powerful voice on the national stage --  determined to address some of the most urgent issues of our time, like the (very real) climate crisis we face.

Thank you for your leadership and advocacy. Let’s keep up the fight in CA."
1233888237455736832,2020-02-29 22:54:15,"RT @AlexPadilla4CA: Proud to stand with Governor @GavinNewsom, parents, teachers, school administrators, and leaders across our state in su…"
1233808730468147200,2020-02-29 17:38:19,"RT @ewarren: As a former teacher, I know how important well-maintained classrooms are for our children. That’s why I support the Propositio…"
1233808361176498176,2020-02-29 17:36:51,"RT @CAPublicHealth: New CDC test kits to detect Coronavirus Disease 2019 (COVID-19) are now available in California, and can be used to do…"
1233508868883386370,2020-02-28 21:46:46,"Some basic steps you can take to keep yourself healthy:
- Wash your hands with soap and water.
- Avoid touching eyes, nose or mouth with unwashed hands. 
- Avoid close contact with people who are sick. https://t.co/RQgeD3Ehcl"
1233235249363992577,2020-02-28 03:39:30,RT @sliccardo: We need immediate solutions to the housing and homelessness crisis. Bridge Housing Communities in San José embody @CAgoverno…
1233217891304013825,2020-02-28 02:30:32,RT @CountyofLA: More housing for those in need. Trailers sent by @CAgovernor @GavinNewsom arrived in Crenshaw today to help families experi…
1233069994990157824,2020-02-27 16:42:50,RT @CAgovernor: TODAY: State health officials and Governor @GavinNewsom will provide a public briefing on the state’s response to novel cor…
1232684456617447424,2020-02-26 15:10:51,"This week I visited a site in LA where families have moved into temporary housing thanks to our recent executive action.

Every day, the CA Dream is dimmed by the reality of families, children, seniors living on our streets -- we simply must do more.
https://t.co/0yNGw9YQ4F"
1232094226520739840,2020-02-25 00:05:29,RT @CAgovernor: LIVE NOW: Governor @GavinNewsom visits formerly homeless families that were provided temporary housing in state-provided tr…
1232047652650418176,2020-02-24 21:00:25,RT @CAgovernor: TODAY: Governor @GavinNewsom continues his statewide homelessness tour in South Los Angeles where he will visit a site that…
1231992903234281472,2020-02-24 17:22:52,"RT @ChrisMurphyCT: This week marks one year since the House passed universal background checks. 

What has the Republican-controlled Senate…"
1231308054362091521,2020-02-22 20:01:31,"RT @CAgovernor: CA Primary ballots are in the mail &amp; the Presidential Primary Election is almost here! 📬 

California is working hard to ma…"
1231264182223290368,2020-02-22 17:07:11,"RT @CAgovernor: Today, @CA_DMV will be open in San Ysidro, Chico, Davis, Laguna Hills, Reedley, Seaside &amp; Ukiah exclusively for REAL ID app…"
1231264075281133568,2020-02-22 17:06:45,"RT @AlexPadilla4CA: Today is a historic day for democracy in California.

For months, you’ve been hearing me talk about the Voter's Choice…"
1231236154688589825,2020-02-22 15:15:49,VOTE. https://t.co/50nj3VEsxI
1230973554880942080,2020-02-21 21:52:20,RT @AGBecerra: Today @GavinNewsom and I made clear that California law protecting reproductive care does not violate the Weldon amendment.…
1230956754210410497,2020-02-21 20:45:34,"RT @CAGoBiz: 🗣BREAKING NEWS 

Continuing his commitment to strengthen, innovate &amp; grow CA’s economy, @CAgovernor @GavinNewsom announces his…"
1230942466221625346,2020-02-21 19:48:48,RT @CAgovernor: California is meeting this moral moment with the commitment and accountability it demands. #CaliforniaForAll #CASOTS https:…
1230942395975421952,2020-02-21 19:48:31,RT @CAgovernor: California está tratando este momento moral con el compromiso y la responsabilidad que exige. #CaliforniaForAll #CASOTS htt…
1230911844950216704,2020-02-21 17:47:07,"RT @CAgovernor: California is replacing its scattershot approach with a coordinated crisis-level response.

Governor @GavinNewsom outlined…"
1230896433428979713,2020-02-21 16:45:53,Let’s be clear: Massive failures in our mental health system and disinvestment in our social safety net—exacerbated by widening income inequality and our housing shortage— has led us to where we are today: too many Californians left to live on our streets.
1230892301100011520,2020-02-21 16:29:28,"10 million Californians—1 in 4—suffer from some type of behavioral health condition. 

It’s not a narrow issue.

It’s not a new issue.

Physical health and brain health are inextricably linked.

And our healthcare system has been designed to treat only one of those."
1230889679307726848,2020-02-21 16:19:03,"We need to start targeting social determinants of health. We need to start treating brain health like we do physical health.

What’s more fundamental to a person’s well being than a roof over their head?"
1230889348167434240,2020-02-21 16:17:44,Doctors should be able to write prescriptions for housing the same way they do for insulin or antibiotics.
1230681458257190912,2020-02-21 02:31:39,RT @YesOnProp13: Get to know more about the #Prop13SchoolBond which will invest $15 billion in repairs and maintenance of California's publ…
1230660867835850752,2020-02-21 01:09:50,❤️ https://t.co/8alBee80Bf
1230270746456276992,2020-02-19 23:19:37,RT @CAgovernor: California can no longer treat homelessness as someone else's problem. It is our responsibility. It must be at the top of o…
1230232579132932102,2020-02-19 20:47:58,"RT @LibbySchaaf: Thank you @GavinNewsom for dedicating your entire #CASOTS Address to homelessness. This is California’s biggest crisis, it…"
1230218451991400448,2020-02-19 19:51:49,"RT @MichaelDTubbs: In today’s State of the State speech, Governor @gavinnewsom announced that Stockton will receive trailers to assist indi…"
1230211542760771588,2020-02-19 19:24:22,"When critics say homelessness can’t be solved, I’d like to introduce them to Richard Oliva, and the thousands of others like him who are a living testament. #CASOTS https://t.co/3rq15yWzRS"
1230211062416449536,2020-02-19 19:22:28,"The fundamental building block of our solution to homelessness has to be more housing. This means a commitment – right now, THIS YEAR – to major reform that will eliminate red tape and delays for building affordable housing, like multifamily homes. #CASOTS"
1230206499437338625,2020-02-19 19:04:20,"We’ve proposed a once-in-a-generation reform of our Medicaid system, MediCal -- based on the principle that physical health and brain health are inextricably linked -- to integrate care and target social determinants of health. #CASOTS"
1230205783088017414,2020-02-19 19:01:29,"While we take emergency measures to increase shelter and services, we must also comprehensively address the hardest part of this problem: The chronically homeless with complex behavioral health needs. #CASOTS"
1230205281629593601,2020-02-19 18:59:29,"We must do everything we can to ensure no Californian is homeless. We need a coordinated crisis-level response. First, we've started with emergency actions to do everything we can now, to make an immediate, tangible impact. #CASOTS"
1230204692900327424,2020-02-19 18:57:09,Black Californians comprise 8% of Los Angeles County's population – but 42% of its homeless. We can't treat homelessness and housing insecurity as someone else’s problem. It is OUR responsibility. It must be at the top of our agenda. #CASOTS
1230204280197525505,2020-02-19 18:55:31,"Every day, the California Dream is dimmed by the wrenching reality of families, children and seniors, living unfed on a concrete bed. #CASOTS"
1230203603748560897,2020-02-19 18:52:49,"No amount of progress can camouflage the most pernicious crisis in our midst, the ultimate manifestation of poverty: Homelessness. #CASOTS"
1230203394444480512,2020-02-19 18:51:59,"California is an enterprising, modernizing, pluralizing, unionizing, nation-state of opportunity. We’ve had 118 consecutive months of net job growth. We remain the 5th-largest economy in the world. #CASOTS"
1230199801079185409,2020-02-19 18:37:43,"Tune in to watch my State of the State address live. I’m addressing the national crisis that is homelessness, and how we’re working to solve it. https://t.co/faAwMup6oZ"
1230189003434938368,2020-02-19 17:54:48,RT @CAgovernor: We are deeply saddened to learn of the loss suffered by the Porterville Fire Department while fighting a library fire last…
1230170744606228480,2020-02-19 16:42:15,"I’ll be giving my State of the State address today. 

Tune in at 10:30am to watch.👇 https://t.co/F5jfim3LGB"
1229893087612166146,2020-02-18 22:18:57,RT @CAgovernor: TOMORROW: Governor @GavinNewsom will deliver his State of the State Address before a joint convention of the California Leg…
1229088840914128897,2020-02-16 17:03:09,"RT @CAgovernor: First Partner @JenSiebelNewsom knows firsthand the importance of the outdoors and its benefits to our well-being.

The prop…"
1228821921451536385,2020-02-15 23:22:31,"RT @CAgovernor: Today, 10 LA families are getting off the streets. 

Volunteers from @StJosephCtr are setting up beds, kitchens, welcome ba…"
1228819012575870976,2020-02-15 23:10:57,RT @jimmykimmel: How can you help homeless families in LA?  Donate and/or volunteer to @stjosephctr - who worked with @mridleythomas &amp; Gove…
1228710693563580416,2020-02-15 16:00:32,RT @CAgovernor: Governor @GavinNewsom will deliver his State of the State address before a joint convention of the California Legislature n…
1228501841182257152,2020-02-15 02:10:38,"Through the ups and the downs, the laughs and the cries, there’s no one else I’d rather have by my side. Life is an adventure and I am so lucky to share it with you. Happy Valentine’s Day to the best mom and partner, @JenSiebelNewsom!! ❤️ love you. https://t.co/ElRAMRMd2f"
1228320125272543233,2020-02-14 14:08:33,RT @CAgovernor: Here is the first wave of travel trailers being delivered to a site in South LA by @CaltransHQ! These trailers will be used…
1228116147792269312,2020-02-14 00:38:01,RT @CountyofLA: Today we're welcoming the first 10 trailers sent by @CAGovernor @GavinNewsom to help alleviate the state's homeless crisis…
1227745854741602309,2020-02-13 00:06:36,"RT @AlexPadilla4CA: On this day in California history, then-San Francisco Mayor @GavinNewsom ordered marriage licenses be issued to same-se…"
1227745839684014081,2020-02-13 00:06:33,"RT @CAgovernor: Today marks 16 years since then San Francisco Mayor 
@GavinNewsom issued marriage licenses to the first same-sex couple in…"
1227601071264206848,2020-02-12 14:31:17,"WATCH THIS.

Thank you @katieporteroc. https://t.co/8iqGO1J47M"
1227426186252259328,2020-02-12 02:56:21,RT @TheKingCenter: Reminder: State and local elections matter.
1227406271688691714,2020-02-12 01:37:13,@itsgabrielleu Yes. Yes. Yes. Zaya -- thank you for being unconditionally you!! You inspire so many across this country (and across this world) to live their lives out loud. Never stop speaking up and speaking out!
1227392905192472576,2020-02-12 00:44:07,Unless we address the affordability crisis -- which is fundamentally also a housing crisis -- the California Dream is in peril. https://t.co/N2nFWUv0bE
1227389081979478016,2020-02-12 00:28:55,Not in the Make America Rake Again business. https://t.co/HK1GlII0zK
1227370151344918528,2020-02-11 23:13:42,RT @mariashriver: In San Francisco this morning for a listening roundtable at @PPICNotes. As chair of the @CAgovernor’s task force on Alzhe…
1227361619488829440,2020-02-11 22:39:48,"RT @LateNightSeth: On today's #LNSM Podcast: Governor @GavinNewsom! Plus, @SethMeyers takes #ACloserLook at Trump’s retaliation against imp…"
1227347836120989702,2020-02-11 21:45:01,"Chlorpyrifos is a pesticide that literally causes brain damage for kids.

The Trump administration refused to ban it. So, CA did.

Now, the pesticide’s top supplier announced it will stop making the chemical -- citing reduced demand.

https://t.co/UyEmcWNejG"
1227344344719515648,2020-02-11 21:31:09,"RT @YesOnProp13: “The minimum that voters can do is ensure that students attend schools that are safe and modern, reflecting California’s c…"
1227328850843119623,2020-02-11 20:29:35,"Budgets are statements of values. 

Here are Trump’s:

Cut Medicare by $800B.
Cut Medicaid by $920B.
Cut food stamps by $181B.
Cut education by 8%.
Cut EPA by 26%.
Cut housing by 15%.

He made sure to secure $2 billion for his border wall, though. https://t.co/4Q9qgvarkc"
1226979130685689860,2020-02-10 21:19:55,"RT @LateNightSeth: TONIGHT: Seth welcomes Claire Danes, Zach Woods, and @GavinNewsom! https://t.co/vkewNzT5kr"
1226964318186545152,2020-02-10 20:21:04,Excited to be on with @SethMeyers tonight!! https://t.co/M4C2aNEGkO
1226932938882854913,2020-02-10 18:16:22,"Why is Trump scared of CA?
-$21.5 billion surplus
-Record low unemployment
-Creating 1 in 7 US jobs

Meanwhile Trump:
-DOUBLED the deficit 
-Created over $3 TRILLION new debt

We’re the progressive answer to his regressive policies.

It’s driving him MAD. https://t.co/lvZpD0EXfT"
1226927948277657601,2020-02-10 17:56:32,"RT @RepKatiePorter: I’m thankful for @GavinNewsom's leadership in establishing a new consumer protection agency for our state, and I look f…"
1226906521633796096,2020-02-10 16:31:24,About to go on @TheView but too tall for the photo booth to prove it! 🤣 https://t.co/7LjRJmwoez
1226890144285937665,2020-02-10 15:26:19,Hope you’ll take a look! https://t.co/KXgyWvt7Sr
1226649709147828226,2020-02-09 23:30:55,Incredible! https://t.co/IbScuTILWg
1226586508309811208,2020-02-09 19:19:47,"RT @NatlGovsAssoc: From the, literal, ashes we have been working our way through, tremendous opportunities present themselves...the importa…"
1226586473971027968,2020-02-09 19:19:38,"RT @DougBurgum: From droughts to floods, building resiliency against natural disasters is a critical need across America. Glad to join @Gov…"
1226567007396671488,2020-02-09 18:02:17,"RT @NatlGovsAssoc: Fortifying our Future with @GovJanetMills, @GavinNewsom, and @DougBurgum has started at #WeTheStates if you have any iss…"
1226531577947181056,2020-02-09 15:41:30,"RT @AlexPadilla4CA: ""For all the technology in California, it is still a paper ballot state. In fact, California doesn’t even allow the vot…"
1226324649283391489,2020-02-09 01:59:15,"Is Captain America going to save our democracy?! 

Great to be with @ChrisEvans chatting about his new project -- A Starting Point -- to help folks get engaged and know more about the issues that matter most to them!! https://t.co/GxzGNvU3dC"
1226245795751628800,2020-02-08 20:45:54,RT @CAgovernor: California's comprehensive proposal to combat homelessness in the 2020-21 #CAbudget combines preventative health care with…
1225938463280783362,2020-02-08 00:24:41,I’ll be on The View on Monday — tune in!! https://t.co/9dYXUwzNq4
1225924694911733760,2020-02-07 23:29:58,"Trump’s DOJ has DROPPED its sham of a probe into major automakers that worked with CA to make clean cars that will protect our air and save $$ at the pump.

A “HUGE” win for anyone who cares about:
-the law.
-the air.

(Which should be literally everyone.) https://t.co/1eqHeaEd8u"
1225553162569949186,2020-02-06 22:53:38,"Horrifying.

I traveled to El Salvador. I met with women, children, families fleeing violence. Frightened for their lives. Willing to risk everything to come to this country. Now, more than 200 people we have sent back have been killed or seriously abused. https://t.co/rnUau7CiOj"
1225545462423412736,2020-02-06 22:23:02,"Bayard Rustin was a fierce civil rights leader. He was arrested and imprisoned because he was gay.

Our country has a dark history of oppression and persecution. It's our duty to acknowledge that and right the wrongs of our past. https://t.co/31SwnXMfx6"
1225530415643013123,2020-02-06 21:23:15,"RT @CAgovernor: Got your W-2? You're halfway to claiming your #CalEITC &amp; other tax credits!

CA expanded the #CalEITC so people making $30,…"
1225508034392285184,2020-02-06 19:54:18,"REMINDER: while Trump claims credit for a “booming economy” he has actually DOUBLED the deficit and created over $3 TRILLION of new debt.

MEANWHILE IN CA: Record surpluses. Record low unemployment. Record job growth.

Progressive policies and economic growth DO go hand-in-hand."
1225300191244210178,2020-02-06 06:08:25,"RT @yashar: California Governor @GavinNewsom has granted a posthumous pardon to civil rights leader Bayard Rustin. 

Rustin was one of the…"
1225299886129565697,2020-02-06 06:07:12,"RT @AlphonsoDavid: Bayard Rustin, a leader of the civil rights movement, has been pardoned nearly 70 years after being convicted under an a…"
1225299857675452416,2020-02-06 06:07:05,RT @LGBT_Activist: Thank you @GavinNewsom! https://t.co/m7eIsUGJXB
1225299804206424064,2020-02-06 06:06:52,RT @ToddGloria: Thank you @GavinNewsom for this posthumous pardon of civil rights trailblazer #BayardRustin. The @calgbt proudly partnered…
1225299748610961411,2020-02-06 06:06:39,"RT @eqca: NEWS: Today, @CAgovernor @GavinNewsom has posthumously pardoned openly #LGBTQ+ civil rights hero Bayard Rustin!

We were proud to…"
1225299594122153984,2020-02-06 06:06:02,RT @rweingarten: Thank you @GavinNewsom for doing this. Bayard was a hero.  https://t.co/8sUCPx2INI
1225299329381855232,2020-02-06 06:04:59,RT @NCLRights: THANK YOU @GavinNewsom for creating a system to attempts to pardon LGBTQ individuals in California from the many years of ho…
1225299157675413506,2020-02-06 06:04:18,RT @Sifill_LDF: Thank you Gov @GavinNewsom. Just love to see this. Rustin was a great civil rights leader who deserves to have his named cl…
1225284867035820038,2020-02-06 05:07:31,This is still real. https://t.co/lmSly7VzED
1225284430094204929,2020-02-06 05:05:47,"RT @JoyAnnReid: Mitch McConnell: My only goal is to make Obama a one-term president.

Mitch McConnell: My proudest moment was telling Pres.…"
1225231913553547265,2020-02-06 01:37:06,"Bayard was a civil rights leader who was prosecuted for being gay.

Today, he was pardoned and we opened a process to pardon those who experienced the same.

Our laws have been used to oppress the LGBT community. It’s time to right the wrongs of our past.
 https://t.co/OaYLXFsd41"
1225210438331166720,2020-02-06 00:11:46,"RT @CAgovernor: Bayard Rustin was a civil rights leader who, like many LGBTQ people, was targeted for being gay &amp; prosecuted for charges li…"
1225077139835240453,2020-02-05 15:22:05,RT @YesOnProp13: “Prop. 13 is more than new funding for school capital projects. It reforms how funding is spent and lowers fees for the de…
1225069769197408258,2020-02-05 14:52:48,RT @RuPaul: GOVERNOR @GavinNewsom pardons civil rights leader Bayard Rustin https://t.co/PyA7Haj52s https://t.co/qv85cSEwby
1225067847421816832,2020-02-05 14:45:10,"Grateful to call you an ally. You stood by CA when we fought for the toughest gun safety laws in the nation—and won.

We simply should not have to live in fear of going to a movie, a concert or sending our kids to school.

Thank you for your advocacy. I know Jaime would be proud. https://t.co/R2IZGPhUsR"
1224920646817239040,2020-02-05 05:00:14,"I believe with all my heart that America stands ready to reject the dark, discriminatory, dangerous policies of Donald Trump -- and to do it by record margins.

Let’s show up. Let’s vote."
1224911594510938112,2020-02-05 04:24:16,Madam Speaker from the Great State of California. https://t.co/kzBt0TTwcK
1224900809558675457,2020-02-05 03:41:25,"Opportunity for all. Injustice for none. Others are talking about it -- California is doing it.

Take note @realDonaldTrump -- we are nothing less than the progressive answer to a transgressive President."
1224900807503466496,2020-02-05 03:41:24,"And we do this while standing up for our values.

A woman’s right to choose.
Labor rights.
LGBTQ rights.
Access to high-quality healthcare--including mental health.
Protecting our air and land from Trump’s polluters.
And common-sense gun laws to end this epidemic of gun violence."
1224900805410447360,2020-02-05 03:41:24,"We're producing more income and output and investing more in our people than any state in history -- all while building the nation’s strongest fiscal foundation. 

Unemployment at record lows. 118 months of consecutive job growth. In fact -- 1 in 7 US jobs come from California."
1224900803233632257,2020-02-05 03:41:23,"Tonight @realDonaldTrump offered a dark view of an America in which healthcare is taken from the sick, tax cuts are given to the wealthy, and our climate crisis is ignored.

It doesn’t have to be like this. CA is PROOF that progressive policies &amp; economic growth go hand in hand."
1224893544948617216,2020-02-05 03:12:33,"A reminder that the @NRA spent $30 million to elect Donald Trump. 

Let's make sure they don't get their money’s worth this election.

Register. Make calls. Knock on doors. Talk to your neighbors. VOTE."
1224890087034408961,2020-02-05 02:58:48,👀 https://t.co/3fR4rXGrkL
1224887534469074945,2020-02-05 02:48:40,"Trump: ""A powerful wall is being built!""

MEANWHILE: https://t.co/jL3UEpSZJf"
1224886985652764673,2020-02-05 02:46:29,"REMINDER: the Trump administration is STILL trying to dismantle and overturn the ENTIRE Affordable Care Act in court.

- 133 MILLION with pre-existing conditions could lose coverage

- 21 MILLION could lose their health insurance

- 12 MILLION could lose Medicaid coverage"
1224884387549863936,2020-02-05 02:36:09,"Trump announced he would drastically cut SNAP benefits right before the holidays.

Now he is literally bragging about preying on the most vulnerable -- children, families, seniors -- who depend on these programs to be able to put food on the table.

Nothing short of malicious. https://t.co/roYxyUnFfG"
1224881478414172161,2020-02-05 02:24:36,"You don't need regressive policies to produce economic growth.

CA is continuing to set new records:
- 118 months of job growth.
- Record low unemployment.

All while meeting our climate goals, making healthcare more affordable, and investing in our workforce."
1224870540722065408,2020-02-05 01:41:08,"Let me be blunt — a new virus is no excuse for xenophobia and discrimination. 

It’s simple. DO listen to public health officials. DON’T be racist.
 https://t.co/OXDFqVLtMO"
1224501039258390528,2020-02-04 01:12:52,"RT @CAgovernor: ""This #BlackHistoryMonth, let us draw inspiration and courage from the heroes who came before us, as we continue the work t…"
1224197949313384452,2020-02-03 05:08:30,An incredible season by our @49ers. You played hard and made us proud. Congrats to the @Chiefs on their victory. #SuperBowl
1224144584080527363,2020-02-03 01:36:27,Yes. Yes. Yes. https://t.co/rHYM97kNMN
1224128151837728769,2020-02-03 00:31:09,Just two Governors cheering on their teams! #GoNiners #SBLIV https://t.co/J1otcT0QiM
1224127899743051776,2020-02-03 00:30:09,"RT @49ers: Let's do this. 

#SBLIV x #BeLegendary https://t.co/5nO7CXPqGX"
1224101239694221312,2020-02-02 22:44:12,RT @GovParsonMO: Met up with California Governor @GavinNewsom &amp; @JenSiebelNewsom before the big game starts. We are all a long way from hom…
1224101139240620032,2020-02-02 22:43:48,"RT @JenSiebelNewsom: Today, the first woman to ever coach the #SuperBowl will take the field. And lucky us, she’s on a CA team 😉

Thanks to…"
1224063612144230400,2020-02-02 20:14:41,"RT @49ers: Time to make magic in The Magic City. 

#SBLIV x #BeLegendary https://t.co/XM8ljnhRHa"
1224014199308914691,2020-02-02 16:58:20,"“I would build a wall like nobody can build a wall.”

MEANWHILE: https://t.co/KQ00snJkjo"
1223632914312765442,2020-02-01 15:43:15,"One thing is crystal clear: the @GOP have shown that they will defend Trump no matter what.

It’s time to vote them out.

Register. Volunteer. Knock on doors. Make calls. Talk to your neighbors. It’s time to show up and VOTE."
1223390035103436800,2020-01-31 23:38:08,"RT @CAgovernor: This week, we hosted the first ever State of California Philanthropy Summit! Senior Advisor on Social Innovation @KkellyJan…"
1223298833595215875,2020-01-31 17:35:44,"“We’re going to build a wall, and it’s going to be impenetrable, it will be a real wall.” 

MEANWHILE: https://t.co/eHSVKOHgSU"
1223033820745584640,2020-01-31 00:02:40,This is sick. https://t.co/ZIiBZYe6Qf
1223031674448961537,2020-01-30 23:54:08,RT @CAgovernor: Governor @GavinNewsom joined @PPICNotes to discuss the future of California’s utilities and explain how the state is workin…
1222939222862000128,2020-01-30 17:46:46,"""I would build a great wall, and nobody builds walls better than me, believe me, and I’ll build them very inexpensively. I will build a great, great wall on our southern border and I’ll have Mexico pay for that wall.""

MEANWHILE: https://t.co/9eHFv1vgLn"
1222937592515059712,2020-01-30 17:40:17,RT @1027KIISFM: We chatted with Gov @gavinnewsom about losing icon #KobeBryant https://t.co/PuYTmEHdgE
1222251951963791360,2020-01-28 20:15:48,"MORE
👏
OF
👏
THIS.
👏 https://t.co/DNrBEb4yRx"
1222225403646894082,2020-01-28 18:30:18,"Daily Lies.
Border walls.
Muslim bans.
Kids in cages.
NRA groveling.
Asylum denying.
Fear mongering.
Dictator praising.
Border wall building.
LGBT discriminating.
Healthcare stripping.
Climate change denying.

Going to go with..........NO. https://t.co/gfbuodd1gf"
1222171465857945601,2020-01-28 14:55:58,"“They say they would have gladly worked another 5 or 10 years, but they just reached a point under this administration where they can’t... It used to be there were pressures, but you were an independent judge left to decide the cases.” https://t.co/1xI1fR0c2k"
1221983028798377984,2020-01-28 02:27:12,"RT @EleniForCA: We must pass @YesOnProp13. Degraded facilities are no place for academic achievement, and California students -  from pre-s…"
1221911230924742656,2020-01-27 21:41:54,"RT @YesOnProp13: In its recent editorial endorsing the #Prop13SchoolBond, @sfchronicle notes that this measure includes key reforms that en…"
1221869295338024962,2020-01-27 18:55:15,"Give me your tired, your poor,
Your huddled masses yearning to breathe free,
The wretched refuse of your teeming shore.
Send these, the homeless, tempest-tost to me,
I lift my lamp beside the golden door! https://t.co/su9MCpbejz"
1221821751492898818,2020-01-27 15:46:20,"RT @NARAL: ""California will continue to protect a woman's right to choose, and we won't back down from defending reproductive freedom for 𝗲…"
1221803815042576384,2020-01-27 14:35:04,"On this #HolocaustRemembranceDay, we recommit. Recommit to speaking out in the face of evil. Denying bigotry. Resisting injustice. Rejecting hate.

We cannot forget the horrors of our past. We must never be silent."
1221543074796654592,2020-01-26 21:18:58,"Today, the world lost a legend.

Kobe Bryant’s 20 year career with the @Lakers raised the bar for every player. He willed his team to triumphs. Competed with unparalleled ferocity. Defied the odds. Simply put -- he was an icon.

Our hearts go out to his family and fans."
1221500758920589314,2020-01-26 18:30:49,"CA continues to set new records:

118 consecutive months of job growth.

Record low unemployment rate.

All while meeting our climate goals and investing in our workforce.

https://t.co/Odp523kQMI"
1221498850998751233,2020-01-26 18:23:15,"RT @CAgovernor: GREAT NEWS! The open enrollment deadline in CA has been extended to January 31st. 

Visit https://t.co/qv8OS8KTsK to enroll…"
1220878445476859904,2020-01-25 01:17:58,"RT @KTLA: ""And yet you call yourself ‘pro-life’?” @GavinNewsom asks @realDonaldTrump after threat to cut health care funding governor says…"
1220853424075329536,2020-01-24 23:38:33,"I’m a little biased ;) but @JenSiebelNewsom’s work in her role as First Partner inspires me every day. 

She pushes the boundaries, asks the tough questions, and is never afraid to stand up for what she believes in. Thank you for all you do!!

https://t.co/nfIInzdZrv"
1220844011209936896,2020-01-24 23:01:09,"RT @JenSiebelNewsom: It was a pleasure to chat with @sfchronicle to preview our upcoming work, and reflect on the successes &amp; challenges of…"
1220843725460365312,2020-01-24 23:00:00,RT @RepSpeier: This is a hostage situation. Trump is willing to hold up ALL of CA’s federal health care funds - BILLIONS of $$ - unless Cal…
1220806948779524101,2020-01-24 20:33:52,"RT @Alyssa_Milano: Oh, hell no. I know @GavinNewsom and @AGBecerra won’t allow this to happen."
1220790816907489281,2020-01-24 19:29:46,"Trump is threatening to take away ALL OF OUR HEALTHCARE FUNDING.

TENS OF BILLIONS of dollars.

10 MILLION PEOPLE who are:
poor
sick
kids
seniors
families
will LOSE their healthcare.

And yet you call yourself “pro-life” @realDonaldTrump?? You sicken me. 
https://t.co/pXdmeZwbSm"
1220564675785478144,2020-01-24 04:31:10,RT @NedaNews8: Governor @GavinNewsom joins us LIVE on @CBS8 as he talks to homeless people in San Diego. He joined 100s of volunteers at 4a…
1220482714932899840,2020-01-23 23:05:29,RT @CAgovernor: We are heartbroken to learn of the air tanker crash in Australia that claimed the lives of 3 heroic American firefighters.…
1220462596177977344,2020-01-23 21:45:32,"This is racial discrimination. And it’s played out every day across our country -- in workplaces, schools, sports -- in ways that are subtle and in ways that are overt.

I’m proud that CA became the first state to ban hair discrimination.

Other states should follow. https://t.co/rN6j51kOTB"
1220441700998569985,2020-01-23 20:22:30,"A new analysis by Trump’s OWN Administration shows exactly what we predicted:

Their rollback of clean car standards will cost consumers MORE.

As if making it harder for our kids to breathe wasn’t reason enough...

Time to join CA’s lead @realDonaldTrump.
https://t.co/GqfqXfPig9"
1220432445385904128,2020-01-23 19:45:44,"RT @SenToniAtkins: Up early and out on the 2020 point-in-time count with my survey partner, @CAGovernor @GavinNewsom. Walking San Diego’s s…"
1220141512299667457,2020-01-23 00:29:40,"RT @CAgovernor: CA is continuing its accelerated response to the homelessness crisis.
 
Governor @GavinNewsom announced today that LA Count…"
1220066048361107456,2020-01-22 19:29:48,"Today is the 47th anniversary of Roe v. Wade. That ruling did not mark the beginning of women getting abortions -- it marked the end of women dying from abortions.

47 years later, reproductive freedom is on the line. We must all stand up to defend it. https://t.co/66ACYnjUjB"
1219857216846487552,2020-01-22 05:39:59,"RT @CAgovernor: California está tratando la indigencia como la crisis que es. 
 
@GavinNewsom comenzó una gira de indigencia en Grass Valle…"
1219717738513321984,2020-01-21 20:25:44,"RT @CAgovernor: To solve the homelessness crisis, all levels of government &amp; communities must collaborate.
 
Last week, @GavinNewsom previe…"
1219283693438554112,2020-01-20 15:41:00,"“The time is always right to do what is right.” — Dr. Martin Luther King, Jr."
1219099335096336384,2020-01-20 03:28:25,RT @49ers: THE 49ERS ARE NFC CHAMPIONS ‼️ https://t.co/rqTUfrVnVM
1218672575477207040,2020-01-18 23:12:38,"RT @JenSiebelNewsom: In 2020, 100 years after some women first got the right to vote, we are ready to show America what happens when ALL wo…"
1218672481973596160,2020-01-18 23:12:16,RT @YesOnProp13: Spend some time this weekend getting to know more about the #Prop13SchoolBond. California’s kids deserve #safeschoolshealt…
1218399165429907457,2020-01-18 05:06:12,RT @RepJimCosta: Homelessness in the Valley is a persistent crisis. I welcome Governor Newsom’s announcement of $11.5 million in emergency…
1218309676271407104,2020-01-17 23:10:36,"RT @JenSiebelNewsom: Once again the Trump Administration is putting our kids’ health in jeopardy.
 
In California we won’t stand for it. In…"
1218223087604252672,2020-01-17 17:26:32,RT @Cal_OES: 📸From #PuertoRico: @Cal_OES team met with PR's Sec. of State Elmer Roman today to discuss next steps for #earthquake response…
1217910734211842048,2020-01-16 20:45:21,"We need to tackle the issue of homelessness head on.

8 days ago, I issued an Executive Order to rapidly increase housing and shelter options across CA.

Just a few days later, we're deploying trailers to communities in need to provide services &amp; shelter. https://t.co/2NSDdbqdHy"
1217681563481067520,2020-01-16 05:34:42,"RT @CAgovernor: It will take every level of government to help individuals get healthy and housed and CA is stepping up.
 
Governor @GavinN…"
1217643221544665088,2020-01-16 03:02:21,"We can’t talk about homelessness without addressing the gaps in our system when it comes to mental and behavioral health.

We have to do a better job of helping those that are struggling.

It’s about who we are. Our values and priorities. It’s a moral moment that must be met. https://t.co/GSBsYtGRCS"
1217629744671289344,2020-01-16 02:08:48,RT @Cal_OES: A live update from on the ground in #PuertoRico where disaster response specialists from across California are following throu…
1217608970765864960,2020-01-16 00:46:15,"Global temperatures continue to rise.

This.
Is.
Not.
Normal.
https://t.co/i6hkKm7piD"
1217575990668361729,2020-01-15 22:35:12,RT @CAgovernor: LIVE NOW: @GavinNewsom visits a stabilization center in Fresno which offers mental health services year-round to youth and…
1217550875368943616,2020-01-15 20:55:24,"No other state has taken in more refugees than CA.

It’s a point of pride -- and principle.

America is the land of hope. A nation founded by immigrants. Where anything is possible.

Those seeking refuge, fleeing violence and war, should be welcomed here.
https://t.co/7Yw88pUUzx"
1217522657773551616,2020-01-15 19:03:16,"RT @warnerbros: Yesterday, Gov. @GavinNewsom and Burbank Mayor Sharon Springer joined Warner Bros. Chair and CEO Ann Sarnoff, architect @fr…"
1217191464955834368,2020-01-14 21:07:14,"RT @CAgovernor: TODAY: Governor @GavinNewsom visits a board and care home in Los Angeles during his homelessness tour. #CaliforniaForAll

W…"
1217155025237004288,2020-01-14 18:42:26,"While @realDonaldTrump talks and tweets -- we’re taking ACTION.

CA is treating homelessness like an emergency -- because it is one. https://t.co/SjQbbQazcd"
1217147886703497217,2020-01-14 18:14:04,RT @CAgovernor: TODAY: Governor @GavinNewsom continues his homelessness tour at an emergency shelter and access center in Riverside. #Calif…
1217126042629894144,2020-01-14 16:47:16,"Good morning. It’s Tuesday. Which means @realDonaldTrump is still trying to build his pointless border wall.

His new price tag: $7.2 billion. https://t.co/VYJQcWVVja"
1216876141400559616,2020-01-14 00:14:15,"You literally tried to repeal the ACA.

You support a lawsuit to dismantle the ACA.

And have NO healthcare plan if any of the above were to be successful. https://t.co/N2XYAEWZ86"
1216782914886594560,2020-01-13 18:03:48,RT @CAgovernor: TODAY: Governor @GavinNewsom kicks off week-long homelessness tour in Grass Valley. The Governor will travel across the sta…
1216772554737647619,2020-01-13 17:22:38,"Thank you for being such a fierce warrior for justice, @CoryBooker.

You remind us all that what unites us is so much more important than what divides us, and that we cannot lose sight of the hope and optimism this country was built on.

I know you’ll continue to do great things! https://t.co/XKeqtj96UR"
1216504605481193472,2020-01-12 23:37:54,RT @Cal_OES: CA sending 30+ experienced disaster specialists to assist the response to #PuertoRico #earthquakes. Helping #PuertoRico naviga…
1216103352364224512,2020-01-11 21:03:27,"More firefighters. More helicopters. Better technology. Air tanker improvements.  A focus on forest health.

Our planet is experiencing a climate crisis — hots are getting hotter. Wets are getting wetter.

We need to be prepared. https://t.co/wf08GVy53f"
1216081166622547968,2020-01-11 19:35:18,"RT @NBCLA: . @GavinNewsom is proposing to overhaul the probation system by greatly reducing the time a convict is under supervised release,…"
1216080627411251202,2020-01-11 19:33:09,"RT @safeandjust: #BREAKING @GavinNewsom announced his 2020 proposed budget including
 
✅ Chart a clear roadmap for shuttering a state priso…"
1216074494692823040,2020-01-11 19:08:47,"A budget is a statement of values. Here are ours:

- Schools, not prisons

- A transformation of our healthcare system

- $12.5 billion to address the climate crisis head on

- Over $1 billion to address homelessness

- More money for our rainy day fund.

https://t.co/SPT2dY52FE"
1216062885484302336,2020-01-11 18:22:39,More state parks. Less state prisons. https://t.co/QYjTs9PvbK
1216059848577581056,2020-01-11 18:10:35,RT @mariashriver: And I’m looking forward to delivering @GavinNewsom a robust and comprehensive report outlining a path forward for an agin…
1215874874339512320,2020-01-11 05:55:34,"RT @rustyhicks: A @GavinNewsom budget with more💰for...

✅Healthy school lunches
✅More homeless services
✅Building affordable homes
✅Healthc…"
1215837433280942081,2020-01-11 03:26:47,"RT @CAgovernor: Woof-woof-hooray! 🐾 

Governor @GavinNewsom dedicated $50 million to the UC Davis Koret Shelter Medicine Program to give CA…"
1215837091885486080,2020-01-11 03:25:26,RT @yashar: ‘We want to be a no-kill state.’ California Governor @GavinNewsom (my former boss) calls for end to animal euthanasia in Califo…
1215775834297884672,2020-01-10 23:22:01,"RT @DemGovs: #DemGovs are making major gains in the fight against high health care costs. 
 
@GavinNewsom's new proposal would make CA the…"
1215775783072854018,2020-01-10 23:21:49,RT @HenrySternCA: Building a #ResilientCA is about making life safe and affordable for our families who are left far too vulnerable to clim…
1215775735660417024,2020-01-10 23:21:38,RT @DrBurkeHarris: Our @CAgovernor @GavinNewsom’s continued support to addressing #ACEs &amp; toxic stress is a critical primary prevention mec…
1215775652000878592,2020-01-10 23:21:18,"RT @CAgovernor: As 2020 begins, 1 in 7 new U.S. jobs are in California. 

The 2020-21 #CAbudget makes investments in critical areas, contin…"
1215775615221030912,2020-01-10 23:21:09,"RT @CAgovernor: CA students have severely unequal access to opportunity but we know that success happens when ALL students thrive.

@GavinN…"
1215775565342314496,2020-01-10 23:20:57,RT @CAgovernor: Californians are already facing the climate emergency with longer wildfire seasons throughout the state and our planet won'…
1215775535155961858,2020-01-10 23:20:50,"RT @CAgovernor: Last year, CA firefighters responded to more 7,800 wildfire incidents across the state.   
  
@GavinNewsom's proposed 2020-…"
1215775520178073601,2020-01-10 23:20:46,RT @CAgovernor: Homelessness is a national crisis that impacts all communities – and California is doing more than ever before to address i…
1215775507309985792,2020-01-10 23:20:43,"RT @CAgovernor: California’s health care costs are TOO high. 

@GavinNewsom is proposing we reduce Rx costs by developing our own generic d…"
1215710005086674944,2020-01-10 19:00:26,RT @CAgovernor: LIVE NOW: The California 2020-21 State Budget Briefing by Governor @GavinNewsom. #CAbudget #CaliforniaForAll  https://t.co/…
1215688786027302912,2020-01-10 17:36:07,RT @CAgovernor: Watch live at 10:30 AM!
1215644457971773440,2020-01-10 14:39:59,"We need to lower the cost of prescription drugs — and the greedy pharmaceutical companies are going to fight us at every turn. 

So we’re proposing to create our OWN prescription drug label.
https://t.co/sPg7i1v0Ss"
1215449602100355073,2020-01-10 01:45:41,RT @SenKamalaHarris: I applaud @GavinNewsom for taking bold steps to bring down the cost of prescription drugs for Californians. It’s time…
1215448534918393857,2020-01-10 01:41:27,"RT @CAgovernor: TUNE IN: Governor @GavinNewsom will introduce his proposed 2020-21 #CAbudget Friday at 10:30AM. 

📽️Watch live on Twitter.…"
1215407716417409025,2020-01-09 22:59:15,RT @JenSiebelNewsom: Exciting announcement today! Thrilled to launch the California Partners Project to advance our work of uplifting women…
1215291099306024962,2020-01-09 15:15:51,"Prescription drug prices are too high.

I’m proposing that California become the first state in the nation to establish its own generic drug label.

It’s time to take the power out of the hands of greedy pharmaceutical companies. https://t.co/XphJz4iukQ"
1215094139252920320,2020-01-09 02:13:12,RT @CAgovernor: Governor @GavinNewsom’s comprehensive proposal to combat homelessness in the 2020-21 #CAbudget combines preventative health…
1215053818162896898,2020-01-08 23:32:59,"Unlike @realDonaldTrump — CA is putting REAL resources into addressing homelessness.

Today we put forward $1 BILLION to get people off our streets and into the programs and services they need.

CA is treating homelessness like the emergency it is. https://t.co/6HhUiUQ0cX"
1214756294806003713,2020-01-08 03:50:44,RT @JenSiebelNewsom: Flashback to a special day exactly one year ago ❤️ https://t.co/iKpvFs7llt
1214369340939571200,2020-01-07 02:13:07,"During school, after school -- our children are terrified. 

And all @senatemajldr is willing to do is play politics with their lives. It’s sick.
https://t.co/usKj0EQ3An"
1214292951641161729,2020-01-06 21:09:34,"12 million acres. 1,400 homes. Entire towns evacuated. At least 23 dead.  More than half a billion wild animals... gone.

Climate change is a GLOBAL crisis that we must all face together.

Here are a few ways to help those in Australia. Please share. https://t.co/1fnNqOgY6R"
1214033440770670593,2020-01-06 03:58:22,"RT @JenSiebelNewsom: ""Women, 18-118, when it is time to vote, please do so in your own self-interest. It's what men have been doing for yea…"
1214011020538040320,2020-01-06 02:29:17,"""Attitudes change, but only because brave people like Ellen jump into the fire to make them change. If I hadn't seen her on TV...I would have gone on thinking that I was an alien &amp; that I maybe didn't have a right to be here."" 

Congrats to @TheEllenShow!! https://t.co/ITvbrNCaKI"
1213914889669922816,2020-01-05 20:07:17,"Australia. California.

We are experiencing a GLOBAL CLIMATE CRISIS.

One that has irreversible impacts and is happening RIGHT NOW.

This is not something to deal with 10 years from now. Or 5 years from now. Or 2 years from now. 

We need action. NOW.
 https://t.co/qFS5QprNKD"
1213138015343693825,2020-01-03 16:40:16,Today is a good day to remind ourselves that elections matter. Vote.
1212901653025710080,2020-01-03 01:01:03,"RT @CAgovernor: From renter protections to gun violence prevention, there are nearly 800 new bills taking effect this year. 

Here is how s…"
1212866518540673024,2020-01-02 22:41:26,"- Established same-day voter registration.

- Banned deep fake videos within 2 months of an election.

...And more. 

SO, here's to 2020 -- to standing up for our CA values and never shying away from the big issues our state and country are facing."
1212866517194268672,2020-01-02 22:41:26,"- Invested $1.75B in new housing construction funding.

- Invested $1B to address homelessness.

- Created a stable ongoing funding for safe and affordable drinking water.

- Ensured Rape kits are processed within 20 days.

- Extended the window to file sexual abuse claims."
1212866515180982272,2020-01-02 22:41:25,"- Put an additional $1B back in the pockets of working families.

- Expanded paid family leave.

- Established two free years of community college.

- Invested $1 billion dollars to prevent, mitigate and recover from wildfires."
1212866513394208768,2020-01-02 22:41:25,"In 2019, we also: 

- Put a moratorium on the death penalty.

- Banned private prisons and detention centers.

- Created the largest reserves in state history and paid down CA’s debt.

- Reached a record 3.9% low unemployment rate and a record 116 months of record job expansion."
1212866511221620736,2020-01-02 22:41:24,"- Signing 15 gun violence prevention bills -- including strengthening our red flag laws and tightening the regulation of “ghost guns.”

- Establishing a groundbreaking voluntary agreement on emission standards with major automakers to help tackle climate change &amp; protect our air."
1212866509124468736,2020-01-02 22:41:24,"We also tackled some of the biggest issues our state faces by...

- Establishing the nation’s strongest renter protections -- including a cap on your rent and protections against evictions.

- Creating the toughest police use-of-force laws in the country."
1212866505743798272,2020-01-02 22:41:23,"- Created the first electric truck manufacturing standard.

- Created the first statewide early earthquake warning system.

- Signed a first-in-the-nation Executive Order to create the largest single purchaser for prescription drugs."
1212866501583048704,2020-01-02 22:41:22,"- First-in-the-nation to mandate later school start times.

- First-in-the-nation to ban discrimination based on natural hair.

- First-in-the-nation to ban school lunch shaming.

- First-in-the-nation to ban the sale of new fur products."
1212866496709316609,2020-01-02 22:41:21,"-  First-in-the-nation to allow access to HIV prevention medication without a doctor’s prescription.

- First-in-the-nation to challenge the NCAA with @KingJames and allow student athletes to receive compensation from the use of their name, image, and likeness."
1212866492162723840,2020-01-02 22:41:20,"- First-in-the-nation subsidies for middle-income families-- expanding access and making healthcare MORE affordable.

- First-in-the-nation ban on “pay for delay” practices: blocking Big Pharma from keeping generic drugs off the market."
1212866490866622465,2020-01-02 22:41:20,"Spending some time looking back on 2019. CA made some serious ""first-in-the-nation"" and big moves..."
1212548898348101633,2020-01-02 01:39:20,"RT @SpeakerPelosi: For six years, Americans of every age have been protected against health insurance discrimination if they have pre-exist…"
1212486971039178752,2020-01-01 21:33:15,"Happy New Year! What an incredible decade. We’ve accomplished so much in CA by standing up for our values and taking on some of the biggest issues -- from healthcare to gun violence to climate change. 

Let’s keep it going. 

Here’s to 2020 and the decade ahead!!"
