id,created_at,text
1247294307104698376,2020-04-06 22:45:11,"I ask people to be patient as we work through a record number of new claims—more than 100,000 in just the last week.  

We are working to ensure every Virginian gets the benefits they have earned.

For information on how to file a claim, visit https://t.co/DbYHmyMbDh."
1247294305150152708,2020-04-06 22:45:10,"We know that many Virginians have experienced delays in filing for unemployment benefits.

Over the weekend, we upgraded the @vaemploy website, expanded server capacity, and increased call center staffing by 20 percent to process claims faster."
1247221043783065600,2020-04-06 17:54:03,I'm sharing the latest updates on our continued response to #COVID19 in Virginia. Tune in here: https://t.co/Ixytf0VcKs
1247189414847090691,2020-04-06 15:48:22,"As National Public Health Week begins, I want to recognize @VDHgov, our local health districts, and all of Virginia's public health workers. #COVID19 has once again shown us how vital their work is, not just during this pandemic, but year round. Now more than ever, we thank them. https://t.co/lgaKTBrnz4"
1246569519411269636,2020-04-04 22:45:08,"We are still in the early stages of this outbreak, but we must ensure that Virginia is ready when the surge of acute cases hits our healthcare system."
1246569517439909889,2020-04-04 22:45:07,"1️⃣ Dulles Expo Center in Northern Virginia, which can accommodate 315 acute or 510 non-acute beds

2️⃣ Hampton Roads Convention Center, providing 360 acute or 580 non-acute beds

3️⃣ Richmond Convention Center, which could bring 432 acute or 758 non-acute beds online"
1246569513266618369,2020-04-04 22:45:06,"We have been working with @USACEHQ to identify and evaluate alternative care sites, which will free up bed capacity in our existing hospital system. 

Yesterday, I approved their final recommendations and construction will begin soon at these three facilities:"
1246514498728583168,2020-04-04 19:06:30,"I've been in the medical field for over 30 years, and I've rarely seen a pathogen as contagious as #COVID19.

People must take this seriously—period. https://t.co/xgYJgcC4Xh"
1246502985246683137,2020-04-04 18:20:45,"RT @virginianpilot: Laid off or out of work? 

Here’s what to do next and when to expect $600 more a week from the government.
https://t.co…"
1246188849195298819,2020-04-03 21:32:29,School meals are an important source of nutrition for Virginia children. I'm asking all Virginians to #ThankAHungerHero in their communities—these dedicated school nutrition professionals are making sure no child goes hungry while schools are closed. @VDOESNP @NoKidHungryVA
1246183720169746432,2020-04-03 21:12:06,"RT @NatlGovsAssoc: ""The actions that we take now will help shape what happens in the next few weeks and month."" @GovernorVA 
Get VA #corona…"
1246164066244202498,2020-04-03 19:54:00,"RT @ArlingtonVA: With the expectation of nicer spring weather through early next week, we're reminding residents that you must limit their…"
1246162831382401034,2020-04-03 19:49:06,RT @HenryGraff: NOW: @GovernorVA tells me he’s encouraging Virginians to wear cloth masks if they want in public but urges caution that N95…
1246154106860965889,2020-04-03 19:14:26,"We have a Stay at Home order in effect, but you can't stay home if you don't have a home. That's why I'm announcing emergency funding to shelter Virginia's homeless population.

This is an unprecedented health crisis, and we can't leave anyone behind. 

https://t.co/1z9tjRyqcb"
1246132321515794432,2020-04-03 17:47:52,I'm giving an update on Virginia's response to #COVID19 at 2:00 PM. Watch live here: https://t.co/6qw1EtD9HT
1246075651607670787,2020-04-03 14:02:40,"If you missed our #COVID19 Twitter Q&amp;A yesterday, check out this recap from @8News ⤵️
https://t.co/GoNjJxWQcW"
1246057358658359296,2020-04-03 12:49:59,"RT @kojoshow: Today's Politics Hour with @TomSherwood:

1. @GovernorVA on his stay-at-home order
2. @pwoodreporter on Maryland's response t…"
1245847213038854145,2020-04-02 22:54:56,"Today, Virginia's request for a Major Disaster Declaration was approved by the federal government. This makes critical federal funding available to state agencies, local governments, and certain non-profits and will support our continued #COVID19 response.
https://t.co/yKF4AsKV8N"
1245801157651501056,2020-04-02 19:51:56,"RT @CamThompsonCBS6: The @GovernorVA accepts a shipment  of hand sanitizer from @catoctincreek distillery, who started making this in respo…"
1245781471207591936,2020-04-02 18:33:42,"Thanks to everyone who joined us today, and to those who sent in so many great questions—I wish we had time for all of them.

For the latest guidance, up-to-date-information, and #COVID19 resources, you can always visit https://t.co/XNjzM5VF5W.
 #AskGovNortham"
1245776627356835842,2020-04-02 18:14:28,You can’t beat @MamaJsRVA! https://t.co/O2ygvzAmlg
1245775077402185728,2020-04-02 18:08:18,"Thank you for the question, and we thank your daughter for her service. Our rest areas remain open, and @VDOT has enhanced cleaning and protective measures in place. https://t.co/Ibd0oIuq6R"
1245773842712322053,2020-04-02 18:03:24,"Q: #AskGovNortham As a grocery worker in the epicenter of Virginia, how often is your data updated that you use to consider actions like Stay-at-Home orders and others? Are there any 'red lines' that you have that will trigger immediate response? 1/2
- @Maxss114

A: https://t.co/j4m96PgRNJ"
1245772621410598912,2020-04-02 17:58:32,"▪️ We've directed hospitals to stop performing elective surgeries to conserve PPE
▪️ We've received our third shipment from the national stockpile 
▪️ And we'll continue looking at any and all leads. Businesses who want to donate PPE should email private.sector@vdem.virginia.gov. https://t.co/ld8csR6ME0"
1245771799931035649,2020-04-02 17:55:17,"Q: He goes into the office every day. My siblings &amp;I have been begging him to stop. We're worried about him, &amp;I know there are a lot of kids in VA just as concerned about their parents too. Can you emphasize how important it is for them to work fr… #AskGovNortham
- @lizchar

A: https://t.co/8u7RFVen4R"
1245770759399714818,2020-04-02 17:51:08,"Thanks for the great question, Chris. You don't need any documentation for allowable travel, and law enforcement won’t be asking for it. https://t.co/7M8AbnQVwx"
1245770548879200257,2020-04-02 17:50:18,"We need people just like you to be thinking creatively and strategically about how we can help protect our frontline healthcare workers, as well as patients. You make Virginia proud. Send us a DM and I’ll have my team follow up. https://t.co/eahRc2S9L2"
1245769973861167109,2020-04-02 17:48:01,"Every day I hear stories of Virginians helping each other. These are tremendously challenging times, but just as we did after the tragedy in Virginia Beach, our whole Commonwealth is coming  together. We will take care of each other—and we will get through this together. https://t.co/PcGZnYLLNU"
1245767244765974529,2020-04-02 17:37:11,"Q: @GovernorVA Rural VA had so much momentum before COVID-19. The detrimental economic impacts of the pandemic are just beginning to emerge.  How will you make sure that rural VA is not left behind once long term economic recovery resources … #AskGovNortham
- @unitedwayswva

A: https://t.co/128jha2oO2"
1245766529574150144,2020-04-02 17:34:20,"Thanks, Ashley. We expect to receive guidance from @USDOL any day on how to release funds to independent contractors, gig workers, and sole proprietors. Visit https://t.co/pykan0aAHq to apply—payments will be retroactive to the date the federal CARES Act was signed into law. https://t.co/ExPNyJZkHg"
1245765594420514816,2020-04-02 17:30:37,"I know Virginians are hurting right now. Here's what we are doing:
 
✅ Suspending eviction proceedings until April 26th

✅ Developing a program to defer mortgage payments for mortgages backed by @VHDA
 
✅ Halting evictions for 60 days for people with housing choice vouchers https://t.co/FNst9uemlK"
1245764753751969792,2020-04-02 17:27:17,"Yes, if we all take this seriously and practice social distancing, we will flatten the curve. The models we're looking at suggest #COVID19 will peak in Virginia in the next 4-8 weeks, but this can change based on the actions we take right now. Thanks to you both for staying home. https://t.co/EG9SZXgzWB"
1245763834234777600,2020-04-02 17:23:37,"Q: #AskGovNortham I know the tourism is a major industry in Virginia and is suffering right now. What can be done to help the hotels, attractions, restaurants weather COVID-19?
- @careyhc

A: https://t.co/UH0ja74hNp"
1245760256556351494,2020-04-02 17:09:24,"Great question—I signed an executive directive extending the validity of driver’s licenses, identification cards, and vehicle registrations for 60 days beyond the original expiration dates and @VirginiaDMV has notified our law enforcement networks so there won't be any penalties. https://t.co/CUmNizweXS"
1245759225596383233,2020-04-02 17:05:19,"Unfortunately, Virginia's fiscal year does not align with the federal fiscal year. The state's year ends June 30, while the federal ends in October. If we moved tax deadlines past that date, it would create a massive hole in our current budget, requiring large cuts to services. https://t.co/ywJq8u807e"
1245758826701377537,2020-04-02 17:03:44,"The federal Families First Coronavirus Act makes paid family medical leave options available to many businesses. Learn more here: https://t.co/4hI8akoW4Q. And if you have to stay home to care for a family member, you should apply for unemployment benefits through @vaemploy. https://t.co/fdQtkFoCXg"
1245757551221837825,2020-04-02 16:58:39,"According to @CollegeBoard, the next SAT is scheduled for the first weekend of June, but that is subject to change. We know students are anxiously awaiting more details—you can find additional information and updates at https://t.co/bAXBvoNIMQ. https://t.co/80BI2NFmZf"
1245756967236313089,2020-04-02 16:56:20,"Let me be clear—we need med school students in this fight. The best way you can help is to volunteer with the Virginia Medical Reserve Corps, where you will be matched with an assignment based on need and your skill set. Sign up at https://t.co/T1yakxkb6f. https://t.co/5HACKIjy8H"
1245756610561146886,2020-04-02 16:54:55,"The lack of testing supplies is a tremendous problem in public and private labs nationwide, which is a big reason for this backlog. Thankfully we just doubled our ability to process tests in our state lab, which does not have a backlog and can now give results in 12-24 hours. https://t.co/LQPSBXzGf2"
1245756182284861440,2020-04-02 16:53:13,"Great question, Ebony. #COVID19 is a new disease and we have limited information about risk factors. We do know that people with underlying medical conditions could be at higher risk for severe illness from the virus. That's why staying home and practicing good hygiene is key. https://t.co/ie6EGiiw9H"
1245753198729707525,2020-04-02 16:41:22,"Yes, @VDOE_News has announced a variety of waivers for different teacher licenses. You can find more information online here: https://t.co/fpaI65wgtR. Thanks for all you are doing for Virginia's students during these challenging times. https://t.co/lEtsupDfcv"
1245752220047544327,2020-04-02 16:37:28,"Remind your loved ones that this is a serious crisis, and there are serious consequences for ignoring the measures we've put in place. Not only can you be charged with a misdemeanor for violating the ban on 10-person gatherings, but you're putting yourself and others at risk. https://t.co/ivIrEBbFp6"
1245751499768172544,2020-04-02 16:34:37,"No Virginia family should go without the services they need due to #COVID19. Last week @VDSS issued emergency SNAP benefits to 225,000 households and will do so again on April 16. Families receiving TANF can apply for a one-time emergency benefit of $500 to help meet their needs. https://t.co/QlNpK2EezC"
1245751037434171392,2020-04-02 16:32:46,"My administration is working with the General Assembly on a plan for how they can safely conduct the scheduled reconvened session on April 22. In the meantime, I have been reviewing and signing bills to ensure we meet the April 11 deadline for action on legislation. https://t.co/YWgTyxiWcX"
1245750610579857410,2020-04-02 16:31:05,"Q: Are you satisfied with the support the State has received from the federal government? What should they keep doing and where do they need to improve? #AskGovNortham
- @eLazzaro_

A: https://t.co/mWxHh0d1mn"
1245749558606520320,2020-04-02 16:26:54,"Our Commonwealth is large and geographically diverse, which means the virus may peak at different times in different places. We are developing a Virginia-specific model that will tell us more, but for now, we want all Virginians to be prepared for this to last months, not weeks. https://t.co/71Gyk14CJP"
1245748376014028805,2020-04-02 16:22:12,"Absolutely. @VDOE_News has already requested any PPE not needed by our school staff be donated, and many have provided us with extra masks, gloves, and hand sanitizer. We're so grateful to our schools for pitching in to protect our healthcare workers and those in need. https://t.co/F2SUzoOiqI"
1245746751862177792,2020-04-02 16:15:45,"Thanks for the great question, Shari. Two weeks ago, I directed @VAemploy to expand eligibility for unemployment benefits to help support working Virginians affected by the #COVID19 outbreak. To apply, visit https://t.co/pykan0aAHq or call 1-866-832-2363. https://t.co/RyWruPdUYJ"
1245745956425007109,2020-04-02 16:12:35,"The @VaNationalGuard currently has about 150 personnel supporting our #COVID19 response efforts, from transporting supplies to emergency logistics. As we find areas where we need more capabilities or resources are spread thin, I will mobilize additional VNG to help fill any gaps. https://t.co/QzacZXzMHp"
1245744426841972738,2020-04-02 16:06:30,"Q: #AskGovNortham I consider myself compliant with all guidelines. I  have continued to go to local Hs track and walk. I keep my distance from the few others who may be present. Should I be doing this or not?
Also, are projects that require Lowes’ trip consid…
- @PearseReid

A: https://t.co/ttOs8f3Ffp"
1245743376928030721,2020-04-02 16:02:20,I'm getting ready to answer your #COVID19 questions on Twitter—follow along with #AskGovNortham. https://t.co/BpZlhxZ5Sc
1245682855562313729,2020-04-02 12:01:51,"Reminder: I'll be hosting a #COVID19 Twitter Q&amp;A at noon today.

Send over your questions using #AskGovNortham and I'll answer as many as I can. https://t.co/E8OsOxXjWw"
1245473235120029701,2020-04-01 22:08:53,"You can still support your favorite restaurants under our #StayAtHome order—many continue to serve their communities with takeout, delivery, and no-contact pickup. I'm participating in Virginia is for Restaurant Lovers Takeout Week, and I invite you to as well. #VirginiaEatsLocal https://t.co/NUH1iI4ac2"
1245440941806272518,2020-04-01 20:00:34,"Virginians, I’ll be answering your #COVID19 questions during a nationwide #AskTheGov Twitter Q&amp;A tomorrow, April 2 at 12:00 PM. Send us your questions using #AskGovNortham"
1245433022784122886,2020-04-01 19:29:06,"RT @RepSpanberger: In the face of uncertainty and fear, our health workers have displayed unmatched grit, selflessness, and courage. #VA07…"
1245409912416374785,2020-04-01 17:57:16,I'm holding a #COVID19 briefing with members of the Virginia Emergency Support Team. WATCH: https://t.co/3u4xwU4wxG
1245398942726139904,2020-04-01 17:13:40,"Today is #CensusDay, Virginia! While you're home, make sure you're counted.

The #2020Census results will impact the share of federal resources flowing into our Commonwealth for the next decade.

Take 10 minutes and fill out your Census:
💻 https://t.co/XdAf6qxPOX
☎️ 844-330-2020 https://t.co/AvSmVQXRKV"
1245134877671993345,2020-03-31 23:44:22,"My mother was a nurse, and I've worked side-by-side with some of the most talented nurses throughout my medical career. It was great to speak with @vanurses and thank them for their tireless work on the front lines of this public health crisis. https://t.co/R9BQx4lwZg"
1245058031165083649,2020-03-31 18:39:01,"RT @RepDonBeyer: ***FOOD SECURITY***

Sharing info from @GovernorVA's office below. Times are tough but there are ways to help each other s…"
1244969605061382144,2020-03-31 12:47:38,"Zohaib is one of so many people we are seeing across the Commonwealth doing the right thing to help their family, friends, and neighbors. You all make me proud to be a Virginian. https://t.co/BB3Hs27XCv"
1244784289557946374,2020-03-31 00:31:16,"As a physician, I know what it's like to be in a hospital, in emergency rooms, and on the front lines. On #NationalDoctorsDay, and every day, let us thank all of the heath care professionals that dedicate their lives to caring for those in need."
1244744219165679616,2020-03-30 21:52:02,"To the people congregating on our beaches and completely ignoring what everyone else is doing—you are being selfish. You are putting all of us at risk, especially our healthcare providers. This is a statewide effort, and all Virginians need to comply and #StayAtHome. https://t.co/E9KTF8xQ3r"
1244710405974429703,2020-03-30 19:37:41,"Today I'm issuing a Stay at Home order, effective immediately.

Our message to Virginians is clear—stay home. These actions are necessary to protect public health and slow the spread of #COVID19.

Learn more: https://t.co/5SDZ23yG6G"
1244684915414716416,2020-03-30 17:56:23,I'm making an important announcement about our efforts to mitigate the spread of #COVID19 in Virginia and save lives. Tune in now: https://t.co/5ALRWG2BZM
1244653621708500992,2020-03-30 15:52:02,RT @VaNationalGuard: The Virginia National Guard has approximately 100 personnel working directly to support Virginia’s COVID-19 response.…
1244637215180967937,2020-03-30 14:46:50,I'll be making a major announcement about Virginia's #COVID19 response at 2:00 PM today. Watch live here on Twitter or at https://t.co/SNdePsaKTG.
1244060346412871681,2020-03-29 00:34:34,"“Allowing the free market to determine availability and pricing is not the way we should be dealing with this national crisis at this time,” said Virginia Gov. Ralph Northam. “This is why we need a nationally led response.”
https://t.co/EDRsIOyfnR"
1243995148574482434,2020-03-28 20:15:30,"Virginians are finding ways to help their fellow citizens and address critical needs in the battle against #COVID19. We are #OneVirginia family, and together we will get through this. 
https://t.co/scCgH7JA0b"
1243712744555253760,2020-03-28 01:33:20,Secretary of Defense @EsperDoD just authorized Virginia's request to fund the @VaNationalGuard to help save lives and protect public health. We are grateful for this support from the federal government and our representatives in Washington—together we will defeat #COVID19. https://t.co/Mze4IPVgxK
1243640515809161217,2020-03-27 20:46:19,RT @VDEM: .@VDEM &amp; @VaNationalGuard partner to unload donated supplies from private sector partners into the state’s logistics staging area…
1243639675841110023,2020-03-27 20:42:59,RT @JWPascale: Virginia Gov. Ralph Northam hasn't been wearing ties during his press conference. He got some negative feedback about it...…
1243638878906482688,2020-03-27 20:39:49,RT @WAVY_News: .@GovernorVA urges President Trump to enact Defense Production Act to ramp up production of desperately needed personal prot…
1243621887105593345,2020-03-27 19:32:17,"More than 650 Virginians have volunteered to serve in the Virginia Medical Reserve Corps to help fight #COVID19, just since we put the call out on Wednesday. We take care of each other in Virginia—sign up at https://t.co/Pix30e7fSf."
1243598241230286848,2020-03-27 17:58:20,Tune in for the latest updates on Virginia's #COVID19 response: https://t.co/MEQtfpO347
1243581746463100930,2020-03-27 16:52:47,"I urge the President to quickly approve our request. Thank you to @MarkWarner, @timkaine, and the entire Virginia congressional delegation for reinforcing this call. https://t.co/Bod9rVLMTD"
1243335421460963328,2020-03-27 00:33:59,"Tonight I spoke with Virginia's congressional delegation—I thanked them for their ongoing partnership in mitigating the spread of #COVID19, and for their work to pass an economic stimulus package that will bring needed relief to working Virginians, families, and small businesses. https://t.co/L87X0PzB0k"
1243249754609537024,2020-03-26 18:53:34,"RT @VaDOT: Motorists can expect to see #COVID19 messages in #VA for the coming weeks. 

Safety is a top priority for us here at VDOT, &amp; we'…"
1243222691697565696,2020-03-26 17:06:02,"Stigmatization and discrimination are always dangerous, and even more so during this public health crisis. We are all in this together—let's act like it.

Read this important op-ed from the Virginia Asian Advisory Board: https://t.co/sIpVOWniA3"
1242933522442182657,2020-03-25 21:56:58,We are moving quickly to get these additional SNAP benefits into the hands of Virginia families who need them. https://t.co/zzFYwfQP5E
1242928714930966532,2020-03-25 21:37:52,"RT @myVPM: At today's press briefing, Gov. Northam addressed the controversial reopening of Liberty University.
“We have heard too many mix…"
1242915751880790016,2020-03-25 20:46:22,"Today, @VDHCommissioner and I directed all hospitals to stop performing elective surgeries and procedures—this will help conserve personal protective equipment for the frontline healthcare workers who need it most.

Learn more: https://t.co/rOMKvcr9sM"
1242873279125180416,2020-03-25 17:57:35,I'm holding a briefing with updates on #COVID19 in Virginia. Watch live: https://t.co/sXRzcJD1mZ
1242589236433387525,2020-03-24 23:08:54,"Estamos tomando medidas para detener la propagación de #COVID19.

Efectivo medianoche:
🚪ciertos negocios no-esenciales permanecerán cerrados por 30 días
🚫se prohíben reuniones más de 10 personas
🍽️restaurantes solo pueden ofrecer comida para llevar

Más: https://t.co/e3tz0hUMeG"
1242589234776719366,2020-03-24 23:08:54,"We are taking aggressive steps to stop the spread of #COVID19.

Effective at midnight tonight:
🚪certain non-essential businesses will remain closed for 30 days
🚫gatherings over 10 people are banned
🍽️restaurants must move to take out only

Learn more: https://t.co/lE8WZdNyA1"
1242563739662069760,2020-03-24 21:27:35,"RT @NatlGovsAssoc: .@GovernorVA says people understand that changes needed to fight #coronavirus ""...are difficult, but they are necessary.…"
1242525781634449408,2020-03-24 18:56:46,"RT @MelLeonor_: Virginia COVID-19 update, March 24: Northam reminds people that new restrictions on businesses go into effect tonight. Non-…"
1242523906780663811,2020-03-24 18:49:19,"RT @nbcwashington: Asked to comment on the President’s assertion that restrictions might ease after 15 days, @GovernorVA says: “While it wo…"
1242520176559620097,2020-03-24 18:34:29,RT @HenryGraff: @GovernorVA says the state has received first shipment of personal protective equipment from the national stockpile. He add…
1242510816852635648,2020-03-24 17:57:18,I'm joining the Virginia Emergency Support Team to share the latest updates on our COVID-19 response. Watch here: https://t.co/aOYGvXhUEx
1242266158549606400,2020-03-24 01:45:07,"Tonight, I held a call with faith leaders across Virginia. I'm grateful for their leadership in bringing people together spiritually, while remaining physically apart.

This virus does not care who we pray to or how we worship––we must all work together in fighting against it. https://t.co/zbuwr48Zb9"
1242255291955191809,2020-03-24 01:01:56,"RT @RepDonBeyer: An important message from @GovernorVA today that may have been overshadowed by other news:

If your family is worried abou…"
1242249868694958086,2020-03-24 00:40:23,"Strong regional cooperation is critical as we continue responding to #COVID19 in the weeks and months ahead. @MayorBowser, @GovLarryHogan, and I are working closely together to mitigate the spread of the virus in the National Capital Region.

Read our joint statement: https://t.co/dCtPOIIan2"
1242183157568475139,2020-03-23 20:15:18,"Learn more about the executive order I signed here: https://t.co/lE8WZdNyA1

Answers to some commonly asked questions are available here: https://t.co/dYQBdDrkDM https://t.co/Caoalt9HNW"
1242183156100476930,2020-03-23 20:15:17,"I am also ordering all schools in Virginia to remain closed at least through the end of this academic year.

I know these changes will raise many questions and create new challenges—but I am also confident in our ability to be resilient and navigate these waters together."
1242183154544324608,2020-03-23 20:15:17,"Today, I am ordering certain non-essential businesses to close for 30 days, banning gatherings of more than 10 people, and requiring restaurants to do carryout or delivery only. This starts Tuesday, March 24 at 11:59 PM."
1242183153365790721,2020-03-23 20:15:17,"As we continue responding to the #COVID19 outbreak, my highest priority is protecting the health and safety of all Virginians. This is an unprecedented situation, and it requires unprecedented action.

Here’s what that means for Virginians⬇️"
1242148818449125376,2020-03-23 17:58:50,Governor Northam COVID-19 Briefing – March 23 https://t.co/u8kXFDq03u
1241739822588444673,2020-03-22 14:53:38,"Tune in at 11:00 AM to watch my #COVID19 briefing with the Virginia Emergency Support Team.
https://t.co/SNdePsaKTG or on @8News: https://t.co/7lMgcj0VIM"
1241472991189401607,2020-03-21 21:13:21,"RT @MarkHerringVA: Yesterday I issued guidance that will ensure local governments and other public bodies can provide services, make decisi…"
1241450782035259400,2020-03-21 19:45:06,We can practice social distancing without being spiritually distant. Thank you @DelegateTorian for this important message about participating in virtual services until we are able to safely return to our places of worship. https://t.co/q3kmLXwKuM
1241395481231667201,2020-03-21 16:05:21,"3️⃣ @VDOE_News is preparing Virginia's application for a waiver from federal testing requirements.

And my administration is evaluating the steps we can take to provide relief to students on state mandated SOL tests, which go beyond those mandated by the federal government."
1241395480086450176,2020-03-21 16:05:21,2️⃣ We have revised our testing criteria to give additional priority to first responders and medical professionals who have had contact with #COVID19 patients and people in nursing homes and long-term care facilities.
1241395478442455041,2020-03-21 16:05:20,"At my #COVID19 briefing this morning, I shared the following key updates:

1️⃣ Last night, I signed an executive order that gives our hospitals and nursing homes more flexibility to add the beds they need without going through red tape. Learn more here: https://t.co/8NRWjb4p6w https://t.co/LP9acBMFKJ"
1241379234066685953,2020-03-21 15:00:47,"WATCH LIVE: I'm holding a #COVID19 briefing with the Virginia Emergency Support Team.

https://t.co/SNdePsaKTG or on @NBC12: https://t.co/3O6pkzADKZ"
1241359496494100481,2020-03-21 13:42:21,"And I am heartened by all the businesses that are working hard to modify their operations to follow health and safety guidelines, while they continue to serve customers’ needs."
1241359495533649920,2020-03-21 13:42:21,I also want to thank all the workers in places like our grocery stores and pharmacies who are stocking our shelves as fast as they can—we are grateful for them.
1241359493667131393,2020-03-21 13:42:21,"I want to thank all the people on the front lines of this public health emergency—from the doctors and nurses, to the public health professionals, first responders, and even the scientists who are racing to develop new tests and a vaccine for #COVID19."
1241118641434886144,2020-03-20 21:45:17,"We are all experiencing big, unwanted changes that can cause stress and anxiety.

If you or someone you know is feeling depressed or suicidal, call the National Suicide Prevention Lifeline, @800273TALK (1-800-273-8255) or the @samhsagov Disaster Distress Helpline, 1-800-985-5990."
1241099377550204934,2020-03-20 20:28:44,"For a complete list of #COVID19 resources in Virginia, please visit https://t.co/XNjzM5VF5W."
1241099376304492548,2020-03-20 20:28:44,"➡️ Finally, today I announced that @VirginiaABC will allow restaurants to sell beer and wine for takeout and delivery. This will help restaurants across Virginia whose operations have been affected by the #COVID19 outbreak."
1241099374920380417,2020-03-20 20:28:44,"➡️ I also reminded Virginians that while we are all focused on #COVID19, the 2020 Census is now underway—and it’s critical that we still fill out our census forms so Virginia has a complete and accurate count of its residents.

For more information go to https://t.co/B4bQek5vnr."
1241099373834121218,2020-03-20 20:28:43,➡️ We are doing everything we can to help people impacted by this public health crisis—Virginians who have been temporarily laid off or discharged from their jobs can file a claim with @vaemploy by calling 1-866-832-2363 or by visiting https://t.co/o9lbI5xQPG.
1241099372609376257,2020-03-20 20:28:43,"At today's #COVID19 briefing, I shared some important updates with Virginians:

➡️ There are currently 114 people that have tested positive for #COVID19 in our Commonwealth."
1241068275930411009,2020-03-20 18:25:09,"RT @VaTax: Virginia Tax Alert: Virginia income tax PAYMENTS due between April 1, 2020, and June 1, 2020, are now due on June 1, 2020.

Fili…"
1241064502394789888,2020-03-20 18:10:09,"📣 IN CASE YOU MISSED IT: Virginia small businesses and nonprofits affected by the #COVID19 outbreak can now apply for low-interest federal disaster loans of up to $2 million through the @SBAgov Economic Injury Disaster Loan program.

To apply, visit: https://t.co/STFCPe3Puw"
1241027615915474945,2020-03-20 15:43:35,RT @WHSVNinaBaratti: Northam adds residents STILL should fill out the Census by mail or online. He says it's critical so Virginia can recei…
1241027457496633350,2020-03-20 15:42:57,"RT @CBS6: Governor Northam on Thursday afternoon encouraged criminal justice officials including Commonwealth's attorneys, defense attorney…"
1241016688059076608,2020-03-20 15:00:10,I'm sharing the latest updates on #COVID19 and our ongoing response efforts. Tune in at https://t.co/SNdePsaKTG or watch on @NBC12: https://t.co/8Hza5kEy4W
1240780238566633475,2020-03-19 23:20:36,"As we continue to respond to this public health crisis, my top priority will always be keeping Virginians safe and healthy, and ensuring that we leave no one behind.

The full list of resources we've mobilized to address #COVID19 is available at https://t.co/XNjzM5VF5W."
1240780236847034368,2020-03-19 23:20:35,"And I've directed @VSPPIO to suspend the enforcement of motor vehicle safety inspections for 60 days.

For additional information about any of the measures I announced today, visit
https://t.co/IipYbxL5YK"
1240780235592945664,2020-03-19 23:20:35,"I'm encouraging local criminal justice officials to explore proactive measures to combat the spread of #COVID19 at our state correctional facilities while maintaining public safety.

@VADOC has also suspended in-person visitation and all transfers from local and regional jails."
1240780234452094982,2020-03-19 23:20:35,"I've asked @VaTax to extend the due date for individual and corporate income taxes in Virginia to June 1 (filing deadlines remain the same).

Businesses affected by #COVID19 can also request to defer payment of state sales tax—due tomorrow—for 30 days."
1240780233265070086,2020-03-19 23:20:34,"We received approval from @SBAgov today allowing small businesses and nonprofits impacted by the #COVID19 outbreak to apply for low-interest federal disaster loans of up to $2 million.

Submit an application here💻: https://t.co/898dXk7UFv"
1240780232036155393,2020-03-19 23:20:34,"Together with @VDSS, we're adapting child care operations to increase flexibility for families and providers.

And we've provided guidance to child care facilities to contain the spread of #COVID19, while supporting essential personnel. More details here: https://t.co/rJG7v2MC0H"
1240780230752636930,2020-03-19 23:20:34,"We're supporting the 1.5 million Virginians enrolled in Medicaid by:
▫️ Eliminating all co-payments
▫️ Allowing a 90-day supply of routine prescriptions
▫️ Waiving pre-approval requirements
▫️ Expanding access to telehealth services

Learn more here: https://t.co/fhy4SgLk2e"
1240780228743458816,2020-03-19 23:20:33,"As of this afternoon, there are 94 people that have tested positive for #COVID19 in Virginia.

Today, I also announced additional actions to support our ongoing, statewide response efforts and help Virginians impacted by this public health emergency. https://t.co/SghDc2Vl37"
1240746040225120256,2020-03-19 21:04:42,"RT @coverva: This afternoon, @governorva &amp; @vamedicaiddir announced several immediate actions Virginia Medicaid is taking to ensure our 1.5…"
1240714368653852672,2020-03-19 18:58:51,"I'll be giving a #COVID19 update with the Virginia Emergency Support Team shortly.

Watch live at https://t.co/SNdePsaKTG or via @8News https://t.co/DtmVrmAonI"
1240694036853186560,2020-03-19 17:38:04,".@VDHgov is keeping Virginians informed about: 

• The latest cases of coronavirus
• Ongoing response efforts
• How to stay safe

For regular updates on #COVID19, visit https://t.co/vdACjjUVOa."
1240627409176735744,2020-03-19 13:13:18,"RT @VDEM: If you see excessive price increases for #coronavirus (#COVID19) necessities, report it to @MarkHerringVA's office. ➡️ https://t.…"
1240405666533179392,2020-03-18 22:32:11,RT @NBC12: “We want to make sure that our children are safe while also ensuring that essential personnel like medical professionals are abl…
1240375502822690818,2020-03-18 20:32:19,"The #COVID19 outbreak has led to a critical blood shortage—this afternoon, I donated with @VARedCross, and I urge Virginians who are healthy to do the same.

Go to https://t.co/ulPvEzn4br to make an appointment and learn more about the safety measures in place for donating. https://t.co/i3KFCcyjVd"
1240362110602940419,2020-03-18 19:39:06,"We are taking action to support small businesses and nonprofits impacted by this public health crisis. Today, I requested a statewide Economic Injury Disaster Loan declaration from @SBAgov to help get access to low-interest federal loans. Read my letter: https://t.co/yiX9tU1Ccs"
1240291401885245443,2020-03-18 14:58:08,I'm joining the Virginia Emergency Support Team to provide updates on our continued #COVID19 response efforts. Tune in at https://t.co/SNdePsaKTG or watch live on @8News here: https://t.co/JzyJkuNltv
1240041726301147136,2020-03-17 22:26:01,"I just issued an emergency order with @VDHCommissioner to enforce Virginia's statewide ban of more than 10 patrons in restaurants, theaters, and fitness centers. 

Please use common sense. If you were considering ignoring this limit—don't. 
https://t.co/IDeKPHIhsx"
1240009678345641990,2020-03-17 20:18:40,"RT @myVPM: Today, @GovernorVA confirmed 67 coronavirus cases in Virginia, asked everyone to cancel gatherings of 10 or more, and urged resi…"
1240009333146095619,2020-03-17 20:17:17,RT @8NEWS: Gov. Northam has asked the commissioner of the Virginia Employment Commission to waive the one-week waiting period so that worke…
1240006835597385728,2020-03-17 20:07:22,RT @kingWTOP: Virginia COVID-19 update: Gatherings larger than ten people discouraged. People 65/older urged to self-quarantine. “Every sin…
1239994370243407872,2020-03-17 19:17:50,"We can, and we will get through this difficult and unprecedented public health crisis. But we must work together to do so.

For a comprehensive list of actions we are taking to combat #COVID19 in Virginia, visit https://t.co/XNjzM5VF5W."
1239994369115140098,2020-03-17 19:17:50,"The @VAStateCorpComm is directing the utilities it regulates—electric, natural gas, and water companies—to suspend service disconnections for 60 days. This action will provide immediate relief to customers, residential and business, who have been financially affected by #COVID19."
1239994367500259330,2020-03-17 19:17:49,"Yesterday, the Supreme Court of Virginia granted my request to declare a judicial emergency in Virginia, which includes a prohibition on new eviction cases for tenants who are unable to pay rent as a result of #COVID19. https://t.co/2H32VK2T7m"
1239994365847769089,2020-03-17 19:17:49,"I have ordered the @VirginiaDMV to temporarily close to the public. You can still renew a driver's license or vehicle registration online, and we will grant a 60-day extension those who cannot renew online, or whose license or registration expires before May 15."
1239994364295872523,2020-03-17 19:17:49,"We are also helping working Virginians impacted by the #COVID19 outbreak by:
➡️waiving the waiting period for unemployment benefits
➡️enhancing eligibility for unemployment
➡️loosening restrictions for those receiving unemployment insurance"
1239994362391670784,2020-03-17 19:17:48,"We know this will affected many workers and businesses, and we are taking steps to support those who are impacted by these decisions.

Learn more here: https://t.co/lZxc446YMX"
1239994361137561600,2020-03-17 19:17:48,Virginians with chronic health conditions and those 65 and older are at increased risk of severe illness from #COVID19 and should self-quarantine. We must all do our part to regularly check in with high-risk individuals who are staying at home.
1239994359686316032,2020-03-17 19:17:47,"I am ordering all restaurants, fitness centers, and theaters to significantly reduce their capacity to 10 patrons, or close. We encourage restaurants to continue offering carry-out and takeaway options."
1239994357509390336,2020-03-17 19:17:47,"I am urging Virginians to further reduce the size of public gatherings to 10 people or less, per federal guidelines.  Essential services like manufacturers, distribution centers, airports, bus and train stations, medical facilities, grocery stores, and pharmacies aren't included."
1239994355458457604,2020-03-17 19:17:46,"This morning, I updated Virginians on the coronavirus outbreak and announced several additional actions we are taking to mitigate the spread of the virus in our Commonwealth and #FlattenTheCurve.

Right now, 67 people have tested positive for #COVID19, and sadly 2 have died. https://t.co/5bbEr9WArp"
1239929792809578502,2020-03-17 15:01:14,LIVE NOW: I'm giving an update on #COVID19 in Virginia. Watch live at https://t.co/SNdePsaKTG or @NBC12 https://t.co/kxSJnOwzQh
1239628486303723525,2020-03-16 19:03:56,We are deeply saddened to hear that a man in his 70s on the Peninsula has died from #COVID19. It's important that we all look out for each other during this difficult time for our Commonwealth and our country.
1239580756499988480,2020-03-16 15:54:17,This morning I directed members of my cabinet to continue working with state and local partners across the Commonwealth to mitigate the spread of #COVID19. My highest priority continues to be keeping Virginians safe—the policies we're putting in place are about protecting people. https://t.co/LIaWN7D4Ck
1239542809348186119,2020-03-16 13:23:29,"RT @MayorBowser: Together with @GovLarryHogan and @GovernorVA, we request that @realDonaldTrump adds the National Capital Region to the pri…"
1239293883135283200,2020-03-15 20:54:21,"Earlier this week, we declared a state of emergency in Virginia, closed all K-12 schools for two weeks, restricted visitors at nursing homes and correctional facilities, and limited state employee travel.

This is a public health crisis—we must all treat is as such."
1239293881113608193,2020-03-15 20:54:20,"Today, I announced a temporary statewide ban on all public events of more than 100 people. This is about common sense, and using social distancing to reduce the spread of #COVID19 and protect Virginians. https://t.co/uiVFK54v4I"
1239263231727861762,2020-03-15 18:52:33,"At 3:00 PM today, I will update Virginians with the latest on #COVID19 in our Commonwealth. Watch live at https://t.co/SNdePsaKTG or via @8NEWS https://t.co/GjP8O4wI6V"
1238944286139453441,2020-03-14 21:45:10,"Pam and I were deeply saddened to learn that a Virginian has died from #COVID19. The health of Virginians continues to be my absolute top priority. I will meet with local Peninsula officials tomorrow, and we will speak to the community about next steps.
https://t.co/Q7GNEVDEeO"
1238928772067479558,2020-03-14 20:43:32,"UPDATE: As of this afternoon, there are 41 confirmed cases of #COVID19 in Virginia. 

We are working around the clock to keep our Commonwealth safe. For information about how you can protect yourself and your family, https://t.co/S1eGsXrmBR https://t.co/Wgt3GeF2dR"
1238572598839201795,2020-03-13 21:08:13,We’re working to protect vulnerable Virginians from #COVID19. Thank you to @VaMedicaidDir and your team for continuing to help those who need it most by ensuring they have access to vital health care and long-term supports. https://t.co/SvMHk9Hn6E
1238534082029551616,2020-03-13 18:35:10,"I am ordering all K-12 schools in Virginia to close for a minimum of two weeks to help reduce the spread of #COVID19. I don't make this decision lightly, but we must continue to do everything we can to keep Virginians safe and healthy. Learn more here: https://t.co/j2xIRFhAsy"
1238504568138366981,2020-03-13 16:37:54,"There are currently 30 cases of #COVID19 in Virginia. Together with our hospitals and medical professionals, we are working to ensure strict screening procedures, increased staffing support, and adequate medical and protective supplies."
1238504567026913281,2020-03-13 16:37:53,"Virginia continues to work with @CDCgov to get as many tests as quickly as possible so we can expand our testing criteria as the virus spreads. In the meantime, we are working with private labs and medical centers to expand capacity in the Commonwealth."
1238504565227618306,2020-03-13 16:37:53,"This morning, I met with health care providers at @BonSecours Richmond Community Hospital to discuss #COVID19 preparations. Two things are very clear: 
➡️ We have some of the best doctors and medical staff ready to combat this virus.
➡️ We need more testing capacity immediately. https://t.co/YkmjVK4ld8"
1238459806882684928,2020-03-13 13:40:02,"Thank you, @MarkHerringVA. We won't allow anyone to take advantage of Virginians during this public health crisis. https://t.co/om1Lae44Ky"
1238438797987196928,2020-03-13 12:16:33,"RT @VDEM: It can take from two days to 14 days for an infected person to show symptoms (after
exposure) but an infected person can spread t…"
1238225659908014080,2020-03-12 22:09:37,"RT @myVPM: Earlier today, @GovernorVA declared a state of emergency, which gives his office broader discretionary powers on spending to com…"
1238191766618230784,2020-03-12 19:54:56,"Virginia is continuing to execute a massive response to #COVID19 across all levels of state government. For accurate information on how you can protect yourself and your family, visit https://t.co/vdACjjDkWC."
1238191764235837442,2020-03-12 19:54:55,"✔️I'm directing our economic teams to assess and prepare for longer term impacts to the economy. While we will continue to explore options, we know that the best way to get our economy back to normal is to keep Virginians healthy and address this public health threat."
1238191762839154691,2020-03-12 19:54:55,"✔️In accordance with advice from public health experts, I'm cancelling all state conferences and large events for a minimum of 30 days. I urge localities to also limit large events, and to make these decisions quickly and in consultation with their local health departments."
1238191760200863745,2020-03-12 19:54:54,"Today, I'm announcing additional actions:

✔️I'm banning all non-essential work-related travel outside of Virginia for state employees. We'll work with specific agencies to make accommodations in Northern Virginia and border communities like Bristol, where this is not practical."
1238191758682525698,2020-03-12 19:54:54,"I just declared a state of emergency in response to #COVID19. While Virginia has been preparing for weeks and we have adequate funding on hand, it has become increasingly clear that states need to lead the national response. Read more here: https://t.co/gP3OQh4XHS"
1238164423056949249,2020-03-12 18:06:17,LIVE NOW: I'm discussing the additional steps Virginia is taking to mitigate the spread of #COVID19 in our Commonwealth. Tune in at https://t.co/SNdePsaKTG or @8News https://t.co/4tJAk2ZVmr.
1238134597696847873,2020-03-12 16:07:46,"As of this morning, there are 15 presumptive positive cases of #COVID19 in Virginia.

I will provide additional updates on the Commonwealth's preparedness and response efforts at 2:00 PM today. 

Tune in at https://t.co/SNdePsaKTG. https://t.co/eVMzGY71ti"
1237883502194053120,2020-03-11 23:30:00,"Earlier today, I sat down with @nbcwashington and @ABC7News  to talk about the impacts of #COVID19 in Northern Virginia, and the ways we're working to protect public health, our people, and our communities. https://t.co/xGGr4Ta3pX"
1237872231834767363,2020-03-11 22:45:13,"ICYMI: Here is our media briefing from this morning with updates on Virginia's ongoing #COVID19 response efforts. 
https://t.co/W5Mz6fe6Q1"
1237870951468945417,2020-03-11 22:40:08,"I am confident that our Commonwealth has made the appropriate plans and done the necessary preparations to adapt as this situation evolves.

For accurate, reliable, and up-to-date information about #COVID19 in Virginia, visit @VDHgov at https://t.co/vdACjjUVOa."
1237870949493399555,2020-03-11 22:40:07,"Across our transportation network—which includes airports, Metro, buses, and rail—@VaDOT will adjust cleaning schedules according to @CDCgov protocol. And we're ensuring our transportation workforce has the training they need to help reduce the potential spread of disease."
1237870946788110338,2020-03-11 22:40:06,I've been working closely with the General Assembly to ensure Virginia has adequate funding in our final budget to prepare for and respond to #COVID19. This additional funding is included in the budget that legislators will vote on tomorrow.
1237870945013886976,2020-03-11 22:40:06,".@VirginiaDHRM has directed all state agencies to update their emergency operations and paid leave policies.

Virginia is setting an example by activating public health emergency leave for state employees who have recently traveled to high-risk areas."
1237870942946086912,2020-03-11 22:40:05,"We're committed to addressing possible barriers to care:

✅ We're working with Virginia insurers to waive costs associated with #COVID19 diagnostic testing.

✅ We're talking with employers across the Commonwealth about telework and paid time off, including for hourly workers."
1237870941562159106,2020-03-11 22:40:05,"Together with @VaMedicaidDir, @VDSS, and local partners, we're working to ensure no Virginian goes hungry in the event of extended school closures or isolation due to #COVID19, and our most vulnerable populations have continued access to critical services."
1237870939930382337,2020-03-11 22:40:05,"We've directed all school districts to update their pandemic plans in consultation with their local health departments.

And we will continue working in close coordination with college and university presidents to provide guidance and address their individual situations."
1237870938118426629,2020-03-11 22:40:04,"✅ We’ve expanded our criteria for diagnostic testing to ensure that anyone who has symptoms and is in a nursing home is a top priority.

✅ We’ve also provided guidance to nursing homes and senior care facilities on additional visitor screening."
1237870936449118211,2020-03-11 22:40:04,"In Virginia, we've taken steps to prepare for and protect Virginians from #COVID19—and we will continue to execute our plans across all levels of government.

Here's what we are doing:"
1237866602525126658,2020-03-11 22:22:51,RT @VDHCommissioner: Virginia Gov. Ralph Northam @GovernorVA gathered @VDHgov @VDHcommissioner @MedSocietyVA @VirginiaHHA VHCA @VDSS @VAMed…
1237790456823443457,2020-03-11 17:20:16,"RT @JakeBurnsCBS6: Large group of state and city leaders standing w/@GovernorVA to update #coronavirus in Virginia.
-nine confirmed cases s…"
1237740773891866625,2020-03-11 14:02:51,"I'm about to share the latest updates on #COVID19 in Virginia and discuss our ongoing state efforts to prepare for and respond to coronavirus. 

Watch here: https://t.co/SNdePsaKTG"
1237472802242015233,2020-03-10 20:18:01,"As a doctor, I know that being prepared and taking basic health precautions can make a big difference. I will hold a press conference tomorrow at 10:00 AM to share the latest updates on our ongoing, statewide efforts to respond to #COVID19. Tune it at https://t.co/SNdePsaKTG."
1237472798861332480,2020-03-10 20:18:01,"We continue to work closely with hospitals, colleges and universities, local school districts and superintendents, private businesses, and major transportation networks throughout the Commonwealth."
1237472797523349505,2020-03-10 20:18:00,It's important that we take care of each other—Virginia has activated public health emergency leave for state employees who have recently traveled to high-risk areas for coronavirus. We encourage private businesses to do the same and explore telework options.
1237472795417817089,2020-03-10 20:18:00,"UPDATE: @VDHgov has identified additional cases of #COVID19, bringing the total number of presumptive positive cases in Virginia to eight.

Protecting the health and wellbeing of all Virginians is our top priority, and we are using every tool we have to keep people safe. https://t.co/w7RikfuTEd"
1237126062355755009,2020-03-09 21:20:12,"We now have three presumptive positive cases of coronavirus in our Commonwealth—all individuals recently returned from overseas travel.

Get the latest information on #COVID19 in Virginia, including resources for how you can stay safe and healthy, at https://t.co/vdACjjDkWC."
1237114736006893570,2020-03-09 20:35:12,RT @VDEM: DID YOU KNOW flooding is the most common natural disaster in the US? That's why it's important to know your risk and protect the…
1237063694930018304,2020-03-09 17:12:23,"RT @1901Group: JUST OUT: @GovernorVA Announces @1901Group to Establish Third Virginia Operation in Washington County, Creating 150 New Jobs…"
1236724025033883652,2020-03-08 18:42:39,"On this #InternationalWomensDay, I'm honoring remarkable women leaders around the globe—and now here in Virginia—who are fighting to make our world stronger, fairer, and more just. Let's celebrate them, stand with them, and advocate for them, today and every day."
1236464957983776768,2020-03-08 01:33:13,"We are working closely with federal, military, and local partners to respond to a COVID-19 case at Ft. Belvoir. The risk to Virginians remains low, but please continue to stay aware and take basic health precautions."
1236374227227459586,2020-03-07 19:32:41,"Thank you, @vahouse and @vasenate for listening to the voices of Virginians and voting to pass 7 out of our 8 commonsense gun safety measures. I'm thinking of gun violence victims and their families today, and the advocates whose tireless efforts have made a difference."
1236355477916864515,2020-03-07 18:18:10,RT @MarieAlbiges: 7 out of the 8 guns bills @GovernorVA first asked lawmakers to pass days after the Virginia Beach mass shooting last summ…
1236010182293041153,2020-03-06 19:26:06,"ICYMI, this week I signed bills to:
 
✅ strengthen hate crime laws
✅ prohibit racial discrimination based on hairstyle
✅ increase the felony larceny threshold
✅ ban ""conversion therapy""
✅ expand protections for transgender students

...and much more to come."
1235677740306550784,2020-03-05 21:25:05,"This morning, I got an up-close and personal look at the state-of-the-art simulation labs @TccVaBeach uses to train future healthcare professionals. My proposed G3 program will provide tuition-free community college for eligible students in high-demand fields, like this one. https://t.co/20O49xbTxx"
1235323689513684996,2020-03-04 21:58:13,"Together with @VDHgov, we've been preparing for #COVID19 since January, and we're executing our public health plans. At this time, the risk of coronavirus in our Commonwealth is low, but it's important that all Virginians do their part to keep themselves and our communities safe. https://t.co/yZXV7y7YpW"
1235232443998900224,2020-03-04 15:55:38,RT @ShannonLillyTV: .@GovernorVA says as of now no one in VA has tested positive for Coronavirus. But state leaders along with the @VDHgov…
1235219339160231936,2020-03-04 15:03:34,"While there have been no positive cases of novel coronavirus in Virginia so far, we are fully prepared to respond. Watch live as we outline our plans for #COVID19: https://t.co/SNdePsaKTG"
1234977411621457920,2020-03-03 23:02:14,"Proud to sign 68 more bills into law, including legislation to end the dangerous practice of ""conversion therapy"" for minors, accommodate working parents in state buildings, and help returning citizens reintegrate into society. See the full list here: https://t.co/nRe3McbqAI https://t.co/DVLstbBeVY"
1234943257479647232,2020-03-03 20:46:31,"RT @FirstLadyVA: “The experience of other states has shown that if we invest in little learners today, we will see great results for adults…"
1234936001736343555,2020-03-03 20:17:41,"RT @HenricoNews: Moore, a marketing solutions company, will invest more than $31 million in the former Colortree Group facility in #Henrico…"
1234879815997706253,2020-03-03 16:34:25,"Virginia, today is Election Day and a big day for democracy in our Commonwealth! @FirstLadyVA and I cast our ballots this morning—please make sure to get out and vote. Polls are open statewide until 7 PM. https://t.co/LtlBkbyS68"
1234589893789134854,2020-03-02 21:22:22,"RT @VaSecofHealth: Did you know LARCs are the most effective form of birth control? Last week, @GovernorVA visited @gpwhealthcenter to disc…"
1234540389115277313,2020-03-02 18:05:40,I'm proud to work alongside these trailblazing women. https://t.co/4EOQ62GiXV
1233515936939900928,2020-02-28 22:14:51,"Also heading to my desk is a bill to create an Extreme Risk Protective Order. 

This legislation will help keep guns out of the hands of those who pose an extreme risk to themselves or others—another BIG win for commonsense gun safety."
1233498956614848512,2020-02-28 21:07:23,"BIG NEWS: The General Assembly has passed 4 of our gun violence prevention bills that:

✅Expand protective orders
✅Require reporting of lost and stolen guns
✅Prevent child access
✅Give local authority to regulate firearms

A historic step forward—and even more to come."
1233471370203484161,2020-02-28 19:17:46,"Today, I joined Mayor @KennyAlexander to break ground on a truly innovative project that will make the @NorfolkVA community more resilient to the effects of climate change, while also making it more affordable and accessible to live in. Learn more: https://t.co/v9KT7TEfoX https://t.co/AdlMDqck00"
1233421882977914882,2020-02-28 16:01:07,"RT @VaSecVADA: This morning, @GovernorVA and members of the General Assembly Military &amp; Veterans Caucus pledged their support to address su…"
1233141981125189634,2020-02-27 21:28:53,"These laws were put in place not to improve women's health, but to limit women’s rights and interfere in their personal medical decisions. It’s past time they were repealed. https://t.co/B7thZKxT22"
1233115160698642433,2020-02-27 19:42:19,"“Our HBCUs, who play a very important role in the education process, have been playing second fiddle,” Northam said during a visit to @VSUTrojans yesterday. “There’s an inequity there.”
https://t.co/rJa6tQh5c9"
1232801729449775110,2020-02-26 22:56:51,"In Virginia, commonsense gun safety legislation has rarely been given a serious hearing, much less a vote by the full legislature. Today, both the @VASenate and the @VaHouse approved several of our bills.

These measures will make our Commonwealth safer and save lives, period."
1232796610427531266,2020-02-26 22:36:30,RT @AgForestryVA: ⁦Thrilled to join ⁦@GovernorVA⁩ as he presents the VWA 2020 Governor’s Cup to 838 Estate Vineyard for their 2017 Vidal Bl…
1232422851820638211,2020-02-25 21:51:19,"Thank you @law_lsnv for the valuable work you do on behalf of Virginians—and for showing me around your offices today. From keeping families in their homes to supporting our veterans, you help make our justice system more equal and accessible for all. https://t.co/MINUEnuwRg"
1232400930550829057,2020-02-25 20:24:13,"Welcome to the Commonwealth, @geewash! We're proud to have you at the home of the Patriots—I look forward to working with you on behalf of Virginia students. https://t.co/TkYWObAN73"
1232378732037406726,2020-02-25 18:56:00,"I met some impressive young Virginians at the @HamptonRoadsCAP Mallory Head Start Center yesterday. This General Assembly session, we're making historic investments in early childhood education so more kids in our Commonwealth can get the best possible start in life. https://t.co/dyYzo6oK98"
1232345203685675009,2020-02-25 16:42:47,"RT @RTDNEWS: “We are one step closer to a more representative and inclusive Virginia,” Gov. Ralph Northam said.

https://t.co/h4BkaEufUt"
1232051912209510405,2020-02-24 21:17:20,"RT @KaraWAVY: This morning, @GovernorVA visited Mallory Head Start in Hampton. 

A teacher told her students that leaders, like Northam, he…"
1232012389840756741,2020-02-24 18:40:18,RT @bradybuzz: JUST IN: All of the @GovernorVA's bills to prevent gun violence passed thru a @VASenate committee and will go to a full floo…
1231995956888993792,2020-02-24 17:35:00,"Katherine Johnson was a pioneer for her work @NASA_Langley that broke barriers of race and gender and helped take us to the moon. Across our Commonwealth and around the world, we mourn her loss and honor her remarkable life. 
https://t.co/XSOgZL3Ta2"
1231252822835986432,2020-02-22 16:22:03,"60 years ago today, 34 @VAUnion1865 students were arrested in downtown Richmond as they protested racial segregation. Let's remember and honor the #Richmond34 for their courage to stand up for civil rights and against discrimination.
https://t.co/XKB0DdciYS https://t.co/fUk8XnzcK6"
1230933670451695617,2020-02-21 19:13:51,"Virginia is repealing racially discriminatory language that has been on our books for far too long. That means that in a state that once put up enormous barriers to voting, we're passing laws that make it easier to vote—and finally repealing the poll tax.
https://t.co/puX3HxzCbC"
1230609421530779648,2020-02-20 21:45:24,"Virginia ranked 7th in the nation for solar job growth last year according to @solarfound's new report—we're growing our solar energy infrastructure at a record pace, and we're building an economy that's cleaner and greener as a result. https://t.co/fpZ9mqV5hn"
1230598063095525377,2020-02-20 21:00:16,"Starting tomorrow, join @CountOnVirginia for our statewide 2020 Census Week of Action! The census starts soon—learn about what’s at stake and find out how you can help ensure Virginia has a complete count. For more information, visit: https://t.co/RuC6oKzn3b https://t.co/aLkyMuJbY1"
1230561824803717120,2020-02-20 18:36:16,Pearl and Murphy would like to remind all Virginians that today is #NationalLoveYourPetDay! https://t.co/r0Gyh8xBbv
1230239527324856327,2020-02-19 21:15:34,"As @PostOpinions writes, this week’s vote ""cannot obscure the significant, indeed historic, gun-control reform on its way to becoming law in Virginia. The changes will make the commonwealth safer."" https://t.co/94WFfyOzvD"
1230230376527863812,2020-02-19 20:39:12,"RT @VaAgriculture: .@GovernorVA announces new funding to preserve farmland in Albemarle, Clarke, Fauquier, and Stafford counties, cities of…"
1230173316385775621,2020-02-19 16:52:28,RT @chesapeakebay: Virginia Gov. Ralph Northam and several state agencies have responded with a plan to provide a new habitat for migratory…
1229836128519434242,2020-02-18 18:32:36,"Our Virginia Values Veterans program has connected 59,000 veterans (and counting) with businesses that can benefit from their unique experience. It was great to visit @Carahsoft in Reston today and celebrate our 1,000th V3 certified employer. Learn more: https://t.co/b8Fbj3IIfk https://t.co/XrA11hhHhR"
1229518766607937542,2020-02-17 21:31:31,"I just signed the first bill of the 2020 session, Senator Howell's SB 582. This bill conforms Virginia's tax code to the federal code and allows donations to the Virginia Beach Strong Fund to be tax-deductible. Looking forward to signing more important bills from our legislature."
1229496802946244609,2020-02-17 20:04:15,"Our Commonwealth is the birthplace of eight American presidents—this #PresidentsDay, let's honor all of the leaders in our nation's past who fought to change our country for the better."
1229491208625565698,2020-02-17 19:42:01,RT @vakids: Thanks to @FirstLadyVA for joining our “Playdate at the Capitol” and advocating for early childhood education! We had a blast a…
1228811982704402433,2020-02-15 22:43:01,"RT @NASA: Liftoff! 🚀 

@northropgrumman’s #Antares rocket launched from @NASA_Wallops in Virginia at 3:21pm ET. Now heading to @Space_Stati…"
1228403628811210753,2020-02-14 19:40:22,"Happy #ValentinesDay, Pam. I'm a lucky guy. https://t.co/CWzp3ULIkc"
1228373396276367361,2020-02-14 17:40:14,"Federal policies have weakened important environmental protections, and the Commonwealth is stepping up—our plan to protect Virginia's migratory birds demonstrates that infrastructure and development can and must be compatible with wildlife conservation.
https://t.co/NiVWb2Q6qK"
1228046866509594630,2020-02-13 20:02:43,This is the right thing to do for the women of our Commonwealth and the women of our country. The U.S. House took an important step forward today—now it’s time for the Senate to do the same. https://t.co/boBqTaIfUL
1227639466111774721,2020-02-12 17:03:51,"We started this year with an agenda that is bolder and more forward-looking than ever before. At the midpoint of this historic General Assembly session, I'm encouraged by our progress—but we still have important work ahead. Read my full statement: https://t.co/GhtR4XS3Aj"
1227345787614613508,2020-02-11 21:36:53,Good. https://t.co/21aDBYpulG
1227329064257630208,2020-02-11 20:30:26,"Let's work to better understand distant places, not write them off or allow our regional differences to divide us. https://t.co/60xIelXEEk"
1227000587390201856,2020-02-10 22:45:11,"RT @TCCva: ""As Tidewater Community College's new president, I would like to tell you why the “Get Skilled, Get a Job, Give Back” (G3) initi…"
1226954806025211904,2020-02-10 19:43:16,"TODAY is your last chance to register to vote in the March 3rd Virginia Democratic Presidential Primary. To register, or check that your information is up to date, visit https://t.co/DLOxEU9SKF by 11:59 PM tonight. #VAisForVoters https://t.co/2TW4ej472L"
1226920078039506945,2020-02-10 17:25:16,"We're working to build a strong pipeline of diverse STEM educators to prepare Virginia students to succeed in a 21st century workforce. Great to be in Norfolk to discuss my plan to invest $1 million to establish UTeach programs at our public HBCUs, @Norfolkstate and @VSUTrojans. https://t.co/39C7EriJto"
1225832971275554816,2020-02-07 17:25:29,"We are making it easier for Virginians to exercise their fundamental right to vote, and building a more representative and inclusive Commonwealth as a result. https://t.co/7GRwEunhhg"
1225818236844957698,2020-02-07 16:26:56,"RT @vaELECT: Time is running out to register to vote in the March 3rd Virginia Democratic Presidential Primary. The deadline is Monday, Feb…"
1225563743335129089,2020-02-06 23:35:40,"I've just declared a state of emergency in response to heavy rains and extreme flooding in #SWVA and across multiple jurisdictions of the Commonwealth. Virginians should remain vigilant and follow instructions from emergency officials. 
https://t.co/KBkVc6B8cV"
1225535204888129538,2020-02-06 21:42:16,"How fitting that as the @VaHouse was passing bills to strip Jim Crow-era language from our books, we were unveiling historic markers to Oliver Hill and Spottswood Robinson—two civil rights attorneys who fought tirelessly against some of these very same racist laws. A proud day. https://t.co/btGawM2tuX"
1225522231947735048,2020-02-06 20:50:43,LGBTQ Virginians should never have to fear being fired or evicted because of who they love. These comprehensive anti-discrimination protections will make our Commonwealth stronger and more inclusive and I'm proud to support them. https://t.co/DR6CaoMTWt
1225499644140179456,2020-02-06 19:20:58,There are currently flood warnings in #SWVA and flood watches in many other parts of Virginia. Please stay alert for weather updates and use caution while traveling. Follow @VDEM and visit https://t.co/xNT5ARhkJX to learn more about how to stay safe. https://t.co/HW8o90RF3L
1225426089557790720,2020-02-06 14:28:41,"There is much more that unites us than divides us. Great to join local leaders and legislators this morning to launch our new Virginia Local Government Exchange Program, which will encourage discussion and idea-sharing across communities in our Commonwealth. https://t.co/Zd73WNrIiS"
1225199622773190656,2020-02-05 23:28:47,RT @VDEM: Heavy rains in the southwestern parts of Virginia have prompted the National Weather Service to raise concerns about possible flo…
1225160153739206661,2020-02-05 20:51:57,"School counselors are critical to the success of Virginia's students. Let's appreciate and support them not just during National School Counseling Week, but every day. https://t.co/20b3hYrEEG"
1224875272287047680,2020-02-05 01:59:56,RT @EFillerCorn: A very special @EqualityVA reception with @GovernorVA Northam. This session we are going to ensure it is no longer legal i…
1224840786560286722,2020-02-04 23:42:54,"RT @VaSecofHealth: Today @GovernorVA proclaimed 2020 as the Year of the Nurse and Midwife. I was honored to join the Governor, @VDHCommissi…"
1224739476989259787,2020-02-04 17:00:20,"Good, it is high time we end the practice of conversion therapy and protect our LGBTQ youth in Virginia. https://t.co/kQ0oKt4hLu"
1224459311415463937,2020-02-03 22:27:03,"Read my proclamation and find out more about events and educational resources here:
https://t.co/2jcOvf4bYh"
1224459310299779080,2020-02-03 22:27:03,"During #BlackHistoryMonth, we honor influential Black Virginians like Barbara Johns, Maggie Walker, Oliver Hill, and Arthur Ashe—and those who continue to fight for justice and equality. Let's strive to learn more about the depth of their contributions to Virginia and our nation."
1224395203521523712,2020-02-03 18:12:19,Virginians shouldn't lose their driver's licenses just because they can't pay their court costs. Glad the Virginia Senate voted unanimously to permanently end this practice. Let's stop criminalizing poverty.
1224349227490463744,2020-02-03 15:09:37,"RT @ToddCorillo: Flags across Virginia, like this one at Town Point Park, ordered to half-staff today by @GovernorVA in honor of fallen @Ne…"
1223782085971922944,2020-02-02 01:36:00,"RT @pwcdanica: With today marking the beginning of Black History Month, I want to share the story of Barbara Johns - a VA teenager who foug…"
1223335306641969153,2020-01-31 20:00:40,"RT @NewVAMajority: BREAKING: The House just voted 58-40 to increase the grand larceny threshold to $1,000! A step forward in reforming our…"
1222967295099723776,2020-01-30 19:38:19,"The Virginia House of Delegates just passed 7 of our commonsense gun safety bills, including universal background checks and a 'red flag' law. 

Make no mistake—these measures will save lives."
1222947400265994240,2020-01-30 18:19:16,Thank you @MarkHerringVA and all who are fighting to ensure the women of this nation have their rights guaranteed in our Constitution. https://t.co/v5jxB5ddrS
1222925402466914305,2020-01-30 16:51:51,"Today we announced @MackTrucks will launch a new line of medium-duty trucks in Roanoke County, creating 250 manufacturing jobs. This project is good for our economy and helps cement our position as a leader in the automotive industry, and I welcome Mack's new plant to Virginia. https://t.co/RGZH5TP51a"
1222924189113495554,2020-01-30 16:47:02,"RT @BreanaAlbizu: #NEWJOBS
Governor Ralph Northam and President Martin Weissburg of Mack Trucks unveiling their newest truck series and ann…"
1222652598198636544,2020-01-29 22:47:49,"Yesterday, the @PortofVirginia took an important step to jumpstart the offshore wind industry in Virginia. Learn more about how we're building a clean energy economy:
https://t.co/9fildweJfy https://t.co/UfPLK87KdC"
1222249398870118402,2020-01-28 20:05:39,Big thanks to the World Series champion Washington @Nationals and General Manager Mike Rizzo for swinging by Virginia's Executive Mansion with the Commissioner's Trophy this afternoon. #FightFinished https://t.co/F64hXH3iEx
1222210279578181633,2020-01-28 17:30:12,"Women have been fighting for the Equal Rights Amendment for nearly a century, and I'm grateful that this trailblazing group of legislators made it a priority for Virginia to get the job done. https://t.co/FDNXETHwnJ"
1222181248472428546,2020-01-28 15:34:51,I'm in Norfolk this morning for an exciting offshore wind announcement. Tune in: https://t.co/SNdePsaKTG
1221912599018733569,2020-01-27 21:47:20,"Today marks a new ERA for the women of this country and this Commonwealth—finally, equality for women under the United States Constitution. #VAratifiedERA https://t.co/6PFP3lbIbK"
1221901945654431744,2020-01-27 21:05:00,RT @VaDOT: ICYMI: @GovernorVA alongside legislative leaders and transportation officials announced support for a comprehensive #transportat…
1221870972619427843,2020-01-27 19:01:55,"Today marks the 75th anniversary of the liberation of Auschwitz-Birkenau. As we grapple with the rise of senseless violence and anti-Semitism in our own country, #WeRemember the six million Jews and other Holocaust victims to ensure we never allow this evil to happen again."
1221838466222383104,2020-01-27 16:52:45,"It's time to make our transportation system work better for families and businesses in every corner of our Commonwealth. Our legislation will reduce congestion, transform transit and rail service, and support economic growth across Virginia. Learn more: https://t.co/OcQhvN552k https://t.co/zJjCzqfgBr"
1221789831157690368,2020-01-27 13:39:30,"We have a plan to improve driver and pedestrian safety and modernize Virginia's transportation system. I'm joining @EFillerCorn and @DickSaslaw to share our comprehensive transportation package, tune in here: https://t.co/SNdePsaKTG"
1220769260940812289,2020-01-24 18:04:07,"Kids in Virginia's foster care system need love and support—but as this @myVPM documentary shows, we have more work to do. With partnerships like #ThePossibilitiesProject, we can ensure our most vulnerable children are able to grow and thrive. Watch here: https://t.co/tPn61hVAM3"
1220384513995440128,2020-01-23 16:35:16,"These laws will make Virginia stronger. 🏳️‍🌈 
https://t.co/4zoygIeTyO"
1220101881772548097,2020-01-22 21:52:11,"Applications for the 2020 Governor’s Fellows Program are now open! Our Fellows have a unique opportunity to learn about the inner workings of state government and make important contributions to the Commonwealth. For more information or to apply, visit: https://t.co/y8U5mkb7QV https://t.co/mKkvmfo3gT"
1220055209864503301,2020-01-22 18:46:44,Virginians will soon have more access to the ballot box—not less. Glad to see the Senate pass my proposals to expand early voting and make Election day a state holiday. Let's get this done. https://t.co/7bj4wnj7F2
1220026398913462272,2020-01-22 16:52:15,"Something exciting is brewing in Southside Virginia! It was great to be in Rocky Mount with @FirstLadyVA yesterday to announce that @tradmedicinals will invest nearly $30 million to build a new facility in Franklin County, creating more than 50 jobs. ☕
https://t.co/Jm9YbqW0rB https://t.co/4eB8Xup3bZ"
1219769125762891777,2020-01-21 23:49:56,"RT @ABC13News: WOW! @tradmedicinals is building their East Coast facility right here in Virginia ☕️

The company will build a 125,000 squar…"
1219378908685983744,2020-01-20 21:59:21,"We are all thankful that today passed without incident. The teams successfully de-escalated what could have been a volatile situation. I will continue to listen to the voices of Virginians, and will do everything in my power to keep our Commonwealth safe. https://t.co/xrHxhOczvv"
1218332324930211844,2020-01-18 00:40:36,"I am grateful that this Executive Order stands, and that it will help ensure the safety of all Virginians on Monday. 

My full statement: https://t.co/nOOWGX74MR https://t.co/NO68L4clbf"
1218269299925753859,2020-01-17 20:30:10,"At @VAUnion1865's annual Community Leaders Breakfast today honoring Rev. Martin Luther King Jr., I spoke about his work as a “drum major for justice”—we can best honor Dr, King's legacy by remembering his lessons not just one day a year, but every day.
https://t.co/SNOFmtcmCO"
1217925545654091776,2020-01-16 21:44:12,"This is the right decision. I took this action to protect Virginians from credible threats of violence. These threats are real—as evidenced by reports of neo-Nazis arrested after discussing plans to head to Richmond with firearms. Read my full statement:
https://t.co/UE4WSbvOIL https://t.co/8Ex7WzBs1P"
1217546074610638848,2020-01-15 20:36:19,"For more information about the steps we're taking to keep the public safe in light of credible threats of violence at Virginia's capitol on Monday, watch the video of today’s announcement here: https://t.co/qxFen99W0g"
1217539326072053761,2020-01-15 20:09:30,"We support citizens’ rights to peacefully protest and express their views to their elected officials. But we must also keep the public, as well as those who work around Capitol Square, safe."
1217538459793010688,2020-01-15 20:06:04,"Based on these threats, I am declaring a state of emergency in Richmond from Friday evening until Tuesday evening. This will include a ban on weapons of any kind in Capitol Square during that time. Learn more here: https://t.co/k8bxLj6odF"
1217537863350464519,2020-01-15 20:03:42,"This intelligence suggests militia groups and hate groups, some from out of state, plan to come to the Capitol to disrupt our democratic process with acts of violence."
1217537738376982528,2020-01-15 20:03:12,"We have received credible intelligence from our law enforcement agencies of threats of violence surrounding the demonstration planned for Monday, January 20. This includes extremist rhetoric similar to what has been seen before major incidents, such as Charlottesville in 2017."
1217523841129467904,2020-01-15 19:07:58,"Virginia has made history—with today's votes in the General Assembly, our Commonwealth becomes the 38th and final state needed to ratify the Equal Rights Amendment. Today, we are one step closer to ensuring true gender equality is enshrined in our Constitution. #VAratifyERA"
1217139956600246274,2020-01-14 17:42:33,"RT @VirginiaDMV: We've issued more than ONE MILLION #REALID credentials to Virginians! Have you gotten yours yet? 

Apply for your REAL ID…"
1216774179103657990,2020-01-13 17:29:05,"For the first time in decades, commonsense gun safety measures are finally advancing in the Virginia legislature. This is the first step in the process—Virginians are demanding real action on gun violence, and they are watching. https://t.co/biJryNFFI5"
1216758278706868224,2020-01-13 16:25:54,"Pam and I send our deepest condolences to the loved ones of U.S. Army Staff Sgt. Ian P. McLaughlin, of Newport News, killed in Afghanistan along with Pfc. Miguel A. Villalon. We are grateful for their service and indebted to them for their sacrifice. https://t.co/DqxoMWIsvp"
1215670208121262080,2020-01-10 16:22:18,"RT @myVPM: Northam's G3 plan would offer tuition-free college for high-demand fields like healthcare, early childhood education, and skille…"
1215669811570716672,2020-01-10 16:20:43,"RT @WDBJ7: ""Confederate monuments tell a particular version of history that doesn't include everyone. In Virginia, that version of history…"
1215288300065492992,2020-01-09 15:04:44,I’m outlining my agenda to advance to historic justice and equity in our Commonwealth—these proposals will help us tell the full and accurate story of Virginia’s past. Watch here: https://t.co/SNdePsaKTG
1215078754730553344,2020-01-09 01:12:04,"We’ve got a lot to do for the people of Virginia. And when we do it right, treating each other with respect and decency, our Commonwealth will once again show the country how to lead. Let’s make Virginia proud. #SOTC https://t.co/KZV5Pse5m8"
1215078343491670018,2020-01-09 01:10:26,"Tonight, I’ve presented an agenda that is different from every previous General Assembly session. It’s a lot bolder, and it’s more forward-looking than ever before. I’m here as your Governor because I’m a builder, and I hope you will choose to build too. #SOTC"
1215077970882199555,2020-01-09 01:08:57,"We all represent everyone who lives in this great Commonwealth. Whether we know them, or whether we like them. It calls us to reach out of ourselves, to be larger, to be generous of heart. To be forgiving, and to treat each other as we would like to be treated. #SOTC"
1215076878287089669,2020-01-09 01:04:37,"Virginians spoke in November, and they expect votes and laws to make Virginia safer. Let’s have an honest conversation based on fact, not fear—these laws are intended to keep Virginians safe. Period. It’s time to act. #SOTC"
1215076207882051585,2020-01-09 01:01:57,"Gun violence takes the lives of more than 1,000 Virginians every year—three people every day. Virginians have had enough of the vigils and the funerals, enough of the mourning. They made that clear at the ballot box. #EnoughIsEnough #SOTC"
1215075238070964224,2020-01-09 00:58:06,"This means decriminalizing marijuana possession—and clearing the records of people who’ve gotten in trouble for it. It means making permanent the temporary policy passed last year—the one that says no more suspended driver's licenses, just because you owe court fines. #SOTC"
1215075083334639616,2020-01-09 00:57:29,"We need to take an honest look at our criminal justice system, to make sure we’re treating people fairly—and using taxpayer dollars wisely. And it’s time to temper justice with mercy. #SOTC"
1215074702068199425,2020-01-09 00:55:58,We need to let localities decide what to do with the Confederate monuments in their community. They know the right thing to do. #SOTC
1215074614033948672,2020-01-09 00:55:37,"In recent years, Virginia has steadily added more restrictions on voting. This infringes on our most basic civil right as Americans. We need to make it easier to vote, not harder. #SOTC"
1215074159643983879,2020-01-09 00:53:49,"It’s time to remove the overtly discriminatory language from Virginia's books. Then, we will pass comprehensive protections in employment, housing, and public accommodations for LGBTQ people. These are important steps toward building a more equal, just, and inclusive state. #SOTC"
1215073702825676801,2020-01-09 00:52:00,"Basic fairness and equity are the foundation of our legislative agenda for this session. If we are going to move forward, we must take an honest look at our past. We know that racial discrimination is rooted in many of the laws that have governed our Commonwealth. #SOTC"
1215072966779817984,2020-01-09 00:49:04,"If you believe in clean energy, if you want to see American manufacturing jobs right here in Virginia, jobs that will supply parts for offshore wind up and down the East Coast, then I ask you to pass this budget. #SOTC"
1215072448355405827,2020-01-09 00:47:01,"We're leading by example. Last fall, we signed the country’s largest contract to buy renewable energy to power state government. We’re finally joining the Regional Greenhouse Gas Initiative. We’re replacing old diesel school buses with new electric ones. #SOTC"
1215072089411067906,2020-01-09 00:45:35,"I’ve seen how fragile our natural resources can be. I’ve seen over and over again how a clean environment and a strong economy go hand-in-hand. So we made this a priority from the beginning, and we have accomplished a lot, starting with combatting climate change. #SOTC"
1215071801224679424,2020-01-09 00:44:27,It’s time to end the laws that restrict a woman’s right to direct her own health care. They’re not about health care—they're about injecting politics and the government into the relationship between a woman and her physician. #SOTC
1215071117423128576,2020-01-09 00:41:43,Do you want more behavioral health care and community services? Do you want military service members and veterans to have better access to health care? This budget does that too. This is the right thing to do as we shape a Virginia that represents everyone. #SOTC
1215070955489452032,2020-01-09 00:41:05,I ask you to pass the healthcare equity budget I sent you last month—Do you want to see new mothers get more home visits? Should new mothers get access to health care for a year after their baby is born? This budget does that. #SOTC
1215070258186330114,2020-01-09 00:38:19,"Her physical health improved. Her mental health improved. The fear is gone. She’s working. She’s learning new things, and she’s giving back. Her life has literally been transformed. She said, ""I don’t have to just exist in this world anymore. Now, I have a chance to live.” #SOTC"
1215070256919711744,2020-01-09 00:38:18,"Then, three years ago, she got a place to live. A group called @vshousing helped her find it. They demonstrate that the best way to make sure people have a roof over their head is to put a roof over their head. #SOTC"
1215070255715930112,2020-01-09 00:38:18,"It changes everything when you have a safe place to come home to every night. I saw that recently, when I met Karen Harris in Richmond. She had been without a place to live for more than 20 years. She told me, “It feels like there’s no hope. That no one cares.” #SOTC"
1215069577262129152,2020-01-09 00:35:36,"We’re also increasing funding for Virginia’s two public historically black colleges and universities. They play a critical role in training our workforce, and these funds will help bring them more in line with other universities. #SOTC"
1215069344729915392,2020-01-09 00:34:41,"We are increasing funding to make public colleges more affordable. We are increasing the Tuition Assistance Grants that make private colleges more affordable. We’re making it easier for DREAMers to attend college and get ahead, with in-state tuition. #SOTC"
1215068714049077248,2020-01-09 00:32:10,"I’m sending you a proposal to help people “Get Skilled, Get a Job, and Give Back.” We call it “G3.” If you need help, and if you choose to go into a high-demand field, and if you commit to community service, then Virginia will cover your tuition, fees, and books. #SOTC"
1215067869333065728,2020-01-09 00:28:49,"We need to invest in our K-12 public schools—with teacher raises, more guidance counselors, and extra funds for high-need schools. An investment in public schools is an investment in students and our economy. #SOTC"
1215067659110420480,2020-01-09 00:27:59,"I’m grateful to @FirstLadyVA for bringing together the early childhood community—parents, providers, the business community and more. They all know that if we invest in little learners today, we’ll see great results for adults tomorrow. It’s time for Virginia to get moving. #SOTC"
1215067076530003969,2020-01-09 00:25:40,"Broadband has become an economic necessity for business, for education, for healthcare, and for everyday life. I’ve sent you a budget that invests $35 million each year to get more communities connected—I ask you to pass it. #SOTC"
1215066155473391621,2020-01-09 00:22:00,But just because you have a job doesn’t always mean you can survive on it. The people who are building our economy should benefit from it too. The companies that recognize this will get ahead. So let’s work together to raise the minimum wage. #SOTC
1215065711447552001,2020-01-09 00:20:15,"Our economic climate has brought Virginia one of the country’s lowest unemployment rates, at 2.6%. It’s rarely been this low in the technology era, and every region of Virginia is experiencing a lower unemployment rate than a year ago. #SOTC"
1215064956514775041,2020-01-09 00:17:15,"We serve the people, and they have been clear: They expect us to face Virginia’s modern challenges and to lead the way forward, to make our shared home an even better place to live and work. #SOTC"
1215063168524996608,2020-01-09 00:10:08,"It’s a proud moment to look out and see a General Assembly that reflects, more than ever, the Virginia we see every day. This is truly an historic night—follow along as I give an update on the state of our Commonwealth and share my plans for building a stronger Virginia. #SOTC"
1215040778839482376,2020-01-08 22:41:10,"I’m proud of everything we’ve done to move Virginia forward over the past year, but there’s still important work ahead. Tonight at 7:00 PM, I’ll share my plans to build on our progress in my annual State of the Commonwealth address. #SOTC

Tune in here: https://t.co/3k9zbNc3rr"
1215040776847147011,2020-01-08 22:41:10,"From preserving land to restoring the health of the Chesapeake Bay and increasing energy efficiency, we're stepping up to combat climate change and advance a clean energy economy. Learn more about the progress we’ve made to protect our environment: https://t.co/ubWdTQJmYH https://t.co/oWDjeOGGZa"
1215040768060071936,2020-01-08 22:41:08,"For the 4th year in a row, Virginia has the lowest recidivism rate in the nation—a strong testament to our successful re-entry programs. And we’re continuing to make our criminal justice system more equitable for all: https://t.co/lIzaYO73nG https://t.co/Z2lhC6sVMT"
1215040759767949315,2020-01-08 22:41:06,"Medicaid expansion has provided health coverage to hundreds of thousands of Virginians, but we need to do more to make health care affordable. Learn more about the progress we’ve made to expand access to high-quality health care: https://t.co/4oI4WPhwa4 https://t.co/qiLdVeIg8z"
1215040750804766720,2020-01-08 22:41:04,"We’re better supporting our public school teachers and increasing access to a world-class education for every child. Virginia students are learning in ways that are relevant to their lives, communities, and future aspirations: https://t.co/1Yd6v2JTKb https://t.co/81jxO9OYgO"
1215040742592262149,2020-01-08 22:41:02,".@FirstLadyVA continues to be a critical partner in our efforts to ensure every child has an equal opportunity to build a strong foundation in life. This year, she helped lead the way in strengthening Virginia’s early childhood education system: https://t.co/uGUywRFwyt https://t.co/QrDKijEmRg"
1215040735138979841,2020-01-08 22:41:00,"Over the past year, we’ve worked hard to make the Commonwealth more welcoming, equitable, and representative of all Virginians. See how we’re improving state government and better serving people in need: https://t.co/GZjiz0tjv5 https://t.co/9R3FdGVkxS"
1215040727027073024,2020-01-08 22:40:58,"We’ve increased capacity at @PortofVirginia, we’re transforming our rail system, and we're making roads and transit safer and more reliable across Virginia: https://t.co/pGsQUcVCjP https://t.co/UfrAyY516b"
1215040719951454209,2020-01-08 22:40:56,Virginia was named the best state in which to do business by @CNBC—that’s because we’ve worked to diversify our economy and maintain a stable and open business climate. Learn more about the progress we’ve made to create economic opportunity for all: https://t.co/7k6xPJN1yE https://t.co/UxUYFCJkwH
1215040712015790080,2020-01-08 22:40:54,"Before I give my annual update on the state of our Commonwealth tonight, I want to highlight the progress we’ve made over the past year to build a stronger, fairer Virginia. https://t.co/GYQpFZ0hAF https://t.co/n22JXDZOkX"
1214966523560939522,2020-01-08 17:46:06,"History is being made in Virginia today as @EFillerCorn is sworn in as the first female Speaker of the House, and we welcome the most diverse General Assembly ever. We have the opportunity to make our Commonwealth stronger, fairer, and more equitable in 2020—let's get it done. https://t.co/SNeqjnLyVM"
1214950056798932992,2020-01-08 16:40:40,"This morning, I joined legislators and religious leaders at the annual Commonwealth Prayer Breakfast to share a message about the importance of dignity, respect, and civility—both in the policies we make and how we treat one another during this new legislative session. https://t.co/tH7LRfjTme"
1214621172823928836,2020-01-07 18:53:48,"RT @letamericavote: “Voting is a fundamental right… By making it easier—not harder—to vote, these proposals will ensure we are building a g…"
1214564121577832449,2020-01-07 15:07:06,"I'm joining House and Senate leaders @EFillerCorn, @DickSaslaw, @C_Herring, and @SenatorLocke this morning to announce our joint legislative priorities for the upcoming General Assembly session. Watch here: https://t.co/SNdePsslLe"
1214251586458935296,2020-01-06 18:25:12,"Voting is a fundamental right. That's why I'm proposing legislation to expand early voting and make Election Day a holiday. Let's get this done in 2020.🗳️
https://t.co/plLqbkKZgb https://t.co/mtNdqquhLx"
1214224242742628353,2020-01-06 16:36:33,"This morning, I'm sharing my legislative proposals to expand voting rights and remove barriers to the ballot box in Virginia. Tune in here: https://t.co/SNdePsaKTG"
1213190008837943303,2020-01-03 20:06:52,"When the legislative session starts next week, I'll be pushing to combat mass incarceration, reform parole, decriminalize marijuana, and expand supports for returning citizens. Let's pass real criminal justice reform in 2020. https://t.co/bu8XxtAgwR"
1213114610041180160,2020-01-03 15:07:16,I'm outlining my bold agenda to reform our criminal justice system in Virginia. Watch here: https://t.co/SNdePsaKTG
1212869597420032008,2020-01-02 22:53:40,RT @NBCNews: Virginia Gov. Northam says he will push for legislation to replace the Robert E. Lee statue housed in the US Capitol https://t…
1212843354242850820,2020-01-02 21:09:23,"Virginians with disabilities will have more access to quality employment and educational opportunities under two executive actions I took today. Learn how we're making Virginia more open and inclusive for all:
https://t.co/EMONfSBW8a"
