id,created_at,text
1247332118687928320,2020-04-07 01:15:26,We will be adding additional information to this overview in the near future. Remember that testing supplies remain limited and this is not a complete picture of the presence of COVID-19 statewide. #StayHomeStaySafe  https://t.co/6Tl2r9yc1v https://t.co/2Cd8bTZOhn
1247284097107529729,2020-04-06 22:04:36,The Wyoming Department of Health is supporting a CDC recommendation to wear cloth face coverings if you need to go out in the community in order to help slow the spread of COVID-19. This is not a replacement for social distancing. Guidelines here: https://t.co/xjexhwMh35
1247218117270478848,2020-04-06 17:42:26,"Our Unemployment Office is working quickly to implement expanded benefits available under the CARES Act. These include an extension of regular unemployment, additional funding for those eligible, and the expansion of benefits for self-employed or contract employees. https://t.co/7Tm6qMQqWB"
1246979023038603265,2020-04-06 01:52:21,"Wyoming recorded it's 200th confirmed case of COVID-19 today, but we know that there are many more untested Wyomingites who have the virus. Keep yourself and your family safe and our healthcare workers protected by staying home and social distancing. #StayHomeStayHealthy https://t.co/Ubl9IBo9hp"
1246952006482194432,2020-04-06 00:05:00,The First Lady and I want you to know what we're doing to keep our people safe and our communities functioning as best they can during these challenging times. https://t.co/RJrrvn9PMC
1246892537333329926,2020-04-05 20:08:41,"RT @Liz_Cheney: Hosanna! Blessed is he who comes in the name of the Lord. Blessed is the King of Israel! John 12:13

Please say a special p…"
1246248888148713472,2020-04-04 01:31:03,"Lincoln County has its first confirmed case. With warming temperatures this weekend, it's important to remember to stay vigilant and keep your distance as you enjoy some fresh air. #staysafe https://t.co/Zg0ySqRLAQ"
1246174529459757062,2020-04-03 20:35:35,Now is not the time to travel to Wyoming. We are focused on protect the health of our citizens and the resources of our rural healthcare facilities. Stay home and stay safe. https://t.co/qBcqZGCc6W
1246174528671232000,2020-04-03 20:35:35,I have also issued a directive requiring any individual coming to Wyoming for a non-work-related purpose to immediately self-quarantine for 14 days. Visitors from neighboring states have strained the resources of our communities and put public health at risk.
1246174527886897152,2020-04-03 20:35:34,I have extended the three existing statewide health orders through April 30 to slow community transmission of COVID-19. I want to be perfectly clear- we want all Wyoming residents to stay at home. Our focus is on improving compliance and adherence. That is how we will save lives.
1246105176366252032,2020-04-03 16:00:00,"At 3 p.m. today, April 3, I am holding a press conference to provide an update on Wyoming's response to COVID-19 and outline what we are doing next to keep Wyomingites safe. You can watch here on Facebook or on Youtube at https://t.co/5QQODg9sNb. https://t.co/H7nbDNT9yP"
1245877695080099841,2020-04-03 00:56:04,"We continue to monitor the spread of COVID-19 closely and now have confirmed cases in 16 Wyoming counties as well as additional recovered cases. By staying home and avoiding gatherings, we can #SlowTheSpread and save lives. https://t.co/vZ2BTruhfF"
1245515558264528897,2020-04-02 00:57:04,"Please note, the number of tests does not include all negative results from private laboratories. COVID-19 will continue to spread and doesn't discriminate according to age or overall health. But we know staying home and social distancing will help #SlowTheSpread https://t.co/ALqFAY0fkY"
1245486399178117123,2020-04-01 23:01:12,"I signed a proclamation declaring today #CensusDay Now more than ever, it's critical that each of us in Wyoming is counted. Census results help determine how billions of dollars in funding flow into Wyoming communities each year. https://t.co/BE7EnyTLF1. https://t.co/shsyaTbZgo"
1245367818255831042,2020-04-01 15:10:00,"It's #CensusDay2020! While staying at home today, I encourage each of you to respond and ensure we get an accurate count. 
Census results help determine how billions of dollars in federal funding flow into Wyoming communities each year. https://t.co/rzj18gpCOS https://t.co/LhKuAmk1c0"
1245154147617222656,2020-04-01 01:00:57,"As we see more confirmed cases, its critical we continue to limit public contact as much as possible. Your actions don't just impact you, they impact the people around you.  Thank you to all Wyomingites who are doing your part. #StayHomeStaySafe https://t.co/K4VdquMNVz"
1245127484221165568,2020-03-31 23:15:00,I took questions and heard your concerns about #COVID19 during an @AARPWY TeleTown Hall today.  I'm grateful that so many of our state's older residents are so engaged on this critical issue. https://t.co/80Z7fiCXPm
1245034874026766337,2020-03-31 17:07:00,▶️We have updated info on https://t.co/eRcuaJGPqQ including an FAQ for Wyoming citizens and additional links to resources developed from our 5 COVID-19 task forces. #StayHome
1245027296920166401,2020-03-31 16:36:53,"We will continue to closely monitor the operations of our state parks to ensure visitor safety, and may take additional action if our health officials deem it necessary. https://t.co/Yg0ENQuo2F"
1244792925529096192,2020-03-31 01:05:35,"#COVID19 case numbers have tripled in a week, a result of both increased testing and increased disease. The public health orders and social distancing measures we've put in place will help, if they are followed. It's up to you Wyoming- together, we can #slowthespread https://t.co/HmGtayXGEl"
1244723576634134528,2020-03-30 20:30:01,"In an hour (3:30 pm), I will hold a media briefing to provide updates on Wyoming's #COVID19 response. Watch live on the @WyomingPBS Facebook page or on YouTube https://t.co/keBQfdkNEq"
1244640072919658497,2020-03-30 14:58:12,Thank you to these volunteers and others around the state who are stepping up to support our healthcare workers. https://t.co/VyFVNQOuGm
1244453997282385921,2020-03-30 02:38:48,"Additional collection kits were distributed last week, but testing is still limited nationally and in Wyoming. It's important for Wyomingites to understand this is not a complete picture of the prevalence of COVID-19 in our state. Stay safe, stay home, practice #SocialDistancing https://t.co/bvu5ebqAwI"
1244343367535718400,2020-03-29 19:19:12,"It's critical we limit person-to-person contact over the coming weeks. Extended families need to practice #socialdistancing as well. Delay gatherings with extended family. If you are delivering food or supplies to loved ones, you can protect them by staying 6 feet apart. https://t.co/nE5ZW3O4c5"
1244060752849195008,2020-03-29 00:36:11,"The First Lady and I want to talk with you about how social distancing and staying home is going to help save lives. We're all in this together, Wyoming. https://t.co/Efwscdabb0"
1243735270836453376,2020-03-28 03:02:50,We are continuing to see more test results return and a corresponding rise in the number of confirmed cases. Help #SlowTheSpread  by staying home whenever possible. For county-by-county statistics visit https://t.co/6Tl2r9yc1v https://t.co/Q4t0DJikCm
1243669831943102466,2020-03-27 22:42:48,"RT @WyoBizCouncil: #Wyoming @GovernorGordon just announced ""Layoff Aversion Grants"" to help avert or shorten layoffs during the #covid19 ou…"
1243628475136819201,2020-03-27 19:58:28,"This is how we can save lives and protect people’s health.  I also understand the ongoing strain these measures are having on businesses, workers and Wyoming communities but it is critical each of us takes these steps now."
1243628474281209858,2020-03-27 19:58:28,I am extending the three statewide health orders through April 17 to #slowthespread of community transmission of COVID-19. It is imperative we all respond to this public health crisis by staying home whenever possible and practicing proper social distancing when they must go out.
1243351731922034688,2020-03-27 01:38:47,"The number of counties with confirmed cases has increased, a reminder that COVID-19 will impact all of us. Staying home whenever possible is the best way to #SlowTheSpread We have added data on recovered cases to this graphic. https://t.co/sPkHPxF2Sz"
1243304220134170628,2020-03-26 22:30:00,"Grocery stores are an essential service that won't close. Keep in mind, #socialdistancing matters when shopping, too. Give your neighbors space and don't go out if you are sick. Actions like these help #slowthespread. #COVID19WY https://t.co/6lnrkuyS7x"
1243279560365477917,2020-03-26 20:52:00,"I applaud this decision, as well as the cooperation of the utility companies, for working together to help Wyoming's people during this difficult time. https://t.co/mQ0ilOt5MX"
1243007178044104707,2020-03-26 02:49:39,"As our state's testing capacity expands and more results come in from commercial labs, we expect confirmed cases to rise. The steps we are urging all Wyomingites to take– staying home and practicing social distancing – are what will help mitigate the impacts in the weeks to come. https://t.co/9P00wex1Cz"
1242996256307204097,2020-03-26 02:06:15,"Now is not the time to be evicting individuals who may have recently become unemployed. It’s important for us all to work together and support one-another during these difficult times. If you are struggling, Wyoming 211 has a list of statewide resources. https://t.co/Z1IUKXVeCI"
1242996255527059456,2020-03-26 02:06:15,I have been contacted by many constituents who are concerned that they may be facing eviction proceedings as the end of the month approaches. I urge our state’s landlords to exercise maximum flexibility with your tenants when it comes to rent payments.
1242949383919894528,2020-03-25 23:00:00,"I urge our citizens to stay home whenever possible and go out only when absolutely necessary. This will help Wyoming #SlowtheSpread of COVID-19 and #FlattenTheCurve Your voluntary actions and discipline will make the difference for you, your family and your neighbors. #COVID19WY https://t.co/hfAAD7JBb6"
1242878166890414083,2020-03-25 18:17:01,RT @WyomingPBS: REMINDER: 1p. @GovernorGordon news conference streamed live from @WyomingPBS Here is the link: https://t.co/392e8bqTEd #wyl…
1242649007005913089,2020-03-25 03:06:25,"The number of confirmed cases continues to grow. Tomorrow, March 24 at 1 p.m. I will be joined by the First Lady and state leaders to share how we can work together to help one another and #SlowTheSpread Watch live on the @WyomingPBS  Facebook page and YouTube channel. #COVID19WY https://t.co/VkiJCQNPED"
1242594366994202624,2020-03-24 23:29:18,"I understand the impact of these measures and sympathize with those most affected, especially small business owners, but this is about saving lives. We have tried to navigate a thoughtful course, but as COVID-19 spreads through our communities, we must take this action now."
1242594366188896256,2020-03-24 23:29:17,"Wyoming is taking further steps to #slowthespread of #COVID19WY. Today, we issued an order to temporarily close nail salons; hair salons; barber shops; massage parlors; tattoo, body art, piercing shops; and cosmetology, electrology, and esthetic services until April 3."
1242560587151933440,2020-03-24 21:15:04,Helping your neighbor is the WY way. WY distilleries are banding together to make hand sanitizer to help #slowthespread of #COVID19.  Supplies for these innovative efforts are paid for through Imminent Threat Grants from the @WyoBizCouncil https://t.co/fhHuUnqvoy https://t.co/9HgrTNPmMo
1242234151358660608,2020-03-23 23:37:55,"We have confirmed two additional cases of COVID-19 in the state today. Viruses don't respect county boundaries- the best way to #SlowTheSpread is staying home whenever possible, working from home if it's feasible and limiting our trips out. #COVID19WY https://t.co/12R0Ud38XC"
1241883005544624128,2020-03-23 00:22:36,"We are at a critical time for our state. There are unquestionably more cases out there. Thank you to all Wyomingites who are practicing social distancing. 
Limit travel and stay home if possible. 
Wash hands frequently. #COVID19WY https://t.co/2HJrJKQrIt"
1241804153069789184,2020-03-22 19:09:16,"RT @fema: ⚠ Due to the large amount of speculation regarding #COVID19, this is a reminder to rely on OFFICIAL sources for accurate informat…"
1241768011817562117,2020-03-22 16:45:39,"RT @WhiteHouse: To minimize the impact of Coronavirus on our nation’s students, @usedgov is temporarily waiving all interest on federally h…"
1241473406782124034,2020-03-21 21:15:00,"Testing will continue to expand statewide, so we can expect the number of confirmed cases to increase. Please practice good hygiene and social distancing measures to #SlowTheSpread #COVID19WY https://t.co/jUZLAXo1Ge"
1241441177183735808,2020-03-21 19:06:56,"9/9 Shop for groceries if you need to, get food delivered from your favorite restaurant, support your local business with a gift card purchase. But please practice social distancing measures during this critical time. #COVID19WY"
1241441176399400960,2020-03-21 19:06:55,"8/9 By limiting travel and face-to-face contact now, we reduce the potential to overwhelm our rural healthcare facilities and cause unnecessary deaths ahead. Wyoming’s rural nature does not protect us from impacts."
1241441175627649026,2020-03-21 19:06:55,"7/9 Like the rest of America, Wyoming’s access to testing supplies is limited. Our best tool right now for slowing the spread of this disease is practicing social distancing measures."
1241441174860128256,2020-03-21 19:06:55,"6/9 ...the enormity of the public health challenge facing us and respond to it. COVID-19 may seem far away, but it is here. Our neighboring states are all experiencing the same escalation in the number of positive cases as we are."
1241441173928988672,2020-03-21 19:06:55,"5/9 I am a businessman and understand full well what the consequences would be of closures. I know that the worst impacts would fall on those least able to absorb it.   As confirmed cases have grown from 1 to 23 in a week, spanning 8 counties, we should be honest about..."
1241441173123694592,2020-03-21 19:06:55,"4/9 ...that unemployment benefits are readily accessible, that those who are food insecure are fed, and that our essential business functions are preserved. I am proud of my Wyoming heritage and the fact that we can serve as a beacon for our nation."
1241441172351897606,2020-03-21 19:06:55,"3/9 We are in this for the long haul and we will emerge stronger for this test, and I will always be guided by my concern for the health and safety of the people of Wyoming. folks at the state are working 24/7 to assure that proper supplies arrive as quickly as possible..."
1241441171542441984,2020-03-21 19:06:54,"2/9 From the beginning, I have emphasized that the challenge we are facing represents two threats: disease and economic harm.  I have been very clear that both are important.  I believe firmly we must do the right thing, do it right away, and do it the right way."
1241441170774872064,2020-03-21 19:06:54,"1/9 The coronavirus is the most disruptive thing that most of us have ever seen.  I recognize and appreciate the criticism from some that we have not acted rapidly, and I appreciate and recognize the criticism that we have acted too much. #COVID19WY"
1241149904799531014,2020-03-20 23:49:31,Excellent news: Wyoming small businesses impacted by COVID-19 have received final Federal approval to seek loans up to $2 million as part of the SBA’s Economic Injury Disaster Loan program. To apply visit: https://t.co/o5lyRxovgZ #COVID19WY
1241128974404681728,2020-03-20 22:26:21,We are a state filled with helpers. https://t.co/ogCZmngLeN
1241116303429156865,2020-03-20 21:36:00,"If you weren't able to watch last night's fireside chat with the First Lady on Facebook, a recording has been posted on my website. https://t.co/eljFaLok1W"
1241087427122540544,2020-03-20 19:41:15,"Yesterday's closure order only impacts certain types of businesses. Included in the list are restaurants, bars, gyms, movie theaters, music halls and day cares. Other private businesses are not required to close. Social distancing is our best weapon to #StopTheSpread #COVID19WY https://t.co/D3zvG81GuL"
1240812962291388416,2020-03-20 01:30:38,I have been asked to provide clarification of the statewide order issued today by the State Health Officer. A copy of the order is posted on my website. County Health Officers can also provide additional information. https://t.co/eljFaL6IDm
1240781989520781313,2020-03-19 23:27:33,"The First Lady will be joining me for a Facebook Live broadcast at 6:30 pm tonight, March 19, to discuss COVID-19 and its impact to our state. Please join us."
1240771746636148737,2020-03-19 22:46:51,I have endorsed an order from our state health officer closing public places for a period of 2 weeks to help slow the spread of COVID-19. It is a critical step for protecting public health and the health of our most vulnerable residents. https://t.co/Z8617fwG3Y
1240649025608724480,2020-03-19 14:39:12,"It's time for Wyomingites to do all we can to slow the spread of COVID-19 in the state. Following the @POTUS social distancing guidelines will benefit all of us, particularly our health care providers and vulnerable populations. #covid19WY https://t.co/77dCaZl4OT"
1240645671327236096,2020-03-19 14:25:52,"RT @Surgeon_General: Important point from Ambassador Birx at today’s #Coronavirus briefing:

Data emerging from Europe shows millennials ma…"
1240447655538556929,2020-03-19 01:19:02,"We've launched a state website to provide resources and information on the COVID-19 pandemic, https://t.co/eRcuaJGPqQ Do your part to mitigate the impacts. #COVID19WY https://t.co/bpUVrWzaYR"
1240397866348224514,2020-03-18 22:01:11,We can all help protect one another and alleviate the strain on our medical facilities. #COVID19WY https://t.co/s3rQkW67t8
1240346575173496837,2020-03-18 18:37:22,4/4 ...avoid overwhelming our healthcare system and support those most in need. Wyoming will emerge from this crisis strong and proud of how we met these challenges facing all of us.
1240346574292684802,2020-03-18 18:37:22,"3/4 Although absolutely necessary, I recognize the toll these measures will take on those most dependent on a working wage. But by working together and practicing good hygiene, kindness and charity, we can keep vulnerable adults healthy..."
1240346572925403136,2020-03-18 18:37:22,"2/4 We should use good judgment, avoid unnecessary travel, keep social gatherings to groups of fewer than 10 people, and use drive-through, pickup or delivery options from our local restaurants. These are going to be perhaps the toughest times any of us will see in our lifetimes. https://t.co/8ruNwKLssX"
1240346571469991944,2020-03-18 18:37:21,"1/4 Today, in consultation with our State Health Officer, I am supporting the #coronavirus  Guidelines President Trump has issued for America. Accordingly, over the next 15 days, I ask that we do all we can as Wyomingites to help slow the spread of COVID-19 in our state. https://t.co/Sv04RzVkr3"
1239994693863292929,2020-03-17 19:19:07,Visit https://t.co/2LyxYPFET7 and click on the COVID-19 tab in the upper left for information and links related to the COVID-19 outbreak. We expect to issue additional recommendations from our office later today.
1239650335960023040,2020-03-16 20:30:46,I will host a press conference at 3:30 today to provide an update on Wyoming’s planning and response to the COVID-19 pandemic. It will be streamed on my Facebook page: https://t.co/zDNe08RsV1
1239649972028612608,2020-03-16 20:29:19,RT @realDonaldTrump: https://t.co/tit0HdkE4e
1239577589796274177,2020-03-16 15:41:42,"RT @SenatorEnzi: While Wyoming often prides itself on being isolated from the mainstream, it is certainly not immune to all the world healt…"
1239328104256020480,2020-03-15 23:10:20,"This is Wyoming, where we are all neighbors. While social distancing should be a priority, it should not keep us from helping one another out. I am thinking of our first responders and healthcare workers  who may be without child care. This is a time to help one another out."
1239328041219784709,2020-03-15 23:10:05,This is an attempt to allow schools and communities to prepare to operate in a way that mitigates community spread of COVID-19 and minimizes negative economic impacts locally and statewide.
1239328040322322436,2020-03-15 23:10:05,In conjuction with @jillian4supt i have recommended that all schools remain closed to students through at least April 3. Local superintendents and school boards will make the final decisions on closures.
1238937098977067008,2020-03-14 21:16:37,RT @MattBmgrtnr: “We are all in this together” - @GovernorGordon to Faith Based leaders of Wyoming.
1238931259411197954,2020-03-14 20:53:25,"Please know that close coordination is ongoing between the Department of Health, Office of Homeland Security and my office. Our response is based on the best available information, and we will be continually adjusting to what is a rapidly changing situation."
1238931258551328769,2020-03-14 20:53:24,"In response, our state health officer has issued recommendations for assisted living facilities that match restrictive guidelines the federal government has issued for nursing homes. These include no visitors or non-essential healthcare personnel. https://t.co/I5EB31bJVZ"
1238931257792200709,2020-03-14 20:53:24,Initial follow-up with this individual indicated potential community spread of this virus in the Lander area. Wyoming Department of Health staff will be available to consult as local officials consider decisions about public events and other community-related activities.
1238931256999424000,2020-03-14 20:53:24,I want to provide some updated information on the Fremont County case of #COVIDー19 that was identified yesterday. The patient is hospitalized at SageWest Health Care in Lander and is a resident of Showboat Retirement Center in Lander.
1238662306038337536,2020-03-14 03:04:41,Wyoming has confirmed the second known case of COVID-19 in the state. The patient is a hospitalized older adult male Fremont County resident with currently unknown exposure risk. We will be sharing additional information as it becomes available. https://t.co/TuYxEiSCZS
1238238762808815616,2020-03-12 23:01:41,I will be hosting a press conference on the states response to the first COVID-19 case. It will be streamed on my Facebook page.
1237915039564206081,2020-03-12 01:35:19,The current risk of transmission in Wyoming remains low for most residents. Our Health Department is following up to learn more details about the person’s exposure risk and to identify anyone who may have been in close contact with the patient. https://t.co/jVhlktazEf
1237915038448603137,2020-03-12 01:35:19,"Our state has been planning for this situation for weeks and we will continue our coordinated efforts to address this threat. We will continue to work closely with our state agencies, federal partners and local officials to implement all necessary steps to protect public health."
1237915037551013889,2020-03-12 01:35:18,Our state health lab has identified the first known case of a state resident with coronavirus disease 2019 (COVID-19). The individual is an adult female from Sheridan County with some recent domestic travel history.
1237158749569265664,2020-03-09 23:30:05,"Older adults and those with underlying chronic illnesses are most at risk of severe COVID-19 illness. Wyoming is continuing to prepare and working to protect public health in the event cases appear within our state. For more information, visit https://t.co/phCWwiLBt5"
1237158748491218949,2020-03-09 23:30:05,Earlier today I joined the nations governors and @VP for a weekly phone call to hear the latest updates from the @CDCgov . While Wyoming still has no confirmed cases of COVID-19 it’s likely the disease will spread to our state at some point. We are preparing for that likelihood.
1237158746733903872,2020-03-09 23:30:05,This afternoon I joined Wyoming Dept. of Health officials for a conference call with long term care and nursing facilities to ensure proper protocols and preventative measures are in place to protect residents of these facilities from #coronavirus. https://t.co/bipybCNnoN
1236677555526107136,2020-03-08 15:38:00,On #InternationalWomensDay2020 we should both celebrate women's achievements and remember our shared responsibility to support equal opportunities for all women. https://t.co/EF7QxTmAt8
1236062636745334784,2020-03-06 22:54:32,"It was my pleasure to welcome @rbalsaud,Saudi Arabia’s ambassador to the United States to the Capitol. The discussion with Princess Reema, legislators and state leaders touched on tourism, economic diversification and workforce issues. https://t.co/Ansk9NpYEz"
1236010714776719360,2020-03-06 19:28:13,This is a true honor. Public-private partnerships are critical to achieving breakthroughs in clean energy. https://t.co/bWPnv0R8BY
1235926084421423105,2020-03-06 13:51:55,Congratulations! It’s been a tough season but our Cowboys have shown grit and determination. #OneWyoming https://t.co/RLotbp1wIL
1235700938557583360,2020-03-05 22:57:16,"I was proud to sign the first bills of the 2020 legislative session this afternoon. These bills increase penalties for human trafficking,  help struggling kids have the opportunity to remain with their families, and fund the fight against terrestrial invasive species. https://t.co/HKbB33ylPC"
1235581947289759744,2020-03-05 15:04:26,"A short tutorial on handwashing, a simple, important step to help prevent viral respiratory illnesses. https://t.co/p97OliMwRg"
1235304222779936770,2020-03-04 20:40:52,"RT @WYOEducation: WY First Lady Jennie Gordon, along with WDE Nutrition Supervisor Tamra Jackson, explained the benefits of starting a Brea…"
1235304086221852673,2020-03-04 20:40:19,I'm pleased to welcome Ed Seidel as the new University of Wyoming president. Ed has demonstrated visionary leadership and brings a strong focus on economic development. His exceptional technical and scientific background will benefit the research efforts at UW.
1234556592407896064,2020-03-02 19:10:03,"I-80 across much of Wyoming will remain closed in both directions for at least another 24 hours as cleanup continues from crashes yesterday that involved more than 100 vehicles. If you are planning travel across the state, please use alternate routes. https://t.co/K1pFChpjsF"
1233064627967229952,2020-02-27 16:21:31,Thanks to @TomBurman1 for presenting me with a game ball from the @novaAZBOWL. What a great experience this was for our Cowboys players and fans. #OneWyoming #GoWyo https://t.co/9GawU5Xq9S
1232684913352216577,2020-02-26 15:12:40,"Congratulations to Kate MacGregor. We are fortunate to have another leader @Interior who is well-versed in issues surrounding energy development, wildlife, water and other natural resources” https://t.co/gUQ8mu4io4"
1232477882842107905,2020-02-26 01:30:00,The Wyoming Department of Health continues to closely monitor the #coronavirus outbreak and is coordinating with local and federal officials. There are no reported cases in Wyoming at this time. More info here: https://t.co/phCWwj3ckD
1232414692741652481,2020-02-25 21:18:54,The students from Mrs. Barkee's 4th grade class at Cheyenne's Alta Vista Elementary School incorporated some wonderful Wyoming imagery in their Thank You card. I had a great time talking with them. https://t.co/l5zZdUYlEL
1231973308113018881,2020-02-24 16:05:00,In Wyoming you never know who's going to stop by the Capitol. Thank you to @RepLizCheney and @SenatorEnzi for saying hello when Jennie and I were chatting with the Wyoming Federation of Republican Women. https://t.co/PrRDq4l5NO
1231011400379703296,2020-02-22 00:22:43,"Today, I sent the acting superintendent of @GrandTetonNPS a letter condemning the aerial culling of mountain goats in Grand Teton National Park. This removal method has also been opposed by the Wyoming Game &amp; Fish Commission. https://t.co/Bit0k354nT"
1230903760647524352,2020-02-21 17:15:00,"I had a great conversation with first-year students in the WWAMI program, which is Wyoming's medical school. These future physicians are committed to Wyoming and improving healthcare in our state. https://t.co/lSvf2MrPs9"
1230650286949249025,2020-02-21 00:27:47,"Students participating in FCCLA, FBLA and FFA spoke eloquently about the importance of #CTE during today's proclamation signing. They were an inspiring group who will help lead our state into the future. https://t.co/vNTcozg4xv"
1229889642922684417,2020-02-18 22:05:15,Thank you to the Wyoming Women's Foundation for inviting me to celebrate the release of the 2020 Self-Sufficiency Standard. This study looks at what it actually costs to raise a family in Wyoming. Understanding the underlying challenges will help drive better policy. https://t.co/GQ7mINfgxc
1229832839820185603,2020-02-18 18:19:32,"RT @WGFD: We’re partnering with @WYDOTNews to launch the ‘Wildlife Crossing’ initiative. Nearly 6,000 big game animals are hit by vehicles…"
1229546816364040193,2020-02-17 23:22:59,SF 138 and its companion bill HB 249 are only the first steps in a thorough process that would allow the state to evaluate this purchase. https://t.co/zKEk4CFjP4
1229546815424520192,2020-02-17 23:22:59,"I want to ensure our leadership gives this potential investment due diligence and determines if this would provide a return on investment to benefit Wyoming citizens. Our state faces big challenges in the years to come, ones that will require equally big solutions and ideas."
1229546813855870977,2020-02-17 23:22:58,I was joined by Senate President @S29Perkins and House Speaker @SteveHarshman today to express our support for two bills that could return Wyoming lands to Wyoming people and potentially generate significant income for our state. https://t.co/WfLXTRNSZs
1229461031635898369,2020-02-17 17:42:06,"On President's Day we honor the great leaders who helped shape our democracy.
“Truth will ultimately prevail where there is pains to bring it to light.” – George Washington #PresidentsDay https://t.co/jZE7ObJ05D"
1228386234730500097,2020-02-14 18:31:15,"I'm happy to announce the signing of my Migration Corridor Executive Order. This was a collaborative process that shows how Wyoming can come together on difficult issues, solve problems together, and develop a Wyoming solution. https://t.co/kMwTVpM1Tm"
1227999973565968386,2020-02-13 16:56:23,"Thank you to @DavoDenniston for your inspiring words this morning at the Governor's Prayer Breakfast. Your determination and dedication are admirable, and you are an incredible asset to our University. https://t.co/vducZNXNVN"
1227664660654166016,2020-02-12 18:43:58,Thank you to @AjitPaiFCC for joining us for a roundtable discussion about the importance of rural broadband expansion to Wyoming. https://t.co/LJYyMYZ3gy
1226555105916289024,2020-02-09 17:15:00,I will deliver my 2020 State of the State address to a Joint Session of the Wyoming Legislature at 10 am on Monday. The speech may be viewed here: https://t.co/FRt1CTTzTO
1225181806959325185,2020-02-05 22:18:00,"I had a wonderful conversation with Craig Blumenshine on a wide range of topics for ""Capitol Outlook"" today. The interview will air on @WyomingPBS at 7:30 pm on Friday. https://t.co/YXUL0axgo2"
1224832300569055234,2020-02-04 23:09:11,"At this time, no reported or suspected cases of Novel Coronavirus have been identified in Wyoming and the risk to Wyoming residents from this virus remains low. https://t.co/phCWwiLBt5"
1224411633553940481,2020-02-03 19:17:36,Please drive carefully today if you're headed out and watch out for plow trucks. Roads are slick around the state. https://t.co/hkWab512hA
1222984335822901254,2020-01-30 20:46:02,"The Governor's Invasive Species Initiative will meet on Monday, February 3 in Casper. Terrestrial invasive species are a significant threat to Wyoming’s forests, rangelands and agricultural lands. https://t.co/9nQQUdjC3i https://t.co/NPUjoLokb2"
1222561289991413761,2020-01-29 16:45:00,"Today @POTUS signed the #USMCA trade agreement. With Canada being Wyoming's largest export market, this deal is a win for Wyoming farmers, ranchers and businesses. https://t.co/PqBdvuWH5B"
1222202818574147586,2020-01-28 17:00:34,"I'll be hosting listening sessions in Rawlins, Pinedale, Kemmerer and Rock Springs on Saturday, Feb. 1, to engage with citizens and local officials about my Migration Corridor Executive Order. We can both protect wildlife and support our economy. https://t.co/Yd7yQH6lI2 https://t.co/Ug3c4Acl7P"
1221824838303715328,2020-01-27 15:58:36,"Today is International Holocaust Remembrance Day and the 75th anniversary of the liberation of the Auschwitz. May we never forget. 
""For the dead and the living we must bear witness."" Elie Wiesel https://t.co/VvdF4Exv0t"
1221286331248103426,2020-01-26 04:18:46,Great to meet barrel racer extraordinaire @PedoneRyann at the @NationalWestern stock show today. https://t.co/NughQbR8Dp
1220032108678340608,2020-01-22 17:14:56,Thanks to Pine Bluffs Elementary School for hosting @jillian4supt and I last night during your Hour of Code event. Computer science is part of the core knowledge and skills that young students will employ for a lifetime.
1219687248419074048,2020-01-21 18:24:35,The ports of the United States of America are for all the commerce of the United States of America. We stand today to ensure reasonable access to that foreign trade for all of Wyoming’s and Montana’s products and those of the other states without access to ports.
1219687247529811969,2020-01-21 18:24:35,A de facto blockade limiting the citizens of any state to participate in interstate and international commerce cannot be arbitrarily imposed by another. Congress has the sole authority to regulate trade.
1219687246464528386,2020-01-21 18:24:34,This is an effort to protect all the rights of states as guaranteed under the Constitution -- all rights including those that pertain to commerce.  It is neither a political battle nor an attempt to ride roughshod over the legitimate rights of states to manage their own affairs
1219687245583699968,2020-01-21 18:24:34,Our Constitution was written to ensure that interior states have access to foreign markets through our coastal sister states. Today we are defending Wyoming’s and Montana’s right to utilize American port and rail infrastructure for its products.
1219687244719673345,2020-01-21 18:24:34,"I did not make this decision rashly or lightly– vital state and economic interests are at stake. This case is about the right of states to conduct commerce, a question as old as our Constitution."
1219687243750739968,2020-01-21 18:24:34,"This morning, in a joint filing with the State of Montana, Wyoming has asked the Supreme Court of the United States to review the decision by the state of Washington to deny the Millennium Bulk coal terminal permit.
https://t.co/VyIvsmt7Zx"
1219258279244812289,2020-01-20 14:00:01,On Martin Luther King Jr. Day we honor the contributions of the great civil rights leader who challenged Americans to live up to the ideals enshrined in our Constitution. I encourage all Wyomingites to embrace his optimism and celebrate his legacy through volunteerism. https://t.co/6kv3QFYekP
1217903152571338752,2020-01-16 20:15:13,I'm pleased that the Senate has approved the #USMCA trade agreement. This is a win for Wyoming's farmers and ranchers and will help boost export sales for businesses in our state.
1217543626282192896,2020-01-15 20:26:36,"The  Phase 1 trade agreement with China signed by @POTUS today will benefit Wyoming exporters, including the trona, petroleum and agriculture industries. It also may open doors for Wyoming technology companies to enhance international partnerships."
1217185091140685824,2020-01-14 20:41:54,"It was great to chat with @SloanDickey, Dallas Laird and Frank Chapman about the state budget and other topics during a taping of “Report to Wyoming” today. https://t.co/fHk2gj8qh6"
1216876330140094465,2020-01-14 00:15:00,"The U.S. Census Bureau is hiring. Census employees will help ensure a complete, accurate count in Wyoming. This is critical to ensuring our state gets its proper share of federal funding. https://t.co/H7Eya1MKOB #Census2020 https://t.co/5YMT3qbyjc"
1215402472820412416,2020-01-09 22:38:25,The @WhiteHouse announcement seeking to modernize National Environmental Policy Act #NEPA regulations is an important step towards ensuring decisions on the ground can be made in a timely manner. My full statement is here: https://t.co/sbzS1cNhCh
1215308872241442816,2020-01-09 16:26:29,Thank you to all law enforcement officers in Wyoming and around the country for your dedication to serving the public. https://t.co/I8vDpNz2mX
1212178648444198912,2020-01-01 01:08:05,Congratulations to Coach Bohl and the entire @wyo_football team for a great win and a great season. A special thanks to our incredible fans for packing the stadium and supporting our team today. #GoWyo https://t.co/3BxlTpljUV
