id,created_at,text
1247322566013767680,2020-04-07 00:37:28,"RT @IdSBOE: BOARD EXTENDS SOFT CLOSURE FOR K-12 SCHOOLS WITH OPTION FOR REOPENING

Full details here: https://t.co/vdtuzytwIh"
1247264912792899584,2020-04-06 20:48:22,"RT @AARPIdaho: Join our town hall discussion with Governor Little for the latest COVID-19 updates, 4/7 noon MTN. More here: https://t.co/PO…"
1247250896829861888,2020-04-06 19:52:41,"With more Idahoans staying home, it's important to not put unnecessary strain on your local public utilities and infrastructure. https://t.co/8n63hUjDnY"
1247232023162281991,2020-04-06 18:37:41,"We must do all we can to slow the spread of COVID-19. It’s imperative that we all share the message about the need for Idahoans to continue to stay home to help protect the lives of our health care workers, first responders, friends, and neighbors. 
https://t.co/dYfTt6AG1q"
1247231080647835648,2020-04-06 18:33:56,"Find out how to donate medical supplies, volunteer, and other ways to help your neighbors by visiting this link. We will get through this tough time by helping one another! #IdahoCOVID19
https://t.co/07ekFfYIzX"
1247230834756608000,2020-04-06 18:32:58,"RT @IdahoCOVID19: Two major Idaho insurance carriers are voluntarily waiving health treatment costs associated with COVID-19, the Idaho Dep…"
1247182196265242625,2020-04-06 15:19:41,"Thank you, @IDNationalGuard! https://t.co/3544dlxQ08 #IdahoCOVID19"
1247170961167642626,2020-04-06 14:35:03,"RT @ChristaHazel: Celebrating the official Idaho Tartan on #TartanDay. Designed by Jan Crook in 2001, the modified Black Watch pattern was…"
1246832354238148608,2020-04-05 16:09:32,Waving some regulatory rules in Idaho has allowed more nurses to help our state during the COVID-19 pandemic. #IdahoCOVID19 https://t.co/3EkFDbeCMB
1246586491712618497,2020-04-04 23:52:34,RT @IdahoTrucking: @GovernorLittle Thank you @GovernorLittle for coming out today and helping support ITA and the Drivers at the Weigh Stat…
1246583587677147136,2020-04-04 23:41:02,RT @IdahoLands: Access IDL is our new gateway to online customer self-service and upcoming online services.  We provide access to timber sa…
1246583562599424001,2020-04-04 23:40:56,"RT @IDHW: Idaho is reporting a total of 1,077 cases (including 64 new cases) of #IdahoCovid19 and 10 deaths to date. See updated numbers at…"
1246583147849846784,2020-04-04 23:39:17,"I know this probably isn’t the wedding of your dreams, but thank you for setting a great example for Idahoans. Congrats Alex and Allen! I wish you many happy, healthy years together! https://t.co/VS63vPJice"
1246219634912530432,2020-04-03 23:34:49,"@ColeLickley Cole, you are a great example of responsible behavior, but knowing you, I am not surprised.  All Idahoans should take your advice. Get well soon."
1246190400915660800,2020-04-03 21:38:39,RT @lawrencewasden: News release: Wasden Releases New Information on HIPAA Privacy and Security and Breach Notification Rules https://t.co/…
1246179953965596674,2020-04-03 20:57:08,RT @IdahoITD: Generosity is pouring in across Idaho during the COVID-19 emergency. Today at our East Boise Port of Entry @IdahoTrucking and…
1246138619774914560,2020-04-03 18:12:53,Another great example of Idaho's universities and colleges putting innovation to work in a time of need! @IdahoStateU #IdahoCOVID19 https://t.co/8WR2Fz7Iy7
1246136826017886208,2020-04-03 18:05:46,Thanks to donations through  @IdahoTrucking we were able to give truckers coming through the East Boise Port of Entry free lunches today. I want to express my sincerest thank you to our truckers for keeping supplies and groceries moving in Idaho! https://t.co/OYvmuocVJe
1246134627758006273,2020-04-03 17:57:01,"RT @IdahoPTV: In last night's LIVE @IdahoReports, @GovernorLittle, @IDHW Director Dave Jeppesen, and Dept. of Labor Director Jani Revier an…"
1246133015790514176,2020-04-03 17:50:37,Thank you @IDNationalGuard! https://t.co/5kRGZpR5Dn
1246132332228009984,2020-04-03 17:47:54,Awesome! https://t.co/K6Elm9kgXd
1246131082975539200,2020-04-03 17:42:56,"Idaho Commerce's newsletter is answering COVID-19 related questions businesses, employers and employees may have. Check it out. @IdahoCommerce #IdahoCOVID19 https://t.co/pJT0w4glmb"
1246128458117218304,2020-04-03 17:32:31,"RT @ScienceIdaho: Applications for the ISTPF due April 20! This program places scientists, engineers &amp; social scientists in Idaho state age…"
1246103783425228801,2020-04-03 15:54:28,"RT @lfinneytweets: Last night on @IdahoReports, @IdahoPTV's @aaronkunz was joined by @GovernorLittle and the directors of @IDHW &amp; @IdahoLab…"
1246102891422601216,2020-04-03 15:50:55,"Thank you, Buck's Bags! https://t.co/b7NWbtn3e8"
1245919896745082880,2020-04-03 03:43:46,RT @BetsyZRussell: Eye on Boise: Little on stay-at-home order: 'I did not do this lightly' #idpol @IdahoReports https://t.co/TbNh2we8v1 htt…
1245806651585617920,2020-04-02 20:13:46,"As the number of confirmed cases in Idaho continues to rise by the day, we are maintaining our focus on increasing healthcare capacity to deal with the medical needs of our friends and neighbors. #IdahoCOVID19 https://t.co/sSXg1p5iEX"
1245781343331430401,2020-04-02 18:33:12,The new Idaho COVID-19 Hotline is 888-330-3010. Use this if the information on the web site doesn’t answer your questions. https://t.co/lUjcptMHOn
1245755996451946496,2020-04-02 16:52:29,RT @IdahoPTV: It's not too late to submit your questions for tonight's LIVE @IdahoReports coronavirus conversation with @GovernorLittle. TO…
1245583097719951360,2020-04-02 05:25:26,"Betty is doing her part to social distance, are you? https://t.co/tow713scYG"
1245533687304749057,2020-04-02 02:09:06,"This Idaho company saw a need, reached out to my Coronavirus Working Group, and is now working with hospitals to help with sanitation efforts! Keep up the great work, Idaho! https://t.co/RFLTaO4IhC"
1245526407364497408,2020-04-02 01:40:10,RT @IDHW: Idaho is reporting 669 cases of #IdahoCovid19 and 9 deaths to date. Previous numbers were incorrect for Idaho North Central Distr…
1245471009437700096,2020-04-01 22:00:03,"My proclamation detailing how Idaho’s May 19 primary election will be carried out is now available here:
https://t.co/jShGBlFweJ"
1245444978748215296,2020-04-01 20:16:36,RT @Mike_Pence: 30 Days to Slow the Spread: https://t.co/GI3qrBOFaA
1245414872516460544,2020-04-01 18:16:58,"RT @uscensusbureau: You can complete the #2020Census online, by phone, or by mail.
https://t.co/a3CvlEyITh https://t.co/jIEk0J2PCi"
1245414843873497088,2020-04-01 18:16:52,RT @IdahoSDE: Check out how this Bonneville School District 93 student is starting the first day of online learning - with the Pledge of Al…
1245389066285150209,2020-04-01 16:34:26,"It is important for us to reach as many people as possible with vital information, so I would like to extend a heartfelt thank you to Steven and LaVona for their efforts! 
https://t.co/QSK5CF4ZRI"
1245379423978713088,2020-04-01 15:56:07,RT @uscensusbureau: Today is Census Day! Help us spread the word about the importance of the #2020Census. Make this image your profile pict…
1245166997303742464,2020-04-01 01:52:00,"RT @FEMARegion10: If you feel an #earthquake, do these three things: 

1⃣ Drop.
2⃣ Cover. 
3⃣ Hold on.

Visit https://t.co/DB2SNxVPOJ for m…"
1245149960229638145,2020-04-01 00:44:18,RT @IdahoOEM: Did you feel it? Go to https://t.co/W6MOLQTtiS to report it for the recent 6.5 72 km w of Challis.
1245148726835855365,2020-04-01 00:39:24,"Looks like between Fall Creek and Clayton, very few people this time of year"
1245096498397773824,2020-03-31 21:11:52,RT @IdahoCOVID19: Want to help others while you continue to slow the spread of COVID-19? Check out these great resources compiled by @Boise…
1245052646840401920,2020-03-31 18:17:37,Thank you to @AARPIdaho for hosting our weekly tele-town hall discussing COVID-19 in Idaho. https://t.co/LneJDGMnjM
1245039774173257729,2020-03-31 17:26:28,RT @IdahoCOVID19: Telecom partners are stepping up to help Idahoans. Learn more about assistance opportunities and the latest efforts to he…
1245006134567563264,2020-03-31 15:12:48,"RT @AARPIdaho: Today (3/31) is the third statewide telephone townhall with AARP Idaho, Governor Little, and Idaho health experts. Join us a…"
1245006111607902209,2020-03-31 15:12:42,RT @IdahoLabor: Labor Phone Lines Overloaded with Calls https://t.co/NgkX9cwtqM
1244763045244489728,2020-03-30 23:06:51,"While the COVID-19 situation may change how we practice our right to vote in this primary election, it is important to keep our election dates in place. Request absentee ballots as soon as possible to vote from home this year. https://t.co/i1W1m7GxWu"
1244761304285339648,2020-03-30 22:59:56,RT @IdahoCOVID19: Idahoans can request an absentee ballot at https://t.co/tjELufaGyn.
1244761292725833729,2020-03-30 22:59:53,RT @IdahoCOVID19: Governor Brad Little and Secretary of State Lawerence Denney announced today there will be no change in Idaho’s primary e…
1244759352541495297,2020-03-30 22:52:10,RT @IdahoOEM: Recreate Responsibly! Make sure that you are still practicing social distancing whenever you go outdoors. https://t.co/uj3KPL…
1244755128101433344,2020-03-30 22:35:23,"RT @IdahoCOVID19: People filing for unemployment benefits need to watch the videos, read the frequently asked questions, and read the user…"
1244741840416342016,2020-03-30 21:42:35,RT @lawrencewasden: Scams related to COVID-19 are on the rise. I'm asking Idahoans to be vigilant so they can protect themselves. More: htt…
1244728561501499392,2020-03-30 20:49:49,RT @lawrencewasden: My office has posted some FAQs on Idaho's current Stay at Home order. It deals with the governor's authority to issue t…
1244692725342953473,2020-03-30 18:27:25,"RT @AARPIdaho: Join our town hall discussion with Governor Little for the latest news on COVID-19, 3/31 noon MTN. https://t.co/3tOtaipTeu h…"
1244690101226987523,2020-03-30 18:17:00,"Complying with the stay-home order is life-saving! Thank you all who are doing their best to Zoom, teleconference, FaceTime, and group chat their way through this time. It’s not easy, but know your efforts are appreciated! #IdahoCOVID19 https://t.co/58RuwnK8we"
1244687804967206912,2020-03-30 18:07:52,"Thank you, Doctors! https://t.co/hqgi5atMzX"
1244671005148102669,2020-03-30 17:01:07,RT @IdahoCOVID19: The Idaho Department of Labor is receiving an unprecedented number of calls. Please be patient. We encourage you to file…
1244664329246408704,2020-03-30 16:34:35,"Thank you Clearwater Paper and employees!
https://t.co/kcXOH0IPBG"
1244298655105875968,2020-03-29 16:21:31,"Thank you to our Vietnam War Veterans. We cannot honor you in person today, but know that you are in our thoughts, prayers and minds. We are forever grateful for your service. #VietnamWarVeteransDay https://t.co/6lWuZVRtpt"
1244048991236419584,2020-03-28 23:49:27,RT @IDHW: Idaho is reporting 261 cases of #IdahoCovid19 and 5 deaths to date. Updated numbers now include reported hospitalizations at http…
1243904172165984256,2020-03-28 14:13:59,RT @IDHW: Idaho is reporting 230 cases of #IdahoCovid19 and 4 deaths to date. Updated numbers at https://t.co/BYu73eUZir See why the number…
1243904160786812930,2020-03-28 14:13:57,RT @IdahoCOVID19: The Idaho Department of Health and Welfare has announced a new toll-free number to call with questions about COVID-19 or…
1243672931575549952,2020-03-27 22:55:07,RT @IdahoCOVID19: Wondering about golf courses? Car dealerships? Hotels? Additional guidance for FAQs regarding the stay-home order is avai…
1243665834943205376,2020-03-27 22:26:55,"""You have it within your power to be a tremendous help in the lives of others."" -- Well said, Teresa! Read the inspiring words from the First Lady of Idaho. #IdahoCOVID19
https://t.co/5nCW3E8ZB1"
1243638940348764160,2020-03-27 20:40:03,"Amazing ingenuity from Idahoans! #IdahoCOVID19 
https://t.co/W00AfftSC3"
1243566095354572800,2020-03-27 15:50:36,"Thank you to @KTVB and all Idaho journalists for continuing to get the word out about the importance of following the stay-home order! 
https://t.co/mlrDxCDtLj"
1243339262906388481,2020-03-27 00:49:15,RT @IDHW: Idaho is reporting 189 cases of #IdahoCovid19 to date. Updated numbers at https://t.co/BYu73eUZir See why the numbers might not m…
1243331437723398144,2020-03-27 00:18:09,RT @IdahoCOVID19: Join public health officials and @GovernorLittle TONIGHT as they answer questions about COVID-19 on Idaho Public Televisi…
1243295091680149504,2020-03-26 21:53:43,"RT @IdahoCOVID19: Under Governor Little's stay-home order, officers are not asking or looking for any type of special paperwork from employ…"
1243292531955101696,2020-03-26 21:43:33,"I know this is a challenging, stressful, and difficult time for all Idahoans. Please, follow the stay-home order and do all you can to stop the spread of COVID-19. Let's get through this together. https://t.co/1yjQwlJFKu"
1243266716823502848,2020-03-26 20:00:58,"The news of the first deaths in Idaho resulting from COVID-19 is deeply saddening and a grave reminder that everyone MUST do all they can to prevent the spread of this virus. Please follow the statewide stay-home order, and pray for the loved ones of the people who passed. https://t.co/MWYaORWrgk"
1243204392641159168,2020-03-26 15:53:19,I had the opportunity to tour Idaho's Emergency Operations Center at the Idaho Office of Emergency Management. Idaho is continuously tracking PPE and supplies while preparing for every possible scenario. #IdahoCOVID19 https://t.co/vWrikm8rHj
1242996013113040897,2020-03-26 02:05:17,"Idaho’s order adopts the guidance from the U.S. Department of Homeland Security on ""Identification of Essential Critical Infrastructure Workers during COVID-19 Response,"" available at this link: https://t.co/nJ1ufGffHj"
1242994225311936512,2020-03-26 01:58:11,"Information on the stay-home order, essential services, and the latest COVID-19 numbers is available here: https://t.co/mpQ96YUuHG #IdahoCOVID19"
1242966218673238016,2020-03-26 00:06:54,The stay-home order is available here: https://t.co/nNqbCX28Rx #IdahoCOVID19
1242941206461419520,2020-03-25 22:27:31,"Our healthcare and public safety workers are putting themselves in harm’s way to respond to the coronavirus emergency, and we owe it to them to do our part by following this statewide stay-home order. #IdahoCOVID19
https://t.co/MzboPqRoH0"
1242918056721920000,2020-03-25 20:55:31,"The statewide stay-home order is being finalized with public health, local officials, and business today and will be available later today at https://t.co/lUjcptMHOn. The statewide stay-home order is effective immediately and will remain in effect for at least 21 days."
1242918011364765697,2020-03-25 20:55:20,"Following the guidance of Idaho’s public health experts, I issued a statewide stay-home order today for all Idahoans. #IdahoCOVID19 https://t.co/wIwWbnZEj7"
1242907762377383936,2020-03-25 20:14:37,"RT @IDAHOgov: @GovernorLittle issues statewide stay-home order, signs extreme emergency declaration https://t.co/vEEhRsDVDx"
1242907529304109056,2020-03-25 20:13:41,"RT @davlinnews: In light of today's stay-at-home order, if you have #IdahoCOVID19 questions for IDHW or Gov. Little, submit them to me here…"
1242861709867376641,2020-03-25 17:11:37,Stay up to date with the latest news from my office by signing up for updates here: https://t.co/dr66q7x9Un
1242829596648587264,2020-03-25 15:04:01,"I will make an important announcement about Idaho’s COVID-19 response today at Gowen Field at 1:30 pm MT. A public release with more information will immediately follow. The conference will stream live here:
https://t.co/nAnwXweThL"
1242816415750471681,2020-03-25 14:11:38,"RT @IdahoPubRadio: From Ranch to the Statehouse-- @GovernorLittle spoke with @madisonhardy05 about his @uidaho days, higher education, and…"
1242780274556932096,2020-03-25 11:48:01,RT @IDSecOfState: The Idaho Secretary of State is proud to announce that we now have an online option to request your absentee ballot. Plea…
1242636095826718720,2020-03-25 02:15:06,I will make an important announcement about Idaho’s COVID-19 response tomorrow at Gowen Field at 1:30 pm. A public release with more information will immediately follow. #IdahoCOVID19
1242582232985812992,2020-03-24 22:41:05,"RT @IdahoCOVID19: Governor Brad Little acted quickly, encouraging the Idaho Board of Pharmacy to limit the drugs. #IdahoCOVID19 https://t.c…"
1242574048816582657,2020-03-24 22:08:33,"Idaho leads the way to protect citizens who need these medications prescribed to treat some autoimmune diseases like lupus and rheumatoid arthritis. #IdahoCOVID19 
https://t.co/CaBh1J0uul"
1242571225232076800,2020-03-24 21:57:20,RT @IDHW: The state public health lab strives to meet a 24-hour turn-around time for COVID-19 test results for patients who are hospitalize…
1242498308230115328,2020-03-24 17:07:35,"Small businesses that have been financially impacted as a direct result of COVID-19 since Jan. 31 may qualify for Economic Injury Disaster Loans of up to $2 million to help meet financial obligations and operating expenses. For more information, visit https://t.co/XQfdj2k4mz. https://t.co/RZNgdaRQQT"
1242487994382049285,2020-03-24 16:26:36,RT @AARPIdaho: We're holding telephone town hall with Governor Little today at noon MTN. This call is available to anyone. More here: https…
1242455974914314241,2020-03-24 14:19:22,RT @IDHW: Idaho is reporting 50 cases of #IdahoCovid19 to date. Updated numbers at https://t.co/BYu73eUZir See why the numbers might not ma…
1242420901984915456,2020-03-24 12:00:00,"Idaho's farmers, ranchers, shippers, and producers have always been important to our state. Let's take a moment to thank them for everything they do! #NationalAgDay https://t.co/sLp3npJ1Bm"
1242248780541378560,2020-03-24 00:36:03,"Idaho citizens and businesses now have until June 15, 2020, to file their state income taxes and make any state income tax payments and apply for the Property Tax Reduction, Property Tax Deferral, and 100% Service-connected Disabled Veteran Benefit programs. #IdahoCOVID19"
1242247218779656192,2020-03-24 00:29:51,"Our goal is to slow the spread of coronavirus. I’m in daily contact with our public health experts and epidemiologists, who are providing me guidance on the actions that are necessary at this time. We are committed to making decisions based on science. https://t.co/Ayo16ywXtN"
1242242548690649088,2020-03-24 00:11:18,RT @IdahoCOVID19: The Idaho State Board of Education today directed all public school districts and charter schools to immediately implemen…
1242211204740698113,2020-03-23 22:06:45,RT @davlinnews: Gov. Little: Idaho is extending the state tax filing deadline by 60 days. Idahoans and businesses now have until June 15th…
1242210779505385472,2020-03-23 22:05:03,RT @IdahoOnYourSide: Idaho Governor Brad Little provides updates about the state’s spread of the novel coronavirus. https://t.co/q7LcRdyJb7
1242184226377576448,2020-03-23 20:19:32,RT @IdahoCOVID19: Southeastern Idaho Public Health has confirmed two cases of COVID-19 in Bannock County. This brings the total to three ca…
1242139454405410816,2020-03-23 17:21:38,RT @KTVB: 7's Hero: Timberline High School jazz musicians play music outside a nursing home https://t.co/Q3ZvMlb8og
1242136452755943425,2020-03-23 17:09:42,"RT @KBSX915: Today on #IdahoMatters:

@GovernorLittle joins us ahead of his 4 p.m. press conference on #idahocovid19. 

And: @RadioDawson o…"
1242126034087972864,2020-03-23 16:28:18,"I will host a press conference Monday, March 23, 2020, at 4 p.m. to update Idahoans on the proactive measures the State is taking to help citizens.

The press conference will be streamed to the public through Idaho Public Television https://t.co/mh0kplS2wi"
1242116614599757824,2020-03-23 15:50:52,RT @AARPIdaho: We're holding another statewide telephone town hall on 3/24 at noon MTN with Governor Little and Idaho health experts to pro…
1241789433621278720,2020-03-22 18:10:46,"RT @fema: ⚠ Due to the large amount of speculation regarding #COVID19, this is a reminder to rely on OFFICIAL sources for accurate informat…"
1241789421332000768,2020-03-22 18:10:44,"RT @IdahoCOVID19: For more information about how COVID-19 cases are counted, please see https://t.co/b9A8L426zu"
1241414000325185536,2020-03-21 17:18:56,RT @KHQLocalNews: Idaho Gov. Little visits Coeur d'Alene to discuss the coronavirus https://t.co/PqjY7nOVhx https://t.co/PmfPwWLwRt
1241413865142919171,2020-03-21 17:18:24,RT @ToddKunzKIDK: #VIDEO: My interview with #Idaho @GovernorLittle and the state director of @IDHW with the information you need concerning…
1241385622528393216,2020-03-21 15:26:10,RT @IdahoPubRadio: .@GovernorLittle will host a statewide AARP telephone town hall on March 24 to provide information and answer questions…
1241118557406019584,2020-03-20 21:44:57,RT @KREMTaylor: Just finished speaking with @GovernorLittle and Idaho Health &amp; Welfare director Dave Jeppesen regarding coronavirus in Idah…
1241118463550050304,2020-03-20 21:44:35,"RT @ToddKunzKIDK: I just interviewed #Idaho @GovernorLittle and Dave Jeppesen, the director of @IDHW about the effects of the #coronavirus…"
1241114162496864256,2020-03-20 21:27:29,RT @IdahoCOVID19: Southwest District Health will announce the first confirmed case of COVID-19 in Canyon County at 5:00 p.m. The press conf…
1241103195469832192,2020-03-20 20:43:55,RT @IdahoCOVID19: The Panhandle Health District (PHD) and Kootenai Health have confirmed two additional confirmed cases of novel coronaviru…
1241047168862973952,2020-03-20 17:01:17,Idaho’s Teacher of the Year continues to inspire even when outside the classroom! https://t.co/pTvWvlJQzW
1241014918679166977,2020-03-20 14:53:08,We are meeting with staff from each of the public health districts today. Thank you to the South Central District Health team for their hard work during this time. https://t.co/MBPUFZ6Iof
1240841343531802630,2020-03-20 03:23:24,My office is committed to keeping the public informed. Sign up for every update at https://t.co/ov0eqx2E2Q https://t.co/mAupGM7CjN
1240786426293186561,2020-03-19 23:45:11,RT @BlaineCountyID: ID Dept Health &amp; Welfare has issued a Shelter in Place Order for Blaine County to slow the rapid spread of the COVID-19…
1240785411783315456,2020-03-19 23:41:09,RT @IdahoCOVID19: The total number of confirmed cases in Idaho is now at 23. #IdahoCovid19 #IDCOVID19
1240746186887196673,2020-03-19 21:05:17,"I will host a press conference Thursday, March 19, 2020, at 5 p.m. MST to update Idahoans on community spread of the novel coronavirus. 

The press conference will be streamed to the public through Idaho Public Television https://t.co/mh0kplS2wi."
1240734019534204928,2020-03-19 20:16:56,"RT @The_RGA: As @GovernorLittle says, this is a historic time and America's Republican governors are rising to the challenge and leading.…"
1240712418403090432,2020-03-19 18:51:06,"RT @davlinnews: Thanks to @GovernorLittle, Director Jeppesen at @IDHW, Director Duke at Central District Health, and @ToniLaw71870714 of @t…"
1240710302582226944,2020-03-19 18:42:42,"RT @HHSGov: Together, we can stop the spread of #COVID19. Here are the most recent guidelines for Americans from the @WhiteHouse and @CDCgo…"
1240684667373637633,2020-03-19 17:00:50,RT @IdahoFoodbank: Free meals for children are available at approved sites across the state. Children ages 1-18 may pick-up meals at any si…
1240678633573777408,2020-03-19 16:36:51,"Idaho Reports is airing a half-hour special on #IdahoCovid19 Thursday at 8 pm on Idaho Public Television. Guests: Myself, Toni Lawson of @teamiha, Russell Duke of @CDHidaho, and Director Jeppesen of @IDHW. https://t.co/BquqbRImWz"
1240669478678958080,2020-03-19 16:00:28,"RT @IdahoMedAssn: .@StLukesHealth , @SaintAlsHealth &amp; @SaltzerHealth all now offer drive-thru or curbside coronavirus testing. @SaintAlsHea…"
1240435975555141632,2020-03-19 00:32:37,RT @IdahoCOVID19: South Central Public Health District (SCPHD) has confirmed two additional cases of novel coronavirus in south central Ida…
1240416127634702338,2020-03-18 23:13:45,RT @IdahoCOVID19: The American Red Cross is facing a severe blood shortage as many blood drives have been cancelled across the country due…
1240402846312476684,2020-03-18 22:20:58,RT @IdahoCOVID19: Governor Brad Little announced today that Idaho is adopting the latest guidance from the White House and U.S. Centers for…
1240402162708029441,2020-03-18 22:18:15,RT @IdahoCOVID19: Idaho wants to hear from small businesses impacted by coronavirus. The State of Idaho will need responses from small busi…
1240373438549610497,2020-03-18 20:24:07,"RT @CongMikeSimpson: This is what @GovernorLittle meant when he said “History will remember our reaction to coronavirus, so let’s be there…"
1240360100822278145,2020-03-18 19:31:07,RT @davlinnews: Idaho Reports is airing our first half-hour special on #IdahoCovid19 Thursday at 8 pm on Idaho Public Television. Guests: @…
1240318022935441408,2020-03-18 16:43:55,"RT @IdahoCOVID19: #VoteEarlyIdaho Protect yourself. Protect your neighbors.

Voting Absentee is as easy as 1,2, 3!          
REQUEST your b…"
1240077808614789121,2020-03-18 00:49:23,"RT @IdahoCOVID19: Cases of the novel coronavirus have now been confirmed in Ada, Blaine, Madison and Teton Counties. The total number of co…"
1240038770725892096,2020-03-17 22:14:16,"I will host a press conference Wednesday, March 18, 2020, at 10 a.m. MT to update Idahoans on new guidance and recommendations to protect our citizens during the coronavirus outbreak. 
 
The press conference will be streamed here: https://t.co/nAnwXweThL"
1240015728335446016,2020-03-17 20:42:42,I want history to remember that Idahoans were there for each other during this very challenging and uncertain time. https://t.co/ho8vpt11O5
1239961329240162304,2020-03-17 17:06:32,"RT @IdahoCOVID19: Your money is safe in your financial institution. Deposit accounts are federally insured to $250,000. 

If you are experi…"
1239945160424689664,2020-03-17 16:02:17,"RT @IdahoCOVID19: The Idaho Department of Health and Welfare, in conjunction with the affected local public health districts, is announcing…"
1239932924863983617,2020-03-17 15:13:40,RT @IDHW: We all must fight against rumors and false information regarding #IdahoCovid19. Please use trusted sources such as https://t.co/B…
1239689515632963584,2020-03-16 23:06:27,"RT @IdahoCOVID19: To reduce large gatherings of people, the Idaho Transportation Department’s Division of Motor Vehicles is instituting a 9…"
1239661182513868802,2020-03-16 21:13:52,"After confirmed cases of the novel coronavirus in Idaho, I advise the public to follow the guidance of health officials, be thoughtful of your actions, and take care of each other. https://t.co/kDSvVa3Rk5"
1239608563850309634,2020-03-16 17:44:47,"To stay up-to-date with the latest information from my office, sign up for news here: https://t.co/dr66q7x9Un"
1239579402305859590,2020-03-16 15:48:54,"RT @IDHW: Idaho is reporting 5 cases of novel #coronavirus to date. The state lab has tested 234 people, and private labs have tested 36. U…"
1239292563871297536,2020-03-15 20:49:06,RT @AARPIdaho: We've scheduled a statewide telephone town hall on 3/17 at noon MTN with Governor Little and Idaho health experts to provide…
1239263625304518656,2020-03-15 18:54:07,"There is no shortage of food. Stores will restock, so please don’t hoard. 

The water supply is clean and safe to drink. 

We are working to provide you with the latest, most accurate information. 

We are in this together, so please take care of yourself and your neighbors."
1239023655050309632,2020-03-15 03:00:33,"RT @IDHW: Idaho reports three additional cases of COVID-19 in the state, for a total of 5
https://t.co/UAURvUrgsO"
1239014157409636352,2020-03-15 02:22:49,"RT @IdahoCOVID19: Cases of coronavirus have been confirmed in Ada, Blaine, and Teton Counties. #IDCOVID19 https://t.co/BB9ns2Z9ma"
1238944109751971840,2020-03-14 21:44:28,RT @IdahoCOVID19: Blaine County School District Board Chairman Keith Roark and Superintendent Dr. GwenCarol Holmes announce that all school…
1238920942748745728,2020-03-14 20:12:25,RT @IDHW: First  case of novel coronavirus reported in south central Idaho; the second in the state https://t.co/OCoV5BWRQB
1238916508140457984,2020-03-14 19:54:48,RT @IdahoCOVID19: Idaho now has 2 confirmed cases of the novel coronavirus. For the latest updates visit https://t.co/BB9ns2Z9ma. #IDCOVID19
1238628471623929859,2020-03-14 00:50:14,"We are committed to working with our partners to provide the public timely, accurate information about what individuals can do to help slow the spread of coronavirus. https://t.co/RAX4AtQ1QB"
1238589013562277888,2020-03-13 22:13:27,RT @IdahoCOVID19: The Department of Health and Welfare and Governor Brad Little will announce Idaho’s first confirmed case of the novel cor…
1238565518639902720,2020-03-13 20:40:05,"Attorney General Lawrence Wasden reminded businesses today that Idaho’s price gouging statute prohibits selling fuel, food, drugs or water at an exorbitant or excessive price during a declared state of emergency. #IDCOVID19 
https://t.co/HxFK7KcQFB"
1238557728533909505,2020-03-13 20:09:08,"I issued a proactive emergency declaration today to aid in the coronavirus response effort in Idaho. With no confirmed cases in Idaho at this time, we are in the best position to be proactive and get ahead of the impact coronavirus could have here. 
https://t.co/otchKf2VUr"
1238545842870423558,2020-03-13 19:21:54,"I have signed Senate Bill 1400, transferring $2 million to help combat the spread of coronavirus. Thank you to the Idaho Legislature for this swift action that will help save lives. #IDLeg https://t.co/CHRjnF8P3n"
1238513969381302273,2020-03-13 17:15:15,"RT @IDHW: As of this morning, Idaho state lab has tested 118 samples for novel #coronavirus, and private labs have tested 13. Still no posi…"
1238471367084748801,2020-03-13 14:25:58,"I will host a news conference at 10 a.m. Friday to provide an update on the coronavirus situation in Idaho. At this time, there are no confirmed cases of the novel coronavirus, also known as COVID-19, in the state. Watch live here:  https://t.co/Kp5oR7pvA3"
1238189984001060864,2020-03-12 19:47:51,More information is available here: https://t.co/7SrrFUNBDU https://t.co/p81zbPRqdo
1238151338749358081,2020-03-12 17:14:17,"The President’s actions are appreciated and appropriate at this time. Idaho is prepared, and we all must do our part to prevent the spread of coronavirus to vulnerable populations and to preserve capacity in our healthcare facilities. @WhiteHouse 
https://t.co/OAfSbCEft0"
1238150141544001536,2020-03-12 17:09:32,"RT @IdahoSDE: NOMINATE A TEACHER FOR IDAHO'S TOP TEACHING HONOR, THE #TEACHER OF THE YEAR AWARD! Nominations accepted through April 27th!…"
1238147191098638336,2020-03-12 16:57:48,"I am happy to help preserve Idaho's shooting ranges for generations to come! #IDLeg 
https://t.co/VaJ5eeHO9D"
1238144101356208128,2020-03-12 16:45:32,RT @ESGR: Thank you @GovernorLittle for signing an @ESGR Statement of Support for National Guard and Reserve Service members on behalf of t…
1238141983085883393,2020-03-12 16:37:06,"RT @SupportNRAILA: #Idaho: Good news! @GovernorLittle signed shooting range protection legislation, HB 396, into law. @NRA thanks Gov. Brad…"
1238141464795688960,2020-03-12 16:35:03,RT @IDHW: 93 people have been tested for novel #coronavirus in Idaho as of this morning. All results are negative. https://t.co/BYu73fcA9Z
1237766252602331137,2020-03-11 15:44:05,RT @IDNationalGuard: Yesterday Idaho @GovernorLittle signed a Statement of Support for the National Guard and Reserve on behalf of the @ESG…
1237765316932816897,2020-03-11 15:40:22,"RT @IDHW: Idaho has tested a total 51 people for the #novel coronavirus at the state lab, and all results have been negative. See the lates…"
1237492048900448256,2020-03-10 21:34:30,"RT @idahocom: Our student doctors, alongside President Tracy Farnsworth and Dean Thomas Mohr, connected with Idaho legislators during 'COM…"
1237402415835443200,2020-03-10 15:38:20,"RT @IdahoCOVID19: In an effort to protect Idaho individuals and families, health insurance carriers are waiving co-sharing for Coronavirus…"
1237156805588832256,2020-03-09 23:22:22,"RT @IdahoCOVID19: Here is the latest from the Governor's Coronavirus Working Group Chairman Dave Jeppesen: 
https://t.co/a8JqnDPoKk"
1237046433154359296,2020-03-09 16:03:47,"I got my Star Card! Do you have yours? If you want a Star Card, don't wait until the last minute! Get your documents together and go to your local Driver's License office today. https://t.co/QSWCb6tuHi https://t.co/BNsvdNnUlu"
1236860891947126784,2020-03-09 03:46:31,Happy to appear on @IdahoPTV for #Festival2020 and the premiere of “Idaho Experience: Idaho’s Constitution Revealed”! https://t.co/fA5xfRxkzX
1236491268374462469,2020-03-08 03:17:45,Another wonderful Idaho State Prayer Breakfast was held this morning! https://t.co/EbKitS0z1R
1236088337032568832,2020-03-07 00:36:39,RT @Supt_Wendy_J: So grateful to @GovernorLittle for taking the time out of his busy schedule to spend time reading to our fabulous scholar…
1236053237725188097,2020-03-06 22:17:11,"I voted! 

I voted early in Gem County! Today is the last day for in-person early voting. Vote on Election Day March 10. Absentee ballots must be received by March 10.  #IDPol https://t.co/4zsxUl0spD"
1236026181599682561,2020-03-06 20:29:40,RT @kunalearns: We are grateful to @GovernorLittle for reading at Indian Creek Elementary School today! @KSDempowers https://t.co/FDjWbY1152
1236026168484093952,2020-03-06 20:29:37,RT @clarkcorbin: I’m with ⁦@GovernorLittle⁩ at Indian Creek Elementary in Kuna for Read Across America week. #idpol https://t.co/wz9immBbOA
1235970282608709632,2020-03-06 16:47:33,I commend the Legislature for acting decisively to ensure we are prepared to protect the people of Idaho. #idleg https://t.co/C1TLnt2m8U
1235703261866254336,2020-03-05 23:06:30,"Glad to see Sgt. Justin Anderson is in recovery. Please continue to keep him in your prayers. We thank Sgt. Anderson and all police officers for their bravery, public service and protection!  https://t.co/k5uwPdJASw"
1235584555190386691,2020-03-05 15:14:48,Idaho farmers have one month to nominate schools for $15K STEM grants: https://t.co/3kyV4Tkj7X
1235363509648515072,2020-03-05 00:36:27,RT @cwidaho: Congratulations to all of the @PHITHETAKAPPA members at two-year colleges recognized today by @GovernorLittle during Idaho’s P…
1235312564504055809,2020-03-04 21:14:01,"RT @IdahoCOVID19: https://t.co/JItSwQ0DKu is where you can find the latest information on Idaho’s coronavirus situation, resources to learn…"
1235309185656647680,2020-03-04 21:00:35,"While the individual risk for coronavirus in Idaho is still low, the situation is rapidly evolving and we do expect confirmed cases in Idaho at some point. Idaho is prepared, and we all must do our part to prevent the spread of coronavirus. 
https://t.co/2FjXWGm4JL"
1235307077557510150,2020-03-04 20:52:12,@brianalmon https://t.co/Bfvh7eKVWa
1235188244117172224,2020-03-04 13:00:00,This Idaho Day we celebrate our great state and 100 years of women’s suffrage. Idaho was the fourth state to give women the right to vote and the first to do it by constitutional amendment. #IdahoWomen100 https://t.co/TDPihpaV1D
1234916918106017794,2020-03-03 19:01:51,"We had a wonderful visit from President Henry B. Eyring, Second Counselor in the First Presidency of The Church of Jesus Christ of Latter-day Saints. Thank you @EyringHB for the beautiful family history! https://t.co/gtIQRMfVGG"
1234882413387341824,2020-03-03 16:44:45,RT @IDHW: Idaho still has no cases of COVID-19. Public health officials are monitoring 6 people for #coronavirus symptoms and have tested a…
1234869794748256256,2020-03-03 15:54:36,Please follow @IdahoCOVID19 for official information regarding Coronavirus in Idaho.
1234607291057360896,2020-03-02 22:31:30,"Idaho is carefully and closely monitoring the Coronavirus. Please join me on Facebook Live at 11 a.m. on Wednesday, March 4, for more information about ongoing preparedness efforts in Idaho. https://t.co/csVyPJKgrY"
1234511117688303616,2020-03-02 16:09:21,Your property taxes shoulder a growing share of teacher salaries and operating expenses in our school districts. It’s out of balance and not sustainable. My teacher pay bill increases state support for teacher pay across Idaho. #IDLeg #IDedu #IDpol https://t.co/nrEyeOoKMc
1234172847431372801,2020-03-01 17:45:11,"I’m working hard to improve education in Idaho for all students, teachers, parents and families. #IDLeg #IDedu https://t.co/B4oih9JN67"
1233585382303752192,2020-02-29 02:50:48,Thanks to all the green lights for a better opportunity for our kids https://t.co/aHOzu8BBOK
1233584213409951744,2020-02-29 02:46:10,Celebrated our teacher pay bill at EMMETT Carberry School music program. https://t.co/dNxLrOA14r
1233438471361978368,2020-02-28 17:07:02,We’re just getting started at Capital for a Day in Cascade! #IDpol #CFAD https://t.co/MxP8jGAWCo
1233186156956676097,2020-02-28 00:24:25,RT @The_RGA: .@GovernorLittle is the latest GOP Gov leading the way on teacher pay! #Idaho #idpol
1233143075179941890,2020-02-27 21:33:14,"@WhiteHouse The result will be more efficient highway and construction projects, reduced fire risk, and jobs from increased on-the-ground activities that improve the health of our lands. #IDLeg #IDpol"
1233140681142501376,2020-02-27 21:23:43,"In just four short years, Idaho climbed from the 50th to the 8th best in the world for mining investment. Mining can be done in an environmentally responsible manner while also protecting the open spaces and recreational activities we all enjoy! 
https://t.co/4x1ODyp5vL"
1233140092144742400,2020-02-27 21:21:23,I strongly support President Trump's plans to modernize NEPA - the National Environmental Policy Act. Speaker Bedke and I talked to White House officials today to share Idaho's experience with this law and why reform is needed. @WhiteHouse #IDLeg https://t.co/S4b1oItowh
1233092084036296704,2020-02-27 18:10:37,"See you tomorrow, Cascade! #IDLeg #IDpol https://t.co/yoxhpUBEYy"
1233076488104075264,2020-02-27 17:08:38,"""Idaho’s leaders are taking care of their primary job: providing a well-run government worthy of the good people of that state."" #IDLeg #IDpol 
https://t.co/oHpgWGBdke"
1233067510372503552,2020-02-27 16:32:58,Visiting with our logging contractors this morning — Our loggers and haulers make wood products possible! #IdahoLoggerStrong https://t.co/IBf7BZp7LY
1232010490890444800,2020-02-24 18:32:45,"RT @7thdistrictIAFF: It’s is so great to hear from @GovernorLittle this am 💯
A friend of firefighters in Idaho &amp; roundly supported by @ProF…"
1231419312755208195,2020-02-23 03:23:37,"It was truly an honor to cut the ribbon at the grand opening of the visitor center at the Minidoka National Historic Site.  I encourage all Idahoans to visit, remember and reflect. https://t.co/0uwe6yUmon"
1231259848991395841,2020-02-22 16:49:58,"Thank you to the City Club of Idaho Falls for hosting a wonderful evening celebrating the past, present and future success of the @INL! #IDPol @CongMikeSimpson @Dr_Mark_Peters @SenatorRisch @CongMikeSimpson @lawrencewasden https://t.co/uZvLKj0dSm"
1231259348875145216,2020-02-22 16:47:59,RT @CongMikeSimpson: Pleased to be with friends and colleagues  @GovernorLittle @SenatorRisch @lawrencewasden @Dr_Mark_Peters to celebrate…
1230580821620219904,2020-02-20 19:51:45,"RT @MikeCrapo: Thank you to @GovernorLittle for hosting Idaho Stakeholders, @SenatorRisch, @CongMikeSimpson and me today to talk about how…"
1230577158101225472,2020-02-20 19:37:12,Join me at the next Capital for a Day in Cascade! #IDLeg #IDPol #IDGov https://t.co/ENSVxLyokY
1230574307924836359,2020-02-20 19:25:52,"Thank you to @realDonaldTrump and Idaho's congressional delegation for the hard work in protecting and advancing Idaho agriculture, business and manufacturing through the passing of the USMCA. @MikeCrapo @SenatorRisch @CongMikeSimpson @WhiteHouse https://t.co/XRrpxl2mEv"
1230529698460991489,2020-02-20 16:28:36,"It’s Nurses Day at the Capitol! 2020 was declared the Year of the Nurse by the World Health Assembly, and nurses make up the largest workforce in healthcare. Idaho has more than 30k licensed nurses. Thank you for all you do! #idleg https://t.co/J9FFJGDOfZ"
1230260347707088896,2020-02-19 22:38:18,"It is our vision that adults, children, and their families who live with mental illness and addiction receive the behavioral health care services they need when they need them. #IDleg #IDpol 
https://t.co/Pe6951L0Le"
1230189581972017152,2020-02-19 17:57:06,"For nearly 60 years, Bill Roden helped shape the quality of life we enjoy in Idaho. It is a privilege for me to present this award in Bill’s honor. #IDLeg #IDpol 
https://t.co/KkGAwJ1oUa https://t.co/wRbLxyzZE6"
1230171093085736960,2020-02-19 16:43:38,"It is time to make Idaho teacher salaries competitive. 

Today, I put a multi-year plan before the Idaho Legislature to raise teacher salaries across the board. #IDedu #IDLeg
https://t.co/no8qwVQfGL"
1229962911755333632,2020-02-19 02:56:24,"It’s time these unnecessary and outdated laws come off the books. 

*No wild hogs were injured in the trimming of this government fat. #IDLeg https://t.co/jC0Z9EnE51"
1229809386865840128,2020-02-18 16:46:21,"RT @BoiseState: Thank you, @GovernorLittle!

#BoiseState is proud to contribute to the innovative, diligent and engaged culture of Idaho.…"
1229804460492222464,2020-02-18 16:26:46,I am happy to proclaim today Boise State University Day at the Capitol! #GoBroncos #IDedu @MarleneTromp https://t.co/nM0jKrZ4Wi
1229596825381769216,2020-02-18 02:41:42,"Teresa is the better cook, but I am getting rather famous for my oatmeal recipe! Thanks, @KTVB! https://t.co/lmdwGLIZ1j"
1229478665299185666,2020-02-17 18:52:11,I had the privilege of meeting with Idaho's FFA State Officers this morning! #IdahoAG #IdahoEdu https://t.co/Zlkb3ee0yV
1229469060271722496,2020-02-17 18:14:01,"RT @IdahoAGC: On this President’s Day holiday, we got the chance to chat with @GovernorLittle about many different issues facing the indust…"
1229452490472476672,2020-02-17 17:08:10,RT @KTVBJoe: We had @GovernorLittle come make his “Famous Oatmeal” for breakfast. Is it good? Find out tonight on the @the208KTVB https://t…
1229452334087884800,2020-02-17 17:07:33,"RT @the208KTVB: What’s happening in the @KTVB kitchen this morning? 
🤔 #the208 https://t.co/vK2Yo8LHmU"
1229409264592048131,2020-02-17 14:16:24,What a great way to start the week by speaking at the 4-H Know Your Government conference. #UIdahoExtension4H https://t.co/eSdULlpUl0
1229097000852811776,2020-02-16 17:35:35,Thank you! https://t.co/gE3ZRDnicL
1228076020588105728,2020-02-13 21:58:34,"I had the privilege of meeting with the students from Three Creek School! The school has 7 students and their teacher is also the superintendent, principal and secretary! #IDedu https://t.co/llCXMgdmwI"
1227984695566094336,2020-02-13 15:55:40,"RT @westgov: 12 Western Governors, including Govs. Noem, Stitt, Polis, Sislolak, Bullock, Ige, Burgum, Little, Kelly, Brown, Herbert &amp; Guer…"
1227372654706876416,2020-02-11 23:23:39,"I still plan to appeal the decision to the U.S. Supreme Court. Idaho taxpayers should not have to pay for a procedure that is not medically necessary.

Full statement here: 
https://t.co/99ggjS8D3Y"
1227272236010098690,2020-02-11 16:44:37,"On this day in history, February 11, 1920, Governor D.W. Davis gave a speech calling for the ratification of the 19th Amendment. That speech is on display in my Ceremonial Office until 3 pm. #IDLeg #IDPol #IdahoWomen100 @IdahoHistoryFan https://t.co/lZT76Rx0gS"
1226977727636484097,2020-02-10 21:14:21,"I've had an informative and productive visit to Washington DC! This morning, governors from around the nation took part in the White House Business Session. #IDPol 

Official White House Photo by Keegan Barber https://t.co/N3ltowjRUM"
1225823715352399873,2020-02-07 16:48:43,"RT @westgov: In his State of the State address, @GovernorLittle emphasized the need for a greater investment in literacy, teachers, and #Id…"
1225512445265022985,2020-02-06 20:11:50,RT @IdahoPubRadio: The State Complete Count Committee formed by @GovernorLittle to assist federal partners in completing the 2020 Census Co…
1225150526578294784,2020-02-05 20:13:42,RT @KTVB: Gov. Little looks to increase funding for Idaho mental health facilities https://t.co/UgPyIia6kg
1224904114905075712,2020-02-05 03:54:33,"I applaud @realDonaldTrump for highlighting the importance of supporting America’s moms, dads, and children in tonight’s #SOTU. Idaho’s Families First Act gives eligible state employees 8 weeks of paid family leave. The @WhiteHouse is leading by example in supporting families."
1224799304642002944,2020-02-04 20:58:04,"RT @INL: #Idaho's Little and Wasden announce agreement with @ENERGY on spent #nuclear fuel generated by the Advanced Test Reactor @INL.
 
h…"
1224798104383152128,2020-02-04 20:53:18,I proclaimed today Red Cross Day at the Capitol and March as National Red Cross Month. Join me by donating lifesaving blood that gives hope and strength to patients in need. @RedCrossBloodLC https://t.co/2pXi7dr0Dy
1224722253180362754,2020-02-04 15:51:54,RT @RedCrossBloodLC: TODAY @GovernorLittle will proclaim 2/4 as #RedCross Day at the #Idaho State Capitol and host a @RedCrossBloodLC blood…
1224465045175685120,2020-02-03 22:49:50,"RT @IdahoSDE: #Idaho Division of Aeronautics #art #contest! 1st-place winners in each age category will be invited to RIDE IN AN #AIRPLANE,…"
1224415489763373056,2020-02-03 19:32:55,Save the date! https://t.co/8zoLbr0sW3
1223984420543029252,2020-02-02 15:00:01,"Tater Tots were created in 1953 by Ore-Ida founders F. Nephi Grigg and Golden Grigg. In 2004, Napoleon Dynamite made sure tots and Idaho would be associated forever in pop culture. Enjoy these Gem State gems during your Super Bowl celebrations for a little taste of Idaho! https://t.co/STPepXURnb"
1223400983771992064,2020-02-01 00:21:38,Thank you to all who came to Capital for a Day in Parma! https://t.co/6lWuqWdval
1223301703396540417,2020-01-31 17:47:08,The lack of regulatory friction is bringing higher paying jobs to Idaho! #idleg #idpol https://t.co/OHQSJqT5yH
1223294989385338880,2020-01-31 17:20:27,We are just getting started at Capital for a Day in Parma — starting off with some questions from the kids! #CFAD #IDpol https://t.co/tkXAZiAhL8
1223294590775525376,2020-01-31 17:18:52,RT @ToddKunzKIDK: @GovernorLittle @Varneyco @FoxBusiness Here is #Idaho @GovernorLittle talking about the state economic growth on @FoxBusi…
1223286052288225281,2020-01-31 16:44:57,Ready to go live with @Varneyco from Capital for a Day in Parma! Check out @FoxBusiness for the interview. https://t.co/nodna6JoOC
1223008897679495169,2020-01-30 22:23:38,RT @jjsaldana: .@GovernorLittle at the Hispanic Legislative Reception. #idpol https://t.co/EOnm8xNS0i
1222989165135945728,2020-01-30 21:05:13,"It's great to see Idaho's agriculture and our farmers being highlighted by one of the world's largest brands, @AnheuserBusch! #IdahoAg #Idahome
https://t.co/IyLloj9TCd"
1222959782904025088,2020-01-30 19:08:28,See you in Parma tomorrow! #IDLeg #IDpol https://t.co/xQucYEWpnT
1222574151677857792,2020-01-29 17:36:06,One of my favorite things to do each session is meet with the House &amp; Senate Legislative Pages. These bright young people have wonderful futures ahead! #Idleg https://t.co/8SwNUZ47sY
1222529734099124225,2020-01-29 14:39:36,The USMCA is a win for Idaho and America. Thank you @realDonaldTrump for championing this important agreement. @WhiteHouse https://t.co/IYbrIRpDFf
1222246379327590400,2020-01-28 19:53:39,RT @RolandKBOI: Beautiful rainbow over Emmett! https://t.co/p7CjHas2AK
1222207777763807232,2020-01-28 17:20:16,I am happy to proclaim January 28 as Idaho State University Day in Idaho! @IdahoStateU #IDEdu https://t.co/T5y1CWO5SG
1221898397709258753,2020-01-27 20:50:54,It was great to honor the late Pete Cenarrusa and to speak to Idaho’s youth at the NWACC/FFA Day on the Hill. https://t.co/STXYZzAVQl
1221862268557619201,2020-01-27 18:27:20,"Today is the 75th anniversary of the liberation of the Auschwitz-Birkenau death camp. Let us honor the victims of the Holocaust and ensure that future generations never forget the atrocities that were committed against the Jewish people and many others. 
#UnitedinMemory75"
1221856081254567937,2020-01-27 18:02:45,RT @IvankaTrump: @GovernorLittle just est. 8 wks of paid leave for Idaho's executive branch employees following the birth or adoption of a…
1220818545002442752,2020-01-24 21:19:57,"The new WOTUS definition protects our nation’s waters while providing the appropriate deference to the states. Thank you @USACEHQ and @EPA! 
https://t.co/vvD8Dnf6cK"
1220792795494932480,2020-01-24 19:37:38,RT @IdahoSDE: A MUST-READ FROM #IDAHO #TEACHER OF THE YEAR STACIE LAWLER! Stacie tells the story of how she became a champion for mental he…
1220767465648508930,2020-01-24 17:56:59,It’s been a great morning visiting with Idaho businesses and vendors at the SHOT Show in Las Vegas! https://t.co/wbUZEuI0cG
1220495608722513921,2020-01-23 23:56:43,"Stay classy, Idaho. 

@DollyParton https://t.co/rcsXH2X4yY"
1220399475782373376,2020-01-23 17:34:43,Thank you to our Idaho Chiefs of Police for keeping our neighborhoods safe! It was wonderful to see these law enforcement representatives from all corners of the state today! https://t.co/dzNL1QkxKl
1220123644342370304,2020-01-22 23:18:40,"Great news! The USMCA will benefit Idaho families, farmers, businesses and workers! https://t.co/UTrhMzyuxK"
1220073844733440000,2020-01-22 20:00:47,RT @kridler: Idaho governor extends paid family leave for state employees (from @AP) #idpol #idleg  https://t.co/U8yrCVTU1K
1220073447285379073,2020-01-22 19:59:12,"Children benefit, parents benefit, and the state benefits when we support a culture that balances the demands of work with the demands of family. #IDpol 
https://t.co/3ELWdZyS8i https://t.co/vjMkSHCe2D"
1220038353543823360,2020-01-22 17:39:45,"RT @IdahoOEM: On January 20th, @GovernorLittle recognized members of the Joint Field Office that handled the response to spring flooding in…"
1220032193646358529,2020-01-22 17:15:16,"I think Marie Kondo is on to something! #IDLeg #IDpol 
https://t.co/ngkYavFoFZ"
1219688586913542145,2020-01-21 18:29:54,Join me at my next Capital for a Day in Parma! https://t.co/fJPJYgUbiD
1219353768862441472,2020-01-20 20:19:27,I issued two very special proclamations today recognizing Martin Luther King Jr. and Human Rights Day and the 125th Anniversary of the Jewish Community in Idaho. https://t.co/dUDGFaHdAG
1219298759827308544,2020-01-20 16:40:52,I will have a special announcement this week that takes steps to put Idaho families first. Watch on Facebook live Wednesday at 11:30 AM MST as I make the announcement in my ceremonial office. #IDpol #IDGov
1219258278594527232,2020-01-20 14:00:00,"This week’s legislative agenda is all about my number one priority: EDUCATION. Please join me in supporting Idaho’s schools, universities, and educators as we celebrate and recognize the efforts of public education stakeholders in our state. #IDLeg https://t.co/G2xkJGGPOL"
1218228329662144512,2020-01-17 17:47:22,"More great news on trade from the White House! The signing of the trade agreement between the U.S. and China bodes well for Idaho businesses from a variety of sectors. @WhiteHouse @realDonaldTrump 
https://t.co/JgIkI2Z6G8"
1218223194911363072,2020-01-17 17:26:57,Today I issued a proclamation declaring January as Human Trafficking Awareness Month in Idaho. #IDleg https://t.co/26HYObh3qG
1218186214169370624,2020-01-17 15:00:00,One of the staples of conservative governing is to put money back into taxpayers’ pockets. I have long supported tax relief for Idahoans on the most basic of needs – groceries. #IDLeg #GroceryTax https://t.co/3pebNQ7iin
1217923163364835328,2020-01-16 21:34:44,"RT @JamesBroughel: A powerful new executive order from @GovernorLittle today. It includes mandated repeals of rule chapters every 5 years,…"
1217883084374212608,2020-01-16 18:55:29,"It is the nature of government to grow and for increased regulations to creep into our lives. My Zero-Based Regulation executive order is designed to prevent the accumulation of costly, ineffective, and outdated regulations over time. #IDLeg #IDpol
https://t.co/D11aBucvRm https://t.co/XL40DXGpmS"
1217823824617492480,2020-01-16 15:00:00,"I believe our people have greater opportunities to prosper when government limits regulatory hurdles, respects taxpayers by spending their money as efficiently as possible, and focuses as much on the needs of tomorrow as the needs of today. #IDLeg https://t.co/zyRlft1TIn"
1217807529972887560,2020-01-16 13:55:15,RT @IdahoCommerce: STEM Matters! Governor Brad Little spoke to the importance of STEM education opportunities for Idahoans at the STEM Matt…
1217604229939879936,2020-01-16 00:27:25,RT @fay_trevor: @GovernorLittle live in the studio talking about everything from refugees to school funding! I’ll have a report on his visi…
1217584394359017473,2020-01-15 23:08:35,The Trump Administration is investing close to $1 billion in transportation infrastructure. About 25% will be spent on rural projects. Providing a safe system of transportation that facilitates commerce &amp; travel is an essential role of government. https://t.co/yYdc0OIjFu
1217513139186458624,2020-01-15 18:25:27,"RT @IdahoStPolice: Yesterday, Major Spencer received a Distinguished Achievement Award from @GovernorLittle for leading the team of ISP Emp…"
1217461440438652928,2020-01-15 15:00:01,#IDEdu #IDLeg https://t.co/tbzZOg15ht
1217199233381494784,2020-01-14 21:38:06,"The Idaho Suicide Prevention Hotline has partnered with Idaho’s 211 Careline, making it easier for 211 callers who may be in crisis to reach the hotline. This easy-to-remember number will help save lives! #211 https://t.co/j1UTszSplJ"
1217142216243572736,2020-01-14 17:51:32,"These plans offer low-cost insurance to people priced out of Obamacare and draw them back into the insurance market. 
https://t.co/FiE8vXI34A"
1217099048139870212,2020-01-14 15:00:00,My budget keeps our foot on the gas and makes historic investments in literacy ongoing! #IDedu #IDLeg https://t.co/CXHNZLjlf8
1216786260657729544,2020-01-13 18:17:05,"I subscribe to the view that it is better to prepare children today than to repair them later. #IDLeg #IDEdu 
https://t.co/KL6tO6RgGJ"
1216736662132338689,2020-01-13 15:00:00,We cannot simply rely on the good hearts of teachers any longer to retain an effective teaching workforce in Idaho. We must pay them competitively. #IDedu #IDLeg https://t.co/gHE2tRtZvT
1216426824462262272,2020-01-12 18:28:49,Happy Sunday from the ranch! https://t.co/3fdqkc2roQ
1216160746515529728,2020-01-12 00:51:31,Thank you and the good people of District 4 for letting me stop by! https://t.co/fDMd1HbsIn
1216049031568191492,2020-01-11 17:27:36,"Education is my number one priority. Getting all kids reading proficiently by the third grade will benefit every student throughout the K-12, college and career system. #idleg #idedu https://t.co/llY5QF9cFk"
1215811659836452864,2020-01-11 01:44:23,"RT @DevinTrubeyKLEW: Talking with @GovernorLittle today @KLEWNews on everything from vaping, possible hands free cellphone laws, the opioid…"
1215719969670909952,2020-01-10 19:40:02,RT @KevinRichert: I interviewed @GovernorLittle this morning for this week's @IdahoReports. We covered a lot of ground in 23 minutes: his a…
1215361004927774721,2020-01-09 19:53:38,Join me in honoring our officers on this National Law Enforcement Appreciation Day. #LEAD2020 https://t.co/vC3kGz5Axg
1215330602536206336,2020-01-09 17:52:50,"I am a strong advocate of healthy lands and waters, and I support President Trump's plans to update the National Environmental Policy Act (NEPA).  @WhiteHouse #NEPA https://t.co/iJLaRMhUcY"
1215313813009944576,2020-01-09 16:46:07,"We have such a dire need for skilled career technical workers in our state. That's why my budget recommends more funding for career technical programs at Idaho colleges. #IDedu #IDleg
https://t.co/TtIXge6p9T"
1215097055648944130,2020-01-09 02:24:48,RT @IdahoLands: What is Shared Stewardship? Governor Brad Little spoke of advancing Shared Stewardship in his State of the State and Budget…
1215096970567532545,2020-01-09 02:24:27,"Thank you, @woolstes! It was great to see the amazing work you and our educators are doing in D93. Keep up the good work! https://t.co/ZeaK9LK1dF"
1215005716739579904,2020-01-08 20:21:51,"RT @NatlGovsAssoc: In Idaho, @GovernorLittle prioritized literacy, teachers and public education in his #StateoftheState address this week.…"
1214988255474503681,2020-01-08 19:12:28,"Bonneville Technical Careers High School students get hands-on career training while still in high school, preparing them for high-paying jobs right after graduation. Great things happen when we invest in career technical education! #idedu #idpol https://t.co/TbZiW6qIGk"
1214620978266816512,2020-01-07 18:53:02,I am happy and honored to proclaim today Peace Officer Standards and Training Day! Happy 50th anniversary to POST! https://t.co/zMlISX0rdT
1214586075202473984,2020-01-07 16:34:20,Idaho is a better place because of 2020 Teacher of the Year Stacie Lawler! https://t.co/nxg4FV0qrI
1214315955565674496,2020-01-06 22:40:59,"I’m committed to working with the Legislature to invest in education, continue reducing regulatory burdens, and increase all Idahoans’ prosperity and quality of life. More from my State of the State and Budget Address here: https://t.co/xz9nzL4Xa3 #IDLeg https://t.co/WSEzc8gjTz"
1214269864719683585,2020-01-06 19:37:50,Members of Idaho’s House and Senate have officially welcomed me to the 2020 Legislative Session! #idleg https://t.co/g4LiiLHFzh
1214237029539577856,2020-01-06 17:27:21,"RT @IdSBOE: The 2020 Idaho legislative session convenes today with 
@GovernorLittle State of the State address. Stay up to date with the Le…"
1214222856420093952,2020-01-06 16:31:02,RT @IDAHOgov: The 2020 Idaho legislative session convenes today with @GovernorLittle State of the State address. Stay up to date with the L…
1213199057474113536,2020-01-03 20:42:50,"Don’t worry @GovSisolak and @GovMikeDeWine, I’ll keep an eye on your boys while they’re in Idaho! #IdahoPotatoBowl #BattleBorn #BleedGreen https://t.co/0nBJ4hXE28"
1212845783105458176,2020-01-02 21:19:02,RT @boiseboone: Looking forward to hearing from @GovernorLittle and #idleg leadership at the AP Legislative Preview tomorrow morning! Idaho…
1212800366116401152,2020-01-02 18:18:34,RT @IDAHOgov: Ever wonder why flags are at half-staff? Now you can sign up to receive electronic notifications whenever a flag status updat…
1212785894781906944,2020-01-02 17:21:04,RT @IdahoStPolice: Please plan for delays or use alternate routes until the engines are removed &amp; roads are cleared. https://t.co/x3GsGER0Tb
1212785750208442371,2020-01-02 17:20:29,RT @IdSBOE: Did you know that you can gain an Advanced Technical Certificate in CNC Machining Technology through @LCSC  Lewis-Clark State C…
1212357808592687105,2020-01-01 13:00:00,Happy New Year! Let's make 2020 a great one! #IDGov #IDpol https://t.co/1QsSrJeugR
