id,created_at,text
1246976584541589504,2020-04-06 01:42:40,"The State has not taken over distribution of hydroxychloroquine, though high demand may be creating shortages. You can see @UtahDepOfHealth's recommendations for COVID-19 patients here: https://t.co/il8Mze79pA https://t.co/LX2NKy0REo"
1246976472373313537,2020-04-06 01:42:13,"This is not true. The State of Utah has not taken over distribution of hydroxychloroquine, though high demand may be creating shortages. You can see @UtahDepOfHealth's recommendations for COVID-19 patients here: https://t.co/il8Mze79pA https://t.co/ExF0R1nT9R"
1246220841752227840,2020-04-03 23:39:36,"RT @SpencerJCox: Hey friends, first some good news: Utah is now 5th in the nation in testing per capita! Unfortunately like many states we…"
1246167228359127041,2020-04-03 20:06:34,"This will be effective immediately. Those who are currently in @ZionNational will have the rest of today to leave, and the park will be closed starting tomorrow morning."
1246167061518303233,2020-04-03 20:05:54,"Today, after consultation with Washington County officials and the @Interior, we have determined it is appropriate and necessary to close @ZionNational Park, until we decide we can lift the #StaySafe, #StayHome directive."
1246167060750589953,2020-04-03 20:05:54,I have directed that @UtahStateParks be reserved for the residents of the county in which those parks are located. Do not attempt to visit parks outside your county of residence.
1246167059999780865,2020-04-03 20:05:54,"If your primary residence is on the Wasatch Front and you are traveling to Washington County to gather with extended family members for a recreational weekend, turn around and go home."
1246167059324522496,2020-04-03 20:05:54,"Acceptable reasons to leave home include going to work, or getting necessary supplies, like food or medication.

Outdoor recreation is fine, but NOT in groups, and only if appropriate social distancing is maintained."
1246167058644996096,2020-04-03 20:05:54,"Do not travel except for essential services.

Do not hang out in groups, inside or outside.

Only leave home if you have to, and do so as little as possible."
1246167057936183296,2020-04-03 20:05:53,Sunday dinners (or dinner parties on any day of the week) with family or friends from outside your household are off the table. Students who are home from college should NOT treat this like an early summer vacation.
1246167057256681472,2020-04-03 20:05:53,"Do not play volleyball with friends at your apartment complex. Do not meet friends for a pick-up basketball game. 

Even small group gatherings are dangerous."
1246167056568823810,2020-04-03 20:05:53,Only people who are living under the same roof should be under the same roof or spend time together. Period.
1246167055885164544,2020-04-03 20:05:53,"Do not spend free time with people outside of your immediate household.

Do not have visitors in your home — even members of your extended family."
1246167055285383168,2020-04-03 20:05:53,"Let me be clear about what is expected and required of us all, if we want to slow the spread of COVID-19."
1246167054551412736,2020-04-03 20:05:53,"To slow the spread of the pandemic, we MUST live differently. Many are carefully complying with the #StaySafe, #StayHome directive. Many others, however, might believe that they are obeying the directive, while making convenient exceptions here and there."
1246163469205831680,2020-04-03 19:51:38,@UtahCoronavirus @UtahStateParks @Interior @ZionNPS @UtahStateParks are closed to non-county residents. You may still visit state parks in your own county.
1245853161597874176,2020-04-02 23:18:35,"If you have COVID-19 concerns or think you need a test, first, stay home. Use online resources or call 800-456-7707. For moderate to severe symptoms, find a testing facility in your community. Visit https://t.co/OHttfLOuBd for more info. #StayHome"
1245853160071028741,2020-04-02 23:18:34,"We’re grateful to have #TestUtah up and running. Visit https://t.co/SFfv6LysCL to take an assessment to see if you should be tested for COVID-19. We hope to have tests for everyone who wants them soon — but right now, we are focusing on testing those who are symptomatic."
1245850619660754945,2020-04-02 23:08:29,"Think you need to be tested for COVID-19? Visit https://t.co/SFfv6LysCL for a new way to be tested. Together, we can #testutah, and we will get through this together. Next up, I challenge @PostMalone @UtahCoachWhitt @SenMikeLee &amp; @TraegerGrills. https://t.co/9EhXHaiccI"
1245845929397071872,2020-04-02 22:49:50,"Here is a perfect example: @Fox13’s Matt Lee instigated the pool camera feed set up at the Utah Capitol allowing press events to practice social distancing. Thank you, Matt! https://t.co/08kyaMyMTV"
1245845928616976385,2020-04-02 22:49:50,"Over the last few weeks, I have been so impressed with our #Utah media. Utahns are staying informed because of how you are covering COVID-19. You are another example of #OneUtah leading together. @DeseretNews @sltrib @kslnewsradio @fox13 @KUTV2News @abc4utah @pbsutah @KUER"
1245803419165585410,2020-04-02 20:00:55,"RT @BradWilsonGOP: I am so grateful to the many Utahns and Utah companies, like @OCtanner, who have stepped up to help fight COVID-19. #Uta…"
1245802430819733504,2020-04-02 19:57:00,"RT @UtahCoronavirus: Today, we are announcing a public-private partnership between @Utahgov and @siliconslopes to bring more testing capabi…"
1245802134580252675,2020-04-02 19:55:49,"You can also still test through @UHealth and @Intermountain. Together, we will continue dramatically increasing the capacity to test for COVID-19 in Utah."
1245802133745590272,2020-04-02 19:55:49,We have an important update on testing. The State is coming together with @siliconslopes to greatly increase testing. Have symptoms? You can take an assessment at https://t.co/ikvN1QXgZU.
1245782681767440386,2020-04-02 18:38:31,"Grateful to our friends at @UBusiness for putting together this free seminar. Utah is still in the urgent phase of responding to COVID-19, but together, we can adapt, innovate, and overcome. #TogetherUtah https://t.co/KLQIPM68IH"
1245506703786799104,2020-04-02 00:21:53,"There's a lot going on — but today is also #CensusDay2020. Take a minute to fill out the census by visiting https://t.co/Y2ypUoDpNo, or call 1-844-330-2020. https://t.co/R9d3icGdGN"
1245474638609563649,2020-04-01 22:14:28,To be clear: This is only a temporary moratorium on residential evictions for tenants directly impacted by COVID-19. People who can pay their rent now should do so immediately. Those who cannot pay now will be required to pay current and back rent when the order expires. https://t.co/z4ysvjopO5
1245458364533895168,2020-04-01 21:09:48,This deferral applies specifically to people who experience financial losses tied to COVID-19. https://t.co/z4ysvjopO5
1245451980366995457,2020-04-01 20:44:26,"I will issue an Executive Order allowing tenants to defer rental payments, and freezing evictions until May 15. We are working with the federal government to secure additional relief for Utah residents."
1245442348869234688,2020-04-01 20:06:09,"RT @UtahCoronavirus: Today’s media briefing by @GovHerbert for Wednesday, April 1, 2020, is starting soon. https://t.co/dstimlBiro"
1245431894772080640,2020-04-01 19:24:37,"@resister4change Symptoms include fever, cough, and shortness of breath."
1245405606154027010,2020-04-01 17:40:09,Now is not the time for irresponsible April Fools' Day jokes. I am tremendously grateful to our teachers for their tireless efforts to continue educating Utah students — and I'm impressed by the dedication of our students who are learning from home. https://t.co/EeVr0GbbLW
1245398664383610881,2020-04-01 17:12:34,"We continue to focus on increasing Utah's testing capacity. You do not need to have a known exposure to COVID-19, or to have traveled recently to get tested. You only need to have symptoms. Learn more about testing locations here: https://t.co/DY5XFDPr0K"
1245050955516661760,2020-03-31 18:10:54,"RT @utahsenate: Even though many state employees are telecommuting and the rest carefully following state safety guidelines, Utah's governm…"
1245041797862064128,2020-03-31 17:34:31,"RT @UtahCoronavirus: .@andersonljess says we will be requesting a major disaster declaration from @POTUS. 

Working together in the State E…"
1245039373302685697,2020-03-31 17:24:52,"RT @UtahCoronavirus: I want to thank our leaders, says @GovHerbert, including:
@SpencerJCox and 
@UtahDepOfHealth Director Joseph Miner.…"
1245039353471963136,2020-03-31 17:24:48,"RT @UtahCoronavirus: Getting started shortly with a briefing by @GovHerbert for March 31, 2020

It will be live on Facebook at https://t.co…"
1244726732222947330,2020-03-30 20:42:33,"This #NationalDoctorsDay, our medical providers are on the front lines of the fight against coronavirus. Help keep them safe, and #StayHome. https://t.co/EyzSayxEBZ"
1244668456651247621,2020-03-30 16:50:59,"Utah is staying home for two weeks to prevent the spread of COVID-19.  Learn more about what the Stay Safe, Stay Home directive means for you and your family:

https://t.co/m2OrT2GLzT"
1244394515005231104,2020-03-29 22:42:26,"Our prayers are with his wife Kathi and the Garff Family, and all the families that have suffered and are suffering at this time."
1244394351549014016,2020-03-29 22:41:47,"We have lost a really great man. Bob Garff touched countless lives and gave so much service to our state, and its people. He was such a positive example to all of us. He leaves a hole in our heart and in the community."
1244045842480156672,2020-03-28 23:36:56,"Grateful for all who are doing their part to emphasize that this is the time to #StaySafe #StayHome

https://t.co/RIl9O5kXqc"
1243680258030587904,2020-03-27 23:24:14,"Questions about what's okay under Utah's Stay Safe, Stay Home directive? Read it here: https://t.co/mCujo4h8bu"
1243671821536223232,2020-03-27 22:50:43,"Starting Monday, we will provide daily updates to the public through the two-week Stay Safe, Stay Home period."
1243671820760301569,2020-03-27 22:50:43,"Our decisions are data-driven, and I expect all Utahns to follow our Stay Safe, Stay Home directive.  By uniting behind these instructions as if our lives depended upon them, we will, in fact, save many lives. #FlattenTheCurve #togetherutah"
1243670579237883904,2020-03-27 22:45:47,"Data from @UtahDepOfHealth suggests that social distancing measures implemented earlier are making a difference. Still, we need to do more, which is why I'm issuing this directive. We are closely monitoring data to assess what future measures may be necessary. #staysafe #stayhome"
1243668547588329472,2020-03-27 22:37:42,"@pretzlekay No. Businesses can remain open, following strict hygiene procedures and social distancing. Businesses should allow employees to telework wherever possible."
1243668231849566208,2020-03-27 22:36:27,"Employers: DO NOT require doctor's notes from your employees. If they call in sick with symptoms, or have a family member sick with symptoms, make accommodations for them to stay home. #togetherutah"
1243666887440871425,2020-03-27 22:31:06,State parks are only available to residents of the county where the park is located.
1243665697223270400,2020-03-27 22:26:23,"You can go outside to exercise and get fresh air — but do not congregate at trailheads or at parks. Maintain cautious social distancing, even when you are outside."
1243665544839958528,2020-03-27 22:25:46,"Together, we can #flatten the curve, reduce the strain on hospitals and the healthcare system, and minimize the impact on medical resources for those with highest need. #TogetherUtah"
1243665544244387841,2020-03-27 22:25:46,Stay safe. Stay home. This will slow the spread of coronavirus in our communities and save lives.
1243665190559731712,2020-03-27 22:24:22,Livestream here: https://t.co/4mmOv0OsKE
1243664988113260544,2020-03-27 22:23:34,"At-risk individuals (those who are 60 or older, or have a serious underlying condition) should take special care to leave home as little as possible."
1243664985860894720,2020-03-27 22:23:33,"Only leave home when you need to. This includes necessary trips like to your workplace, or to obtain food, medicine, or other medical care."
1243664984829128704,2020-03-27 22:23:33,"Do not visit friends or family, or hold group gatherings (except for people living in the same household)."
1243664983885352960,2020-03-27 22:23:32,We are all in this together. I expect all Utahns to do this part to slow the spread of coronavirus. This means staying home whenever possible.
1243663417329602560,2020-03-27 22:17:19,"We are in the throes of a very challenging time. All of us are making difficult adjustments, some big, and some small, to our daily lives. Today I'm issuing a ""Stay Safe, Stay Home"" directive to all Utahns."
1243314249335635969,2020-03-26 23:09:51,RT @ElectionsUtah: Governor Herbert has issued an Executive Order suspending sections of Utah statute regarding candidate signature gatheri…
1243207337914974208,2020-03-26 16:05:01,"RT @UtahDPS: Scammers are taking advantage of fears surrounding the Coronavirus.
1 way to avoid COVID19 scams:
Hang up on robocalls. 
Don’t…"
1242563143861035008,2020-03-24 21:25:13,Utah has prepared a comprehensive economic plan to accompany our public health response to COVID-19. We're working to protect lives and livelihoods. You can view the plan at https://t.co/2ZjSXBoXAw. #OneUtah https://t.co/tzncgjIU0c
1242508713744683009,2020-03-24 17:48:56,"Effective tomorrow, March 25, @UtahDepOfHealth is restricting nonessential medical, dental, and veterinary procedures to conserve protective equipment needed by doctors treating patients with COVID-19. Visit https://t.co/mWyLPYyoMP to learn more about donating PPE. https://t.co/I1B8me0App"
1242502153668669441,2020-03-24 17:22:52,"RT @SpencerJCox: If you missed it last night, today is a big day. For 10 days you’ve heard me talk about the need to TEST, TEST, TEST. Last…"
1242236654728839168,2020-03-23 23:47:52,"RT @slcmayor: Picking up a @Ch_JesusChrist missionary at @slcairport? Congrats! NOTE:
🛩 Remain in vehicle 
🛩One vehicle allowed per mission…"
1242223494676398080,2020-03-23 22:55:35,"After careful review, we have decided to extend Utah’s K-12 dismissal to help slow the spread of COVID-19. Instructors will continue teaching remotely through May 1st. https://t.co/nfo1p7re9r"
1241943988111683590,2020-03-23 04:24:55,"Parents, please go to the airport alone to pick up your returning missionaries, and help them strictly follow all self-isolation procedures for their first 14 days at home."
1241943987147046919,2020-03-23 04:24:55,"As missionaries return home due to the spread of COVID-19 across the globe, they should not be met by big groups of family or friends. Large welcome parties are dangerous and could greatly increase the spread of coronavirus in our state."
1241798816002523137,2020-03-22 18:48:03,"First and foremost, Jeanette and I want to express our deepest sympathies to the family and friends of this individual. The pain this family must be feeling right now puts into perspective the sacrifices we are all making to keep one another safe and healthy. https://t.co/wIz6Oa0B1J"
1241480305480855553,2020-03-21 21:42:25,The @UtahDepOfHealth has clarified the state's recommendations on mass gatherings. We recommend you avoid gatherings larger than 10 — individuals over 60 and those who are immunocompromised should avoid contact with others. https://t.co/JtVzXlY3tS
1241160716108759040,2020-03-21 00:32:29,"@Lepidolite19 @maddow Actually this is a dangerous assertion. Gov. Herbert isn’t threatening criminal penalties, but strongly recommends avoiding groups of 10+."
1241157294873653248,2020-03-21 00:18:53,"I've declared a State of Emergency to support repair efforts following the magnitude 5.7 earthquake that struck on Wednesday, March 18. You can view it here. https://t.co/iIMewVXQ7J"
1241139352731701249,2020-03-20 23:07:35,Utah is taking quick action to adjust tax filing and payment deadlines in response to the COVID-19 outbreak. More details to come. #utpol https://t.co/8iQW6s8CZS
1241137045055008768,2020-03-20 22:58:25,We all need to work together to #FlattenTheCurve. We'll send an amended order soon.
1241137044354519041,2020-03-20 22:58:25,"Update on instructions re: mass gatherings — we strongly recommend that people avoid large group gatherings (10+), but the State does not intend to threaten residents with criminal prosecution, which is why we are amending recently issued orders."
1241131787398434817,2020-03-20 22:37:31,"I invite all to participate in a Weekend of Prayer and Service in Utah, March 20-22. We also encourage acts of service to happen in ways that will decrease risk of contagion. Whether or not you are religious, I hope you find peace or guidance this weekend. https://t.co/VebmWS9SoE"
1240843401068556288,2020-03-20 03:31:35,We call upon all people to act rationally and with the good faith and commonsense that has defined our state and her people since its beginning.
1240843398161895424,2020-03-20 03:31:34,The State of Utah was not consulted on the new orders issued by the Salt Lake and Utah County Departments of Health. The Utah Department of Health has directed these orders be repealed immediately.
1240706125441327105,2020-03-19 18:26:06,"Last night I shared the following message with Utahns. You can watch it here.
 https://t.co/d3LEbOOz0k"
1240454114468745216,2020-03-19 01:44:42,@lizabeth_verse You can watch it here: https://t.co/HCTU7JoWIz
1240454041127153664,2020-03-19 01:44:24,@undefeater @UtahDepOfHealth You can watch it here: https://t.co/HCTU7JoWIz
1240453002692968448,2020-03-19 01:40:17,Wishing @RepBenMcAdams a quick and full recovery (and glad to see him exercising proper precautions - isolating at the sign of COVID-19 symptoms and calling his doctor before visiting a clinic). https://t.co/vKKahlwaix
1240424419865976832,2020-03-18 23:46:42,"Today is the first time Utah’s emergency operation center has been at a level 1 since it opened. 
Thank you to the many dedicated people who are working tirelessly to ensure the safety of all Utahns. https://t.co/x8JV50lkRY"
1240419655891615745,2020-03-18 23:27:46,"RT @UtahDepOfHealth: TONIGHT at 6 p.m. tune into a virtual town hall with COVID-19 experts including our own state epidemiologist, Dr. Ange…"
1240406067907039234,2020-03-18 22:33:46,"Tune in tonight to hear experts answer your questions about COVID-19, and to hear my message to Utahns at this time. #utahcoronavirus #utahearthquake https://t.co/4bJoxxV5Oo"
1240401903084867584,2020-03-18 22:17:13,Utah's refineries are still functioning after this morning's earthquake and the resulting aftershocks. We have NO concerns about our gasoline supply. https://t.co/RK3yrgbAdW
1240400933420482562,2020-03-18 22:13:22,RT @UtahCoronavirus: This morning's earthquake put our Utah Public Health Laboratory out of commission for a while. It has been cleared to…
1240396052542492672,2020-03-18 21:53:59,.@slcairport is up and running again. https://t.co/kPVqZyNQoR
1240360682891034625,2020-03-18 19:33:26,RT @UtahDNR: The aftershock moments ago registered as a magnitude 4.6. As of 1:20 pm there have been 59 aftershocks. #utahearthquake
1240357962582913024,2020-03-18 19:22:37,"RT @UtahEmergency: Update, that latest aftershock was  a 4.6: https://t.co/fcVxENAj23 https://t.co/wI28cBBX9c"
1240354309025329152,2020-03-18 19:08:06,RT @UtahDepOfHealth: Latest #utahcovid19 case counts are updated here: https://t.co/8Xkve3Hxdc See statement for other relevant information…
1240332126492323840,2020-03-18 17:39:57,"Utah isn't sheltering in place right now, but it's helpful if you can stay home today. This will help first responders complete their damage assessments. https://t.co/XA4b9v0EoK"
1240330023984230405,2020-03-18 17:31:36,RT @UtahEmergency: Do not immediate turn off your gas unless you have obvious damage to your gas lines and can either hear gas or smell gas…
1240329809403604992,2020-03-18 17:30:45,"@Claudiavrobles_ Drop, take cover, and hold on. Doorways do not provide effective cover."
1240328358203772928,2020-03-18 17:24:59,"Reports that we are predicting a larger earthquake today are FALSE. Earthquakes cannot be predicted — but while there have been many aftershocks, @utahgeological reports that there is a 95% chance that this morning's 5.7 earthquake was the largest in the sequence."
1240327705666576385,2020-03-18 17:22:23,Briefing the press on the situation following this morning's 5.7 magnitude earthquake. @UtahDPS is reporting no major injuries as a result of this quake and is actively assessing property damage. https://t.co/G3dUbtJ0c5
1240310060602941440,2020-03-18 16:12:16,"RT @slcairport: The airport is not currently operational. The FAA tower, terminals and concourses have been evacuated. The road to the airp…"
1240307593181970432,2020-03-18 16:02:28,"RT @UtahEmergency: #Rumorstop

There are rumors out there that earthquakes can be predicted.

They cannot be predicted, however, we expect…"
1240306779579224064,2020-03-18 15:59:14,RT @UtahDepOfHealth: A temporary COVID-19 Information Line is available at 1-844-442-5224. Please use this number if you have questions abo…
1240304239173201921,2020-03-18 15:49:09,"RT @UtahEmergency: Reminder:

It is always better to
Drop 
Cover
and Hold on
during an earthquake

A doorway provides no extra protection t…"
1240280508115734528,2020-03-18 14:14:51,"RT @UtahEmergency: What you can do today to start preparing for earthquakes:
• Follow @BeReadyUtah 
• start keeping a flashlight and shoes…"
1240280492575875073,2020-03-18 14:14:47,"RT @UtahEmergency: Here’s the shaking intensity map for this earthquake. As you can see, the stronger shaking is felt around the magna area…"
1240279757268193281,2020-03-18 14:11:52,The @UtahDepOfHealth state lab is assessing damage and currently down. The poison control center has been evacuated and the @UtahCoronavirus hotline is down.
1240276235785089024,2020-03-18 13:57:52,"Please stay away from the downtown area while crews assess damage. Unless you work in public safety, or are an essential employee, remain at home or telework."
1240270797060497409,2020-03-18 13:36:15,We had a 5.7 earthquake out of Magna this morning - felt across much of the state. Follow proper safety measures in the event of any additional aftershocks or quakes.
1240111931630825473,2020-03-18 03:04:59,RT @SpencerJCox: Bookside chat: A coronavirus update #OneUtah  https://t.co/mGZFOrZwZS
1240081549707501568,2020-03-18 01:04:15,@marietevelde Take out is fine!
1240067748366921728,2020-03-18 00:09:25,"Our goal is to slow the spread of coronavirus. I'm grateful for the steps each of you take to help this effort, and to take care of each other. We will get through this together. #OneUtah"
1240067747456774144,2020-03-18 00:09:24,"In this day and age, we have many ways to communicate without face-to-face contact. Please check on your neighbors and family members, and do what you can to help those who are self isolating. #OneUtah"
1240067746563387395,2020-03-18 00:09:24,"If someone in your home tests positive for COVID-19, everyone in your household should self isolate. This will greatly slow how quickly the virus spreads."
1240067745787437056,2020-03-18 00:09:24,"Individuals over 60, or who are immunocompromised, should avoid contact with others."
1240067745003139072,2020-03-18 00:09:24,"Individuals should not visit nursing or long-term care facilities, except to provide critical care."
1240067744164278272,2020-03-18 00:09:24,"In accordance with recommendations @POTUS made on Monday, March 16, the order also prohibits gatherings of more than ten people."
1240067743300243456,2020-03-18 00:09:24,The order also issues additional instructions to restaurants — to add sanitation precautions and check employees for symptoms of COVID-19 at the beginning of each shift.
1240067742440419328,2020-03-18 00:09:23,Social distancing is one of the most important things we can do to slow the spread of COVID-19. Today’s order is focused on that.
1240067741458939904,2020-03-18 00:09:23,"Utah solutions will be a big part of increasing our testing operations. Until we can test widely, we need to take every necessary precaution to slow the spread of coronavirus."
1240067740565565440,2020-03-18 00:09:23,"We also have a full-time team focusing on increasing Utah’s capacity to test for COVID-19. We're working on getting more tests, and more chemicals to process those tests."
1240067739701534722,2020-03-18 00:09:23,"In making these decisions, we still strongly recommend that Utahns buy local, eat local, and support local businesses at this time, in whatever way they can, and within these guidelines. Our local restaurants are great sources of nutritious, secure, and delicious meals."
1240067738753622018,2020-03-18 00:09:22,"We have not made this decision lightly. I know this will disrupt lives and cost jobs, and for that I’m very sorry. Still, I’m convinced this will save many lives, and I’m also convinced that Utahns will step up to help each other, and we’ll get through this together. #OneUtah"
1240067737822494720,2020-03-18 00:09:22,"With the increasing number of COVID-19 cases in our communities, we must take quick action to adjust and adapt in our daily lives to limit the spread of the virus."
1240067736857788417,2020-03-18 00:09:22,"Restaurants can continue curbside, drive-thru, pick up, and delivery options. The order is intended to limit the spread of novel coronavirus in public spaces. This is effective on Wednesday, March 18 at 11:59 p.m."
1240067735968600064,2020-03-18 00:09:22,"This afternoon the State of Utah issued an order to all restaurants, bars, and food service establishments to suspend dine-in operations for two weeks. #utahcovid19"
1240034890772410368,2020-03-17 21:58:51,@BigBen212 Utah is eligible. We just received confirmation.
1240023764248612866,2020-03-17 21:14:38,Good news for Utah business owners impacted by COVID-19 — loans are now available to help you. Visit  https://t.co/7JY8lJKHfv and https://t.co/IKT96tOrdM to learn more.
1239659123366494208,2020-03-16 21:05:41,"RT @slcmayor: Please know that for @GovHerbert and me, our ultimate goal is the safety and well-being of our community.  There are a lot of…"
1239594417679286273,2020-03-16 16:48:34,RT @slcmayor: Press conference to address COVID-19 Business Resources coming up at 11 a.m. Derek Miller of the @saltlakechamber and @Downto…
1239579675640266752,2020-03-16 15:49:59,This morning's #COVID19 briefing call with the White House and governors from across the nation. Stay tuned later today for further announcements on steps Utah is taking to slow the spread of novel coronavirus. https://t.co/ABNdbgSJGD
1239213068174778369,2020-03-15 15:33:13,RT @SpencerJCox: #OneUtah Update https://t.co/A4lDU1IanE
1239007208760684544,2020-03-15 01:55:12,"Quick clarification on K-12 school dismissals — school campuses will still be open, but they will not provide childcare. Schools will provide meal options, and districts and charters will provide more information to parents on other services available."
1238921890430763008,2020-03-14 20:16:11,"Happy Birthday to my wonderful wife, Jeanette. She is an example of peace and love and shows kindness to all. Thank you for being an extraordinary wife, mother, grandma and First Lady to the state of Utah. https://t.co/1qy1IUAqcW"
1238849701996187655,2020-03-14 15:29:20,"RT @SpencerJCox: While we have anticipated that community transmission has been happening, this is a significant reminder that the steps we…"
1238849261149642752,2020-03-14 15:27:35,"@Trindalynn1 Yes, schools WILL continue to provide those meals. This is very important. You’ll hear more about your school’s meal plan from your local district."
1238848544968073228,2020-03-14 15:24:44,"We now have a known case of community spread of COVID-19. Following the social distancing procedures we introduced this week will help slow viral spread - so will practicing good hygiene and staying home when you are sick. Use common sense, and take care of each other. https://t.co/LaYrgu9lmg"
1238610718393380866,2020-03-13 23:39:42,"@lady_arndt Your local district will provide more information on how this will work precisely at your school, but meals will be available."
1238603983565893633,2020-03-13 23:12:56,"Effective Monday, Utah's public schools will take a two week hiatus from in-person instruction. Teachers will begin remote instruction by Wednesday. Look for more information from your school district or charter to learn how this will affect your students. https://t.co/l2D4Zj4ObG"
1238365151171993601,2020-03-13 07:23:54,Tonight we closed the 2020 Legislative Session. Thank you to the @utahsenate and the @utahreps for a successful and productive session. https://t.co/FjcWUxvsn0
1238185478093824000,2020-03-12 19:29:57,"These recommendations will remain in effect for two weeks. We will continue assessing to determine whether we should continue these measures, expand on them, or pull back after the end of the two-week period."
1238185477015912450,2020-03-12 19:29:56,"In addition, I am asking Local Health Departments to protect high-risk populations by requiring long-term care and other care facilities to restrict access and monitor employees and visitors for symptoms of COVID-19."
1238185475799535616,2020-03-12 19:29:56,"If you can work from home, start doing so immediately. We applaud all businesses who can take steps to help their employees work from home, and we encourage more to do so."
1238185474528645121,2020-03-12 19:29:56,Everyone over the age of 60 should avoid large gatherings with more than 20 people. Everyone who is immunocompromised should avoid large gatherings with more than 20 people.
1238185473199067136,2020-03-12 19:29:55,This does not apply to schools. Schools are coordinating with their local health officer to assess the situation on a case-by-case basis.
1238185472095956992,2020-03-12 19:29:55,"Limiting mass gatherings to groups of 100 for the next two weeks beginning Monday, March 16— and that is 100 healthy individuals. This includes church gatherings, concerts, conferences, and similar events."
1238185470980321282,2020-03-12 19:29:55,"In conjunction with the Utah COVID-19 Community Task Force, and Local Departments of Health we recommend the following measures to help slow the spread of COVID-19:"
1238163856561602566,2020-03-12 18:04:02,Tune in now at https://t.co/MulrSnmSIX to hear the USHE and k-12 press announcement.
1238137526495272960,2020-03-12 16:19:24,"RT @SpencerJCox: Hey friends, we will be hosting a press conference at noon to give the latest updates and recommendations re the coronavir…"
1238134502238482433,2020-03-12 16:07:23,The original 10am press conference has now been moved to 12pm. We appreciate your patience.
1238133793585639424,2020-03-12 16:04:34,RT @UUtah: .@GovHerbert’s &amp; @UtahGov’s press conference at 10a will be streamed at @UtahCoronavirus.
1237935105437396994,2020-03-12 02:55:03,RT @UtahCoronavirus: We have confirmed that a member of the @utahjazz tested positive for COVID-19 while in Oklahoma City. Statement from g…
1237846738133630977,2020-03-11 21:03:55,"Utah's third confirmed case was tested when they called their clinician, who identified they were at-risk for COVID-19. They were then tested curbside using an ARUP test. Testing capacity is increasing and streamlining in Utah -- more details on that soon. https://t.co/nJogyVTrjw"
1237793498541088768,2020-03-11 17:32:21,.@SpencerJCox and I have released the following statement on the @Ch_JesusChrist's announcements this morning. #utahcovid19 https://t.co/VtTqjTPp6M
1237375269888905216,2020-03-10 13:50:28,We wish this patient and their family the very best. Our @UtahDepofHealth is already engaging with high-risk contacts that this patient may have exposed to the virus. https://t.co/pSuS1jwCbr
1236145144547520513,2020-03-07 04:22:23,"RT @UtahCoronavirus: ""Home isolation of confirmed cases who aren’t sick enough to be hospitalized WILL help limit the spread of disease. We…"
1236132553225953281,2020-03-07 03:32:21,RT @UtahDepOfHealth: Live stream of press briefing to announce 1st case of COVID-19 in Utah on our Facebook page https://t.co/PCtSNNWVWJ
1236132398019915777,2020-03-07 03:31:44,RT @UtahDepOfHealth: BREAKING NEWS - Utah health officials to announce 1st case of COVID-19; press briefing tonight at 9 p.m. https://t.co/…
1236120597966422016,2020-03-07 02:44:51,@Sfielding21 It's the name of a certain type of legal document.
1236115690177740800,2020-03-07 02:25:21,"Earlier this afternoon, I declared a state of emergency to help Utah prepare for diagnoses of COVID-19 in our state. This means we are in a state of readiness. Watch this video to learn more. #utahcovid19 https://t.co/t21qO3Yr75"
1236072043411427328,2020-03-06 23:31:54,I just signed an Executive Order declaring a state of emergency to help Utah prepare for potential diagnoses of COVID-19. We are in a state of readiness. #utahcovid19 https://t.co/uflUVirPUc
1235620806266204162,2020-03-05 17:38:51,"RT @UtahCoronavirus: Utah doesn't have a confirmed case of COVID-19, but you can watch this video for an update on testing in Utah, and to…"
1235296508016197632,2020-03-04 20:10:12,"Yesterday I had the opportunity to meet with dozens of leaders from Utah’s eight recognized Native American Tribes.  We discussed everything from education to transportation, economic development and preparing for coronavirus. https://t.co/Szkh7I9S61"
1234988447229595649,2020-03-03 23:46:05,"RT @UtahDepOfHealth: If you're worried about whether you may have #COVID19, please call our Utah Coronavirus Information Line at 1-800-456-…"
1234908471096569856,2020-03-03 18:28:17,"RT @ElectionsUtah: Presidential Primary Election Day is here!

✅ Vote at a polling location (7am - 8pm)
✅ Drop your ballot in a curbside/in…"
1234631746668228608,2020-03-03 00:08:41,"4) On that note, the spread of this illness will not affect our water supply — so stocking up on bottled water (while a good general emergency preparedness tip) does not need to be a priority."
1234631745875529729,2020-03-03 00:08:41,"3) Make a plan for if you or someone in your family needs to stay home for a few weeks. This could include getting some extra food supplies in your pantry, or a supply of prescription medications you are currently taking."
1234631745116311552,2020-03-03 00:08:41,"2) Prevent the spread of all illnesses with common sense measures like washing your hands often, covering your coughs and sneezes (but not with your hands), disinfecting frequently touched objects, and avoiding touching your eyes, nose and mouth."
1234631744420106240,2020-03-03 00:08:40,"1) Take basic steps to support your immune system — get enough sleep, eat nutritious food, stay physically active, and manage your stress."
1234631743639969792,2020-03-03 00:08:40,"We are hoping for the best, but preparing for the worst. As we take all steps to prepare in Utah, there are a few steps you can take to prepare today:"
1234631742792720385,2020-03-03 00:08:40,".@UDOH announced today that our state lab is ready to begin testing for COVID-19, beginning with patients who are at a high risk for infection."
1234631739110117377,2020-03-03 00:08:39,I have assigned Lt. Governor @SpencerJCox to serve as the coordinator for state efforts to mitigate the spread of novel coronavirus in Utah. https://t.co/VMDcifwr3V
1234631738359341056,2020-03-03 00:08:39,"The risk for infection is still low, but we are working together on all levels to ensure Utah is prepared."
1234631736018915328,2020-03-03 00:08:38,"This afternoon I called together a roundtable meeting of leaders spanning state and local government, education, health, business, and community organizations, to discuss Utah’s efforts to prepare for coronavirus. https://t.co/TyGsiu30dY"
1234550505759596544,2020-03-02 18:45:52,"I appreciated the chance to talk this morning with @VP Mike Pence, my fellow governors, and officials from @CDCgov and @HHSGov. They updated us on federal actions on novel coronavirus and solicited our help and input. As always, wash your hands and stay home if you’re sick. https://t.co/7RGprAw8yX"
1233507870089580547,2020-02-28 21:42:48,"Today I signed SB121. This bill makes needed adjustments and clarifications to Utah’s medical cannabis law. These changes will help us ensure that Utah patients have the best possible access to cannabis products as our new program rolls out on Monday, March 2. #utpol https://t.co/RILuS1spBL"
1233106682017808384,2020-02-27 19:08:37,"I am taking live calls from constituents on KSL for the next hour. Join us from 12pm-1pm for ""Let Me Speak to the Governor."" Call in with questions at 801-575-8255, text us at 57500 or write a question here. https://t.co/kuC7yiVW5r"
1233080470931329024,2020-02-27 17:24:28,"RT @DNewsPolitics: On Super Tuesday vote: ""President Trump has done some really good things. Sometimes we don't like his style....but it is…"
1233076644979474433,2020-02-27 17:09:16,"RT @BenWinslow: .@GovHerbert begins with a statement on coronavirus.

""A little bit of uncertainty out here,"" he says.

He says @UtahDepOfH…"
1233076152668811264,2020-02-27 17:07:18,"RT @pbsutah: The Governor's Monthly News Conference is about to begin. Tune in live on our Facebook page, or at https://t.co/P758PoGmOK
#ut…"
1232798018962743296,2020-02-26 22:42:06,"I loved my time with students from @USUAggies’s Government Relations Council. Thank you for visiting the Capitol today and for being involved. Also, thank you for the famous Aggie ice cream. https://t.co/F0UN0SjqwO"
1232720820620886016,2020-02-26 17:35:21,I encourage all Utahns who can to consider donating at least $2 to the Pamela Atkinson Homeless Trust Fund on their state tax form this year. https://t.co/G8wLtQtkXR
1232351367412404226,2020-02-25 17:07:16,"Today I appointed Robert Lund to the First District Court. This is my 100th judicial appointment. Making appointments to the bench is a great responsibility, and one I do not take lightly. I am grateful to the many people who are willing to serve the citizens of Utah as judges. https://t.co/Jn0A0FmkbZ"
1230975293877211136,2020-02-21 21:59:15,"During the session, I appreciate when I have the opportunity to meet with various school groups who visit our State Capitol. Meeting with Skylar was the highlight of my day. https://t.co/xAEQwU4OXk"
1228448420349829120,2020-02-14 22:38:21,"RT @BradWilsonGOP: Today @GovHerbert, Pres. @JStuartAdams, and I met with the officials from the USOPC to discuss next steps in Utah’s bid…"
1228430038795784196,2020-02-14 21:25:19,Today I had the opportunity to visit and deliver valentines to the Salt Lake City Veterans Hospital. We support you and thank you for your dedicated service to our country. Happy Valentine’s Day! https://t.co/YzWpcxAlHo
1228358318306971648,2020-02-14 16:40:19,"Today we celebrate 150 years since Seraph Young became the first woman in the nation to vote — and we celebrate all the women who have been, and continue to be trailblazers in our state. @BetterDays2020 https://t.co/qYVUZmeE9y"
1228084685554642945,2020-02-13 22:33:00,Today we had the privilege of honoring the families of our Utah fallen service members. Words can’t describe the appreciation and respect we have for their sacrifices. https://t.co/RDStScA3sx
1227744846430887938,2020-02-13 00:02:36,"As part of today's event, I ceremonially signed HJR12, Joint Resolution Celebrating Women's Suffrage in Utah. You can read the full resolution text here: https://t.co/0pcP3Q4gyQ"
1227744844442816514,2020-02-13 00:02:35,"Today I was pleased to join state legislators, @BetterDays2020, @UTHeritageArts and others in celebrating the 150th anniversary of the Utah Territorial Legislature granting women the right to vote. https://t.co/bAAkS4iCZR"
1227732167595159552,2020-02-12 23:12:13,"Thank you @Chevron for investing in your Salt Lake refinery to produce and sell Tier 3 fuels in Utah. For a full list of where you can find Tier 3 fuels, visit https://t.co/qmSPlYYxvz. https://t.co/GV7TsVj1dL"
1227654482953003008,2020-02-12 18:03:32,This morning I joined state and city leaders in announcing the formation of a committee to represent Salt Lake City in bidding for a future Winter Olympics. #utpol https://t.co/Qfl7b5GzjA
1227640748838809600,2020-02-12 17:08:57,"150 years ago today, women in Utah Territory received the right to vote. Today we celebrate the many trailblazing women in Utah who fought for suffrage - and got it. #utpol https://t.co/2tl05PHNVc"
1227637832161693696,2020-02-12 16:57:22,"Today we celebrate the birthday of our Nation’s 16th President, Abraham Lincoln. His wisdom was paramount and the strength of his leadership had an unforgettable impact on our country and its people. https://t.co/LyTdYlrfbo"
1227344357222535168,2020-02-11 21:31:12,"While in D.C., I had the chance to talk with @ChrisEvans about workforce development and college affordability as part of his exciting new project #astartingpoint. https://t.co/8hmRzzll8c"
1225778821141598209,2020-02-07 13:50:19,I’m at the @CatoInstitute in D.C. this morning speaking with @RepJohnCurtis about the concept of state-based immigration visas. #utpol https://t.co/Bb19i1vVA1
1225544388312489984,2020-02-06 22:18:46,"Fred was a genius. He truly was the visionary behind the Utah Shakespeare Festival, which is beloved by both our state and our nation. Fred was one of a kind, and he will be sorely missed.  We join with all Utahns in expressing condolences to his family. https://t.co/TdqvZmlT0Y"
1224922649052114944,2020-02-05 05:08:12,I very much appreciate that my friend @SenatorRomney invited me to join him this evening for the State of the Union Address. https://t.co/EulbFWySvp
1224836922545074177,2020-02-04 23:27:33,I've been urging @GOP and @DNC to move to a rotating regional primary for the last 15 years. Our current primary system is not working - and a rotating primary would correct the inequities that plague the current system.
1224478069957648384,2020-02-03 23:41:36,This week I declared School Counseling Week in Utah. School counselors help students reach their full potential. We recognize the importance for school counseling programs and are grateful for the many great school counselors in our state. #utpol https://t.co/EYYbXDks2A
1224366687396302849,2020-02-03 16:19:00,RT @SpencerJCox: Just a rough morning everywhere. Be safe and if you can avoid the roads please do. https://t.co/IivgxWgIKY
1224207674394345472,2020-02-03 05:47:08,Congratulations to Andy Reid! This was a great win for a great coach and a great guy. https://t.co/7gi71vGZCx
1224188824072278016,2020-02-03 04:32:14,"Due to an expected heavy winter storm tomorrow, we are delaying the opening of state offices by four hours. State employees should arrive by 12:00 pm. Please drive safely! https://t.co/VNuadYFLw8"
1224016108971155456,2020-02-02 17:05:56,RT @GlenMillsABC4: #Utah @GovHerbert joins us on #InsideUtahPolitics to break down his final State of the State Address. #utpol #utleg @abc…
1223717898578874368,2020-02-01 21:20:57,"Today marks the first day of Black History Month. As I look back at this nation’s history, I have great admiration for those who fought through extreme adversity to obtain their God-given rights."
1223389317684269056,2020-01-31 23:35:17,Refugees embody the same pioneering spirit that has defined us since 1847. I was grateful to have a group of representatives from our refugee community attend my State of the State Address as special guests this year. https://t.co/uKWmuvO4Cg
1223292537902731264,2020-01-31 17:10:43,"This announcement is welcome news, and signals @CMSGov's ongoing commitment to state flexibility. I have often asserted that states are best positioned to develop customized solutions to their unique challenges. https://t.co/KhDCAxmbbl"
1222700767426965505,2020-01-30 01:59:14,There are many others - including our children - following after us in search of a great life and new opportunities. Let’s prepare the way for them. God bless the state of Utah! https://t.co/MKgwfT2YcO
1222699810383265792,2020-01-30 01:55:26,"If we want to plan for future growth, we must invest directly in the people who will lead Utah in the future - our children. This year I recommend investing $4.9 million in Utah’s K-12 schools. https://t.co/6ms10ZMxIj"
1222699059011452928,2020-01-30 01:52:26,"It’s time to consider making our land use zoning laws, and building codes more responsive to our growing population and market needs when it comes to housing affordability."
1222698535709106176,2020-01-30 01:50:22,"We need to boldly reimagine our roads to safely accommodate cars, mass transit, bikes and pedestrians. We should make commuting by transit as easy as commuting by car. https://t.co/C1Ej6HuHRc"
1222698012960423936,2020-01-30 01:48:17,"As our population grows, so does the potential for increased pollution and crowding. We must ensure our children have safe places to play, clean air to breathe and good water to drink. https://t.co/Uuw1mamlx4"
1222697367725469696,2020-01-30 01:45:43,"We’re on track to create more than 25,000 new jobs in rural Utah by the end of this year -- but we won’t rest until all of our 249 cities and towns are thriving economically. https://t.co/6rwURwOAd2"
1222697087726321664,2020-01-30 01:44:36,"We have the healthiest and most diverse economy in the nation - by continuing to rely on sound economic principles, we can ensure that this success will continue for decades to come."
1222696333993103361,2020-01-30 01:41:37,"Growth is coming to the state of Utah - we must plan for that growth, we must and proactively prepare the way for those who are coming. https://t.co/2RO6vMSYCf"
1222694894600241154,2020-01-30 01:35:54,Utah is thriving - and we are in the best position economically that we have ever been in our state’s history. It’s time to plan to ensure a good quality of life for all Utahns in the future. https://t.co/KixKBZBSsI
1222664484906389504,2020-01-29 23:35:03,Tonight I deliver my 11th and my final State of the State address -- which will focus on planning for Utah’s growth. Tune in at 6:30 p.m.
1222311705880870912,2020-01-29 00:13:14,"Tonight I signed House Bill 185, which repeals the tax bill passed in special session. I commend the many legislators and people of Utah who participated so fully in this process. https://t.co/xCuDL1QwJF"
1221902600259301377,2020-01-27 21:07:36,Today we commemorate the 75th anniversary of the liberation of Auschwitz. We promise to never forget those lost in the horrific and evil acts of the Holocaust -- and we will stand together to ensure that nothing like it will ever happen again. #neverforget https://t.co/DWJf2SUzwS
1221875350419828738,2020-01-27 19:19:19,I look forward to working with our local legislators during the 2020 Legislative General Session. Welcome to everyone. #utpol https://t.co/QRJ4mJHrdS
1221618324150222848,2020-01-27 02:17:59,What a tragic story we have encountered today. We are heartbroken and devastated to hear of Kobe Bryant and his daughter Gianna’s passing. Jeanette and I send our sincerest condolences to his family at this time.
1220791251638710273,2020-01-24 19:31:30,Jeanette and I were saddened to hear of Clayton Christensen’s passing. His family is in our prayers today. https://t.co/7DbbTbQOYg
1220753620242595841,2020-01-24 17:01:58,RT @JonSPierpont: Get all the details about the December ’19 employment report here: https://t.co/kOdKBzhgtd | #utpol #UTecon #utbiz https:…
1220753395935395841,2020-01-24 17:01:04,"Utah has consistently been recognized by thought leaders and publications as the best state for business in the nation.  Today we are number one for total job growth and unemployment rate. Thank you, Utahns for making this state the place to work, live and raise a family. #utpol https://t.co/apFMI8dokN"
1220424738130014208,2020-01-23 19:15:06,"I am taking live calls from constituents on KSL for the next hour. Join us from 12pm-1pm for Let Me Speak to the Governor. Call in with questions at 801-575-8255, text us at 57500 or write a question here."
1220394335625076737,2020-01-23 17:14:18,The Governor's Monthly News Conference is taking place now. Watch live on https://t.co/m8FntnwZDi or https://t.co/ut0xc3PIqW.
1219284948718252032,2020-01-20 15:45:59,Remembering the example and the wise words of Dr. Martin Luther King Jr. today. May we always strive to serve together to improve our communities and our world. https://t.co/myZUWfzUy6
1218404159025664001,2020-01-18 05:26:03,"Parents and grandparents, secure your firearms! Everyone, hug your loved ones tight. And remember love, not hate, will heal broken individuals and families."
1218404158165803010,2020-01-18 05:26:02,Our Department of Public Safety and State Crime Lab are assisting local law enforcement with the investigation. Additional information will be released by local authorities as it becomes available. @UtahDPS
1218404157511499776,2020-01-18 05:26:02,Our hearts are broken by the horrible news coming out Grantsville tonight. We mourn over the loss of innocent lives.
1217958716395356161,2020-01-16 23:56:01,"Due to an expected heavy winter storm tomorrow, we are delaying the opening of state offices by two hours. State employees should arrive by 10:00 am. Drive safely! https://t.co/c6UxUCoFcm"
1217494133008297984,2020-01-15 17:09:55,"I commend the JJS staff working tirelessly each day to help youth successfully navigate their programming and ultimately become productive members of society. 
This work not only changes lives, it also improves the safety of our communities, and strengthens families. https://t.co/YXXpUxg1XI"
1216796212973563904,2020-01-13 18:56:38,"This morning I had the opportunity to tour the @neuroworx facility and learn about the remarkable progress they are making in treating patients who experience paralysis from spinal cord injuries, brain injuries, strokes and other neurological conditions. Thank you for all you do. https://t.co/URLbAlOE4Z"
1215371679842463745,2020-01-09 20:36:03,"I’m grateful for @realDonaldTrump's efforts to streamline NEPA. Environmental Protection is crucial, and a simpler, faster, and more certain process is a win for everyone. Taxpayers and the environment will both benefit from these changes."
1215346764825255936,2020-01-09 18:57:03,"RT @andersonljess: To our brave men &amp; women in law enforcement- thank you. Thank you for doing your job not because you “have” to, but beca…"
1214981136293621760,2020-01-08 18:44:10,You can view the full recommendations here: https://t.co/SD2OQG4eF4
1214980305150304256,2020-01-08 18:40:52,"In 1847, Brigham Young, who would be the first governor of Utah, arrived in this valley. He said “This is the right place. Drive on.” Utah is still the right place: the best place in the nation to live, work, and raise a family. Together, let’s invest in our future and drive on. https://t.co/oihK4Icfov"
1214975856650514432,2020-01-08 18:23:12,"As exciting as many of these investments are, much of the real work of setting the state budget is not in spending the money, but in saving it. We have increased efficiency in state government by 27% and are looking to increase efficiency by another 25% in the coming years. https://t.co/tCUaBmHHuG"
1214974459167170560,2020-01-08 18:17:38,We must provide better mental health resources to Utahns in crisis. This budget devotes $30.5 million of new ongoing funding toward bolstering mental health services. https://t.co/Wna4TPE2Y0
1214972125158600704,2020-01-08 18:08:22,Improving our air quality is critical to our health and our quality of life. That’s why I am recommending the legislature invest $100 million in air quality this year. https://t.co/aWhzqUIAks
1214969892060848129,2020-01-08 17:59:29,"My #1 budget priority is education. This year I recommend the legislature fund a 4.5% increase in the weighted pupil unit and put $292 million of new, ongoing funding into K-12 education, for a total of $4.9 billion. The budget also invests $1.5 billion in higher education. https://t.co/09m3A1Wbuo"
1214963495868882946,2020-01-08 17:34:05,This morning I am announcing my budget recommendations for FY2021. I recommend that the legislature make strategic investments to plan for growth and ensure quality of life for all Utahns. #utpol https://t.co/ysDAHmOllg
1214660979004280832,2020-01-07 21:31:59,Congratulations to Brad Mortensen on his inauguration today. I have no doubt that he will excel as the 13th president of Weber State University. https://t.co/r6alVIKJR5
1214569823138537472,2020-01-07 15:29:46,Speaking to the @UtahTaxpayers Association this morning as we prepare for the upcoming general legislative session at the end of this month. #utpol https://t.co/ckXYecFUJt
1214291962691375106,2020-01-06 21:05:39,Congratulations to @slcmayor Erin Mendenhall on your inauguration. I look forward to working with you! #utpol https://t.co/lcl0p383RM
1213487188538621954,2020-01-04 15:47:45,RT @SpencerJCox: Happy birthday Utah! A few things have changed since 1896—but we are better because of the sacrifices and foresight of tho…
1213228830061518851,2020-01-03 22:41:08,"If you are looking for ways to do your part in helping Utah's air quality this new year, apply for this grant program to convert your operation wood-burning fireplaces to cleaner-burning natural gas or electric. More information can be found here: https://t.co/W3BFhS2grk  
#utpol"
1212392593113280512,2020-01-01 15:18:14,"As we celebrate the year coming to an end we look forward to the future. An acclaimed scholar and writer C.S. Lewis wrote, ""You are never too old to set another goal or to dream a new dream."" There is always more work to do. Here’s to 2020. Happy New Year! https://t.co/nygQzv5x8F"
