id,created_at,text
1247293605187903489,2020-04-06 22:42:23,"Thanks to @SanfordHealth, @_monumenthealth, and @AveraHealth for working with us to build a plan and fight back against #COVID19.

Together, we can do this.

https://t.co/YEOw3s8OEA"
1247287853144518657,2020-04-06 22:19:32,"We are at a CRITICAL JUNCTURE. I announced additional steps we're taking today to fight #COVID19.

LEARN MORE HERE: https://t.co/cguWVETT8h"
1247256865383333889,2020-04-06 20:16:24,We all have a responsibility to help slow the spread of #COVID19 in our state. Visit https://t.co/q8kGADtB2D for the latest resources. https://t.co/vkqdbs6FN7
1247222306591604736,2020-04-06 17:59:04,"You don't just happen to live in South Dakota. You live here on purpose. 

Thank you South Dakotans for doing everything you have thus far. We'll get through the #COVID19 situation together."
1247199974837886981,2020-04-06 16:30:20,The Small Business Relief Fund is now available for South Dakota businesses that need assistance to help make ends meet: https://t.co/ADV9zpTG0a
1247197852788568066,2020-04-06 16:21:54,JOIN me today at 2pm CT on Facebook or https://t.co/DhOpn2rvaT for a LIVE update on #COVID19. https://t.co/MhENYfd5bt
1246233084623826944,2020-04-04 00:28:15,Today I was joined by @sddohkmr @AveraHealth @_monumenthealth @SanfordHealth to outline the #COVID19 projections we’re looking at in South Dakota. Details: https://t.co/yjYyBVd4mq #FlattenTheCurve @SDDOH
1246227347268919302,2020-04-04 00:05:28,WATCH #COVID19 update. https://t.co/yjYyBVd4mq
1245811998656540672,2020-04-02 20:35:01,"LIVE update on #COVID19 in South Dakota.
https://t.co/NTt0WWSKz9"
1245768730510049287,2020-04-02 17:43:05,Tune in at 3pm CT for another #COVID19 update. Watch LIVE on https://t.co/Cjymf5ZCzl or https://t.co/DhOpn2rvaT. https://t.co/d775NAmXSQ
1245441893476990976,2020-04-01 20:04:21,Join me LIVE to discuss the latest updates regarding #COVID19. https://t.co/BhZbeT1XC2
1245425587864457217,2020-04-01 18:59:33,"While you’re spending time #socialdistancing, it’s a great time to fill out your #2020Census. #2020CensusDay! Details here: https://t.co/9rKfOtgyna https://t.co/YLUDfTFGb1"
1245344949626974214,2020-04-01 13:39:08,I'll give another update on #COVID19 this afternoon at 2:30pm CT. WATCH on https://t.co/Cjymf5ZCzl or https://t.co/DhOpn2rvaT. https://t.co/XVnKkzxO3L
1245147851317039105,2020-04-01 00:35:56,"Yes, please stay informed and be smart. #keepSDsafe https://t.co/ANeEGlxpaW"
1245015548523696130,2020-03-31 15:50:12,LIVE update on #COVID19. https://t.co/KUlGx0zUEh
1244972870792556545,2020-03-31 13:00:37,Join me LIVE at 10am CT for an update on #COVID19 in South Dakota. Watch on https://t.co/ZDkFbEQgum or https://t.co/DhOpn2rvaT. https://t.co/Or4zGUPyeF
1244746628550049792,2020-03-30 22:01:37,Heroes don’t always wear capes. #NationalDoctorsDay A special thanks to all the doctors on the front lines today and every day! #COVIDー19 https://t.co/39CoaMBKfI
1244656769659518979,2020-03-30 16:04:33,Congratulations! So excited for your family and can’t wait to meet Mamie! https://t.co/JgigsgRcvW
1244367797020311554,2020-03-29 20:56:16,We took a couple hours to clear our heads this afternoon and hiked @BadlandsNPS ...practiced a little social distancing then realized we all live together😊. Stay strong South Dakota. We will get through this. https://t.co/43jWXxbLCI
1243703565945835522,2020-03-28 00:56:51,"Thank you @FoxBusiness and @cherylcasone for having me on this PM to talk about how we're managing #COVID19 in South Dakota. 
https://t.co/JJT9SEAhs7"
1243621992852590595,2020-03-27 19:32:43,"WATCH #COVID19 update...
https://t.co/5k7fzbZceB"
1243532020011196416,2020-03-27 13:35:11,Stay informed. Tune in at 1:30 pm CT for a LIVE update on #COVID19. https://t.co/V3aHGXdNfs
1243286864171356160,2020-03-26 21:21:02,Wondering what you can do to help during this time of uncertainty? Help serve your neighbors! Sign up at https://t.co/d32JJkmVfz. #Volunteer #COVID19 https://t.co/c4Cx8fZTXa
1243233077318627336,2020-03-26 17:47:18,UPDATE on #COVIDー19 in South Dakota... https://t.co/nDQ63aLmIT
1242930766599815176,2020-03-25 21:46:01,"Together, we need to make smart decisions, not only for ourselves but also for our neighbors. https://t.co/bXk6ONp62y"
1242917874110541825,2020-03-25 20:54:48,"My hope is that despite this situation, we all find a way to allow this to help bring us together. To remind us of what is truly important in life. To remind us of three things: faith, hope, and love, and the greatest of these is love. https://t.co/WEzyyd64v9"
1242604759514673153,2020-03-25 00:10:35,"Everyone, look what the sweet little girls across the street wrote on our driveway...all the feels❤️❤️❤️ https://t.co/ocsOoslJvL"
1242568676357943297,2020-03-24 21:47:12,Joined @TeamCavuto this afternoon to discuss #COVIDー19 and South Dakota's sustainable plan for the coming months. #BendingTheCurve https://t.co/Ta7uy7wENL
1242495764795985921,2020-03-24 16:57:29,#COVID19 LIVE update happening NOW... https://t.co/kt75dsQNcs
1242453731297431557,2020-03-24 14:10:27,"Today at 11:30 a.m. CT, I will announce additional measures to slow the spread of #COVID19. Tune in on Facebook or https://t.co/6e1ISDECmm. #BendingTheCurve https://t.co/vNGVOiZPbC"
1242274280064286725,2020-03-24 02:17:23,The same is true of you @VP - we will get through this. https://t.co/DehcimRO8c
1242204639770091533,2020-03-23 21:40:39,"Today I signed an Executive Order regarding #COVIDー19 guidelines for individuals &amp; businesses. I need every South Dakotan to be diligent, be responsible, &amp; think about your neighbors. This is what it means to be a good community member. DETAILS: https://t.co/H8apg3EIDY https://t.co/aV7REwtf4S"
1242161469652901893,2020-03-23 18:49:07,"Talking w/ @VP now. He just gave a S/O to our South Dakota @3M plant and all the great work they are doing to help get supplies to NY, CA and others! Great work @3M! Thank you!#COVIDー19 https://t.co/hksQAv8Jbw"
1242101685700505602,2020-03-23 14:51:33,LIVE: Join me for an update on #COVID19. https://t.co/DrIIouSBGW
1242074287751692288,2020-03-23 13:02:41,WATCH LIVE: I'm holding a press conference at 9am CT to provide South Dakotans with an update on #COVIDー19. Tune in at https://t.co/b4kh6MSxPc https://t.co/H9vJzUMxOu
1241802731230298113,2020-03-22 19:03:37,Emergency Operations Center briefing HAPPENING NOW. Check out https://t.co/q8kGADtB2D for updates. #FlattenTheCurve #COVIDー19 https://t.co/03XHJgND6G
1241801146454478848,2020-03-22 18:57:19,"Latest update on #COVIDー19 in South Dakota:
https://t.co/OIq0RPvzBG"
1241525948039737345,2020-03-22 00:43:47,RT @CDCgov: Everyone has a role to play to reduce &amp; slow transmission of #COVID19. Physical or social distancing is one way to prevent the…
1241201915377188864,2020-03-21 03:16:11,Things quarantine can teach you...Booker plays the ukulele??? #whoknew https://t.co/flj184I1p6
1241162207850831873,2020-03-21 00:38:24,Spoke to mayors this afternoon &amp; briefing legislators NOW. #FlattenTheCurve #Covid_19 https://t.co/ikgQ0CY778
1241098692020633600,2020-03-20 20:26:01,"UPDATE: @SBAgov has approved my request for access to disaster relief. This means our small businesses and non-profits negatively impacted by #COVIDー19 are eligible for Economic Injury Disaster Loans (EIDL). Learn more, https://t.co/FePuwvyF0L. https://t.co/dGwhNs3bL1"
1241097701460185088,2020-03-20 20:22:05,"RT @SDRevenue: If you are a business that is concerned about filing and paying your taxes on time, we want to help. Please reach out to us…"
1241035368855678977,2020-03-20 16:14:23,THIS. Special S/O to our farmers and ranchers here in South Dakota too! Thank you @SecretarySonny - well said 👏🏻#COVIDー19 https://t.co/51yYt5PeRR
1241008694252445696,2020-03-20 14:28:24,"RT @QuickTake: Is a regular bar of soap as good as hand sanitizer?

Professor @PalliThordarson @UNSW explains what’s best to kill the #coro…"
1241007412359897090,2020-03-20 14:23:18,"RT @SDHighwayPatrol: Just a heads up SF and SE SD we have REALLY slick roads in the AM. With the rain/snow, roads are very icy. We had seve…"
1240752852550762498,2020-03-19 21:31:46,"South Dakota will continue to be proactive in our approach. We’re going to get through this, together. #COVIDー19 https://t.co/7zsjUAiSZG"
1240674168636653572,2020-03-19 16:19:07,THIS AM I spoke w/ @SDPB to give updates on how #COVID-19 is impacting South Dakota and how we are addressing our state’s needs. #FlatteningTheCurve #WeWillPrevail https://t.co/0BiCfcOjmj
1240668695837450240,2020-03-19 15:57:22,UPDATE- We HAVE RECEIVED a shipment of reagent and we will be processing high-risk tests TODAY. THANK YOU @POTUS @VP @CDCgov for your help! #COVIDー19
1240652179049975810,2020-03-19 14:51:44,Thank you @SenatorRounds @SenJohnThune @RepDustyJohnson! #COVIDー19 https://t.co/rGKz6R5iFD
1240607497293004801,2020-03-19 11:54:11,"RT @CDCgov: If you get sick, remember: #Antibiotics do NOT work on viruses, like those that cause #colds or #flu. Talk to your doctor about…"
1240392354797891584,2020-03-18 21:39:17,"Me to one of my kids ...”don’t worry, I can put something in the oven for supper so we can eat later...you don’t have to. Where are the cookie sheets again? Do we have parchment paper? How do I run this oven?”.....#notmything"
1240338247689146371,2020-03-18 18:04:17,"With recent, widespread media coverage surrounding #COVID19 - the #1 way to protect yourself… wash your hands. Stay updated at https://t.co/QJIrMUBld6 https://t.co/9uLU8Tnktj"
1240326431772741636,2020-03-18 17:17:20,WATCH: Live updates from Rapid City on #COVIDー19 ... https://t.co/2knXsDjggW
1240310363045924868,2020-03-18 16:13:29,Meeting w/ @_monumenthealth officials NOW to discuss #COVIDー19 efforts. Press conference happening shortly. Stay tuned. #FlattenTheCurve https://t.co/F0aYMjMo84
1240268676273668097,2020-03-18 13:27:50,"WATCH: Today at 11am MT / 12pm CT, I will be livestreaming our next update on #COVID19. DETAILS... https://t.co/6e5dirZY2k. https://t.co/h4vkJekECw"
1240026445306572807,2020-03-17 21:25:17,#COVIDー19 Update... https://t.co/fFLqwqIOlO
1239998261911584779,2020-03-17 19:33:18,RIGHT NOW- I’m meeting w/ senior officials @SanfordHealth &amp; @AveraHealth to discuss our #COVIDー19 efforts. Press conference to follow. Stay tuned. #FlattenTheCurve https://t.co/jNDvf2ggNk
1239923075421999108,2020-03-17 14:34:32,This afternoon I will give the latest update on #COVID19. DETAILS...https://t.co/3WqUJvq8QA https://t.co/DfdfcX8vlI
1239727374029258752,2020-03-17 01:36:53,Briefing our state legislators NOW about the latest on #COVIDー19 https://t.co/XRKM9CaFrM
1239707246789046278,2020-03-17 00:16:54,THIS is what America is all about. ❤️ https://t.co/GZMS7bH2wy
1239706513754787847,2020-03-17 00:14:00,"These stories need to get out. Make sure to SHARE this. If you have other organizations to add to this list, message me and I’ll help share those too. #COVIDー19 #HelpEachOther https://t.co/rq5pxKyDXb"
1239694522977783810,2020-03-16 23:26:21,Whatever I can do to help with social distancing..... @scooterscoffee https://t.co/O6OxXGVpYy
1239668512605511680,2020-03-16 21:42:59,LISTEN: Updates on #COVIDー19 in South Dakota. https://t.co/ovaRUtMJLk #flatteningthecurve
1239644598055702528,2020-03-16 20:07:58,"We are working very closely with the SBA to ensure that South Dakota businesses and counties negatively impacted by #COVIDー19 have access to economic assistance. Learn more here, https://t.co/zmIltIK51V. https://t.co/6M1BUAbMWJ"
1239312724154290176,2020-03-15 22:09:13,Great Emergency Operations Center update today. No new positive cases in South Dakota today. Encouraging news. Check out https://t.co/q8kGADtB2D for updates. https://t.co/Vvw7pHP8p9
1239218434120040450,2020-03-15 15:54:32,On #NationalDayOfPrayer I am thinking about Philippians 4:4-9. God’s word is a guide we need today more than ever before.
1238878418474864640,2020-03-14 17:23:26,"RIGHT NOW @ the state health lab, #COVIDー19 tests are being run. Thankful for all the folks working around the clock to help us try &amp; stay ahead of this. #flatteningthecurve https://t.co/pptD9zu5aw"
1238863371195351054,2020-03-14 16:23:39,Stay diligent folks. New numbers are up on https://t.co/5sdmreXwe3 - NO NEW POSITIVES today. #COVIDー19 #flatteningthecurve
1238862602240962560,2020-03-14 16:20:35,HAPPENING NOW - Meeting with my Emergency Operations Center team. #COVIDー19 https://t.co/1EPvJRJNJl
1238658975421419520,2020-03-14 02:51:27,A great reminder to us all. Phil 4:13. Very thankful for @POTUS &amp; @VP strong leadership. #COVIDー19 https://t.co/PvNZXmMje8
1238568816738742277,2020-03-13 20:53:12,"Since January, we have been in constant communication with providers across the state. Thankful for the teams at @SanfordHealth and @AveraHealth. I appreciate their help as we manage #COVID19 in South Dakota. #FlattenTheCurve https://t.co/EEsgmjmqwV"
1238547047244083207,2020-03-13 19:26:41,WATCH the latest updates on #COVID19 in South Dakota. https://t.co/NFSzrpCZNl
1238496911365222400,2020-03-13 16:07:28,Encouraging news this morning - LATEST COVID-19 numbers: 46 NEGATIVE; 1 POSITIVE. Stay diligent. More information coming shortly. #flattenthecurve #Covid_19
1238490084711763968,2020-03-13 15:40:20,"There is a lot of information out there about #COVIDー19. Now is the time to prepare, not panic. If you are feeling sick, call your provider. Visit https://t.co/5sdmreXwe3 for all the latest information. https://t.co/1qzXaM7uor"
1238476590247555072,2020-03-13 14:46:43,"Keep up on all the LATEST NEWS @ https://t.co/5sdmreXwe3 - for general questions, call 800-997-2880. If you feel sick, call your provider. #COVIDー19 https://t.co/5fjGGh5YAE"
1238196730111410177,2020-03-12 20:14:39,"WATCH: Today at 4:30 p.m., I will be livestreaming our next update on #COVID19. Tune in on Facebook or https://t.co/ALlwljyft3. https://t.co/hPdNWHjcXZ"
1237856882846359554,2020-03-11 21:44:13,The latest updates on #COVID19 in South Dakota. DETAILS: https://t.co/8Ym3400ZTY
1237532658273411072,2020-03-11 00:15:52,"Our team has been preparing for weeks, &amp; I’m confident we have the right people in place to address the #COVIDー19 situation in our state. DETAILS: https://t.co/8s3zgqfQOD"
1237461550329483266,2020-03-10 19:33:19,"As an alum of @GoJacksSDSU, this game is very exciting! It’s coming down to the very end! #gojacks https://t.co/MS0qVqz9h1"
1237445946230951936,2020-03-10 18:31:18,Good luck ladies! 💪 #GoYotes https://t.co/jqfVglmK3M
1237391975151624192,2020-03-10 14:56:51,"26 years ago, we lost my dad who was killed in an accident on our farm and our whole life was turned upside down....I can’t “get over it” or stop the feeling of loss, but I am so grateful for those who are still in my life that I get to love each day. ♥️ go hug someone people. https://t.co/FS5TxDT8V8"
1237108827587325952,2020-03-09 20:11:43,"Move over #SouthDakota, these strong 4th graders from Calvary Christian School are ready to take on the world 💪. https://t.co/RKJGn8Uoug"
1237073241484779523,2020-03-09 17:50:19,"JUST NOW, I announced a plan to fully fund inflationary increases for schools, healthcare providers &amp; state employees as well as hemp. This is the result of a lot of conversations w/ some really strong leaders in the legislature. Details: https://t.co/2fJlQvfFlC https://t.co/5c4cj9kmP1"
1236724995268595712,2020-03-08 18:46:30,Grateful for all the incredible women who continue to inspire me each day. Happy #InternationalWomensDay! https://t.co/CzuezERy05
1236421877364445184,2020-03-07 22:42:01,Take that ‘ol man winter....#southdakota #pierre https://t.co/WU2EdqzXan
1236347448328626176,2020-03-07 17:46:16,"When the @VP calls, you take it...even in #Perkins. Spoke with @VP just now about #covid19 &amp; coordinating our efforts. Thankful for @POTUS &amp; @VP leadership on #coronavirus and so many other issues. https://t.co/IJRq8eaLV1"
1236291202795868161,2020-03-07 14:02:46,Get ready to spring forward one hour this Sunday for Daylight Saving Time! #DaylightSavingTime #SpringForward https://t.co/OdVLq6VA3y
1236138128580231168,2020-03-07 03:54:30,The years of dad coaching his son have come to an end...this made me a little sad....but also thankful they had this experience together.❤️ https://t.co/osYtJ7TtLi
1236137532628353024,2020-03-07 03:52:08,Fun to be in Volga tonight cheering on Booker’s team...Sioux Valley is moving on! Congratulations Cossacks! https://t.co/7yv5hLz9S0
1235959024572604416,2020-03-06 16:02:49,These LRC interns are almost to the finish line. Good luck to each of you as you carry on this experience into your professional careers! https://t.co/fKDJ9rVbPs
1235752545265389568,2020-03-06 02:22:20,"Loved sharing an afternoon with these kiddos for #ReadAcrossAmericaDay! When we encourage children to read, we give them the tools they need to succeed. Pick up a book or visit the library to promote reading in #SouthDakota. https://t.co/5w58vUxfml"
1235743113441955841,2020-03-06 01:44:51,Folding sheets may not be my thing....😳 https://t.co/IyFIuxyUGW
1235686764536197121,2020-03-05 22:00:57,"Spring flooding could be just around the corner. The state hydrologist with @NWS provided me an update today on what the latest flood predictions might look like. For information on how to prepare now, visit https://t.co/OJnhx38vZh https://t.co/FJjeRLgksE"
1235672193247440898,2020-03-05 21:03:03,Today I joined the @SDDOH for a discussion with more than 600 South Dakota health professionals to highlight statewide efforts to prepare for #coronavirus. Learn more about our efforts: https://t.co/UiTUHeS14i https://t.co/cd45lp9ik9
1235391694754975746,2020-03-05 02:28:27,I want to thank the team at the Department of Health for all they are doing to be prepared for the #coronavirus. I had a chance to visit with them today and walk through the plan we have in place in the event that it is detected in South Dakota. https://t.co/VRkPYV2yrb https://t.co/RoCUtoZrap
1235254432318853120,2020-03-04 17:23:01,"I’m working to create fairness for businesses and families, and I’m pleased at the widespread support we’ve received from groups and farmers like these. Watch this to hear from Travis and Steve about why we NEED SB157. https://t.co/VPpTpNYeMB"
1235208619068665857,2020-03-04 14:20:58,"RIGHT NOW a line of supporters waiting to testify in support of my legislation (SB 157) to create a fairer, more predictable process for businesses and families who want to create or expand their operations in South Dakota.
#SouthDakotaOpenForBusiness
https://t.co/rDIoqJPa5X https://t.co/TK3RgPN5JD"
1235049689399128064,2020-03-04 03:49:26,This is pretty much me😂 https://t.co/9dmJRWI6ln
1235032076912644097,2020-03-04 02:39:27,Wow! Great win Chargers over a very good Flandreau team! This epic shot by Nate sealed the win by 1 point. Congratulations Booker and @Chargersbball17 https://t.co/iCE6zsg6Kr
1234957674015592449,2020-03-03 21:43:48,"Again, although the threat to the general public in South Dakota is still very low, @SDDOH has been working to ensure that we are doing our due diligence on the issue. 
Learn more here, https://t.co/eRQmN2V0eh. https://t.co/GZHPzB3Eb9"
1234661142414254080,2020-03-03 02:05:29,"I joined @VP for today’s discussion - very thankful for his strong leadership. For info. on how we are preparing in SD, visit https://t.co/hDxBBiS2r7 #coronavirus https://t.co/RRtgJQwYfl"
1234638249567694849,2020-03-03 00:34:31,"Today in Hot Springs, VA @SecWilkie committed to keeping the Hot Springs facility open and to reopening the 2011 record of decision. Thank you for your commitments, Secretary Wilkie - they are appreciated. https://t.co/znOhPkTooc"
1234571110857007104,2020-03-02 20:07:44,Thank you @SecWilkie for committing to keep the Hot Springs facility open and for reopening the 2011 record of decision. These commitments are appreciated. https://t.co/jx7jV02yZC
1234528685874728961,2020-03-02 17:19:09,"RT @southdakota: Happy 101st birthday, @CusterStatePark! We can't wait to create even more memories amongst your vibrant wilderness!
https:…"
1233565198235119618,2020-02-29 01:30:36,"The folks from @AFPSD stopped in Pierre this week. It’s always great to visit with friends who are in search of long-term solutions to our country’s biggest problem, especially government overreach.  #RollOutTheRedCarpet #SouthDakotaOpenForBusiness https://t.co/eAsJwmW5VT"
1233526442459357185,2020-02-28 22:56:36,"Although the threat to the general public in South Dakota is still very low, the Department of Health has been working to ensure that we are doing our due diligence on the issue. Learn more here, https://t.co/eRQmN2V0eh."
1233185082367758336,2020-02-28 00:20:09,"As more people learn about SB 157, it continues to pick-up support! Let’s continue to roll out the red carpet, not the red tape for those who want to create or expand their business in South Dakota. #SouthDakotaOpenForBusiness https://t.co/swEVa4HT7K"
1233150313395294208,2020-02-27 22:02:00,"Today, I signed legislation to better protect and help victims of human trafficking in South Dakota. This bill takes another step in the right direction. Learn more here. https://t.co/F618UJNcz2 https://t.co/cXDfRffXN3"
1233061288797974530,2020-02-27 16:08:15,"The Boys &amp; Girls Club’s South Dakota “Youth of the Year” winner, Mackenzie H., stopped by my office this week. She was joined by a group of young people who spoke passionately about their commitment to the success of our communities. Learn more here.https://t.co/XxqTYqsxrJ https://t.co/Z1mpvn4el4"
1233007153167904770,2020-02-27 12:33:08,We always have fun at the Page dinners at the Governor’s residence. Last night we had some of the Pages show us their unique talents. Check out the perfect splits!!🙌🏼😆👏🏼 https://t.co/bLSDUIQMyM
1232841153415962624,2020-02-27 01:33:30,Hands-on work experiences expose students to careers and opportunities available to them right here in SD. The legislative page program is a great chance for high schoolers to engage with state government and learn how decisions are made. Grateful for all their work this session! https://t.co/hloAR2WQqN
1232812410957901824,2020-02-26 23:39:17,"While we enjoy SD’s outdoor opportunities, we must work to keep our waters safe from species that could harm them. Today, I signed a bill that takes steps to prevent the spread of invasive species and keep our natural treasures safe. Read more here: https://t.co/r9ijKqtHZb"
1232751803428675584,2020-02-26 19:38:28,RT @lgrhoden: Meet the AP Government classes from Rapid City Central and Stevens. Such bright students with bright futures. Great to visit…
1232708139893641217,2020-02-26 16:44:57,"After my dad died, one of the things I had left to remind me of him was a small, note-filled notebook. Whenever I see anyone pull out a small notebook, I think of him. This week, TeenPact (without knowing this story) gave me a small notebook. I will forever treasure this gift. https://t.co/ukNKi6HUHs"
1232473808805621760,2020-02-26 01:13:48,"In case you missed it, I signed legislation to change the names of South Dakota’s four post-secondary technical institutes today. Learn more here. https://t.co/wmTJf8RVRL https://t.co/aCDNDycn3W"
1232411258588192768,2020-02-25 21:05:15,"RT @lgrhoden: Today is #E30Day. South Dakota is a leader in ethanol production, so go fuel up your rig with E30 to support our state’s econ…"
1232322113064833026,2020-02-25 15:11:01,"Everything I do as Governor, centers on the next generation. They are my focus, my inspiration, my north star. It’s my hope that our communities grow stronger each day. Thank you Drew, Dakota and Jenna for visiting with me and for dropping off my favorite candy! https://t.co/BiMggjm1Af"
1232076034096402433,2020-02-24 22:53:12,"RT @SDPublicSafety: There may not be much snow in most places, but it WILL impact travel.  Before you go - pack a winter safety kit and che…"
1232034489758560256,2020-02-24 20:08:07,"RT @SDHighwayPatrol: Heavy snow is coming to the area. Travel could be difficult tomorrow especially in the Lead/Deadwood, Sturgis and Spea…"
1232001460054974467,2020-02-24 17:56:52,"RT @SouthDakotaDLR: Noem Signs Legislation to Reduce Regulations, Make Business Easier for South Dakotans: https://t.co/VfHnZJv0eU https://…"
1232001086698991616,2020-02-24 17:55:23,Happy 23rd Birthday Kennedy! ❤️ https://t.co/cmn4lywkGc
1231967966058684416,2020-02-24 15:43:46,"Last night, DSS Secretary Gill spoke with SD Kids Belong in Spearfish. Encouraged to hear that she received overwhelming support when talking about my commitment to foster care &amp; adoption. I will continue highlighting the need for more families to open their homes to kids in need https://t.co/wiPEfYW4Ne"
1230973690289979392,2020-02-21 21:52:52,"RT @TeamCavuto: .@govkristinoem to Neil: Mike Bloomberg is constantly belittling everyday people, while President Trump gets up every morni…"
1230963670668234752,2020-02-21 21:13:03,Happy Friday! Tune in to @TeamCavuto now... I’ll be talking about ag.
1230935076306870277,2020-02-21 19:19:26,"Soil health is a crucial component to ensuring the land that grows our food remains productive for future generations. This is why I proclaimed today, Soil Health Awareness Day in South Dakota. #SoilHealthAwarenessDay 
https://t.co/LIF8aV1EM3"
1230888242616184838,2020-02-21 16:13:20,"Larry, we said funny face!😊 
@lgrhoden https://t.co/ICR7svITuh"
1230630508029251584,2020-02-20 23:09:11,"The Chamberlain Explorers came to Pierre today, and part of their leadership training is learning how to introduce themselves. They got to practice with me and Larry! Thank you Doug K. for helping to shape the next generation of young men in South Dakota. #leadership https://t.co/rCGEuEwYQ6"
1230610024340348936,2020-02-20 21:47:48,"This kind of thing is what makes our state so great. Keep up the good work, guys. Proud of you. https://t.co/Nkrp3jOYe4"
1230585762996944897,2020-02-20 20:11:23,The UN’s decision to publish this blacklist is unacceptable. We must oppose Anti-Semitism and this propagation of the BDS movement. South Dakota stands with Israel and condemns this discrimination against one of our nation’s closest allies. https://t.co/lelvzEyFSx
1230549805019156480,2020-02-20 17:48:30,"Thank you, @realDonaldTrump, for supporting agriculture! https://t.co/LqBPi0fl37"
1230515867160653828,2020-02-20 15:33:39,"It’s these interactions with our young people that energize me. Their stories are our future, and I will do all that I can to make sure these stories happen here, in South Dakota, where they call home! https://t.co/xa229I0zRl"
1230514340089995265,2020-02-20 15:27:35,RT @USDA: #AgOutlook: today farmers do more with fewer acres because of precision agriculture and other innovations. #USDAinnovation https:…
1230309317783494656,2020-02-20 01:52:54,Proud of these high school students for taking the time to experience the legislative process through the page program. Thank you for all your hard work! https://t.co/beRq3to4FE
1230278692624048134,2020-02-19 23:51:12,"For the last 40 years, Marliss D. dedicated her life to serving the people of South Dakota. Today was her last day, and I presented her with a Challenge Coin and Certificate. Marliss, we are so grateful for your dedication. Enjoy your retirement, you deserve it! https://t.co/hlQ6XYrXY5"
1230200057372323842,2020-02-19 18:38:44,"RT @southdakota: The beauty of @BadlandsNPS is undeniable! https://t.co/N4WUq1qXku 

📷: https://t.co/FWc4HwhcEs https://t.co/gA6XEX0z7z"
1230168409767317504,2020-02-19 16:32:58,Packed house this morning - GREAT support for my bill (SB 157) to ensure economic progress is possible for ALL our SD communities long into the future! Thank you to everyone who traveled to Pierre today to add their support to this! https://t.co/TG6kQansNT
1229977906685894656,2020-02-19 03:55:59,https://t.co/rFy8ogluj7   Special night. ❤️
1229950945200615425,2020-02-19 02:08:51,"Flat Stanley stole the show today… and my seat! Thanks, Giselle, for sending him to Pierre! #HifromSouthDakota https://t.co/tTHjl3z03x"
1229904294117347330,2020-02-18 23:03:28,It’s senior night for the Hamlin Chargers! I’m the proud mom of a pretty amazing senior and aunt of four nephews on the team too! How cool is that? ❤️ our SD family. Go Chargers! https://t.co/d92gGVgTgb
1229900340721586177,2020-02-18 22:47:46,"My life changed forever when we lost my dad in a grain bin accident, and while farmers are often in a hurry to get things done, nothing is worth losing a life. This #grainbinsafetyweek, I want to encourage producers to evaluate safety procedures on their farms and ranches. https://t.co/rgj0yuet8z"
1229894239573757952,2020-02-18 22:23:31,"RT @SecretarySonny: Thank you @realDonaldTrump for your respect and appreciation for America’s smart, innovative, and hardworking farmers.…"
1229775011914928129,2020-02-18 14:29:45,"This is my nephew @NashGrantham and we are so thrilled to see this healing miracle for him! He has stayed positive, uplifting and inspirational through it all. Love my family ❤️. https://t.co/WPeAJcDYKT"
1229774943723888641,2020-02-18 14:29:29,Thank you @GovBillLee for highlighting Mount Rushmore! #hifromSD https://t.co/u6xfAbJwYZ
1229774447214825473,2020-02-18 14:27:30,"There’s no better place to celebrate our nation’s heritage than South Dakota. Thanks, @StateDept for highlighting Mount Rushmore on #PresidentsDay2020! https://t.co/0krhVRSfJ7"
1229760006200885249,2020-02-18 13:30:07,.@SecretarySonny proclaimed this week as Grain Bin Safety Week. I’m joining @hughhewitt now to talk about the ways this issue has impacted my family. Tune in!
1229733881764409344,2020-02-18 11:46:19,Joining @foxandfriends now... tune in!
1229430018775879681,2020-02-17 15:38:52,"Just a quick reminder this #PresidentsDay - make sure to find time to check out GW, TJ, TR &amp; Abe at Mount Rushmore in #SouthDakota this year! https://t.co/gDYxrTIfnr"
1229129561364926471,2020-02-16 19:44:58,"Thanks to everyone who made it out!
https://t.co/QdbmUIrnP8"
1228392103849406464,2020-02-14 18:54:34,"Valentine’s Day isn’t the only day visitors fall in love with our state. Each year for the last 10 YEARS, a record number of visitors have explored our state. #TravelSouthDakota #HiFromSD https://t.co/1XrIANBzsp"
1228348425495863304,2020-02-14 16:01:00,"RT @SecretarySonny: Tragedies like the one @govkristinoem's family experienced happen too frequently and call for greater action, which is…"
1228339573312442370,2020-02-14 15:25:50,"We are taking a step forward to make SD safer for everyone.

Yesterday, we invited tribal leaders to engage in a partnership to combine state and tribal law enforcement resources in order to combat drug use on reservations. 

Read more here: https://t.co/Y640InhUNx

@TribalSD https://t.co/D59YUexN8u"
1228330660202459136,2020-02-14 14:50:25,"RT @lgrhoden: Thanks for stopping by the Capitol, Katelynn. You’re doing a great job representing the SD 4-H Rodeo. https://t.co/w1OYEqIpGi"
1228079080597327874,2020-02-13 22:10:44,Thank you for the correction @pierremercer. https://t.co/0fWPrR863l
1228034800415580160,2020-02-13 19:14:46,RT @SDAttorneyGen: Was honored to take part in a press conference today with @govkristinoem and Tribal Relations Secretary David Flute to c…
1227996633549492225,2020-02-13 16:43:07,"Don’t forget, tomorrow is the last day to submit your application for the Governor’s Giant Vision Business Competition. Pitch your business idea to investors and possibly win $20,000 to help make the idea a reality! 
Apply here, https://t.co/aMcpxgAL9E #SouthDakotaOpenForBusiness https://t.co/9U64WDTAo1"
1227926621862146049,2020-02-13 12:04:55,Enjoy the outdoors this weekend 😊. It should be warmer and South Dakota is beautiful this time of year. Hazel and I sure enjoyed this this walk a couple weeks ago. https://t.co/M6zprpstJJ
1227748478295695361,2020-02-13 00:17:02,Sneakers with my suit... count me in! Thanks to the wonderful @ACSCANSD Advocates for creating cancer awareness today at the Capitol. https://t.co/ZYLuMs3bcn
1227626813339422721,2020-02-12 16:13:35,"Enjoyed catching up with @SecretarySonny the other day at @USDA to talk ethanol, farm bill, conservation and also film a video on farm safety. Thank you for your work on behalf of farmers and ranchers Sonny! #usda https://t.co/SFBVkqqUua"
1227626749795672068,2020-02-12 16:13:20,Dale Lamphere presented me with this signed photo of the Arc of Dreams yesterday. Wow – what a beautiful gift. Dale and I will be working together to promote art throughout our state. #ArcOfDreams #SiouxFalls https://t.co/veaiispHwe
1227409755301347328,2020-02-12 01:51:04,RT @DakotaState: Thank you for taking time to meet with Madison and DSU representatives today @govkristinoem  #DSUrising https://t.co/QlIeh…
1227382552274620416,2020-02-12 00:02:58,"While visiting with Scott VanderWal, the President of @SDFarmBureau, he reiterated his support for my proposed legislation that will grow South Dakota’s communities (SB 157).  “This will fix a lot of the issues and irritations we’ve had with our livestock permitting process.” https://t.co/TmA22FAcoM"
1227313464655388672,2020-02-11 19:28:27,Now that’s how you serve pie! A whole other plate for the whipped cream! Thank you  South Dakota Farm Bureau! @FarmBureau https://t.co/R1caD3k0CV
1227271257202348032,2020-02-11 16:40:43,"I am incredibly grateful for the advocates and survivors who testified on behalf of my anti-human trafficking bill. Thanks to your voice, HB 1047 passed out of the House. We now look forward to working it through the Senate. Read the full bill here, https://t.co/1ocJ37Eovv. https://t.co/0kIlmUlVkV"
1227001916913262593,2020-02-10 22:50:28,"At the @WhiteHouse today, appreciated the deep-dive into a number of policy issues, including addressing mental health treatment. It was a great discussion, thank you @KellyannePolls for hosting.
Official White House Photo by Keegan Barber https://t.co/7aykY7XxkZ"
1226950283126824960,2020-02-10 19:25:17,"Job shadowing is a great experience for high schoolers trying to figure out what they want to do in life. Last week, I welcomed Claire R. to shadow me. It’s my hope that all our schools and businesses will participate in Week of Work. Learn how -&gt; https://t.co/PawutJ2WDG https://t.co/3AQ7rlR5hm"
1226615427863924736,2020-02-09 21:14:42,"RT @GovParsonMO: Today I sat down with governors from Missouri River Basin states to discuss our ongoing efforts to combat flooding.

We ar…"
1226227616576950272,2020-02-08 19:33:40,"Just now Douglas Peterson, CEO @SPGlobal and Dianne Leopold EVP, @DominionEnergy tell us WHY we need SB 157 in South Dakota @NatlGovsAssoc https://t.co/Q6n2P2ppIj"
1226212157286645760,2020-02-08 18:32:14,"RT @SDEmergencyMgmt: Be aware of weather conditions if traveling. Winter Weather Advisories, Winter Storm Watches &amp; Warnings have been issu…"
1226021123034435585,2020-02-08 05:53:08,RT @SDPublicSafety: Snow still on its way. Prepare now. Make sure you have a winter safety kit in your vehicle. Keep travel plans flexible.…
1225877575467257857,2020-02-07 20:22:44,Noem Orders Capitol Flags at Half-Staff to Honor Former Legislator https://t.co/I0WdYfpGkR https://t.co/RtcSlAgkVD
1225832244381659141,2020-02-07 17:22:36,"I have ordered flags at the State Capitol to be flown at half-staff from 8am until sunset on Feb. 8 to honor the life of Bernie Christenson, a former state leader and legislator. More here: https://t.co/I0WdYfpGkR"
1225815318272061443,2020-02-07 16:15:21,So enjoyed being with @SD_Guard last night at the legislative Dining Out....one of my favorite parts is visiting with all the families of our service members. Thank you ALL for your service !🇺🇸 https://t.co/bLAWkLnpK0
1225814931074879494,2020-02-07 16:13:48,"Faith High School students visited the Capitol this week, and one of the students asked me to prom! Since I'm not sure of my schedule in the coming months, we decided to practice the Grand March. 😊 https://t.co/B1FBaF394X"
1225785416487489539,2020-02-07 14:16:31,"When students engage in career &amp; technical education, they experience hands-on learning that helps prepare them for high-demand careers. Proud of these students for expanding on their classroom learning, meeting peers from across the state &amp; developing valuable leadership skills. https://t.co/SY9FxOfbQm"
1225515415008358406,2020-02-06 20:23:38,RT @southdakota: Mount Rushmore is a big deal on #PresidentsDay. It’s also a must-see on any summer road trip. The best place to start plan…
1225512675863678983,2020-02-06 20:12:45,"What They Are Saying: Ag, Business, Community Leaders Support Noem’s Legislation to Streamline Rural Development
https://t.co/68mEmLKdzZ https://t.co/HpXON9ckW0"
1225466928887685121,2020-02-06 17:10:58,"On his birthday, we remember and celebrate #RonaldReagan and his strong family values. As I’ve said before, one of the reasons I serve is because of my family. When South Dakotans sit down together at the dinner table, we make South Dakota stronger for our kids and grandkids. https://t.co/qU4HAyJLg4"
1225244417633722370,2020-02-06 02:26:47,Proud of these students and their willingness to serve as pages during the legislative session. Thanks for coming over to my place for pizza tonight - you have bright futures ahead of you! https://t.co/GU846U7eCF
1225204822078562306,2020-02-05 23:49:27,"In the midst of session, these are some of the moments that I love the most. @sodaksaca https://t.co/tlbfwL3fJo"
1225162416549498883,2020-02-05 21:00:57,"Happy birthday, @lgrhoden! We are so thankful for your kindness, wisdom and sense of humor. https://t.co/9TxwOJ2iBv"
1224902000242057217,2020-02-05 03:46:09,RT @SecretarySonny: The President has rural America and agriculture close to his heart and has kept his promises when it comes to striking…
1224901891127201792,2020-02-05 03:45:43,Taxes are lower. Families are reaping the benefits of expanded opportunity. This is progress that only comes when the state &amp; federal governments work together. I look forward to continuing to partner w/ @realDonaldTrump as we make the #AmericanDream a reality in SD &amp; the nation.
1224901890246430720,2020-02-05 03:45:42,".@realdonaldtrump's bold leadership has made a tremendous impact on SD. Since he took office, 16,000 jobs have been created in our state &amp; new business applications have risen by 24%. We’ve secured 2 international trade agreements that create more stability for farmers &amp; ranchers"
1224901889403297792,2020-02-05 03:45:42,"Tonight, @realdonaldtrump delivered a strong and inspiring message to the American people. Our country is strong, and our President is laser-focused on creating a better future for businesses and families."
1224793318938333185,2020-02-04 20:34:17,Great to spend this afternoon visiting with the graduates of the @leadershipsodak program. Learn more about them at https://t.co/CG3QFRd7cw. https://t.co/4pAUIEpzRb
1224758832817152002,2020-02-04 18:17:15,RT @SouthDakotaDLR: ⚡️⚡️T.F. Riggs students are enjoying the second Pierre Job Shadow event this week and next week. A big thank you to loc…
1224723127118237697,2020-02-04 15:55:22,Together on #WorldCancerDay we unite to show support to those affected by this horrible disease. I encourage all South Dakotans to talk to their healthcare providers about the steps you can take to get prepared. https://t.co/V2UXJ4kNdp
1224395058998366210,2020-02-03 18:11:44,"Thanks to the work of @SDGOED, the Johnson family - and more than 6,500 families like them - are now connected to high-speed internet. Learn more here... https://t.co/MQLHCbXwbE https://t.co/Le0WDToz0e"
1224361798092062722,2020-02-03 15:59:34,"RT @fema: Preparing for an early spring? Warmer temperatures will melt snow and increase the chance of flooding.

☑️ Talk to your insurance…"
1224105350372249600,2020-02-02 23:00:32,Favorite super bowl dessert. Don’t judge. https://t.co/IePt5p3L3M
1224017883807862787,2020-02-02 17:12:59,Hanging with Hazel....enjoying the 🌞 @southdakota  Happy Sunday everyone! https://t.co/KaiuRnoV9I
1223684977394704384,2020-02-01 19:10:08,Helped kick off the first ever youth livestock show at @bhstockshow this morning with @RepDustyJohnson and @lgrhoden! Exciting to see so many of the next generation showcasing their calves and spending time with family. #SouthDakota https://t.co/F6Si8aUkv3
1223676674031616000,2020-02-01 18:37:08,RT @RepDustyJohnson: Great day at the Black Hills Stock Show! https://t.co/1uOwwYSigS
1223676524496334851,2020-02-01 18:36:32,"RT @lgrhoden: Great to spend time with folks at the @bhstockshow. Thanks to everyone who worked hard to put on the event. 

@govkristinoem…"
1223429931989860352,2020-02-01 02:16:40,RT @SD_Newspapers: Thank you to @govkristinoem for meeting with publishers and editors during Newspaper Day at the Legislature yesterday. #…
1223429857553592322,2020-02-01 02:16:22,"RT @RobWallace_FWP: Gov. Noem @govkristinoem &amp; @realDonaldTrump are bringing fireworks back to Mt Rushmore. Working w @POTUS @SecBernhardt,…"
1223429578582118400,2020-02-01 02:15:16,RT @bit_sd: We look forward to working with @govkristinoem and @SDGOED to strengthen the foundation in securely connecting South Dakota. ht…
1223362896773754880,2020-01-31 21:50:18,"So thankful for all these folks! Together, at the #BlackHillsStockShow we were able to introduce a new bill that keeps the process fair, clear, and predictable for economic progress in our smaller communities. South Dakota is rolling out the red carpet, not the red tape. https://t.co/bVuR7ycXq5"
1223327744194424834,2020-01-31 19:30:37,"Watch to learn more about a bill I'm introducing to strengthen the ag industry in South Dakota!
⬇️⬇️⬇️
https://t.co/gD6xkxbF2u"
1223281681815212033,2020-01-31 16:27:35,"This is why expanding broadband matters to SD.
⬇️⬇️⬇️⬇️⬇️⬇️

@BrendanCarrFCC https://t.co/redAdonyTE"
1223049698757484545,2020-01-31 01:05:46,RT @argusleader: .@govkristinoem on Thursday teased a bill that she said will expand opportunities in agriculture in the state. https://t.c…
1222967247955734535,2020-01-30 19:38:08,We will continue partnering with communities as we recover from the 2019 storms and mitigate future flood damage.
1222967245627973633,2020-01-30 19:38:07,Great news! Highway 81 is a major roadway in the eastern part of our state and has been closed for several months... impacting people and economic progress. This grade raise has restored access to help folks in this area get back to a normal routine. https://t.co/3ZGkU8plBD
1222665073962950657,2020-01-29 23:37:24,Strong families have always been the backbone of South Dakota. It starts with spending time together. #NationalPuzzleDay https://t.co/0NFjCW73a0
1222644534435352576,2020-01-29 22:15:47,"RT @lgrhoden: As a rancher, I’ve seen firsthand the way trade deals impact the agriculture industry. I’m pleased to see @realDonaldTrump si…"
1222620274211860483,2020-01-29 20:39:23,"Welcomed the @SDState Pharmacy Students to the Capitol this morning. Today, they get the opportunity to meet their lawmakers, and learn first-hand about the legislative process, and why it’s important. https://t.co/QAIwgOmWti"
1222581851736485888,2020-01-29 18:06:42,"RT @SDAgriculture: Today, President Trump signed the final agreement for USMCA. 

South Dakota exported $924 million in exports to Canada a…"
1222570638004621312,2020-01-29 17:22:09,"ICYMI: I joined @Varneyco this AM to talk through the big news about #USMCA today and why it’s important for SD. 

@FoxNews @WhiteHouse https://t.co/MCHjO6YTFd"
1222548746828943360,2020-01-29 15:55:09,"RT @keloland: Recently, the 11 men and one woman were sworn in by South Dakota Supreme Court Chief Justice David Gilbertson. https://t.co/B…"
1222295990956449793,2020-01-28 23:10:48,"To all the business prospects we’ve been recruiting, this is why… https://t.co/vcR412XuJi https://t.co/xu49IRiDgR"
1222237809093890049,2020-01-28 19:19:36,"RT @CusterStatePark: It's National #PlanForVacationDay! Use that hard-earned vacation time and book a trip to where the buffalo roam!

#HiF…"
1222237778454380549,2020-01-28 19:19:29,Israel is one of America's closest allies. Their success is critical to our national security. I’m encouraged to see @realdonaldtrump and @IsraeliPM work toward reconciliation in the Middle East and move us closer to repairing the safety of Israel &amp; peace around the world.
1222205905779003392,2020-01-28 17:12:50,"Today, I am thankful to spend time with YMCA leaders to talk through issues affecting our state. Together our focus will continue to be on creating the next leaders of South Dakota, like these kiddos who stopped by my office over the summer. https://t.co/69P4mOhl8u"
1222202152128520195,2020-01-28 16:57:55,"RT @southdakota: It’s almost Presidents’ Day and that’s a big deal! Between now and Feb 17, enter to win a customized suitcase for your nex…"
1222173466062925826,2020-01-28 15:03:55,"Had a wonderful visit with some folks from the VFW yesterday. This group included winners of the VFW’s Patriot’s Pen essay contest, the Voice of Democracy scholarship, and VFW Teacher of the Year. https://t.co/e2c6hwdCxU"
1221801590870413313,2020-01-27 14:26:13,Happy 158th birthday to the @SD_Guard!! https://t.co/NLhTtGthJA
1221239882342903808,2020-01-26 01:14:12,"Yesterday, I had the privilege to present Alicia Schoenhard, an 8th grade teacher in Pierre, her National Board Certification letter. Congrats, Alicia, you earned it!! 👏 https://t.co/8N0omvKQaL"
1220916077552721920,2020-01-25 03:47:31,"Last night’s annual Tourism Awards Conference was a celebration of South Dakota’s ‘great faces and great places!’ A BIG hand to the tourism team and to all the recipients of this year’s awards – they are well deserved! #HiFromSD

@southdakota https://t.co/vMSxdmTBVi"
1220458685329301523,2020-01-23 21:30:00,.@southdakota received EIGHT awards in 2019 for their work in the travel industry. Our tourism team has done an incredible job of making South Dakota a destination known around the WORLD. Looking forward to more great things in 2020! #GreatFacesGreatPlaces https://t.co/V5Got3r5hB
1220455105507614736,2020-01-23 21:15:46,RT @RepDustyJohnson: I had the opportunity to address the @southdakota Tourism conference and then snuck over to the Capitol to say hello t…
1220439917056200709,2020-01-23 20:15:25,"These officers are some of South Dakota’s finest. Their recognition in the legislature is well deserved! 👏👏👏

https://t.co/GMrZJq5v7v"
1220417330754326529,2020-01-23 18:45:40,"RT @sddohkmr: The #SouthDakota #SuicidePrevention Plan focuses on using data, education and training, communication, and community engageme…"
1220370992595337217,2020-01-23 15:41:32,"RT @AmandaHarrisSD: One of the proudest moments of my life. Thank you SDSU for the invitation, the recognition, &amp; the outstanding education…"
1220351020490010626,2020-01-23 14:22:10,"RT @PriceDPS1: I am honored to have been sworn in by Attorney General Barr today for the President’s Commission on Law Enforcement. 

I bel…"
1220294253579993089,2020-01-23 10:36:36,Great idea! I’m in!🙋🏻‍♀️ https://t.co/KDDNXmmxfP
1220102971696013318,2020-01-22 21:56:31,RT @SDPublicSafety: @SDPublicSafety and @SDHighwayPatrol are honored that trooper Josh DeWild (far left) is among those recognized by @govk…
1220090375387394057,2020-01-22 21:06:28,"These men will be the first to receive the Governor’s Award for Heroism. This new award recognizes those who have demonstrated true courage and compassion through life-saving actions. Congratulations officers DeWild, Glaus, Harmon, Engel, Schmoker, and Goetsch.🇺🇸 
@SDPublicSafety https://t.co/70irtCrynZ"
1220077970926243840,2020-01-22 20:17:10,RT @SenatorRounds: All life is sacred and all life has value. I thank Gov. Noem for proclaiming January as Sanctity of Human Life Month in…
1220077364404723714,2020-01-22 20:14:46,"Every life – born and unborn – has worth and dignity.

Read the full proclamation here: https://t.co/29ZEb3i7HS https://t.co/hVsSIuU0Rm"
1220023435096678400,2020-01-22 16:40:28,RT @SDPublicSafety: Among those sworn in was @SDPublicSafety Cabinet Secretary Craig Price @PriceDPS1. He is one of 18 appointed to the com…
1219999762369347587,2020-01-22 15:06:24,"RT @SouthDakotaDLR: Reminder, catch the latest SD Week of Work Webinar today at 10:30 CST. Register at https://t.co/34RTFtBAb3.

https://t.…"
1219822946715348993,2020-01-22 03:23:48,"We just had the most wonderful visit at the Sioux Falls Minnesota Ave @culvers today! Thank you for the butterscotch sundae, fantastic service and hospitality! https://t.co/AKKsBHLLad"
1219822878088224771,2020-01-22 03:23:32,"I spent some time with folks in Madison today to go over my plans for SD’s 2020. We are opening up SD for business while ensuring our heartland way of life remains strong. 💪

Special thanks to the @MadisonChamber and @DakotaState’s @josegriffiths for hosting! https://t.co/tdu2xWlQ9F"
1219784146727378944,2020-01-22 00:49:37,My COMMITMENTS to South Dakotans. ⬇ https://t.co/0lI9ehR1E2
1219772105811808256,2020-01-22 00:01:46,"My message to business leaders everywhere.👇
#SouthDakotaOpenForBusiness https://t.co/xpt2zlERyC"
1219719341731610624,2020-01-21 20:32:07,"Meeting with fellow South Dakotans in Madison soon to discuss new ways that SD is OPEN for business! I’ll also expand on my commitment to these 4 pillars:
✅ Keeping taxes low
✅ Limiting government regulation
✅ Fighting government intrusion
✅ Keeping government open and honest"
1219675963665059843,2020-01-21 17:39:44,"TODAY is the last day to vote for Spearfish in the @smbizrevolution  makeover contest. Cast your votes now! 
👇 👇 👇 👇 👇 

https://t.co/SwYaZchvH6"
1219661860590510084,2020-01-21 16:43:42,Touching base with Bill Zortman of @keloradio on business and ag progress. Tune in now! https://t.co/6WGWIAGFiW
1219456564916105221,2020-01-21 03:07:56,Ensuring every South Dakotan can make a good living while maintaining their way of life is my COMMITMENT. #SouthDakotaOpenForBusiness https://t.co/j2m7xFUcwY
1219280096168697858,2020-01-20 15:26:42,"Dr. Martin Luther King Jr... A man who dedicated his life to freedom. Today, we celebrate King's incredible work to bring down the walls of prejudice by inspiring thousands to join together and enact change. #MLK's legacy is one that will live on forever. #MLKday https://t.co/ToC1D6F0td"
1219091146179252224,2020-01-20 02:55:53,"RT @NPPC: ""I applaud the administration for its hard work in negotiating a deal that includes U.S. agriculture purchase commitments by Chin…"
1219081071515656194,2020-01-20 02:15:51,Check out Jerry Schmitz’s comments during our visit to the @WhiteHouse last week! Glad these two SD producers could join me at the signing of a Phase One trade agreement with China. BIG wins for ag! @realDonaldTrump @sdsoybean @NPPC https://t.co/deJIPeuppw
1218994286852702210,2020-01-19 20:31:00,So glad that Craig and Jerry could join me in DC last week. Watch below to hear what Craig had to say about the trip! https://t.co/sYCwLvLClq
1218696776045277186,2020-01-19 00:48:48,RT @SouthDakotaDOT: I-90 &amp; I-29 are now fully open to traffic. Motorists are STRONGLY CAUTIONED the blizzard warning is still in effect unt…
1218625731904909313,2020-01-18 20:06:30,RT @SDHighwayPatrol: If you are asking yourself why the Interstates are still closed on the east side of S.D. 🤔 Let the picture below help…
1218357815947026433,2020-01-18 02:21:53,"https://t.co/3fLm1BaDes
#SDwx #KeepSDsafe https://t.co/enWTVd3OpG"
1218321649570848768,2020-01-17 23:58:11,"RT @SDEmergencyMgmt: **INTERSTATE CLOSURES**
                I-90 &amp; I-29
I-90 Mitchell to Sioux Falls (both directions) AND I-29 Sioux Fall…"
1218304897453559810,2020-01-17 22:51:37,"Storm Update! #KeepSDsafe #SDwx  

@SDPublicSafety @SDEmergencyMgmt https://t.co/njpRHxuX86"
1218281923027619841,2020-01-17 21:20:19,"RT @SouthDakotaDOT: And this view is from I-29 between Brookings &amp; Watertown.
#sdwx #stayhomestaysafe https://t.co/i7XXPlAF5N https://t.co/…"
1218256902712328192,2020-01-17 19:40:54,We are rolling out the red carpet for businesses in SD. My goal is to make sure folks across the country and around the world know that South Dakota is THE PLACE to do business. #SouthDakotaOpenForBusiness https://t.co/hOe9Ieexy5
1218245707288719360,2020-01-17 18:56:25,RT @SDPublicSafety: @govkristinoem has ordered state government executive branch offices CLOSED at 1 p.m. local time today in 42 counties t…
1218242898791227392,2020-01-17 18:45:15,These men and women are doing incredible things to tackle substance abuse issues facing our tribes. Building partnerships like these are key in strengthening families on reservations. https://t.co/uhILeDtbYi
1218241729461129216,2020-01-17 18:40:36,RT @SDHighwayPatrol: 2 excellent ways to track current weather and road conditions. Please check one of these prior to any travel especiall…
1218235966604922880,2020-01-17 18:17:42,"SD is OPEN FOR BUSINESS!
To learn more, visit ➡️ https://t.co/5O8h0cFhTX
#SouthDakotaOpenForBusiness https://t.co/cJGHVPWqE4"
1218224208322486273,2020-01-17 17:30:59,"Cheyenne River Sioux Tribe Chief of Police Chuck LeCompte joined us in Pierre earlier this week. I was so glad to visit with him for a couple of minutes. Thank you for all you do, Chuck! https://t.co/pQeBdMU2qF"
1218218606816911362,2020-01-17 17:08:43,"Road conditions are worsening in many parts of the state. If you can - STAY home. If you must travel, click or call 511 first to check road conditions.

Click ➡️ https://t.co/ZBCF1EaNVB https://t.co/WjMPxkzJmV"
1217989388547821569,2020-01-17 01:57:54,"In D.C. today, I sat down with senior leadership at @IHSgov to talk through a number of issues troubling our tribes. Thank you to the IHS team for helping prioritize our concerns. @IHSDirector, Paul Mango, Charles Keckler, Darcie Johnston, and Benjamin Smith. https://t.co/rTZZXnus16"
1217923006812565504,2020-01-16 21:34:07,"Time to VOTE for Spearfish in the @smbizrevolution! Spearfish is in the top 5! This is a great chance to revitalize an already incredible SD small town. Click below and vote daily!
@VisitSpearfish 
https://t.co/rv7XLQsir1"
1217907783942713350,2020-01-16 20:33:37,"Grateful for the chance to partner with President Trump to bring back fireworks to Mt. Rushmore! Excited to have this great event back in our state!

https://t.co/kl6CLhmkfI"
1217897911532519424,2020-01-16 19:54:24,"@realDonaldTrump @SenJohnThune @SenatorRounds @RepDustyJohnson I was proud to help negotiate the #USMCA when I served in Congress, and I look forward to the opportunities it will provide SD producers to market their goods in a marketplace that is fair, open, &amp; competitive."
1217881826682908673,2020-01-16 18:50:29,"The Senate just passed the USMCA. What a week of WINS for SD trade!

✅U.S. China Trade Agreement SIGNED by @realdonaldtrump
✅USMCA passes the Senate

Big thanks to @senjohnthune @senatorrounds @repdustyjohnson for championing these agreements &amp; securing big gains for our state!"
1217851214798446592,2020-01-16 16:48:50,"The Phase One trade deal between the US and China is a BIG boost for producers. Farmers and ranchers in our state can now build on what SD does best - feed the world. 🌎
 
@WhiteHouse https://t.co/Np6vFphmOP"
1217646956966825984,2020-01-16 03:17:11,"Chief Justice David Gilbertson has spent his life in public service. Today he gave his last State of the Judiciary Address. His legacy will resonate in our state for years to come. Thank you, Chief Justice, for more than 3 decades of serving South Dakota. https://t.co/MN3WJKAtC6"
1217624928003993600,2020-01-16 01:49:39,"Great to be surrounded by so many friends of agriculture. @JenETLC, @SenJoniErnst, @TerryBranstad, @krossfarms, @bdgordonGordon, and @IAGovernor Kim Reynolds. Thank you ALL for your work in growing the ag economy! https://t.co/UVIc826h3x"
1217564389232037894,2020-01-15 21:49:06,"What SD does best ➡️ feed the world.  
Today, @realDonaldTrump signed the Phase One trade deal with China - a BIG win for SD producers like these two. 

@WhiteHouse https://t.co/AnzU107ODf"
1217544937962725376,2020-01-15 20:31:48,"On Tuesday, these 6 police officers were the first recipients of a new heroism award in South Dakota. Check out my State of the State speech to hear why.

Click below and watch starting at ➡️ 46.29 ⏰
https://t.co/coxsob5FaL https://t.co/GzWIZwrS1F"
1217536516253155329,2020-01-15 19:58:20,"The agreement @realDonaldTrump locked in today is an incredible economic victory for South Dakota producers. This historic deal opens up new markets and advances opportunities for farmers and ranchers to do what they do best: feed the world.
@WhiteHouse https://t.co/4uYqDUV7h2"
1217512343791448065,2020-01-15 18:22:17,"I arrived at the @WhiteHouse today with a couple of friends from SD… Jerry Schmitz, a soybean producer, and Craig Andersen, a pork producer. They joined me here to be with @realDonaldTrump as he signed the phase one trade agreement with China! A BIG win for SD producers! https://t.co/QvXlRSHeQt"
1217483426921635846,2020-01-15 16:27:23,➡️ #SouthDakotaOpenForBusiness ⬅️ https://t.co/lbt5rnD9rv
1217473806488436736,2020-01-15 15:49:09,RT @JCRCMINNDAK: Thank you @govkristinoem for signing an executive order making South Dakota the 28th state to oppose boycotts of Israel. h…
1217262752613437440,2020-01-15 01:50:30,I was proud to sign an executive order today supporting our ally Israel. SD will only contract with those who agree to fairly compete. Our state will NOT stand for discrimination based on race or religion. https://t.co/F0aVfeUwXd
1217229581578579968,2020-01-14 23:38:41,"I just delivered my 2020 State of the State address to all of South Dakota. The message was clear, South Dakota is OPEN FOR BUSINESS! #SouthDakotaOpenForBusiness https://t.co/VD3uwSjcWs"
1217115843110113281,2020-01-14 16:06:44,"RT @SoDakPB: Watch @govkristinoem 's State of the State address today starting at 1pm/12MT.

Available on SDPB-TV, radio and online at http…"
1217109461787082752,2020-01-14 15:41:23,"RT @SDPBNews: @govkristinoem 's 2020 State of the State Address will air on SDPB-TV, radio and online at https://t.co/8Os7zungMN beginning…"
1217109330174062593,2020-01-14 15:40:51,RT @TribalSD: Getting set up for the Tribal Relations Event “Protecting Our Nations” partnering with Department of Public Safety. For full…
1216931695389216768,2020-01-14 03:55:00,It was so great to visit with many of our state’s business and legislative leaders tonight. I’m so thankful for such a great discussion. Looking forward to many more in the future! #SouthDakotaOpenForBusiness https://t.co/01oy17UA5y
1216830024994738178,2020-01-13 21:11:00,It’s always wonderful visiting with the South Dakota Retailers. I’m thankful for our strong partnership. We’re looking forward to a great 2020! #SouthDakotaOpenForBusiness https://t.co/9cEDRmlfsf
1216757398494498816,2020-01-13 16:22:24,"Tomorrow, I’ll be giving the annual State of the State address... here’s a quick preview. South Dakota is OPEN FOR BUSINESS!!
https://t.co/IkOQqFiYKG"
1216130494754164742,2020-01-11 22:51:19,RT @SDPublicSafety: Be careful if outside today! Bundle up. Make sure you have a winter safety kit in your vehicle. Make sure home heating…
1216057884343250945,2020-01-11 18:02:47,Stop human trafficking in SD. Call 911 or the National Human Trafficking Hotline at 1-888-373-7888. #HumanTraffickingAwarenessDay https://t.co/Jv2KvjERh6
1215786289993338880,2020-01-11 00:03:34,Agree! https://t.co/7t8k7RGCs5
1215777691477192705,2020-01-10 23:29:24,"It’s meetings like today’s that help build mutual understanding, respect, and stronger relationships. Thank you to all the tribal leaders who joined us today from Rosebud, Lower Brule, Yankton, and Crow Creek, and representatives from Oglala and Cheyenne River. https://t.co/oLhCLAuNcW"
1215768448976019460,2020-01-10 22:52:40,"So glad Oglala Lakota school board members and Superintendent Anthony Fairbanks were there to greet Sec. Jones and show him the great things happening on campus at Lakota Tech School!

@sddoe 
https://t.co/DzBheajN6E"
1215756814903644160,2020-01-10 22:06:26,Sign up today! https://t.co/GNIfmoiq0J
1215755949107044355,2020-01-10 22:03:00,"RT @TribalSD: We say wopida &amp; wopila tanka to the tribal leaders from Rosebud, Lower Brule, Yankton &amp; Crow Creek &amp; representatives from Ogl…"
1215755899781951489,2020-01-10 22:02:48,RT @SDPublicSafety: Applications now available for @govkristinoem's Infrastructure Disaster Recovery Program. The program is open to cities…
1215721334610841600,2020-01-10 19:45:27,"RT @AberdeenNews: For #SouthDakota @govkristinoem, advocating and providing funding to help increase the number of foster families across t…"
1215711991010074624,2020-01-10 19:08:20,RT @Jayhawker: We visited Oglala Lakota County School District to see their new CTE high school LAKOTA TECH and renovated Wolf Creek School…
1215419822789492738,2020-01-09 23:47:21,"As the first Veterans Cemetery East River, this place will serve as a final resting place for so many of our Nation's heroes."
1215419229052080128,2020-01-09 23:45:00,"🔍Four months ago ... Breaking ground on the State Veterans Cemetery. 🇺🇸

It was an incredibly rainy day... As I looked at the many veterans who stood around me and in the crowd, I noticed how they stood, proudly embracing the rain, to honor those who would one day rest there. 🇺🇸 https://t.co/OxHf5ziGrL"
1215415958677880832,2020-01-09 23:32:00,RT @SDPublicSafety: Thank you Governor for your support of law enforcement including the @SDHighwayPatrol. #keepSDsafe https://t.co/iXgos8a…
1215387678495117312,2020-01-09 21:39:38,RT @SDGOED: United Van Lines released their 2019 National Movers Study and South Dakota has the 8th highest share of people moving into the…
1215362748512710657,2020-01-09 20:00:34,"To effectively keep SD safe, we need to equip our law enforcement with the tools they need to protect our people. In my budget proposal, I’ve allocated $5.1 M to improve the statewide communication system for first responders across the state.
#LawEnforcementAppreciationDay https://t.co/41w0zM08B0"
1215353804843028480,2020-01-09 19:25:01,"@realDonaldTrump @WhiteHouse As Governor, I am committed to protecting our people and our state from federal government intrusion. I’m so thankful for President Trump’s leadership on these very necessary reforms.

@realDonaldTrump @WhiteHouse"
1215353714632024064,2020-01-09 19:24:40,"Modernizing and revamping the NEPA regulations are significant and long-overdue. Among a host of others, one area we often see these burdensome requirements slowing down progress is around infrastructure projects like highways and bridges. 

@realDonaldTrump @WhiteHouse"
1215348965497016320,2020-01-09 19:05:48,"RT @SDPublicSafety: Four more counties now approved for @fema assistance following SD storms of Sept. 9-26, 2019. Aurora for Individual Ass…"
1215345837791944704,2020-01-09 18:53:22,"To those who have served and are serving…

Your sacrifice does not go unnoticed. You work every day to keep us safe on the roads, at school events, at home, and more. THANK YOU for your bravery and service to the people of SD and the Nation.🇺🇸👏 #LawEnforcementAppreciationDay https://t.co/lJfLnMNzm8"
1215288814291300355,2020-01-09 15:06:46,"Today, I am sending the legislature my Four Guardrails for a path forward on decriminalizing industrial hemp. Watch this 👇👇 https://t.co/Us7mhMXL3d"
1215006046588153856,2020-01-08 20:23:09,"RT @TribalSD: The Department of Tribal Relations had the opportunity to meet with Lucy Wallace Co-founder of Dance To Be Free, Chloe Weber,…"
1214976502426673152,2020-01-08 18:25:46,"❌ Human trafficking is REAL in SD. ❌
 
I am proud of the progress we made in 2019 to fight human trafficking, but more needs to be done… I am COMMITTED to seeing that through.

🎥From the MMIW ride in June, 2019.  #HumanTraffickingAwarenessMonth https://t.co/sfDBW6TDMH"
1214958375257153536,2020-01-08 17:13:44,RT @sddoe: South Dakota teachers: Ever thought about pursuing National Board Certification? We're hosting upcoming webinars for you to lear…
1214942162930065409,2020-01-08 16:09:18,"I’m working to make sure South Dakotans have better access to quality, long-term care services. My budget proposes $2.6 M to help change the assisted living care reimbursement. This will better equip providers to serve our loved ones as they need these services.💪#SDBudget
@SDBFM https://t.co/RSi9xxy7xj"
1214683977715507202,2020-01-07 23:03:22,"A BIG congratulations to these top-notch educators! 👏 Five teachers and three counselors from South Dakota received national certifications in 2019.
👇 👇 👇 👇 👇
https://t.co/XZRbUGtiyU

@sddoe"
1214655927820926982,2020-01-07 21:11:55,RT @SouthDakotaDOT: The SDDOT GIS Team has created a new rest area / ports of entry interactive map! Get all the information you need about…
1214645468778631169,2020-01-07 20:30:21,"RT @SD_Guard: On behalf of the soldiers of the 1-147th Field Artillery Battalion, currently deployed to Europe. @SD_Guard would like to ext…"
1214599715569856512,2020-01-07 17:28:33,"Great news in funding for American Indian's higher education! 👏 🎓 🙌

Not only will this bill have a positive impact on our American Indian families, it also aligns with one of my main priorities of strengthening South Dakota’s families. 💪 
@SDState

https://t.co/B8DvnLGQJ1"
1214553323346509824,2020-01-07 14:24:12,"South Dakota is strengthening our environmental structure by providing funding to communities for new programs in…
♻️ RECYCLING
🗑 WASTE CENTERS
💧 DRINKING WATER

💪 🌎 💪 🌎 💪 🌎
More info: https://t.co/JUu2GQjFsF https://t.co/31cujvEW1G"
1214319869816197121,2020-01-06 22:56:32,Today I appointed Kyle Schoenfish to fill the District 19 vacancy in the SD Senate and Marty Overweg to succeed Schoenfish in the SD House. Kyle and Marty are pillars in their communities &amp; I look forward to working with them in the weeks &amp; months to come. https://t.co/GFZLeENJRz
1214318353306836995,2020-01-06 22:50:31,"RT @southdakota: What an incredible sight! 

Share your South Dakota–inspired creations for the chance to win a trip to the state. Enter he…"
1214196643685380096,2020-01-06 14:46:53,"South Dakota Businesses! 🛠🧰 🌽

If you're not already involved in the FIRST ever SD Week of Work, here's a chance to learn more about it!
👇
https://t.co/QRVqgu0XG9"
1213234927694680072,2020-01-03 23:05:22,My budget works to equip educators and schools by adjusting the amount of funding they get for special education disability levels. This will INCREASE special education funding to SD school districts by a projected $14 MILLION. ⬆️💲⬆️ #SDBudget https://t.co/qlqjZN3XAu
1213178054186618881,2020-01-03 19:19:22,"⏰ Dec 3, I proposed my budget for the next fiscal year. I will soon be back on the House floor to give my 2020 State of the State. I look forward to working with the legislature and you to further shape SD as a state that prioritizes family, safety, life, and the next generation https://t.co/Lcabtdq9cQ"
1213150168675213312,2020-01-03 17:28:34,"Safety is always our top priority, and this modernized approach to Capitol security will help us best serve the hundreds of kids and thousands of visitors who come to the Capitol every year. #KeepSDsafe https://t.co/XVu0RY060z"
1213127399195512833,2020-01-03 15:58:05,Some roads across the NE part of SD are seeing pretty rough conditions. Check 511 or https://t.co/3fLm1BaDes before you travel! #KeepSDsafe https://t.co/S7iPFhPGvB
1213105226938535938,2020-01-03 14:29:59,"RT @SDPublicSafety: The last thing we needed was more snow and while it is won't be much, driving conditions will be impacted in some areas…"
1212821969277739011,2020-01-02 19:44:25,"I hear @SecWilkie is returning to South Dakota on March 2nd to visit Hot Springs. I’ve been asking the secretary to come to the “Veterans Town” for months now and am THRILLED that he’s making it happen! Looking forward to having you back in SD, Sec. Wilkie!"
1212740516569403393,2020-01-02 14:20:45,RT @sddoe: Encourage high school seniors to apply for the Davis-Bahcall program by Jan. 27. (College freshmen also eligible) Participants s…
1212396642726531072,2020-01-01 15:34:19,Happy New Year! This last year as Governor of SD has been incredible. We’ve accomplished so much and have even MORE amazing things happening in 2020. SD showed the world what it’s made of in 2019… Let’s show them that this is just the beginning of making SD even stronger! 💪 💯 https://t.co/KFLWmDhqKX
