id,created_at,text
1247322737393020928,2020-04-07 00:38:09,"I’m more and more hopeful that Colorado’s stay-at-home can finally end on April 26, 2020, several days before the national goal of April 30th. It is important that you stay home whenever possible to stop the spread and wear a mask when you do go out. #COVID19Colorado https://t.co/gfMQR0bjPW"
1247322310547128320,2020-04-07 00:36:27,Watch my address to Colorado at https://t.co/G7D2p2ouTz or below https://t.co/S7TvKx9xMD
1247269577286758400,2020-04-06 21:06:55,Join me tonight at 6:30 for an address to the state on COVID-19 in Colorado. https://t.co/KYfrbPec1O
1246926716901011457,2020-04-05 22:24:30,"RT @CSP_News: Homemade DIY instructions don't explain how to make these for some reason... Mask up to keep yourself and others safe! 😷

@CS…"
1246926698739716096,2020-04-05 22:24:26,"RT @CDPHE: Colorado COVID-19 Case Summary for April 5:
4,950 cases 
924 hospitalized
54 counties
25,773 people tested
140 deaths 
37 outbre…"
1246649107164233728,2020-04-05 04:01:23,"RT @CSP_News: Following @GovofCO's recommendation, State Troopers will begin wearing masks while continuing to serve the public. We wear a…"
1246597168254910464,2020-04-05 00:35:00,"Be creative about your masks! Whether it’s an old t-shirt or a ski buff, I’d love to see what you come up with! Get creative! Just make sure it covers your mouth and nose if you go grocery shopping. 😷 #ColoradoMaskProject #DoingMyPartCO #COVID19Colorado https://t.co/Rm4JdWwzuY"
1246530022657024001,2020-04-04 20:08:11,RT @DORAColorado: DORA’s Public Utilities Commission and the Office of Consumer Counsel want you to be aware of scammers targeting utility…
1246530006601220096,2020-04-04 20:08:07,RT @COSecofState: COVID19’s impact on Co. has been widespread and its effects on the business community have been particularly profound. Ou…
1246260671630589954,2020-04-04 02:17:53,"RT @CSFDPIO: Keeping our community safe. Show us your masks...

#coloradomaskproject #DoingMyPartCO @GovofCO https://t.co/oYNp6GFXt4"
1246254324012814338,2020-04-04 01:52:39,RT @JoeStGeorge: Video: The Governor of Colorado asks all residents to wear cloth masks when out in public. #COVIDー19 https://t.co/wwDlGBEk…
1246253817861009408,2020-04-04 01:50:39,RT @SarahTuneberg: Putting some prized @LibertyLondon fabric to use. Thanks @CraftsmanandA @comaskproject for helping us create a culture o…
1246253748311089152,2020-04-04 01:50:22,"RT @jaredpolis: #coloradomaskproject 
Let’s wear masks, Colorado! Anything that covers your nose and mouth, and doesn’t get in the way of y…"
1246168212741357568,2020-04-03 20:10:29,RT @Meghan_Lopez: #breaking: @GovofCO is asking all Coloradoans to wear cloth coverings when they are going out of the house to do things l…
1246163269741502464,2020-04-03 19:50:50,I’m providing an update on the state’s response to COVID-19. Watch at https://t.co/moTrPmMiy4 or below ⤵️ https://t.co/JW8gzOBliS
1245738763445080065,2020-04-02 15:44:00,"RT @CDPHE: It's normal for people of all ages to feel worried, frustrated, or even angry, in the face of circumstances that change or feel…"
1245728664433463298,2020-04-02 15:03:52,"THIS! 🙌 Stay home, Colorado.

Thank you to @karshhagan for making these and sharing them! #DoingMyPartCO https://t.co/cNhIZxGc3D"
1245493041823014912,2020-04-01 23:27:35,"At this point of the COVID-19 crisis, masks and gloves equals lives. Ventilators equals lives. We will continue to work with new suppliers in the private sector until Colorado’s needs are met. #COVID19Colorado

➡️ Today's Presentation: https://t.co/TzwcgaKhMQ https://t.co/DFFyWq2yJP"
1245479193523007489,2020-04-01 22:32:34,"RT @CDPHE: This is not a vacation; it’s a pandemic. There are still an alarming number of people traveling to our mountain communities, put…"
1245476570740883462,2020-04-01 22:22:08,"RT @CDPHE: COVID-19 in Colorado Update:
-3,342 cases
-620 hospitalized
-18,645 people tested
-80 deaths 
-@GovofCO is extending school clos…"
1245426639749685248,2020-04-01 19:03:44,"RT @DenverChannel: Gov. Jared Polis is hosting a news conference to discuss the latest on the state’s response to the COVID-19 outbreak.

M…"
1245179294780805120,2020-04-01 02:40:52,RT @MarisitaMo: The @GovofCO is calling on DHS to automatically extend protections for Dreamers whose DACA expires in 2020. So many of us a…
1245177949269028864,2020-04-01 02:35:32,"RT @CDPHE: You can still enjoy the outdoors during the stay-at-home order, but please stay local. We need to protect our mountain communiti…"
1245177669185974274,2020-04-01 02:34:25,Thank you Rep. Mullica! https://t.co/kyl6o6eXog
1244999128003670016,2020-03-31 14:44:57,"RT @JeremyHubbard: My friend Bob and his team at @denvermattress are shifting gears. In just a couple days time, they figured out how to st…"
1244998373968498688,2020-03-31 14:41:57,RT @DenverChannel: Bailey woman helping her mountain community get groceries to protect those at risk from #COVID19. https://t.co/30Gk44IhK…
1244997663780524035,2020-03-31 14:39:08,"RT @COSAirport: We're happy to see that Colorado's #StayAtHome Order, including avoiding non-essential travel, is being taken seriously. Wh…"
1244997479122128899,2020-03-31 14:38:24,"⚠️STAY HOME ⚠️It is crucial that we all stay home whenever possible to avoid jeopardizing the health of our friends, family, and community. Let's work together by staying apart. #DoingMyPartCO https://t.co/Y4IAc2oxg6"
1244755724816642049,2020-03-30 22:37:45,"We will start to see the effects of the recent steps we’ve taken in the coming days &amp; weeks. In the near-term, it is crucial that we all stay home whenever possible. #COVID19Colorado

➡️ Today's slideshow: https://t.co/8EXFDZafd9
➡️ Press release: https://t.co/Cyo3HfIZ08 https://t.co/TitNegK5LW"
1244699703322836994,2020-03-30 18:55:09,"RT @DenverChannel: Colorado Gov. Jared Polis is providing an update on the state's response to COVID-19.

More updates: https://t.co/6qou0A…"
1244067125402238977,2020-03-29 01:01:31,"RT @COEmergency: Great news for Colorado today as a Major Disaster Declaration is awarded to the state.

Currently, the award provides fund…"
1244066907680059392,2020-03-29 01:00:39,"RT @dangibbsDNR: Disappointing. There will be more powder days for all of us, if we recreate close to home &amp; practice social distancing. As…"
1244064003137118210,2020-03-29 00:49:06,"Colorado is now eligible to receive additional federal resources to help address the global epidemic impacting our state, the nation, and the world. https://t.co/VcVRDa4XCw"
1243698703799431168,2020-03-28 00:37:32,"RT @CDPHE: .@GovofCO provides an update on the hard data. Here’s when we should feel the impact from some of Colorado’s efforts:
✅Cancellat…"
1243677718220177409,2020-03-27 23:14:09,"The data we put forth today shows that staying home is crucial to saving lives. These are not statistics on a page, these are your neighbors, your friends, and even your family members.

➡️ Slideshow: https://t.co/6PXQynu56Z 
➡️ Press Release: https://t.co/AL5qm609zc https://t.co/s8F7myJmsb"
1243649889424343041,2020-03-27 21:23:34,"RT @DenverChannel: Colorado Gov. Jared Polis is providing an update on the latest on the state’s response to the COVID-19 outbreak.

More u…"
1243599918888960000,2020-03-27 18:05:00,"Enjoy our outdoors but be responsible. This isn’t vacation time. By staying in your neighborhood or your region, you can help reduce the risk of transmission to our rural and gateway communities. #DoingMyPartCO #COVID19Colorado https://t.co/L59LRWKDut"
1243528196181520387,2020-03-27 13:20:00,💙💙💙 #DoingMyPartCO https://t.co/bdRZMKa55s
1243388042695462912,2020-03-27 04:03:05,Be like Nolan💜 #DoingMyPartCO https://t.co/RlTqEE1EDi
1243321005117804545,2020-03-26 23:36:42,"RT @CDPHE: Wondering what's still open during Colorado's stay-at-home order? Critical businesses – like grocery stores, hospitals &amp; emergen…"
1243320894509834240,2020-03-26 23:36:15,RT @CDPHE: The stay-at-home order is intended to minimize contact between people and potentially contaminated surfaces. These actions are e…
1243210229711396865,2020-03-26 16:16:31,"RT @Broncos: ""Year after year, Coloradans have supported our Denver Broncos, and today I am beyond proud to thank the Denver Broncos for th…"
1243210215861837824,2020-03-26 16:16:27,"RT @Broncos: Following the Broncos' $500,000 donation to the Colorado COVID-19 Relief Fund, GM John Elway is personally donating $50,000 to…"
1243145927356891136,2020-03-26 12:01:00,"The lives of many Coloradans hinges on your ability to be able to stay at home. #DoingMyPartCO

Read more here: https://t.co/9Czlvq3q7E https://t.co/JV3EzNnl0i"
1242943191394877441,2020-03-25 22:35:24,"I’ve announced an emergency, temporary Stay at Home Order for Colorado starting Thursday, March 26.  #COVID19Colorado https://t.co/PifPmbaVnc"
1242942857498906625,2020-03-25 22:34:04,"RT @CDPHE: .@GovofCO announces am emergency, temporary Stay at Home Order for Colorado starting tomorrow, March 26, at 6 a.m. 

""Now is the…"
1242941833153400832,2020-03-25 22:30:00,"I’m here at the Emergency Operations Center in Centennial to announce an emergency, temporary Stay at Home Order for Colorado starting Thursday and provide an update on the state’s response to COVID-19. 

Watch at https://t.co/HVr24Gjw5J or below ⬇️ https://t.co/J9MsaYHiP7"
1242938412794966016,2020-03-25 22:16:24,RT @CDPHE: Introducing #DoingMyPartCO Bingo to give you some ideas for safe social distancing. What have been some of your strategies? http…
1242884983884107776,2020-03-25 18:44:06,"RT @ColoradoEcoDevo: Get COVID-19 email updates specifically for the business community straight to your inbox. 📩

Sign up now: https://t.c…"
1242884681273462785,2020-03-25 18:42:54,"RT @ColoradoEcoDevo: Need support understanding all of the #COVID19 resources and how to apply them to your business?

300+ trained @Colora…"
1242884239281905664,2020-03-25 18:41:08,RT @ColoradoOGCC: DNR Exec Director and COGCC Commission Chair Dan Gibbs is providing the March Commission an update on how DNR is supporti…
1242640609292226560,2020-03-25 02:33:03,"RT @CDPHE: Colorado nears 1,000 cases. Here is today's COVID-19 case summary for the state:
912 cases (+192)
84 hospitalized (+12)
35 count…"
1242230996423962624,2020-03-23 23:25:23,Social distancing is the best tool we have to slow the spread of COVID-19. Let’s work together. #DoingMyPartCO #COVID19Colorado https://t.co/lWHNgUUrVp
1241919204858740738,2020-03-23 02:46:26,RT @lionelbienvenu: we are standing with @GovofCO and working from home. @nick_rothschild @sportsdenver @TroyRenck ready to go. @DenverChan…
1241913814607515648,2020-03-23 02:25:01,"Today I issued an executive order that requires non-critical workplaces to reduce their in-person workforce by 50 percent to slow the spread of COVID-19. #COVID19Colorado 

More: https://t.co/9ymvmmAFLs https://t.co/oaPMnkbmrE"
1241870657991909377,2020-03-22 23:33:32,"RT @Matt_Kroschel: ALL of us need to obey #SocialDistancing these summit county first responders are getting creative. 
#DoingMyPartCO http…"
1241867205228343296,2020-03-22 23:19:49,RT @CDPHE: NOW: @GovofCO announces an order that requires non-critical workplaces in Colorado to reduce their in-person workforce by 50%. #…
1241866872368377857,2020-03-22 23:18:29,RT @CityofDenver: .@GovofCO is currently announcing an order that requires non-critical workplaces in Colorado to reduce their in-person wo…
1241865367300886528,2020-03-22 23:12:30,I’m announcing an order that requires non-critical workplaces in Colorado to reduce their in-person workforce by 50% due to the presence of COVID-19 in our state. Watch live at https://t.co/moTrPmMiy4 or below ⬇️ https://t.co/bGBMG3wAsr
1241120097135030273,2020-03-20 21:51:04,RT @CSP_News: Did you know that you can use mild soap or dish detergent to break down the fatty layer that holds the COVID-19 virus togethe…
1241119890049650688,2020-03-20 21:50:15,"RT @COLocalAffairs: Thanks @ColoradoEcoDevo! @GovofCO, DOLA is #DoingMyPartCO by making sure local governments know their small businesses…"
1241119640719224832,2020-03-20 21:49:15,RT @WalshCBS4: Dropped off #toiletpaper and a treat for a friend in need. #coronavirus #coronaviruscolorado #DoingMyPartCO 🧻🧻🧻🍫 https://t.c…
1241119588391088128,2020-03-20 21:49:03,RT @AlexRoseNews: Trying to buy local as much as I can. Our neighbors need us. Go pick up a meal curbside today. #DoingMyPartCO @KDVR https…
1241119443977007104,2020-03-20 21:48:28,"RT @ColoradoEcoDevo: Hey @GovofCO! OEDIT is #DoingMyPartCO to slow the spread of COVID-19.

✔️ Working remotely when possible
✔️ Having all…"
1241047876702068737,2020-03-20 17:04:06,I’m providing an update on what my administration is doing to help Coloradans in the short term while ensuring that we can stabilize and grow our economy. Watch it at https://t.co/HVr24Gjw5J or below ⬇️ https://t.co/hd1G7iHCyo
1241021503342120961,2020-03-20 15:19:18,I’m so proud to be a Coloradan. We support each other when things get tough. Thank you to these businesses for making sure our seniors are taken care of. https://t.co/u4X9vwu6EH
1241021365164990465,2020-03-20 15:18:45,Estoy muy orgulloso de ser un coloradense. Aquí nos apoyamos mutuamente cuando las cosas se ponen difíciles. Gracias a estas empresas por proteger a nuestras personas mayores. https://t.co/bmpFA0VRgh
1240793044296683520,2020-03-20 00:11:29,"RT @C4HCO: Because of #COVID19, we just announced a new Special Enrollment period that starts Friday, March 20 &amp; ends Friday, April 3. Colo…"
1240792799869452288,2020-03-20 00:10:30,"Uninsured Coloradans can enroll in individual health insurance plans from March 20 through April 3, 2020. Coverage will begin on April 1. Only people who are currently uninsured are eligible to enroll.

More: https://t.co/AJDfuT2LOA https://t.co/60zxKcP9pb"
1240780088116944896,2020-03-19 23:20:00,"Continuamos tomando medidas audaces y rápidas para proteger la salud y la seguridad de los habitantes de Colorado y minimizar la duración de la crisis. Juntos, superaremos esto. https://t.co/DrKpTnxMEB"
1240771873635332096,2020-03-19 22:47:21,"We continue to take action to protect the health and safety of Coloradans. Today’s public health order will close nonessential personal service facilities such as hair and nail salons, spas, and tattoo parlors. 

More: https://t.co/AJDfuT2LOA https://t.co/KeF6qPuzON"
1240716540887986176,2020-03-19 19:07:29,RT @ColoradoEcoDevo: Colorado small businesses impacted by #COVID19 can seek individual small business loans up to $2M as part of the @SBAg…
1240663208139997184,2020-03-19 15:35:33,"We have taken new actions to protect the health &amp; safety of all Coloradans. We are in this together &amp; the state is taking the necessary actions to slow the spread of this disease, save lives, &amp; reduce the severity &amp; duration of the economic difficulties.

https://t.co/rvNlAmmjGr https://t.co/6bWl5iDriQ"
1240376599310036992,2020-03-18 20:36:41,"RT @CSP_News: We are all Colorado Strong, and that has always meant helping one another.  Looking for a way to do that?  Please visit: http…"
1240376388068077568,2020-03-18 20:35:50,"RT @VitalantCO: Thank you, @GovofCO for mentioning the need for blood donations. As appointments fill, donors are encouraged to schedule fu…"
1240352764749742081,2020-03-18 19:01:58,"I’m proud to announce the Help Colorado Now effort where Coloradans can donate or volunteer to the Colorado COVID Relief Fund to help Coloradans impacted by the coronavirus. 

Website: https://t.co/mSEckUE2L9
Press Release: https://t.co/YHABtMagkM https://t.co/X616ZAXWHx"
1240347086874243072,2020-03-18 18:39:24,RT @Broncos: “I want to thank the Denver Broncos. … [we need] to have those resources to meet that very real need and very real pain that p…
1240347011120910336,2020-03-18 18:39:06,RT @ColoradoEcoDevo: All 64 Colorado counties have been advanced by @GovofCO for inclusion in the @SBAgov Economic Injury Disaster Loan Pro…
1240336902651138049,2020-03-18 17:58:56,"RT @CityofDenver: During his announcement today, @GovofCO mentioned that people were having more success with the @ColoradoLabor unemployme…"
1240333343620661248,2020-03-18 17:44:48,"RT @DenverChannel: Gov. Polis announced a central website, Help Colorado Now, for anyone looking to volunteer or donate to the coronavirus…"
1240327193437163520,2020-03-18 17:20:21,RT @JoeStGeorge: New: @GovofCO convening task force to make sure first responders and medical personnel and workers in heath facilities....…
1240327007516233730,2020-03-18 17:19:37,RT @Jhelmuth: @GovofCO announces https://t.co/4lRK3X1DcM: a relief fund to help anyone struggling and or who have lost their jobs during th…
1240326807649316864,2020-03-18 17:18:49,RT @BrianDenver7: .@GovofCO Jared Polis announces Colorado COVID-19 Impact Fund (https://t.co/BPCXESc1qe). Donation and volunteer opportuni…
1240324518326853632,2020-03-18 17:09:43,"RT @DenverChannel: Colorado Gov. Jared Polis is providing an update on Colorado’s response to COVID-19.

Latest updates: https://t.co/LsMzL…"
1240312796480327687,2020-03-18 16:23:09,RT @coloradoan: It was hard to get the newshounds to sit still for a photo but the @coloradoan team is #DoingMyPartCO by working tirelessly…
1240312716763344897,2020-03-18 16:22:50,I’m going to be providing an update on COVID-19 relief efforts and how you can help our fellow Coloradans as soon as The White House briefing wraps up. Watch live at https://t.co/HVr24Gjw5J #DoingMyPartCO
1240282944620527617,2020-03-18 14:24:31,I love seeing all the ways Coloradans are helping stop the spread of COVID-19 in our state. Keep them coming! #DoingMyPartCO https://t.co/LtQcLrIZSH
1240282874881781762,2020-03-18 14:24:15,RT @SamBoik: When I still wanna take a #FOXfam photo but we’re practicing #socialdistancing! Good thing our @KDVR studio is gigantic! 😉 #Do…
1240113168463958017,2020-03-18 03:09:54,I urge the federal government to quickly approve our loan application so we can provide relief to the state’s small business community during this global pandemic. (2/2)
1240113164911390720,2020-03-18 03:09:53,Today I sent a letter to the Small Business Administration (SBA) for federal funding in order to provide relief for Colorado’s small businesses dealing with the impacts of COVID-19. (1/2) https://t.co/R9wjnMWWZd
1240101618185469953,2020-03-18 02:24:00,RT @DHSEM: #DoingMyPartCO Our State Emergency Operations Center is in full swing ensuring @GovofCO statewide #COVID19 response is being coo…
1240100887185379330,2020-03-18 02:21:06,RT @AlexRoseNews: I never thought I could do my job from home. Today I proved myself wrong. Working a couple #COVID19colorado stories tonig…
1240100558804934657,2020-03-18 02:19:47,RT @ricksallinger: Our family decided to support a local restaurant tonight with carry out from Cafe Jordano. Delicious!#DoingMyPartCO http…
1240100066276171776,2020-03-18 02:17:50,"RT @codepted: News Release - CDE announces pause on 2019-20 state assessments, accountability. #edcolo 

https://t.co/DvmHHqC8rC https://t.…"
1240055704750194688,2020-03-17 23:21:33,"COVID-19 UPDATE: Today the state has launched https://t.co/N8krzdSGA7 where data on the latest information will be posted daily around 4 PM. As of tonight, we have 183 cases in 19 counties across our state. https://t.co/bXpfXcsKDm"
1239997284936339456,2020-03-17 19:29:25,"RT @CDPHE: DYK? Isolation and quarantine are two very DIFFERENT things. 
🔵Isolation is for people who are already sick. 
🔵Quarantine is for…"
1239982174134099968,2020-03-17 18:29:22,RT @Dr_Rob_Anderson: BVSD Food Distribution underway.  We have already served over 200 families at Alicia Sanchez ES.  Thanks you to our fo…
1239982119184547841,2020-03-17 18:29:09,"RT @Adams12: We’re serving free Grab N’ Go meals at our five high school sites until 1:30 p.m today for children, ages 1 to 18, regardless…"
1239982029258682368,2020-03-17 18:28:48,RT @LizGelardi: St. Patrick’s Day is usually the busiest day of the year for the Irish Snug on Colfax. It’s sad to see the bar empty but so…
1239981248656732160,2020-03-17 18:25:42,"Looking for things to do that don’t involve being around large groups of people? Luckily, we live in the best state in the country with great weather year-round. Here are a few suggestions if you’re looking to get outside, but still keep our communities safe. #DoingMyPartCO https://t.co/sRSdr6O8Y4"
1239920055397187586,2020-03-17 14:22:32,"RT @Matt_Kroschel: I’m a member of the local backyard chicken fan club on Facebook and someone realized with the shutdown, there are baby c…"
1239917562864889856,2020-03-17 14:12:38,"RT @LDahlkemper: An extra-shout out to @JeffcoSchoolsCo teachers, IT staff, administrators and others who launched district-wide remote lea…"
1239917343565733889,2020-03-17 14:11:45,"It takes every Coloradan to stop the spread of COVID-19. Help spread the word and share this to your profile if you’re doing your part.

Thank you to everyone who is paying attention, following guidance, and putting the health of ourselves and our community first. #DoingMyPartCO https://t.co/UfUp703QYK"
1239916656287076360,2020-03-17 14:09:02,RT @HeidiHenkel: #DoingMyPartCO by having city council meetings in @broomfield via teleconference and donating to disaster relief at the Br…
1239916363168116737,2020-03-17 14:07:52,"RT @JeremyHubbard: For the first time ever, I just reported live from my bedroom.  And I will be for a few days. Here’s why: #DoingMyPartCO…"
1239747131730087941,2020-03-17 02:55:24,RT @SteveStaeger: Enjoying a Colorado craft beer (@nibrewing in a @LoneTreeBrewing glass) on my patio while dinner is in the oven. Social d…
1239745804786479104,2020-03-17 02:50:07,RT @blairmiller: I’m #DoingMyPartCO by having our digital team work from home to increase social distance but to keep Coloradans updated on…
1239745538322358272,2020-03-17 02:49:04,"RT @KellyCBS4: Even though our newsroom is basically empty, @karenleightv heard @GovofCO’s message to help one another...so she is ‘doing h…"
1239717508463988736,2020-03-17 00:57:41,"RT @SenadoraJulie: 1/ Thanks for tagging me, @GovofCO!  #DoingMyPartCO is our way of stopping the spread of #covid19 in Colorado. I’m stayi…"
1239717017638203393,2020-03-17 00:55:44,RT @KyleClark: #DoingMyPartCO by getting gift certificates to my favorite local small businesses so they'll have cash now and we'll be sure…
1239712361386131457,2020-03-17 00:37:14,Details on today’s public health order in Colorado. https://t.co/S3C7b4RuwJ
1239707158729515009,2020-03-17 00:16:33,"RT @CBS4Tim: I posted this thread earlier today about some of the measures we’re taking here at @CBSDenver, and provided live coverage of y…"
1239705149313929216,2020-03-17 00:08:34,"RT @CUBoulder: Sure, singing the ""Twinkle Twinkle Little Star"" is good, but we have a better song idea for the proper 20 seconds it takes t…"
1239704828676210688,2020-03-17 00:07:18,#DoingMyPartCO https://t.co/aSn4dwj5Fw
1239704448810618880,2020-03-17 00:05:47,RT @CDPHE: .@GovofCO announces #DoingMyPartCO to share what people are doing during these challenging times -- so we can get through this a…
1239704283177603073,2020-03-17 00:05:08,"RT @EvanKruegel: Social Distancing. 

#DoingMyPartCO https://t.co/KMenPRaQES"
1239704137039671296,2020-03-17 00:04:33,"RT @CSP_News: #SocialDistancing to help prevent the spread of #COVID19colorado is how I’m #DoingMyPartCO. Be prepared, not panicked. https:…"
1239702869734854657,2020-03-16 23:59:31,"RT @DenverChannel: Gov. Jared Polis is giving an update on the state’s response to coronavirus. 29 new COVID-19 cases were reported today,…"
1239702369534799872,2020-03-16 23:57:32,#DoingMyPartCO https://t.co/nGcerRS78Q
1239702218447568897,2020-03-16 23:56:56,"#DoingMyPartCO is our way of stopping the spread of COVID-19 in Colorado. I’m doing a conference call in my office instead of meeting in person. What are YOU doing to stop the spread? 

I challenge @KyleClark @JoeStGeorge @blairmiller @CBS4Tim https://t.co/TDvXSvFwkV"
1239303470982692864,2020-03-15 21:32:27,"RT @CDPHE: UPDATE: Anyone who has been in Eagle, Summit, Pitkin, or Gunnison counties in the past week should minimize all contact with oth…"
1239283626174369795,2020-03-15 20:13:35,"COVID-19 COLORADO: @CDPHE confirms that the total number of positive cases of COVID-19 in Colorado to date is now at 131. The state lab has completed test results on 758 people since they started testing on Feb. 28. 

Track the latest: https://t.co/FKTsOs58uC https://t.co/ClLslmcwI8"
1238964928792244224,2020-03-14 23:07:12,My statement on Vail Resorts suspending operations at their resorts beginning March 15 until March 22 in response to COVID-19. https://t.co/AMOhHZ8MlS
1238873141264318464,2020-03-14 17:02:28,"I stopped by our drive-up COVID-19 testing site at Denver Coliseum this morning to thank the state workers &amp; national guard who make this possible! Beginning today, this site is supported by the @CONG1860 to enable our @CDPHE to stand up additional mobile testing in other areas. https://t.co/r0ydXhnydO"
1238669164312539136,2020-03-14 03:31:56,"Last week, I declared a state of emergency in Colorado to help us fight the COVID-19 pandemic. Since then, we’ve taken a number of actions in Colorado, including the following: https://t.co/oDTJ1o7hCU"
1238569855055323136,2020-03-13 20:57:19,It is a sad day as we learn a Coloradan has died from COVID-19. Our hearts go out to her family and friends. https://t.co/wOTyfW1rrB
1238497102046449669,2020-03-13 16:08:13,RT @coloradogov: @GovofCO and public health and safety officials will provide an update on the state's response to COVID-19 at 10:30AM (NOT…
1238246217227919361,2020-03-12 23:31:18,"COVID-19: As of tonight, we have 49 presumptive positive cases of COVID-19 in Colorado, which includes one indeterminate case that public health is treating as a presumptive positive. More than 400 people have been tested so far.

Track the latest: https://t.co/FKTsOsmJTc https://t.co/ijsh5uy0sH"
1238226041836994561,2020-03-12 22:11:08,"As many people start to get sick with the flu and COVID-19 spreads, here's a look comparing the symptoms between COVID-19 (coronavirus) and the flu. https://t.co/LiBOfOkodh"
1238180482426138624,2020-03-12 19:10:05,"The @CDPHE drive-up lab in Lowry is experiencing high volume. The line will be closed today and those in line already will have priority for tomorrow. 
@9NEWS @DenverChannel @KDVR @CBSDenver @denverpost https://t.co/NFjwsBq8s8"
1238147843681968128,2020-03-12 17:00:24,RT @CDPHE: The wait time at the COVID-19 drive-thru testing center in Lowry is 3-4 hours. Lab hours of operations are 10-2pm. Please rememb…
1238112531350081536,2020-03-12 14:40:05,"As we ramp up the testing for COVID-19 in Colorado, the testing criteria for has been updated and expanded. 

More on who can be tested here: https://t.co/rY4X6GuJBm https://t.co/7UVbpESFqa"
1237943614065397760,2020-03-12 03:28:52,"COVID-19: As of tonight, we have a total of 33 presumptive and 1 indeterminate but treated as positive cases of COVID-19 in Colorado, according to the latest testing from the @CDPHE state lab.

Here's where the cases are.

Track the latest ➡️ https://t.co/FKTsOs58uC https://t.co/J3DR1Xa3eV"
1237925515178029056,2020-03-12 02:16:57,"I'm urging all Coloradans to exercise personal responsibility to protect public health, especially vulnerable populations like older Coloradans &amp; those with underlying health conditions.

Additional measures we’re taking to address the spread of COVID-19: https://t.co/ArnftQHxkd https://t.co/XqU6GHb2ps"
1237861392092299265,2020-03-11 22:02:08,"RT @CDPHE: UPDATE: CDPHE confirmed six new presumptive positive cases in Pitkin County, bringing the total number of presumptive positive c…"
1237821780527587328,2020-03-11 19:24:44,"RT @CDPHE: #COVID19colorado Update: 
🔴10 NEW presumptive positive cases.
🔴27 TOTAL cases, with one indeterminate.
🔴Reason to suspect limite…"
1237818232721027072,2020-03-11 19:10:38,"The state lab has run tests on approximately 300 people in Colorado since testing started on February 28.

I will be holding a press conference at 5 p.m. tonight to provide more details. (2/2)"
1237818230552567808,2020-03-11 19:10:38,UPDATE: There are 10 additional confirmed cases of COVID-19 (#Coronavirus) in Colorado based on overnight testing results. This brings the total to 27 with 1 indeterminate but treated as positive. (1/2) https://t.co/pCJsxVgBR3
1237785367115231232,2020-03-11 17:00:03,RT @CNNnewsroom: A drive-up testing lab where patients with a doctor’s note can get tested for coronavirus is set to open in Denver. “This…
1237783989051510784,2020-03-11 16:54:34,".@CDPHE has opened up the state’s first drive-up testing center at the State Lab in Denver. 

What you need to know: 
➡️8100 E. Lowry Blvd, Denver, CO 80230
➡️10 AM - 2 PM Wednesday - Friday
➡️Must have doctor’s order and photo ID
➡️Testing is free

MORE: https://t.co/U3clEWF7m5 https://t.co/idjxb7mCcc"
1237517939173023745,2020-03-10 23:17:23,"RT @COEmergency: Today @GovofCO declared a state of emergency at 9:30 a.m.  The state of emergency provides:
-access to resources
-legal fl…"
1237461134065590272,2020-03-10 19:31:39,"In order to contain the spread of COVID-19, protect our most vulnerable populations, and maximize our chances of avoiding widespread disruptions to the daily lives of Coloradans and to our economy, I am declaring a state of emergency here in CO.

More: https://t.co/MWycIn3FID https://t.co/YHtrOuNBYC"
1237386697446436864,2020-03-10 14:35:52,"I will be joined by public health and safety officials to make an important announcement this morning related to COVID-19 in Colorado at 9:45 this morning. 

Watch live on my Facebook page: https://t.co/fiQ8Zcsagp https://t.co/QpcmV0QfQx"
1237219124675260416,2020-03-10 03:30:00,"I enjoyed meeting with Colorado small business owners today. I enjoyed the delicious food at The Nile Ethiopian Restaurant while discussing opportunities, challenges and success stories. https://t.co/ONvcB57myD"
1237210478234849280,2020-03-10 02:55:38,Thank you to @AuroraMayorMike and the Aurora City Council for having me today and discussing how the state can be a partner with the city of Aurora. https://t.co/KXw99GZAao
1237205839389184004,2020-03-10 02:37:12,"COVID-19 COLORADO UPDATE: An Arapahoe County woman, 30’s with international travel history has tested positive for COVID-19. That brings the total number of cases in our state to 12 presumptive and 1 indeterminate but treated as positive. https://t.co/yZnsI8YbF4"
1237166824275443712,2020-03-10 00:02:11,There’s a lot that goes into those signs you see along Colorado highways. Today I toured @ColoradoDOT’s Aurora campus and met the hard-working men and women who make those signs (and even helped out a little bit myself!) 🚗 https://t.co/9nY767hM5S
1237145136275943424,2020-03-09 22:36:00,"The number one question I get is what Coloradans can do to protect themselves and keep safe from COVID-19. 

Here is what you can do.

Share this with your friends and family to help stop the spread of COVID-19. 
Latest: https://t.co/FKTsOs58uC https://t.co/nlDF7IbqvZ"
1237144884945072129,2020-03-09 22:35:00,La semana pasada anuncie la confirmación del primer caso en nuestro estado del virus COVID-19  conocido como el coronavirus. La pregunta que más recibo es qué pueden hacer los residentes de nuestro estado para protegerse y mantenerse saludable. Esto es lo que ustedes pueden hacer https://t.co/ymDO6PyslV
1237139424317542400,2020-03-09 22:13:18,"2 NEW COVID-19 CASES: 2 more people have tested positive for COVID-19 in CO, based on 21 tests completed between 10 am &amp; 2:30 pm today. Additionally, there was one case that did not provide conclusive results. @CDPHE will treat it as positive until we receive conclusive results. https://t.co/PtNn8TIqa6"
1237083864398319617,2020-03-09 18:32:31,"RT @CDPHE: @GovofCO Continue to stay up to date by visiting: https://t.co/xr1BYK2OCH

Facts for Coloradans: https://t.co/cRRNY4rS1u

COVID-…"
1237066980877729796,2020-03-09 17:25:26,"The patient is a female in her 50s from Larimer County who has been diagnosed with pneumonia. CDPHE and local health agencies are working to gather more information, and contact any individuals who have had close contact with the patient. The investigation is ongoing."
1237066979313254407,2020-03-09 17:25:26,COVID-19 COLORADO UPDATE: ONE additional person has tested positive for COVID-19. That brings the statewide total to 9. The @CDPHE lab completed 20 tests overnight. https://t.co/Mxadw7PIJM
1237044108872388608,2020-03-09 15:54:33,"*If you have insurance coverage from your employer and your employer is self-insured, please contact your employer to see what coverages May apply. This order applies to insurance companies that the state has regulatory authority over.

Read more: https://t.co/0VrdDfNPay"
1237044106313883650,2020-03-09 15:54:32,"I have instructed that insurance companies make COVID-19 testing free. This important step will help ensure cost barriers do not stand in the way of people getting tested. 

Read more: https://t.co/0VrdDfNPay https://t.co/9JdaVZw7ai"
1236792414691422208,2020-03-08 23:14:24,"We are also monitoring a confirmed COVID-19 case in Australia with ties to the Aspen community. One woman in her 20s who was visiting Aspen returned home to Australia earlier this week, where she tested positive for COVID-19. 

More here: https://t.co/AgLLcbRJYb"
1236792413051432960,2020-03-08 23:14:24,"COVID-19 COLORADO UPDATE: The @CDPHE state lab identified no new presumptive positive cases of COVID-19 (coronavirus) in Colorado on Sunday, March 8. From 5 p.m. last night to 4 p.m. today, the state completed 39 tests. The number of confirmed cases in the state remains at 8. https://t.co/cW6DcEJVHe"
1236459146632818689,2020-03-08 01:10:07,"COVID-19 COLORADO UPDATE: Out of 44 tests today, The @CDPHE state lab identified no new presumptive positive cases of COVID-19 (coronavirus) in Colorado on Saturday, March 7. The number of confirmed cases in the state remains at 8.

Latest: https://t.co/jUJ2svcXNL https://t.co/29kO4fgVaI"
1236138087396204544,2020-03-07 03:54:21,"We're monitoring all the COVID-19 cases in CO. You can help prevent the spread.

🔴 If you're sick, stay home
🔴 Wash your hands with soap often
🔴 Cover when you sneeze/cough
🔴 Don't touch your eyes/face
🔴 Make a plan in case you need to isolate

➡️ https://t.co/FKTsOs58uC"
1236091654123085824,2020-03-07 00:49:50,"There are now 8 people in CO that have tested positive for COVID-19, with at least 5 of the cases having an international travel history. The state is coordinating with the Centers for Disease Control and Prevention on flights that may have had a COVID-19 case.  

What we know: https://t.co/iCYyal2Y6y"
1235993573423751168,2020-03-06 18:20:06,"Outdoor recreation in Colorado is not only part of our way of life, but also a crucial part of our economy. Thank you Good Vibes Rafting in Craig for showing me your one-of-a-kind gear and supporting great jobs in the area!🚣‍♂️  #copolitics https://t.co/raxOcZSBs9"
1235969686166278144,2020-03-06 16:45:11,Our local leaders across the state know the needs of their communities best. It was great to sit down with Glenwood Springs Mayor and City Council to discuss the bright future for the Roaring Fork Valley! #copolitics https://t.co/fczdkowX3h
1235962992799420417,2020-03-06 16:18:35,"I am thrilled to see the state help make this collaborative project in Glenwood Springs come to fruition that will provide:
🏠 Affordable housing
🚔 A new home for @cdot and @csp 
💰Low cost green energy https://t.co/kTAsl0uxXL"
1235960261040689152,2020-03-06 16:07:43,"I am thrilled to see the state help make this collaborative project in Glenwood Springs come to fruition that will provide:
🏠 Affordable housing
🚔 A new home for @ColoradoDOT and @CSP_News 
💰Low-cost green energy https://t.co/T1aZWHuQIM"
1235781975769853953,2020-03-06 04:19:17,"CORONAVIRUS UPDATE: Today we announced Colorado’s first presumptive case of COVID-19, as well as a subsequent second case. The cases are unrelated. Here’s what we know so far. 

More here: https://t.co/X3URO04nss https://t.co/YJgcZcXxMf"
1235718192384761857,2020-03-06 00:05:50,"CORONAVIRUS IN COLORADO: I’m joined by state health professionals to provide an update on the first presumptive positive case of COVID-19 (coronavirus) in Colorado.

WATCH LIVE: https://t.co/7L0oyWzPVQ"
1235700741316268033,2020-03-05 22:56:29,"#BREAKING: We have learned of the first presumptive positive case of COVID-19 (coronavirus) in Colorado. 

We are diligently managing this situation and will be holding a press conference to update Coloradans with the latest at 4:45. You can watch it live on my Facebook page. https://t.co/D75zji8RBx"
1234988717850234880,2020-03-03 23:47:09,"Today I was joined by state health and public safety officials discussed how Colorado is preparing for COVID-19. There aren’t currently any diagnosed cases in Colorado.

Press Release: https://t.co/DBYl5nyXNA
Watch the Press Conference: https://t.co/NgdJijDYtv https://t.co/aUReMXdV2G"
1234897649607663616,2020-03-03 17:45:17,RIGHT NOW: I’m joined by Colorado health officials to provide an update on how we’re preparing for coronavirus. It’s important to remember there are no confirmed cases in Colorado. Watch live on my Facebook page: https://t.co/frfhskxosE
1234853079608066049,2020-03-03 14:48:11,"🚨IT’S SUPER TUESDAY🚨Don’t forget to fill out your ballot for the Super Tuesday primary and drop it off at a ballot box or polling place by 7 PM. No matter who you vote for in the Republican or Democratic presidential primary, it’s just important that you vote! 🇺🇸 https://t.co/A7zItKnjA3"
1233436623917867009,2020-02-28 16:59:41,RT @allie_kimmel: @GovofCO had a blast visiting with @adams14schools culinary champions w/ @domoreno this morning! Thanks for an awesome (a…
1233436139094044672,2020-02-28 16:57:46,RT @LtGovofCO: Our efforts to lower health care costs for Coloradans doesn’t end with the work we’ve done over the last year! I’m proud to…
1233146889723232256,2020-02-27 21:48:23,"As long as the sky-high cost of health care continues to be a point of anxiety for Coloradans, saving people money on health care will be a priority for our administration."
1233146888242642944,2020-02-27 21:48:23,"We’re proud of what we’ve accomplished over the last year in partnership with Republican and Democratic legislators to help save Coloradans money on health care, but there’s more work to do. 

MORE: https://t.co/C0ftQtN97y https://t.co/lcXr9p3Acc"
1233146884950118400,2020-02-27 21:48:22,"Today @LtGovofCO Primavera and I released an updated 2020 Roadmap to Saving Coloradans Money on Health Care to reflect the progress made over the last year to lower health care costs for Coloradans. 

READ MORE: https://t.co/C0ftQtN97y https://t.co/WjvxvpsXA7"
1230532595030487047,2020-02-20 16:40:07,Congratulations to @annetrujillo7 on 35 years at @DenverChannel! A true pioneer in the journalism industry and we’re lucky to have her covering the news here in Colorado. I always appreciate talking to her whether it’s on Politics Unplugged or talking Pueblo vs. Hatch chile. https://t.co/wEFwHaEtoD
1230523882169229312,2020-02-20 16:05:30,It’s #LoveYourPetDay! Gia loves using me as a headrest! It’s one of my favorite things. I’d love to see photos of your furry friends! 🐶🐱 https://t.co/sa9oapbI82
1230201001971343360,2020-02-19 18:42:29,"RT @LtGovofCO: Last session, we made progress on managing costs, and we need to do more — from getting a handle on prescription drug prices…"
1229971129575460864,2020-02-19 03:29:03,"RT @WillToor: Commentary: @GovofCO speaks out on a cleaner and more prosperous Colorado:
https://t.co/9AVVUGyXwn"
1229903564937424896,2020-02-18 23:00:35,RT @TheresaSzczurek: Learn how State of #Colorado @OITColorado and @GovofCO are attracting tech talent through the Colorado Digital Service…
1226969723340050435,2020-02-10 20:42:32,"RT @Nature_Colorado: But first, let me take a #selfie. 

The mischievious Crazy French bears are at it again and conducted their own game c…"
1226969653689405441,2020-02-10 20:42:16,"RT @carolinegleich: Thank you @GovofCO for declaring January 31 Colorado Climate Action Day to commemorate our climate rally. 
#ClimateRall…"
1226291334325030914,2020-02-08 23:46:52,RT @GrayDCnews: Colorado's @GovofCO wants to find ways to lower healthcare costs for Coloradans and Americans as a whole.  This is just one…
1226290794513883136,2020-02-08 23:44:43,RT @ColoradoDOT: Mother Nature isn't done yet! Another storm will bring moderate to heavy snow along I-70 this evening. Expect wind gusts a…
1226234448305250304,2020-02-08 20:00:49,"RT @NWSBoulder: Roads are mostly clear this afternoon but will refreeze after sunset, then snow overnight and Sunday to snarl ski country t…"
1226229709089886208,2020-02-08 19:41:59,"Captain America selfie! 🙌 Thanks for having me, @ChrisEvans! https://t.co/nfpIzQmVrH"
1225888065664606208,2020-02-07 21:04:25,"RT @KFF: Q from audience about how insurers are responding to public option.

@GovofCO: ""Insurers can be part of the public option solution…"
1225887752949886976,2020-02-07 21:03:10,"It was great to join my friend @GovInslee &amp; @KFF to discuss ways to save people money on health care. Colorado leaders like @KerryDonovanSD5, @Dylan_RobertsCO and state lawmakers are working on solutions like the #publicoption!#KFFLive https://t.co/nFtlYVU6hp"
1225870455623446528,2020-02-07 19:54:26,RT @KFF: HAPPENING NOW: @GovInslee @GovofCO discuss their states’ efforts to establish a #publicoption and make other changes to address he…
1225841869990445056,2020-02-07 18:00:51,RT @KFF: TODAY: @DrewAltman moderates a conversation with @GovInslee @GovofCO about their states’ efforts to establish a #PublicOption and…
1225805749692928000,2020-02-07 15:37:19,RT @ColoradoDOT: I-70 mountain conditions remain extreme—see this video just taken at the Eisenhower Tunnel. Expect long delays and closure…
1225802602748633088,2020-02-07 15:24:49,"RT @NWSBoulder: Heavy snow, strong winds &amp; white-out conditions in the mountains. Travel will be difficult to impossible at times.  Narrow…"
1225802511379943424,2020-02-07 15:24:27,"RT @NWSBoulder: Heavy snow will continue in the mountains thru the day with difficult to impossible travel. As a result, several roads in t…"
1225802018192625664,2020-02-07 15:22:30,Great meeting with my old colleagues in Congress today to discuss how we have been saving Coloradans money on health care! https://t.co/lDxpxuYxb6
1225534938990157833,2020-02-06 21:41:13,"❄️ Be careful if you’re traveling in the mountains! ❄️ Large amounts of snow are expected and travel conditions are expected to worsen. @ColoradoDOT says to be prepared for closures along I-70, US 40, and mountain passes for widespread avalanche control throughout the weekend. https://t.co/0k3uqnX0pn"
1225519400943575041,2020-02-06 20:39:28,RT @ExecDirCDHS: Thank you to @GovofCO Jared Polis for dropping by CDHS to mark my one-year anniversary here this week. I'm proud to serve…
1225467505184915456,2020-02-06 17:13:15,"It’s important that we come together to remind ourselves that Black History is an important part of our heritage as a state &amp; a nation, and it belongs in the forefront of our consciousness every day and every month of the year -- not just for the 29 days in the month of February."
1225467503792422912,2020-02-06 17:13:15,"One of America’s greatest strengths is its rich diversity. February is #BlackHistoryMonth! An opportunity for us all to take a moment to reflect, celebrate &amp; recognize all of the sacrifices &amp; contributions African Americans have made &amp; continue to make in this country &amp; Colorado. https://t.co/vgY0waFCWL"
1225462165278093313,2020-02-06 16:52:02,RT @NWSBoulder: Snow falling across northern mountains of Colorado. #cowx https://t.co/j29TZr6vc7
1225147061013626880,2020-02-05 19:59:56,"RT @LtGovofCO: Today is National Girls &amp; Women in Sports Day and I’m inspired by female athletes across our state, such as this story from…"
1225132301866061824,2020-02-05 19:01:17,"RT @neilparekh_uww: Thank you @GovofCo Jared Polis for participating in our #UnitedWayChat on 211. Your insights were really helpful.

Here…"
1225130707241979904,2020-02-05 18:54:57,2/2 You can also: 1. Call/refer people to 211 regardless of where you live. 2. Visit https://t.co/zaLr1OBEu4 or https://t.co/LnyUCZJY4t to learn more #211 #211Colorado @UnitedWayDenver #UnitedWayChat
1225130705950085120,2020-02-05 18:54:56,"1/2 There are many ways to support 2-1-1 in your community. In #Colorado, we are proud to have such a valuable resource to connect individuals and families to critical services. #211Colorado https://t.co/u7z9UQsV3z"
1225129043479027712,2020-02-05 18:48:20,"1/1: Currently 95% of Americans have access to 211. We need to be sure #Colorado residents know 211 is available to them and can connect them to critical resources that are depended upon by many families to meet basic housing, food, safety needs. #UnitedWayChat https://t.co/dC40AbJcDu"
1225128403256217600,2020-02-05 18:45:47,"2/2 From @UnitedWayDenver, a client’s water had been shut off. An urgent situation, especially when a family member has a disabling condition- as in this instance. They reached out seeking help. 211 connected them to a program that restored water the next day. #UnitedWayChat"
1225128401863725056,2020-02-05 18:45:47,1/2: It’s hard to pick just one. The call center specialists at #211Colorado work day in and out to connect callers to critical resources. #UnitedWayChat https://t.co/kq6qr3au8O
1225126259299979265,2020-02-05 18:37:16,2/2 #Team211 has a wealth of knowledge and knows the top needs in our community and in the state of #Colorado. We can use that data to better inform our decisions and allocate resources. #UnitedWayChat
1225126257190297600,2020-02-05 18:37:16,1/2 #Team211 data can inform us where the gaps are and what services are most needed at local and state levels for our residents. #UnitedWayChat https://t.co/nfZT8Kl2ei
1225125450965340160,2020-02-05 18:34:03,"3/3 Without #Team211, we wouldn’t know what resources local nonprofits have available in real time, and individuals would spend their time looking for resources or possibly give up on the process and likely not get the help they need. #211Colorado #UnitedWayChat"
1225125450197786624,2020-02-05 18:34:03,2/3 It can be difficult for individuals to navigate complex systems or know where to start. #Team211 connects callers to available resources that are close to where they live. #211Colorado #UnitedWayChat
1225125448952111104,2020-02-05 18:34:03,"1/3 #Team211 is a critical resource for #Denver, #Colorado, and our nation. #211Colorado covers 64 counties, and last year was contacted by 142,000 individuals and families seeking help. The need is clearly there. #UnitedWayChat https://t.co/aN5PzWijS7"
1225124928237604864,2020-02-05 18:31:59,RT @neilparekh_uww: We are thrilled to welcome Governor Jared Polis of #Colorado (@GovofCO) to our #UnitedWayChat on 211. We'll start with…
1225124241634250753,2020-02-05 18:29:15,RT @UnitedWayDenver: We are excited to participate in the #UnitedWayChat highlighting our 211 Help Center. @GovofCO will also be joining us…
1225088471124938753,2020-02-05 16:07:07,RT @NWSBoulder: Thank you Governor! The National Weather Service offices serving Colorado appreciate your support &amp; are honored to serve! #…
1225070509726949378,2020-02-05 14:55:44,There’s a 100% chance we’re celebrating meteorologists today! We’re lucky to have some of the best meteorologists in the world here in Colorado and I can’t thank them enough for the important work they do! #nationalweatherpersonsday ☀️🌧️❄️⛈️ https://t.co/3CVbjMNG2J
1224905194292428800,2020-02-05 03:58:50,"RT @gretchenwhitmer: .@GovernorTomWolf is expanding the right to overtime pay in Pennsylvania.
@GovSisolak &amp; @NC_Governor are working to gi…"
1224903551811379200,2020-02-05 03:52:19,I appreciate Gov. Gretchen Whitmer’s acknowledgment of the important value and success of our bipartisan free full-day kindergarten program which is saving parents money and helping Colorado’s students.”
1224903550678917120,2020-02-05 03:52:18,"That’s why in Colorado, we’re working to invest in education, fighting to lower the cost of health care, address the economic and moral threat of climate change and create good-paying jobs."
1224903548573405184,2020-02-05 03:52:18,"My statement in response to President Trump’s #SOTU address:
“We are at a pivotal moment in our nation’s history where we must reject manufactured division that is being shoved forward for the sake of political gain and work together on bold efforts to expand opportunity for all."
1224783690292547584,2020-02-04 19:56:01,"RT @LtGovofCO: As many of you may know, I was diagnosed with cancer four separate times. After nuking my body in treatment, having the fort…"
1224442391093886980,2020-02-03 21:19:49,"RT @DORAColorado: DORA Executive Director Patty Salazar joined @GovofCO, @RepPerlmutter, @ColoTreasurer, and Sundie Seefried this morning t…"
1224410235726516224,2020-02-03 19:12:03,RT @ColoTreasurer: Providing banking services to the cannabis industry protects public safety and facilitates financial transparency. Honor…
1223023644319703040,2020-01-30 23:22:14,"I’ve said it before and I’ll say it again: The cannabis industry in Colorado is thriving! We must continue to lead the way.

I’m honored to be one of nine governor’s recognized with an “A” in cannabis policy by @NORML. Read more about it here: https://t.co/UGU7k7ABUZ https://t.co/j65HMzTQsZ"
1223021575009488897,2020-01-30 23:14:00,RT @Nature_Colorado: We were so excited to see @GovofCO at @OutdoorRetailer in Denver today speaking about his commitment to renewable ener…
1222946378076188672,2020-01-30 18:15:12,"Saving Coloradans money on health care is a bipartisan issue! Thanks to Tom from Routt County for sending this to @Dylan_RobertsCO and me. Stories like this are why I fought so hard for the reinsurance program.

Share your health care story with me here: https://t.co/PvSWuPmPmR https://t.co/rsM36UBYol"
1222928948218040320,2020-01-30 17:05:56,RT @CWCB_DNR: The #COWaterPlan “captures a shared vision” for all Coloradans - @GovofCO at #cwcac2020 https://t.co/nYLdhVt6Mo
1222625169711042560,2020-01-29 20:58:50,"These pilot programs combine a few of the things that Colorado is known for: environmental responsibility, craft beer, and cannabis. I applaud our state agencies and private partners for working together on these innovative programs to help protect the Colorado way of life."
1222625167903322112,2020-01-29 20:58:49,"I was joined by @CDPHE &amp; @COEnergyOffice to announce two pilot programs focused on energy usage and environmental responsibility in the cannabis and beer industries today! 

MORE: https://t.co/5kRz30Idsr https://t.co/Ba9dZiUN2F"
1222603077980577792,2020-01-29 19:31:03,"RT @GoCCCS: Thank you @GovofCO for your commitment to world-class education and a workforce training system that is agile, responsive, and…"
1222602982379835392,2020-01-29 19:30:40,"RT @ColoradoOGCC: Applications are being sought for COGCC's first full-time Professional Commissioners, to be seated by July 1, 2020. Learn…"
1222257141479698432,2020-01-28 20:36:25,"RT @Rockies: It shall be hereby proclaimed as 𝙇𝘼𝙍𝙍𝙔 𝙒𝘼𝙇𝙆𝙀𝙍 𝙒𝙀𝙀𝙆 🏔

Thank you to the Colorado State House and State Senate for the special #…"
1222229620822433793,2020-01-28 18:47:04,"RT @CoHigherEd: The cost of textbooks have risen four times faster than inflation over the last 40 years. To save students money, @GovofCO'…"
1222216833316483072,2020-01-28 17:56:15,"Special hat tip to the Colorado State House and State Senate who adopted a tribute to honor Larry Walker, led by Representatives @Kyle_Mullica and @RepKVW and Senator @FaithWinterCO and @SenDennisHisey today."
1222216830917308416,2020-01-28 17:56:14,Proud to declare it Larry Walker Week in Colorado! 💜 Larry Walker is the first Colorado @Rockies player to ever reach the Baseball Hall of Fame! #WalkerHOF https://t.co/7wCkcT9hIn
1221821663009918976,2020-01-27 15:45:59,"Today is International Holocaust Remembrance Day.

75 years ago today, on January 27, 1945, Auschwitz-Birkenau, the largest Nazi concentration and death camp, was liberated. Today we honor the memory of the victims. https://t.co/3zIAN9WdgF"
1220787979150487552,2020-01-24 19:18:30,"Colorado hospitals are making record profits overcharging patients, while bringing in more than enough money to cover uncompensated care and shortages left from Medicaid and Medicare reimbursements. And they aren’t passing along those savings to Coloradans. https://t.co/sIHWxB3OKl"
1220537630674190336,2020-01-24 02:43:42,"My deepest sympathies go out to the family of firefighter Ian McBeth who lost his life volunteering in Australia to fight the wildfires when an aerial water tanker plane crashed in New South Wales Thursday. Ian was a graduate of Wray High School in 1994.

Rest In Peace. https://t.co/59rDiAEg0u"
1218375136883044352,2020-01-18 03:30:43,"RT @MayorHancock: Oh, and nothing to see here...just two guys talking shoes. @GovofCO @jaredpolis https://t.co/lwIg81hrkk"
1218375087335694336,2020-01-18 03:30:31,RT @MayorHancock: Thanks for sitting down with me down @GovofCO. I enjoyed talking with you about free and low cost education for Colorado…
1218257041430437888,2020-01-17 19:41:27,RT @MayorHancock: I was joined by special guest @GovofCO for Friday Mail with the Mayor today. 📬 Look out for the video coming soon. 👀 http…
1217967190344814592,2020-01-17 00:29:41,RT @EnvironmentCO: Did you know @GovofCO is a beekeeper? Watch this new video where we interviewed him about his relationship with our most…
1217495159916593153,2020-01-15 17:14:00,"RT @KOAColorado: Today the final day to enroll in @C4HCO's health exchange.
Colorado Governor @GovofCO @jaredpolis joined @AprilZesbaugh an…"
1217203597743620096,2020-01-14 21:55:26,RT @LtGovofCO: There’s still time to get health care coverage for 2020! The deadline for coverage through Connect For Health Colorado is to…
1217168253862043648,2020-01-14 19:35:00,"🚨 HEALTH CARE ALERT 🚨 If you don’t get your health insurance from your employer or through Medicaid/Medicare, NOW is the time to check out the options at https://t.co/Bbt9YFejFe to save money and ensure that you have a plan for 2020. The deadline to enroll is tomorrow! https://t.co/PxRDT4nk53"
1216840649393094657,2020-01-13 21:53:13,"This Wednesday is the open enrollment deadline for Coloradans to enroll in individual health insurance plans. I encourage Coloradans to take advantage of the historic premium reductions thanks to reinsurance &amp; enroll in a plan before Wednesday’s deadline.
https://t.co/C5t1OS0oKz https://t.co/3BcqvvV0nR"
1215711486531620864,2020-01-10 19:06:19,"RT @Nature_Colorado: Governor Polis laid out bold plans for 2020 in his #stateofthestate address: 

☑️protect and improve access to public…"
1215648186359926784,2020-01-10 14:54:47,RT @YadiraCaraveo: Front range hospitals made $2 billion in profits last year and are against a bill that would increase competition and lo…
1215647989831593985,2020-01-10 14:54:01,RT @dafna_m: Grateful to ⁦@GovofCO⁩ for his commitment to the behavioral health needs of Coloradans and for the shout out during his State…
1215424262212739072,2020-01-10 00:05:00,"We hear you, Colorado. We will never stop working to save you money on #HealthCare. https://t.co/ETFq7EQQJ8"
1215419608401731584,2020-01-09 23:46:30,"RT @DenverChannel: Gov. Polis looked to the future in his State of the State address, telling lawmakers and others gathered that while the…"
1215397962437709826,2020-01-09 22:20:29,RT @ColoTreasurer: Was thrilled to support this bill last year and to serve on the advisory board now! #copolitics https://t.co/fHB2ZulnHu
1215380681477345280,2020-01-09 21:11:49,"RT @COHouseDem: That's right, @GovofCO!

""Working together last year, we lowered health care costs, lowered taxes for small businesses, pro…"
1215380532596334592,2020-01-09 21:11:14,"RT @COHouseDem: .@govofco highlights @leslieherod and @SteveFenberg's Get On Your Feet loan forgiveness plan, which would provide debt reli…"
1215364939734405120,2020-01-09 20:09:16,RT @MarisitaMo: “I urge the Supreme Court to do the right thing by Dreamers” @GovofCO  Thank you for your continuous leadership to increase…
1215364506408218624,2020-01-09 20:07:33,RT @ColoradoDNR: .@GovofCO Admissions to CO state parks have skyrocketed &amp; there are needs for upgrades to ensure every Coloradan has acces…
1215364195157282816,2020-01-09 20:06:19,RT @ChrisArendinCO: .@GovOfCO in his State of the State that he and this administration are committed to addressing this generational chall…
1215364057399578624,2020-01-09 20:05:46,RT @ColoradoEA: We applaud @GovOfCO’s support for raising teacher pay and look forward to working together this legislative session and bey…
1215363630721454080,2020-01-09 20:04:04,RT @McCluskieforCO: Thank you @govofco for acknowledging our great work on #reinsurance - but we have more work to do! Nearly 1 in 5 Colora…
1215363156714737664,2020-01-09 20:02:11,RT @ColoradoDNR: .@GovOfCO was clear in his State of the State address that our state needs to work together because our public lands are i…
1215362951353233408,2020-01-09 20:01:22,RT @ColoradoEcoDevo: @GovofCO Let's continue the good work for our beautiful state! https://t.co/xiicUArXyZ
1215358850242498560,2020-01-09 19:45:04,"Colorado, I love you. Thank you for trusting me to be your governor. https://t.co/2fCS7MdXyt"
1215351508646027264,2020-01-09 19:15:54,@LtGovofCO @McCluskieforCO @KerryDonovanSD5 The state of our state is strong. It is forward-thinking. It is dynamic. It is bold. And it is courageous.
1215351382674292737,2020-01-09 19:15:24,"@LtGovofCO @McCluskieforCO @KerryDonovanSD5 Colorado has always been a state of trailblazers. Ours is a state of can-do people. We don’t back down from a challenge, and we don’t quit when the going gets tough."
1215350775603314688,2020-01-09 19:12:59,"@LtGovofCO @McCluskieforCO @KerryDonovanSD5 Here's what the renewable energy future looks like: innovating, growing jobs, growing opportunity, saving people money, and doing our part to reduce the harmful effects of climate change and local air pollution in the process."
1215349997627047937,2020-01-09 19:09:54,@LtGovofCO @McCluskieforCO @KerryDonovanSD5 The states and countries that embrace the renewable energy future will reap the economic rewards. That’s why we have taken bold action to put us on the path to achieving 100% renewable energy by 2040.
1215349868169818112,2020-01-09 19:09:23,@LtGovofCO @McCluskieforCO @KerryDonovanSD5 We are never going to solve climate change or air quality issues if everyone looks at the person next to them and says 'YOU do something about the climate.’
1215348958676975616,2020-01-09 19:05:46,"@LtGovofCO @McCluskieforCO @KerryDonovanSD5 We’re spending more and more time sitting in traffic, which means less and less time with our loved ones. Thanks to good-faith bipartisan legislative work, the state was able to make a historic multi-year investment in transportation infrastructure."
1215348545747742720,2020-01-09 19:04:08,@LtGovofCO @McCluskieforCO @KerryDonovanSD5 We are asking the Legislature for a one-time infusion from the General Fund to make important capacity improvements across our state parks system. This money will also go towards opening our newest state park — Fishers Peak!
1215348379691020288,2020-01-09 19:03:28,@LtGovofCO @McCluskieforCO @KerryDonovanSD5 Our majestic lands define our state and power our economy by making us an international destination for tourism and outdoor recreation.
1215347980158398464,2020-01-09 19:01:53,"@LtGovofCO @McCluskieforCO @KerryDonovanSD5 I’m hopeful we can construct a unique Colorado solution that provides paid time off to many more Coloradans as soon as possible, without straining state resources or forcing taxpayers to bear the financial risk."
1215347808389091328,2020-01-09 19:01:12,"@LtGovofCO @McCluskieforCO @KerryDonovanSD5 We need to find a way to enact paid family and medical leave for more Coloradans. The Federal Family and Medical Leave Act allows for unpaid leave, but that still forces families to choose between getting a paycheck and caring for a newborn child, an aging parent, or themselves."
1215347353739116544,2020-01-09 18:59:23,@LtGovofCO @McCluskieforCO @KerryDonovanSD5 Reducing costs in our health care system will also help us tackle one of our most pressing problems — our state’s mental health and addiction crisis.
1215347146515369984,2020-01-09 18:58:34,@LtGovofCO @McCluskieforCO @KerryDonovanSD5 Special interests are going to fight legislation that will bring some sanity to the pricing. But we don’t represent the special interests -- we represent the people. And the people are crying out for relief from high health care costs.
1215346645472169984,2020-01-09 18:56:34,@LtGovofCO @McCluskieforCO @KerryDonovanSD5 We know that health care costs won’t magically go down on their own. We need to keep working. This year I’m supporting legislation to require prescription drug price transparency &amp; provide Coloradans a public option to increase freedom &amp; choice in the health care marketplace.
1215345627946610689,2020-01-09 18:52:32,"@LtGovofCO @McCluskieforCO @KerryDonovanSD5 Thanks to reinsurance, health care rates on the individual market are going down by an average of 20%! And the savings are greatest in the Eastern Plains, Southern Colorado, and the Western Slope!"
1215345500825612288,2020-01-09 18:52:02,@LtGovofCO Perhaps the biggest accomplishment in health care last year was our reinsurance program -- a bipartisan effort led by Representatives @McCluskieforCO and Janice Rich and Senators @KerryDonovanSD5 and Bob Rankin.
1215345390767095809,2020-01-09 18:51:35,"The cost of health care is starting to change for the better, thanks to bipartisan work -- and the work of our tremendous @LTGovofCO Dianne Primavera who is heading up our Office of Saving People Money on Health Care."
1215345235837874176,2020-01-09 18:50:58,There is one issue that continues to reign over all when it comes to affordability: the high cost of health care. 13% of Americans -- 1 out of every 8 people who live in this country -- said they knew someone who died because they could not afford treatment. This. Must. Change.
1215344911966322688,2020-01-09 18:49:41,"As we work to broaden our tax base and lower the rate, we must start today on saving more for a rainy day. We have an obligation to save during prosperous times like these so we can weather the next storm whenever it comes."
1215343978880499712,2020-01-09 18:45:59,"We also delivered a tax cut for 144,000 small businesses in Colorado by cutting wasteful subsidies to big-box retailers, and we still had money left over to invest in affordable housing and improving health care."
1215343813578805248,2020-01-09 18:45:19,"This year, due to our strong economy and a bipartisan deal from 2005, every Coloradan will receive real tax relief as our Colorado income taxes go down to a historic low of 4.5%. This tax cut applies to all taxpayers, including individuals, corporations, and every small business."
1215343540475027456,2020-01-09 18:44:14,We don’t build walls of exclusion in Colorado — we build ladders of opportunity!
1215343179274153984,2020-01-09 18:42:48,"In the face of unprecedented hostility from this White House toward our immigrant communities, we say loudly and proudly that we stand with DREAMers and refugees!"
1215342430947438592,2020-01-09 18:39:50,"Here we believe your future should not be pre-determined by the color of your skin, your parents’ income, your religion, your age, your disability status, where you live in our great state, where you were born, who you love, your gender identity. We believe in a Colorado For All."
1215342266019041282,2020-01-09 18:39:10,"We need to keep our economy strong, but more importantly — we need to make sure our economy works for everyone."
1215342100272709632,2020-01-09 18:38:31,"I also want to highlight the next important affordability effort: The “Get On Your Feet” loan forgiveness plan. It would provide debt relief to Coloradans who graduate from 2- or 4-year colleges on an income-based repayment program, helping them transition into the workforce."
1215341838694879232,2020-01-09 18:37:28,"Thanks to new legislation enacted last year, we are putting $100 into a college savings account for every single Colorado child born or adopted beginning January 1st of this year."
1215341484511096832,2020-01-09 18:36:04,"Every child deserves a safe opportunity to learn, make friends, create memories, grow up, graduate, and move on to a successful life."
1215341009464225792,2020-01-09 18:34:11,"One of the most difficult days of my administration was responding to the STEM school shooting in Highlands Ranch. 8 students were injured, and Kendrick Castillo lost his life heroically preventing more bloodshed. Kendrick’s parents, John and Maria, are here with us today"
1215340850693033984,2020-01-09 18:33:33,Our work on education is incredibly important. But we can’t fulfill our promise of a better future for our kids if we don’t do a better job of keeping them safe when they walk through the schoolhouse door.
1215340719600128001,2020-01-09 18:33:02,"Because of our fiscal rules, the state spends far too much backfilling some of the wealthiest school districts in the state. That is truly at the root of our school funding issues. Together, we can fix this systemic problem and finally raise pay for our hardworking educators."
1215340610418167808,2020-01-09 18:32:36,"Our teachers, making up one of the most important professions in our society, shouldn’t have to work a 2nd or 3rd job just to make ends meet."
1215340231437635584,2020-01-09 18:31:05,"We can and we must do better, which is why I’m committed to achieving universal access to quality preschool for 4-year-olds by the end of my first term."
1215340058028281857,2020-01-09 18:30:24,"Now it’s time to take the next step: In my budget this year, we’re proposing to fund preschool for an additional 6,000 children, which for the first time will bring coverage to half of all eligible kids in Colorado."
1215339768617160704,2020-01-09 18:29:15,"Because of free full-day kindergarten, Samantha Hosmer, a mother of two from Erie, Colorado, is saving over $300 dollars a month, and Samantha was able to return to full-time work as a special ed paraprofessional."
1215339482376884229,2020-01-09 18:28:07,"That pathway to prosperity often starts with a great education.  Last year at this podium, I asked legislators to take the bold step of providing free full-day kindergarten for every kid in Colorado. And we delivered!"
1215339355083927553,2020-01-09 18:27:36,"It's our job to build a state that will allow Coloradans to reach the mountaintop - by saving families money, protecting the natural wonders that grace every corner of our state, &amp; widening the pathway to prosperity, instead of leaving folks feeling like they’re running in place."
1215338444072742912,2020-01-09 18:23:59,95% of the bills that I signed into law last year were passed with Republican and Democratic votes! We should not take this cooperative spirit for granted. Because the notion that we’re all in this together is a much better approach to solving problems than trying to go it alone.
1215338219782328320,2020-01-09 18:23:06,"Working together last year, we lowered health care costs, lowered taxes for small businesses, provided more affordable housing, made the largest-ever state investment in transportation, and delivered universal free Full Day Kindergarten for all! #copolitics #coleg"
1215334093614792704,2020-01-09 18:06:42,"Good morning everyone! I'm excited to present my second State of the State address. You can follow along with this thread or watch it live on my Facebook page:  https://t.co/r5eu656JVG 

#copolitics #coleg"
1214996774181453824,2020-01-08 19:46:19,I’m wishing safe travels to the brave Colorado firefighters headed to Australia to help fight the devastating wildfires there. You are in our thoughts. https://t.co/8Ibe4wbgYk
1214949586432774144,2020-01-08 16:38:48,RT @MarisitaMo: At a training for higher education governing boards as the youngest and the only DACA recipient to serve as trustee of a CO…
1214692270420586496,2020-01-07 23:36:19,"I’m going over last-minute changes to the state of the state address with my team today. We’ve accomplished so much in the past year and I’m looking forward to working together to accomplish more in the year ahead! 

What do you want to hear in the speech on Thursday? https://t.co/Dfl06zMb0P"
1214691355953205253,2020-01-07 23:32:41,"RT @SenRhondaFields: Every child deserves a chance to reach their full potential. @GovofCO toured Bright Academy, Aurora in my Senate Distr…"
1214333835074080768,2020-01-06 23:52:02,"I’m #JewishAndProud. Amid the rising antisemitism in the U.S. and abroad, the American Jewish Committee (@AJCGlobal) has designated today (January 6), as #JewishandProud Day. Antisemitism and hate have no place Colorado. https://t.co/96k4e4SjET"
