id,created_at,text
1247267997158440965,2020-04-06 21:00:38,"Educators and parents are working hard to achieve these goals, and this initiative will help support their work. I am grateful to Vermont PBS as this partnership will give those already doing so much another tool to reach and educate students. (3/3)"
1247267995484905472,2020-04-06 21:00:37,"I recognize there is no replacement for in-person instruction and the learning that takes place in a classroom but this is an unprecedented public health situation, and we must work together to provide the best possible remote learning opportunities for Vermont’s kids. (2/3)"
1247267992947351555,2020-04-06 21:00:37,"Today I announced a partnership with @VermontPBS to provide educational content to supplement remote learning for Vermont students and school districts during the COVID-19 outbreak. (1/3) #vtpoli 
https://t.co/8wXc63LVXG"
1247134923959480321,2020-04-06 12:11:51,"Today at 11:00 a.m. I'll be holding another briefing with my team to provide an update on Vermont's ongoing response to COVID-19. You can watch live on most local TV news stations, stream online at the link below, or tune in on VPR.

https://t.co/aiuWBlGzMN https://t.co/Ed9RtqWwA5"
1246902678107676673,2020-04-05 20:48:59,"On behalf of all Vermonters, thank you to the incredible members of the @VTNationalGuard for your tireless service as we fight this virus. Your efforts inspire us all. 

#VermontStrong https://t.co/s6Qxkz5cTK"
1246878832394674180,2020-04-05 19:14:14,"It is critical for Vermonters to know the resources available during these trying times. If you are an individual or business looking for help, please visit our COVID-19 Economic Recovery Resource Center page, below. We know there is much more work to do.
https://t.co/6XsRiyM3JP https://t.co/kGfSYDQww0"
1246487076444540934,2020-04-04 17:17:32,"Vermonters go the extra mile, help each other out and care for one another. It’s in our DNA. It’s what makes us who we are.
 
Now, I’m calling Vermonters into service once again to support the state’s response to COVID-19.
 
You can learn more &amp; sign up at https://t.co/CfohSdxDoo https://t.co/p3SWJl5rS8"
1246196142574100480,2020-04-03 22:01:28,I want to make clear - this is NOT a substitute for staying home &amp; it isn’t an excuse to mingle with others. Please continue to follow the measures we’ve put in place. Social distancing is the most effective tool we have to reduce spread &amp; ensure we don’t overwhelm our hospitals. https://t.co/HVNe4LkZnN
1246077712910909441,2020-04-03 14:10:52,"I'll be holding a press conference this morning at 11:00 to provide an update on Vermont's ongoing response to COVID-19.

You can watch live at the link, below.

https://t.co/R4UzKu5KA4 https://t.co/urN0aAFYAX"
1245861870566641666,2020-04-02 23:53:11,We continue to expand our medical surge capacity to be prepared for what could be a significant increase in medical need in VT in the coming weeks. I want to thank @VTNationalGuard and everyone involved for stepping up in this extraordinary time of service https://t.co/KP8eV2Mc98
1245735018728763392,2020-04-02 15:29:07,"Yesterday, my team and Rep. @PeterWelch outlined some of the latest economic relief resources available to individual Vermonters and Vermont businesses affected by COVID-19. For more info, visit https://t.co/HmxozvgIGW &amp; watch the full press conference at https://t.co/To3Z5GdB0c https://t.co/RIjXIbLRib"
1245395152623087616,2020-04-01 16:58:37,"If you are a Vermont veteran wondering about the @VeteransHealth and @DeptVetAffairs response to COVID-19 and what it means for you, please visit https://t.co/lZHFdnT1tt https://t.co/kYTzrVgBgf"
1245352495095873537,2020-04-01 14:09:07,"At 11:00 a.m. I'll be holding another press briefing with my team to provide an update on Vermont's ongoing response to COVID-19. You can watch live on most local TV news stations, stream online on their websites, or tune in on VPR.
https://t.co/MYUmtig4IN"
1245138818858127363,2020-04-01 00:00:02,"Our state is at its best when Vermonters pull together to help each other. The coming weeks will be very difficult, but united in common purpose, we will face, fight and defeat this virus – and emerge stronger together. 15/15"
1245138817721532418,2020-04-01 00:00:02,"Support your local Food Bank:
Donate online at https://t.co/5nsY0wS0nt or you can text GIVEHEALTH to 85511. If you're in need of help, click below. 14/15 

 https://t.co/18aOvV7fnP."
1245138816106725383,2020-04-01 00:00:01,"Give blood: Visit the American Red Cross by clicking below to learn how to safely donate blood. 13/15

https://t.co/bkAuBsNz8e."
1245138815125250051,2020-04-01 00:00:01,"Donate PPE: Donations of N95 masks, medical and industrial grade or surgical masks can be brought to your nearest State Police Barracks. You can find the location nearest to you by clicking below. 12/15
https://t.co/R0RyetkDY3."
1245138814374379520,2020-04-01 00:00:01,"Vermonters can also contribute to blood banks, food banks, and other emergency supply efforts. In addition to volunteering, Vermonters can also give back in the following ways: 11/15"
1245138813619494916,2020-04-01 00:00:01,"We expect to draw upon many skills to meet the challenge of serving those affected by COVID-19, potentially including drivers, food service, construction, IT, security, skilled trades and more. 10/15"
1245138812407353345,2020-04-01 00:00:01,"Other individuals who do not have medical or healthcare backgrounds but are willing to volunteer their time in Vermont’s response effort can register through the state’s volunteer web portal and indicate their expertise and availability. 9/15

https://t.co/Uy2ZMRhjtb"
1245138811421483008,2020-04-01 00:00:00,"VT has eased licensing requirements for the purposes of aiding this emergency response. Individuals who are licensed in other states or who were previously licensed should visit the Health Dept. website and review the guide on emergency licensure. 8/15
https://t.co/1BEFAnVNii"
1245138810557562880,2020-04-01 00:00:00,"This effort is about drawing more skilled personnel, such as retirees or those not currently employed in the healthcare field, into the response and not about redirecting existing healthcare workers. 7/15"
1245138808913485826,2020-04-01 00:00:00,"The Vermont Medical Reserve Corps is seeking these qualified and experienced volunteers, including: 6/15 https://t.co/yzymXYiLFx"
1245138802479443968,2020-03-31 23:59:58,"This is needed because Vermont’s existing health care workers are going above and beyond to respond to this challenge as it unfolds, and they are going to need reinforcements. 5/15"
1245138801632202752,2020-03-31 23:59:58,"The state’s volunteer website directs these individuals to Vermont’s Medical Reserve Corp units, community-based groups of volunteers who can supplement local emergency, health care provider staff and public health resources. 4/15"
1245138800877150208,2020-03-31 23:59:58,"Those with medical experience or other health care backgrounds and the ability to volunteer are needed to bolster the ranks of Vermont’s current health care workforce. 3/15

https://t.co/XFiGuacep2"
1245138798327074817,2020-03-31 23:59:57,"As we prepare for a surge in COVID-19 cases expected in the coming weeks, it will require each of us to do our part to ease the burden on our health care system, the struggles of those less fortunate, and, ultimately, to save the lives of our friends and neighbors. 2/15"
1245138797467176960,2020-03-31 23:59:57,"THREAD: Today, I’m calling all Vermonters into service with the launch of a new website allowing people to sign up for volunteer assistance to support our response to COVID-19. I’m asking every Vermonter to dig deep and find a way to help. #vtpoli 1/15 

https://t.co/XFiGuacep2."
1244705808241156096,2020-03-30 19:19:24,"I just signed both of these bills into law and once again want to thank the legislature, @VermontSOS and others for their hard work on these measures as part of our response to COVID-19. https://t.co/OMaybaQOVF https://t.co/YNNZktNroI"
1244635239625953280,2020-03-30 14:38:59,"In light of the significant risk posed by the further spread of COVID-19 I have just signed an Order that requires any person coming from outside the state to Vermont, for anything other than an essential purpose, to home-quarantine for 14 days.
Read more: https://t.co/oz2s0Iwjgr"
1244616665175818241,2020-03-30 13:25:11,"This morning at 11:00 a.m. I'll be holding another briefing with my team to provide an update on Vermont's ongoing response to COVID-19. You can watch live on most local TV news stations, stream online on their websites, or listen in on the radio on VPR."
1244269395028910080,2020-03-29 14:25:15,"Like many in business, trusted news organizations are being hit hard by this pandemic. If you can, please consider subscribing to your local paper or contributing to a VT news organization. You deserve transparency and the truth, and they work hard to keep you informed. #vtpoli https://t.co/BC3qhl13fF"
1243964263288406016,2020-03-28 18:12:46,"This is the first weekend since I issued the Stay Home/Stay Safe Order. This, and other mitigation efforts, are all about slowing the spread of COVID-19. We must all stay home as much as possible. Doing so will save lives. 

Here's a reminder from @vemvt on what it means for you. https://t.co/c6tyVHreR3"
1243669340152573959,2020-03-27 22:40:51,"Earlier today, I wrote to @POTUS asking him to invoke the Defense Production Act to support states get the supplies we need to fight this pandemic. We urgently need more ventilators and other essential equipment, which will require federal assistance. #vtpoli https://t.co/h5K0htrCEW"
1243298928562515969,2020-03-26 22:08:58,"Today, I directed schools to remain dismissed through the end of the 2019-2020 school year. This decision was made in consultation with @healthvermont and @VTEducation
in the continued effort to slow the spread of COVID-19. Read my full statement here: https://t.co/oLWQWuX6IV https://t.co/EqTxuwup2D"
1242962348232658944,2020-03-25 23:51:31,"The Senate and House have moved quickly to pass the first of what will likely be many measures in response to the COVID-19 public health crisis. I am grateful for their work, collaboration and partnership and will sign them as soon as they reach my desk. https://t.co/1cgV48zWUz"
1242877656254877697,2020-03-25 18:14:59,"Commercial entities, non-profits, employers and others with questions about acceptable continuation of business operations should contact the Agency of Commerce and Community Development via the online form, below. (2/2) https://t.co/U6HY8aKkAV."
1242877654304526337,2020-03-25 18:14:58,"As you know, I issued a Stay Home/Stay Safe Order. Remember, you should leave your home only for essential reasons, and importantly, to get fresh air. But if you do, please follow CDC social distancing guidelines. 
To read the full Order click below. (1/2) https://t.co/Jc11iUT6PE https://t.co/LPTio11Kfh"
1242608418243870721,2020-03-25 00:25:08,"Now is a moment of service for all of us. It’s our turn to face a once-in-a-century challenge.
 
But I know Vermonters are up for it. 

We are #VermontStrong 
 
We will get through this, and we’ll do it, together. #vtpoli https://t.co/hR45GEEoAv"
1242561878926245888,2020-03-24 21:20:12,"I've just signed a stay-at-home order and directed the closure of in-person operations for all non-essential businesses. 

Vermonters: you must stay home. You must stay home to save lives. 

We are all in this together - and we'll get through it, together. https://t.co/foLDJYZIq7"
1242447954440527872,2020-03-24 13:47:30,"Thank you to my friend Rep. @PeterWelch for giving my team an update on Congress's COVID-19 relief package. The American people and our states need Washington's help to get through this, and Vermonters appreciate your hard work. #vtpoli https://t.co/nxUGPOk08s"
1242184901178413061,2020-03-23 20:22:13,"We have also extended, among others, personal income tax filing due dates from April 15 to July 15, 2020.
 
This means taxpayers can file and pay these taxes on or before July 15, 2020 without any penalty or interest. Read more below: (2/2) #vtpoli 
https://t.co/3hRbQUZDu9"
1242184900188536838,2020-03-23 20:22:13,"I have directed the Commissioner of Taxes to provide relief to Vermont businesses who owe Meals and Rooms Tax or Sales and Use Tax until further notice.

Many of our local businesses find themselves unable to meet the filing deadlines due to our necessary mitigation steps. (1/2)"
1241879408039903232,2020-03-23 00:08:18,"I know we’re going to get through this, not because of any one person or any one action, but because of each of us doing our part. We must stand as Vermonters, united. (2/2) https://t.co/VWY05ZK8dO"
1241879072738869250,2020-03-23 00:06:58,"This challenge is an opportunity for each of us to step up, even as we must be physically apart. We can unite in our efforts to help those in need. Just like we need to take bold actions to defeat this pandemic, we also need small everyday acts of kindness and goodwill. (1/2) https://t.co/nTcwXJVxOo"
1241820852921999364,2020-03-22 20:15:37,"On behalf of all Vermonters, I want to extend my deep appreciation to custodial workers across the state who are working overtime to keep our spaces clean and safe. Thank you for helping us slow the spread of COVID-19. https://t.co/KKVx04fRxA"
1241400944706928640,2020-03-21 16:27:03,"Vermont's educators are as critical to our COVID-19 response as anyone. I am incredibly proud of the selflessness of these public servants at this time of need. Thank you for you flexibility, creativity and spirit as Vermonters manage this evolving challenge, together. #vtpoli https://t.co/PkeU3wfZHW"
1241358359615410179,2020-03-21 13:37:50,RT @healthvermont: Feeling cooped up? #Socialdistancing does NOT mean you have to stay inside all the time. If you feel well &amp; haven't been…
1241356470521921537,2020-03-21 13:30:20,"I've also further reduced the allowable size of non-essential gatherings, which are now limited to no more than 10 people at the same time in a single space.

https://t.co/d33P0iAC8D"
1241356469280419842,2020-03-21 13:30:20,"In consultation with @healthvermont, I'm ordering in-person operations at close-contact businesses, meaning those unable to comply with guidelines for social distancing, to close. Other businesses must work to implement CDC &amp; VDH guidance on COVID-19.

https://t.co/d33P0iAC8D"
1241129533333536768,2020-03-20 22:28:34,"Last night I had the privilege of thanking talented members of the @healthvermont team in Burlington - many working second and third shift -  on behalf of all Vermonters. I was inspired by their sense of duty, commitment to public health and tireless work to keep us safe. #vtpoli https://t.co/wEXW1LKDiq"
1241091516568875008,2020-03-20 19:57:30,"(3/3) These loans offer one initial step in helping our small businesses weather this crisis as we continue to measure the impact it will have, and I want to thank the SBA team at our District Office for their support.

To apply online, click here: https://t.co/7dLWektxEQ"
1241091515272880128,2020-03-20 19:57:30,"(2/3) I want every Vermonter to know I understand the economic and emotional toll COVID-19 is having on each of us. People are hurting and businesses are at risk. Let me assure you, we will pull every lever and turn every dial we can to support folks through this time.#vtpoli"
1241091514043899906,2020-03-20 19:57:29,"(1/3) Today, @SBAgov approved my disaster declaration request due to COVID-19. 

Vermont businesses can now apply for Economic Injury Disaster Loans, which offer up to $2 million in assistance, providing help to overcome temporary loss of revenue. #vtpoli
https://t.co/MpwMk7nqwB"
1241071300623417344,2020-03-20 18:37:10,"Grocery &amp; food supply workers are critical to our COVID-19 response. To all of you working long &amp; stressful hours, thank you for your hard work. Keeping food &amp; other essentials accessible is critical &amp; your tenacity is appreciated. With your help, we will get through this #vtpoli https://t.co/sAxdAjJGU2"
1240816953754869761,2020-03-20 01:46:29,"I know all VTers join me in sending our deepest sympathies to the loved ones of the two VTers we sadly lost today. During this difficult time I know some are feeling scared, worried &amp; overwhelmed, but I want you to know we will get through this because we’re all in this together."
1240701695706857474,2020-03-19 18:08:30,"I just signed a directive allowing delivery &amp; take-out of alcoholic beverages – including spirit-based drinks – by restaurants, bars &amp; other establishments. If you can, please help them out by ordering take-out or delivery for you &amp; your family! #buylocal https://t.co/hVCYpyr8PN https://t.co/Dnq3ijgRKd"
1240633161513656325,2020-03-19 13:36:10,"Thank you, George! We are all in this together. Thank you for your service to Vermonters during this time of need. #VermontStrong https://t.co/BTJiOleeMN"
1240623904516984832,2020-03-19 12:59:23,"First, I want to thank heath care workers &amp; our public health officials at @healthvermont for working day and night to keep Vermonters safe and healthy. We owe them a debt of gratitude. We will get through this pandemic, largely thanks to their commitment &amp; sense of duty. #vtpoli https://t.co/bwYCkmKrON"
1240623903539630087,2020-03-19 12:59:22,"THREAD: As we face unprecedented challenges &amp; experience disruptions due to COVID-19, I’ll be highlighting Vermonters for their hard work &amp; the sacrifices they’re making to help us get through these tough times. We will get through this, but it'll take all of us doing our part."
1240318339320352769,2020-03-18 16:45:10,"I know there are many disruptions our COVID-19 mitigation steps have caused, but each and every decision we've made is based on science, and will save lives. We must take social distancing seriously. We will get through this. And we'll do it, together. (3/3) #vtpoli"
1240318338212995073,2020-03-18 16:45:10,"I am also in regular contact with our congressional delegation, @SenatorLeahy, @SenSanders and Rep. @PeterWelch, as well as Vermont legislators, to find ways to help Vermonters whose employment has been impacted by our COVID-19 response. (2/3) #vtpoli"
1240318337139302407,2020-03-18 16:45:10,"During these challenging times I have instructed @VTLabor to launch an online form for unemployment insurance claims and we’re expanding the number of people in our call center to help. 
To file, visit the link below or call 1-877-214-3330 (1/2) #vtpoli 
 https://t.co/0p1iVPfOie"
1240062256152444939,2020-03-17 23:47:35,"....so those who are on the front lines of our response can continue to care for the sick, protect the public and manage this evolving challenge. 

I am incredibly proud of the selflessness of these public servants at this time of need. (5/5) https://t.co/WLmDJPJ9Q5"
1240062254906847233,2020-03-17 23:47:35,"That’s why, even as we ask the public to step back to help slow the spread of this virus, we are asking others, including our educators and child care providers, to step in and provide a critical service.... (4/5)"
1240062253623279618,2020-03-17 23:47:35,"Teachers, childcare providers and school support staff are going to be as critical to our response as our doctors, nurses and healthcare support staff. (3/5)"
1240062252486721536,2020-03-17 23:47:34,My directive also provides for continuity of funding for schools and providers during the period of school dismissal and closure to help preserve these important services for Vermonters post-response. (2/5) #vtpoli
1240062251257790464,2020-03-17 23:47:34,"I'm directing childcare centers across the state to close normal operations, but encourage continued operation exclusively where needed to provide services for workers who are essential to Vermont’s ongoing effort in community mitigation of COVID-19. (1/5)
https://t.co/WLmDJPJ9Q5"
1239670213081280514,2020-03-16 21:49:45,"I want Vermonters to know we’re continuously evaluating other mitigation steps and we’ll continue to communicate those as they are put into place. 

We will get through this, but it'll take all of us doing our part. 

For the latest guidance, visit https://t.co/pyxs4TP7PQ (2/2)"
1239670199869202432,2020-03-16 21:49:42,"In response to the COVID-19 pandemic, effective Tuesday, March 17 at 2:00 p.m. I am ordering the closure of all bars and restaurants statewide. Establishments may continue to offer food for take-out and by delivery. (1/2) #vtpoli https://t.co/8vPugZUDTu"
1239315802622496769,2020-03-15 22:21:27,"In times of crisis, we all need to make sacrifices. But Vermonters, and all Americans, have risen to the challenges before, and this time will be no different. We will get through this. And we’ll do it, together. 
 
For guidance on #coronavirus, visit https://t.co/NL1wtFJ0wG. 2/2 https://t.co/4iBTFnryM8"
1239314874901151747,2020-03-15 22:17:46,"The orderly dismissal of schools is essential to support both the State’s response to COVID-19 and the needs of children and families across VT. We must ensure children are safe, nourished, and still learning even as the traditional structure of school is disrupted. 1/2 #vtpoli https://t.co/h2zLqgTTuk"
1239272656983252993,2020-03-15 19:30:00,"In response to the COVID-19 pandemic, I'm announcing a Continuity of Education Plan for the orderly dismissal of all schools, and cancellation of all school related activities, no later than Wednesday, March 18. More details here: 

https://t.co/Vzir0y9aID"
1238912450747084800,2020-03-14 19:38:40,"(3/3) For the latest guidance on #coronavirus, visit https://t.co/NL1wtFJ0wG. https://t.co/HWzWfVXlQU"
1238911819659575298,2020-03-14 19:36:10,(2/3) For additional details read my executive order declaring a State of Emergency here: https://t.co/dOGyHbvtF1 https://t.co/i7mYSOoneV
1238911128731820032,2020-03-14 19:33:25,"(1/3) Every single one of us has a role to play confronting COVID-19 and protecting those who are most vulnerable to it – the very ill and elderly. We’re all in this together. We’re going to act together, and we’re going to get through this, together. https://t.co/pkqxxFO7Dr"
1238552845261160451,2020-03-13 19:49:44,"You can watch my press conference live on television on @WCAX, @WVNYWFFF and @MyNBC5 , as well as online on @VermontPBS at https://t.co/qYFXdmVa5z https://t.co/fxI2MPOIcF"
1238461415825870849,2020-03-13 13:46:25,Today at 5:30 I’ll be joined by public health officials &amp; members of my cabinet to provide an update on VT’s response to COVID-19 &amp; detail new &amp; additional mitigation steps VT is taking to address the spread of the virus. More details on where you can watch live will be provided.
1237756873182306305,2020-03-11 15:06:49,Congratulations to the Caps for winning the CVSA U14 state championship. Good luck in regionals! https://t.co/MtzytYhjBH
1237403790019616769,2020-03-10 15:43:48,Today I had the privilege of welcoming a group of inspiring New Americans and refugees in process of obtaining citizenship to my office in the State House. Vermont is proud to welcome refugees and immigrants to our state. https://t.co/dW1pWUIRXD
1237371726499020800,2020-03-10 13:36:23,Today I ordered the activation of the State Emergency Operations Center to further support our COVID-19 response. The health operations center has been activated since early February. For the latest guidance on #coronavirus visit https://t.co/QUaeqYy7vH https://t.co/7eZUwVzNAB
1236498162023632897,2020-03-08 03:45:09,Please find additional details from the Vermont Department of Health here: https://t.co/ezMsbv2m7f
1236498160391983104,2020-03-08 03:45:09,The Vermont Dept. of Health has announced Vermont’s first case of COVID-19. View my statement below: https://t.co/Z612HLont5
1236290881608695809,2020-03-07 14:01:30,"My administration has issued a directive to health insurers so that Vermonters will not be billed for medically necessary COVID-19 testing. And for the latest guidance on #coronavirus, visit https://t.co/QUaeqYy7vH https://t.co/GbsGQa3rIb"
1235648648010055685,2020-03-05 19:29:29,"Thank you, @SenatorLeahy, for your hard work on the appropriations bill that will provide the funding and flexibility we need to respond. I appreciate you, as well as Rep. @PeterWelch, taking the time to update me on Congress’s progress over the past week. https://t.co/sqedeL1mtV"
1235247795524661248,2020-03-04 16:56:38,"On this day 229 years ago, Vermont was formally admitted to the Union, becoming the 14th state. America is stronger because of the contributions of the Green Mountain State &amp; its people. Stella quarta decima fulgeat (May the fourteenth star shine bright). Happy Birthday, Vermont! https://t.co/vbiCi0x0Pb"
1234218537251635200,2020-03-01 20:46:44,"Enjoyed a beautiful afternoon in the 802 cross country skiing @TrappFamily Lodge in Stowe.  Great conditions on the first day of March - in like a lion, out like a lamb! Enjoy the snow while it lasts! #ThinkVT https://t.co/lG4wd6hl4K"
1233789057265754113,2020-02-29 16:20:08,"It’s officially @girlscouts Cookie Weekend in VT. Vermonters can stock up on these treats and support the largest entrepreneurship program for girls in the world. See the Girl Scout Weekend proclamation here: https://t.co/rpxQFNpqjs, and don’t forget to support your local troop! https://t.co/vuTBj1ra8y"
1233500282425872387,2020-02-28 21:12:39,"Lucy Terry's ballad, “Bars Fight,” is considered the oldest known work of poetry by an African American. After settling in Guilford, VT, Lucy – a former slave – successfully argued her family's land theft case before the Vermont Supreme Court in 1785. #BlackHistoryMonth https://t.co/axdTHSqJtq"
1233441120350326784,2020-02-28 17:17:33,"Today at 1 p.m., my team at @healthvermont &amp; @vemvt  will provide an update on Coronavirus (COVID-19). While there are currently no cases of people with COVID-19 in Vermont, this team will detail our preparations for, and response to, COVID-19. Watch at: https://t.co/Lj2XS1MnH2"
1233415682378752006,2020-02-28 15:36:29,"It was a pleasure to be with Mary again today to sign a proclamation naming Feb. 29 Rare Disease Day in Vermont, raising awareness of the nearly 7,000 @NIH designated rare diseases and conditions that affect Vermonters and Americans. Thank you for you tireless advocacy, Mary! https://t.co/6702P6zZPJ https://t.co/RYsWtY94RC"
1232847567601319937,2020-02-27 01:58:59,"Last year, 69 Vermont senior athletes competed in the National Senior Games in New Mexico. 34 were podium finishers, collectively winning 14 gold, 8 silver and 12 bronze medals. Today I had the honor of welcoming them to the State House and congratulate them for making VT proud. https://t.co/ebAiq2nLqB"
1232751953421185024,2020-02-26 19:39:03,"Today I met with young author, Carter Somaini, a 4th grader from Barre whose book, “The Boy and the Bat,” shows kids with dyslexia that they can do anything they set their mind to. Thanks to Carter and his family for joining me this morning! https://t.co/xaYhLRMoB2"
1232113196959518720,2020-02-25 01:20:52,Glad to end our Essex County #VTCapitol4aDay at the Essex House and Tavern in Island Pond. This community is leveraging outdoor recreation to support its economy and showing what a great asset our natural resources and recreation can be. https://t.co/azV97BOI79
1232098818646331393,2020-02-25 00:23:44,"It’s incredibly helpful to hear from those on the ground about the benefits of better integration, helping patients navigate the system and growing the healthcare workforce.  #VTCapitol4aDay"
1232098806893883393,2020-02-25 00:23:41,Community based healthcare helps us deliver vital services in rural areas where access is especially challenging. Pleased to learn more about unique needs &amp; strategies - including coordinated care - in Essex County from the professionals at the Island Pond Health &amp; Dental Center. https://t.co/1GcIBJvKsN
1232043102862499840,2020-02-24 20:42:20,"#VTCapitol4aDay brought us to Sweet Tree Holdings (@themapleguild) in Island Pond. This impressive, innovative operation is producing quality organic syrup, sold around the world. https://t.co/VbfZgUrrU2"
1232007936601403397,2020-02-24 18:22:36,"If you’re in the area, make sure to stop by April’s Maple 🍁 https://t.co/1xTitqqaHb"
1232005505670930432,2020-02-24 18:12:56,"Thank you to April's Maple for hosting my team &amp; members of @NCChamberofC for a great lunch as part of #VTCapitol4aDay. Great to chat w/ these employers about workforce challenges and economic opportunities, and to learn more about April’s success here in Essex County. https://t.co/FA001Afvsl"
1231983003016007680,2020-02-24 16:43:31,"My team is working to strengthen and increase investment in tech centers like this because they are so important to filling critical workforce needs, including nursing, emergency services, manufacturing, agriculture, carpentry, welding and more. #VTCapitol4aDay https://t.co/9Z2VBqMmHK"
1231982984372346880,2020-02-24 16:43:27,"The Canaan Career Technical Center offers five college and career pathways to its students, helping train our future workforce and provide greater opportunities for kids from both Vermont and New Hampshire. #VTCapitol4aDay https://t.co/5wtAB3Phy5"
1231967249772269568,2020-02-24 15:40:55,"Next stop for #VTCapitol4aDay was to Ethan Allen Sawmill in Beecher Falls. The company provides hundreds of jobs in the Northeast Kingdom, and builds custom furniture sold around the globe. https://t.co/cdnW135zrV"
1231940547679576065,2020-02-24 13:54:49,".@VTLabor Acting Commissioner Michael Harrington provided details on Essex County’s workforce, which illustrates the two Vermonts that exist and the challenges our rural areas face. #VTCapitol4aDay https://t.co/KalijpBVKq"
1231940495363973122,2020-02-24 13:54:37,"Dept. of Forests, Parks &amp; Rec Deputy Commissioner Sam Lincoln shared how last year’s visit to Essex County has helped in our work to support the logging industry, which is critical to the region’s economy. #VTCapitol4aDay https://t.co/AXoYhro10D"
1231940451839758337,2020-02-24 13:54:26,Great to be in Beecher Falls to kick off our Essex County #VTCapitol4aDay! Thanks to Beecher Falls Volunteer Fire Department for hosting our cabinet meeting this morning and for all you do to serve and protect this area. https://t.co/uw1iFfd8Ce
1231748263285530624,2020-02-24 01:10:45,"@CounselorAdrian @johnjquinn3 Don’t forget...Bloomfield,Brunswick, Concord,Ferdinand, Granby,Guildhall,Lunenburg (largest town) and of course Victory (smallest town)"
1230973078915756039,2020-02-21 21:50:27,"When I was in the Senate, I was honored to serve with Sen. Julius Canns, who fought for the recognition of Abenaki tribes &amp; advocated for veterans. He was also the first African American to serve in the Vermont Senate. He was a great colleague &amp; public servant. #BlackHistoryMonth https://t.co/ecC78K5MSM"
1230861667308855298,2020-02-21 14:27:44,RT @VermontSOS: Our Office of Professional Regulation is working w/ @GovPhilScott and members of the Senate/House Gov’t Operations Committe…
1229865682604568579,2020-02-18 20:30:03,"Today, I proclaimed it Engineers Week in VT. Engineers play a critical role in our communities, economy &amp; so much of our daily lives - and we need more of them. The good news is there’re many engineering jobs in our state available right now. Learn more @ https://t.co/SoDkee90rD https://t.co/WIIL8WXCI8"
1229779212443291648,2020-02-18 14:46:27,"Born in Corinth, VT, Alexander Twilight was the first African American man to earn a bachelor's degree from an American college. In 1836, he became the first African American man elected to a state legislature, representing Brownington in the VT House of Reps. #BlackHistoryMonth https://t.co/6rpFGLSPWn"
1228410566697508866,2020-02-14 20:07:56,Thanks to @scoutingvermont for having me at their Eagle Scout Recognition Day to celebrate 27 of the 65 scouts who’ve earned that rank in the last year. Congratulations to these young leaders who do so much to serve others in their communities! https://t.co/2p6TYmPirh
1228380838162767872,2020-02-14 18:09:48,"Eliza Healy (later know as Sister Mary Magdalen) was born into slavery in Georgia and, in 1903, became the first African American mother superior of a Catholic convent when she assumed leadership of the Villa Barlow convent and school in St. Albans, VT. #BlackHistoryMonth"
1227673283992092679,2020-02-12 19:18:14,"To learn more about their experiences and important contributions, a good place to start is the Vermont African American Heritage Trail to visit historical sites and hear these stories. #BlackHistoryMonth #ThinkVT https://t.co/zu6wJEIFTN"
1227673196339585026,2020-02-12 19:17:53,Our shared values as Vermonters have been shaped by those who came before us. The history of African American Vermonters is woven into the story of our state and we honor this legacy as we celebrate #BlackHistoryMonth
1226906466747068417,2020-02-10 16:31:11,"When combined with decreases from 2017-2019, VT employers will pay an average of 30% less in workers’ comp. premiums than before I took office. These savings will help employers of all sizes hire more workers, increase salaries and expand their operations in our state. (2/2) https://t.co/x8vULOL1Xi"
1226906460170473472,2020-02-10 16:31:09,"As we work to grow the economy, addressing the high cost of doing business in Vermont is critical. This year, I’m happy to announce the largest workers’ compensation insurance rate decrease in decades – without reducing benefits to workers. (1/2) https://t.co/3f77MEJptS"
1226511447296884736,2020-02-09 14:21:31,"Productive meeting this morning with fellow New England governors @GovNedLamont, @GovJanetMills and @MassGovernor Charlie Baker, discussing clean energy, infrastructure and other ways we can work together as a region. https://t.co/jREDblVQcl"
1226266548681105409,2020-02-08 22:08:22,"I’m in D.C. for the @NatlGovsAssoc, working with colleagues to find solutions to issues that face all our states. It’s great to join @MassGovernor, Gov. @DougDucey and others for @GovLarryHogan’s Chair Initiative roundtable on modernizing America’s infrastructure. #WeTheStates https://t.co/ym6CdoYLBI"
1226207889473167360,2020-02-08 18:15:17,"Yesterday with Loki, and today with Captain America @ChrisEvans to be interviewed for his new project, A Starting Point, which aims to help Americans bridge the gap of political rhetoric and better understand the issues that impact them and their families. https://t.co/oZRavq905Y https://t.co/96bJdXyHuV"
1226179106003390465,2020-02-08 16:20:54,"Great to meet @VTStatePolice’s newest recruit, Loki, who showed me around the State House yesterday. https://t.co/f1sXoeiqap"
1224851883581411329,2020-02-05 00:27:00,"Last week, I vetoed a $29 million payroll tax on VTers &amp; outlined the next steps of my plan to provide a voluntary paid leave program without a tax hike or new bureaucracy. If you agree, contact your reps at 802-828-2228 and ask them to sustain my veto.  https://t.co/GDWMug7TrP"
1223367176964464640,2020-01-31 22:07:18,"Today, I vetoed a new mandatory $29 million payroll tax on working Vermonters, and outlined the next steps of my plan to provide an affordable paid family and medical leave program without a tax increase or new bureaucracy. Read my statement here: #vtpoli https://t.co/wZQgCkph9a https://t.co/jIokrGASNN"
1222925152473710594,2020-01-30 16:50:51,#USMCA https://t.co/QY62dUeEkp
1222907187225419776,2020-01-30 15:39:28,and I thank Congress for its improvements and action. Our nation needs and deserves much more bipartisanship like this. We must put progress ahead of partisan politics. (2/2)
1222907186600390658,2020-01-30 15:39:28,"Ratification of the #USMCA is great news for workers, small businesses, manufacturers, innovators and farmers in Vermont and all across the North American economy. I appreciate the work of President Trump and his administration on this impactful trade deal...(1/2)"
1222595963778404352,2020-01-29 19:02:47,Welcome to @VTStatePolice's newest officer! https://t.co/9eccGIt00p
1222532072104919043,2020-01-29 14:48:54,"This morning during open door coffee, I had the privilege of meeting Mary Nadon and learning more about Friedreich’s ataxia and her work with @CureFA_org to raise public awareness and find a cure for this debilitating disorder. #CureFA https://t.co/iyb1DP3Gjn"
1221860357414760450,2020-01-27 18:19:44,A Statement from Governor Phil Scott on Holocaust Remembrance Day: https://t.co/ukZESz9Buw https://t.co/CuXFiFcOVR
1220833112810237953,2020-01-24 22:17:50,"It was an honor to recognize Vermont World War II veterans today in Stowe. We can never fully repay our debt to members of the Greatest Generation who served. Their bravery, heroism and sacrifice saved the world, and we can never thank them enough. https://t.co/SAnTvjbm5B"
1220793351752032256,2020-01-24 19:39:50,Voting is critical to our democracy and it's important for all Vermonters to participate. Join @VermontSOS and community partners in Burlington and Winooski for New American voting events to learn more about registering to vote and using new translated ballots! https://t.co/iYvAj0orpx
1219708356312600576,2020-01-21 19:48:27,"If we accept the challenge, set clear objectives, have the discipline to commit to solutions and follow through, we can reverse these trends. We can restore economic vitality to every corner of our state. We can make Vermont more affordable for every family &amp; business. #VTBudget"
1219708064967905280,2020-01-21 19:47:18,The issues we face are significant but none greater than the demographic crisis and the economic challenges it brings... Confronting this crisis now is the only way to preserve our ability to solve problems in the future. #VTBudget
1219707909677965313,2020-01-21 19:46:41,My $3.15M Clean Grid Modernization Package will encourage companies to start &amp; expand here by making R&amp;D work eligible for a tax credit and will provide $2M in capital &amp; technical assistance... and I propose we eliminate the corporate income tax on these job creators. #VTBudget
1219707650541268992,2020-01-21 19:45:39,"(2/2) While we wait for Congress to work on a national solution, electric utilities have introduced EV-specific rates and will recommend a pilot program for the collection of revenue from EV charging stations to support long-term transportation maintenance. #VTBudget"
1219707482039341062,2020-01-21 19:44:59,"(1/2) My budget proposes to invest $3 million to address [obstacles to EV purchases] and help meet our climate &amp; energy goals... We’ll increase funding for incentives, consumer education and support services and… more charging stations on our highways &amp; our workplaces. #VTBudget"
1219707066182520838,2020-01-21 19:43:20,"On top of everything we’re already doing &amp; everything I’m proposing... I propose committing 25% of all future end-of-year budget surpluses for additional investments that address climate change, specifically for initiatives that support weatherization or electrification.#VTBudget"
1219706330862247936,2020-01-21 19:40:24,"To create an incentive for military vets to return to VT &amp; join our workforce, I’m again proposing to exempt military retirement pay from the income tax... I hope you’ll join me this year in eliminating the tax on those who devoted their lives in service to our nation. #VTBudget"
1219706063609630721,2020-01-21 19:39:21,"@VTLabor (4/4) That America is still a land of opportunity for all who seek freedom from oppression, security for their families or, in some cases, just a fresh start. As long as I’m governor, they’ll be welcome right here in Vermont. #VTBudget"
1219705963692875776,2020-01-21 19:38:57,"@VTLabor (3/4) These efforts not only benefit our state, they also signal we’re committed to the values this nation was built on. #VTBudget"
1219705859695095810,2020-01-21 19:38:32,(2/4) This includes funding to @VTLabor that will help communities plan for and explore refugee resettlement and opportunities to welcome more New Americans to Vermont. #VTBudget
1219705806918242305,2020-01-21 19:38:20,(1/4) We’ll continue to advocate for more legal immigration as a way to bring more hardworking people to Vermont to contribute to our economy and grow our workforce. #VTBudget
1219705752157327360,2020-01-21 19:38:07,"We’ll also continue our efforts to recruit more people to live and work here. This includes increased funding for @VTLabor's VT Relocation Assistance Program to ensure folks interested in moving here have the info they need about jobs, housing &amp; opportunities available. #VTBudget"
1219705629570490368,2020-01-21 19:37:37,We hear about our growing labor shortage in every sector on a daily basis... I ask you to work with me on a $1M incentive to keep graduates from our registered nurse and licensed practical nurse programs right here... filling positions desperately needed by employers. #VTBudget
1219705402687926278,2020-01-21 19:36:43,"@VTLabor @VTEducation @VSC_edu @CCV_VT @vttech (2/2) If you’re willing to look at things differently and move with urgency, we can have a unified, statewide training program next year. #VTBudget"
1219705324132806656,2020-01-21 19:36:24,"(1/2) I’ve also asked @VTLabor and @VTEducation to work with @VSC_edu to align our Adult Ed and Adult CTE system with @CCV_VT, @vttech, our tech centers and regional stakeholders. This will create a seamless pathway from school to training to work. #VTBudget"
1219705186106691584,2020-01-21 19:35:52,(3/3) That’s why I’ve directed @VTLabor to work with @VSC_edu and tech centers throughout the state to double the number of apprentices by 2023. #VTBudget
1219705133417869313,2020-01-21 19:35:39,"(2/3) Apprenticeships are great opportunities for Vermonters to earn while they learn... These programs are industry-driven, allowing employers to recruit for good jobs they have available. But there’s an opportunity and need to do more. #VTBudget"
1219705026811252736,2020-01-21 19:35:14,"(1/3) Over the last four years, we’ve added more than 700 apprentices to our workforce, which includes a 36% increase in the number of women in these important programs. #VTBudget"
1219704676729393153,2020-01-21 19:33:50,"(2/2) Let’s build on this success with an additional $3 million for childcare assistance, and let’s also expand the lottery and commit these new revenues to this initiative each year moving forward. #VTBudget"
1219704623117656064,2020-01-21 19:33:37,"(1/2) We know the benefits of accessible, affordable childcare for parents, kids and our economy, which is why we’ve worked together to increase funding by 30%—about $10 million—over the last three years, and these investments are working. #VTBudget"
1219704472336764928,2020-01-21 19:33:01,To recognize the incredible importance of our larger anchor employers... I propose a $3M VT Capital Investment Incentive Program which encourages these companies to make new upgrades at local facilities &amp; in exchange... they’ll commit to maintain certain payroll levels. #VTBudget
1219704377507753984,2020-01-21 19:32:39,"To support more small business growth, I’m proposing a $1 million incentive program through the Vermont Economic Development Authority (VEDA) to provide low-cost loans that convert to no-cost grants after meeting expansion and payroll goals. #VTBudget"
1219704321086050304,2020-01-21 19:32:25,"(2/2) And when they’re successful, we’ll provide a match to the federal grant to help them grow and create jobs. #VTBudget"
1219704271853228034,2020-01-21 19:32:14,(1/2) We’ll also support our small technology businesses with an investment of $1M to help them secure federal Small Business Innovation grants for groundbreaking work done right here in Vermont and to tap into the research capabilities at our colleges and universities. #VTBudget
1219704193113563136,2020-01-21 19:31:55,"Let’s make it easier to start, register and operate a business here. Working with @VermontSOS, my budget includes $1 million for a streamlined and online business portal which will make it much easier for them to navigate state government. #VTBudget"
1219703987664052233,2020-01-21 19:31:06,"As another part of my Community Investment Package, my budget includes $1M for incentives to rehabilitate old homes into decent, affordable, energy efficient rental properties [and] reforms to the Renter Rebate Program... resulting in about $800K more in rebates. #VTBudget"
1219703717747924992,2020-01-21 19:30:01,"(2/2) Let’s couple the most beautiful state in the nation with an increased investment to remind the 70 million people who live within a six-hour drive that we’re not only a great place to visit but also to live, work, play and, hopefully, invest in. #VTBudget"
1219703594703904771,2020-01-21 19:29:32,"(1/2) Tourism is a top contributor to our economy. But we’re investing far less than every other state in the region &amp; we compete with them for visitors every single day. My budget includes an additional $1M investment in tourism, economic dev &amp; outdoor rec marketing. #VTBudget"
1219703471835881473,2020-01-21 19:29:03,"To further strengthen Vermont’s small towns, agriculture and other businesses, I’ve budgeted $750,000 for the Working Lands initiative which will help expand production of quality food, forest products and jobs. #VTBudget"
1219703414688567296,2020-01-21 19:28:49,"I also propose a $2.8M investment that will leverage another $11.3M in federal funds to complete the Lamoille Valley Rail Trail.... When complete, the activity it will create—along with cross promotion—will strengthen businesses, economies &amp; the quality of life. #VTBudget"
1219703122127396864,2020-01-21 19:27:39,The City of Newport is now poised for a once-in-a-generation redevelopment... The capital bill now includes $1.5M to begin the process of helping to revitalize Main St... bring[ing] public &amp; private investment together to implement a larger vision for Newport &amp; the NEK. #VTBudget
1219702877033246722,2020-01-21 19:26:41,"Tax Increment Financing [districts] not only create economic growth but also empower communities to shape their own future... I’ll continue to support expanding them across Vermont, including a proposal to make them available to smaller communities. #VTBudget"
1219702655347494915,2020-01-21 19:25:48,"Today, I propose increasing the downtown &amp; village center tax credits to $4 million—a $1.4 million increase. These dollars support important projects like Springfield’s Woolson Block &amp; Bennington’s Putnam Block that are often the first step in community revitalization. #VTBudget"
1219702402481369088,2020-01-21 19:24:48,"To put all Vermonters on a better path, we must increase economic opportunity in each of our 14 counties. That’s why this budget includes more investments in downtowns and regional economic centers, and tools to help employers survive and create more good paying jobs. #VTBudget"
1219702259174510594,2020-01-21 19:24:14,"We’re one of only 4 states moving forward with a prescription importation program… Our estimates show this could save millions… My budget includes resources to continue this important effort, because lowering the costs of prescription drugs is the right thing to do. #VTBudget"
1219702057176834050,2020-01-21 19:23:26,(2/2) I recommend we continue to support this work by asking you to authorize the $5.7M for delivery system reforms proposed in budget adjustment on the condition the ACO operate as a non-profit or meet those same transparency standards. #VTBudget
1219701676925423616,2020-01-21 19:21:55,"(1/2) In 2018, the providers the state paid through the ACO reduced the amount of money spent on healthcare services by $7.7M. In the same year, providers who were not paid through the ACO spent $1.5M more than expected. Early results for 2019 show a similar pattern. #VTBudget"
1219701284254769153,2020-01-21 19:20:21,"We’ll be able to triple the number of barracks where we embed [social workers], which will reduce the volume of emergency calls, hospitalizations and court involvement for some of our most vulnerable Vermonters, all within existing resources. #VTBudget"
1219701125324197890,2020-01-21 19:19:43,"I’d like to pilot a new mental health Mobile Response Unit. In other states, this model has reduced emergency room visits and hospital admissions, saved many hours of law enforcement time and helped foster kids find stability. #VTBudget"
1219701003949428737,2020-01-21 19:19:14,"Tragically, suicide is a growing risk around the country, and we know all too well Vermont is not immune. Our approach must focus on early intervention for those at risk. That’s why my budget invests over $1 million more in suicide prevention &amp; mental health services. #VTBudget"
1219700820373131266,2020-01-21 19:18:31,"(3/3) Coupled with the universal afterschool network I proposed in the State of the State and expanding mental health services in schools, we can prevent serious problems before they develop and give every child the hope and opportunity they need and deserve. #VTBudget"
1219700746029010945,2020-01-21 19:18:13,"(2/3) ...reduced costs of child protection, special education, substance abuse and criminal justice services down the road and put families on a path to economic self-sufficiency. #VTBudget"
1219700686277029889,2020-01-21 19:17:59,"(1/3) By investing $1M more in our newborn home visiting program, we can cover roughly 1/4 of all the babies born each year, giving these parents the support they need to build a better foundation for their kids. This model has improved the health of babies and moms... #VTBudget"
1219700570635808770,2020-01-21 19:17:31,"My budget prioritizes spending to prevent root causes rather than just treat consequences... to find efficiencies, make structural changes &amp; create savings in order to reinvest in areas that prevent problems in the first place which will further reduce costs over time. #VTBudget"
1219700216695312387,2020-01-21 19:16:07,"Our demographic crisis is without question the greatest challenge we face as a state... But here’s the thing: We can fix it, so long as we resist the temptation to ignore it, get distracted by politics or become deterred by hard work. #VTBudget"
1219699911152762887,2020-01-21 19:14:54,"(2/2) And even with consistent revenue growth, each year we’ve had to make difficult decisions with reductions to agencies, departments, programs and services. #VTBudget"
1219699846577295360,2020-01-21 19:14:39,"(1/2) The General Fund budget I’m presenting spends $1.7 billion, which is an increase of 2.8% or $46 million over the current year. Here’s the frustrating part: Even with organic revenue growth, we still started building our General Fund budget with a $70 million gap. #VTBudget"
1219699743049289728,2020-01-21 19:14:14,"(2/2) ...student performance and the number of kids continue to decrease. Since Act 60 was passed, we’ve lost 26,000 students from our K-12 public schools while education spending has more than doubled. #VTBudget"
1219699678490611712,2020-01-21 19:13:58,"(1/2) In the Education Fund... we project spending to total over $1.8 billion, an $87 million, 5% increase over the current year. Unfortunately, we’re seeing spending, property taxes, as well as inequity, continue to increase while educational opportunities... #VTBudget"
1219699553315774465,2020-01-21 19:13:29,We’re now in the second year of the $124 million capital bill. I’ll propose a few changes... but we remain on target in most areas. #VTBudget
1219699495392497665,2020-01-21 19:13:15,"(2/2) This includes $100M for roads and paving, major projects like the new draw bridge in Grand Isle &amp; our rail project in Middlebury... It provides for 158 new park and ride spaces, investments in bike and ped projects and so much more. #VTBudget"
1219699360562401281,2020-01-21 19:12:43,"(1/2) The transportation budget includes $276.7M in state funds... leveraging another $335.6M in federal funds. This amounts to a $25.5M increase... the largest transportation budget since the Irene recovery, without raising additional taxes or fees. #VTBudget"
1219699238386442240,2020-01-21 19:12:14,"This is the approach we took, and in the upcoming fiscal year, across all funds, our budget totals $6.3 billion. With $4.2 billion of state revenue sources and $2.1 billion in federal dollars, this is an increase of about 2% over the current year. #VTBudget"
1219699154345172993,2020-01-21 19:11:53,"With each budget proposal, I’ve focused on our fiscal fundamentals, to balance what we want with what we need and to set us on a path where our capacity to solve problems and help people grows while the burden on taxpayers shrinks. #VTBudget"
1219698844188979200,2020-01-21 19:10:40,"It’s my belief the state budget should not grow any faster than people’s paychecks. Our goal should be to do our work in ways that help Vermonters keep more of what they earn, making it easier—not harder—for every family to live a secure and stable life. #VTBudget"
1219680259039268865,2020-01-21 17:56:48,My team will be live tweeting my FY21 Budget Address this afternoon. Follow along with #VTBudget and on my Facebook live stream: https://t.co/ChxUntngI6
1219368128800600065,2020-01-20 21:16:31,https://t.co/QRAqvxJ4x1
1218972253041373184,2020-01-19 19:03:27,"My proclamation for Martin Luther King, Jr. Appreciation Day tomorrow, January 20: https://t.co/rRn9HaWtvN"
1218612080204488709,2020-01-18 19:12:15,"Dr. King continues to inspire us. His dream remains in progress, but his life shows we can all help shape our future, transform our nation and set an example for our kids. Let’s recommit to his vision, working toward something bigger than ourselves. #MLK https://t.co/wqUHiKdR8U"
1218256435626283009,2020-01-17 19:39:03,"As we begin this holiday weekend in honor of Dr. Martin Luther King Jr., let’s draw inspiration from his example and his words: “Darkness cannot drive out darkness; only light can do that. Hate cannot drive out hate; only love can do that.” #MLK https://t.co/cJUoUYdPfZ"
1217904557088313346,2020-01-16 20:20:48,"If we focus on the fundamentals: a better, more modern government, a stronger fiscal foundation and policy that’s truly equitable, then our communities will be stronger and more resilient than ever before. #VTSOTS https://t.co/yOWVPMBENu"
1217819653839491074,2020-01-16 14:43:26,"I also recognized the Ludlow Fire Dept, who went above &amp; beyond the call of duty on Thanksgiving when a family's stove caught fire, destroying their turkey. Firefighters extinguished the flame &amp; went back to the firehouse to cook the family's dinner, saving their holiday. #VTSOTS https://t.co/2dP569kyFK"
1217646545883095040,2020-01-16 03:15:33,"The work Vermont’s fire fighters do every day is an inspiration for us all. Not only do they save lives, but livelihoods, homes, property &amp; so much more. It was great to join so many farmiliar faces at the Addison County Fire Fighters Association dinner tonight for my 10th year. https://t.co/n5vGQKb9VI"
1217559957475930114,2020-01-15 21:31:29,"The fact is, where we are as a state and where we go from here is in the hands of every Vermonter. #VTSOTS https://t.co/j1mxbJa6s0"
1217222441044520960,2020-01-14 23:10:19,"In my #VTSOTS I also highlighted Gloria Powers. Gloria has provided a home for nearly 400 foster children over 25 yrs. She spends hours each week at the Glover Senior Center, providing meals for members of her community. She wakes up every day wondering how she can help others. https://t.co/CuIeKmI98I"
1216833048953659394,2020-01-13 21:23:01,"Vermonters of the Greatest Generation who served during WWII, like my dad, stepped up to protect democracy for their generation and those of us who followed. Thank you to the vets of the Barre American Legion Post and the POWs who attended my #VTSOTS – and to all who served. https://t.co/AYWwlz9Rdt"
1216833033761935360,2020-01-13 21:22:57,"Where we are as a state, and where we go from here, is in the hands of every Vermonter. It’s the people of Vermont, doing all they can to lift each other up, who will shape our future. They define who we are and all we can be. #VTSOTS"
1215758842170159105,2020-01-10 22:14:30,"@thevpo1 I wouldn’t want to get ahead of my Budget Address, John"
1215756713657323525,2020-01-10 22:06:02,"Duchess Meghan and Prince Harry, what about checking out a smaller Kingdom.... Vermont’s Northeast Kingdom! It’s a great place to live, work and play. And it’s even close to Canada! #ThinkVermont https://t.co/yOxbfh4md4 https://t.co/J8OtFm3HLK"
1215362701486104577,2020-01-09 20:00:23,"If our sense of service and duty is strong; if our commitment to our neighbors is unwavering; and if we remember that we are all part of something bigger than ourselves, then the state of the state, our future and our people will be stronger than ever before. #VTSOTS"
1215361292900409345,2020-01-09 19:54:47,"When [difficult] moments come, I think of the people who inspire me to be part of something bigger, of what they’ve endured with courage and resolve, and how they show that in the face of incredible adversity, we’re all capable of great things. #VTSOTS"
1215360978134671368,2020-01-09 19:53:32,"Over the next few months, the way we go about our work will not only determine the results we’re able to deliver but also the strength of our institutions, the faith Vermonters have in us and the example we set for our kids. #VTSOTS"
1215360783330238465,2020-01-09 19:52:45,"I’ll also propose a package of criminal justice reforms that we’ve shared with the comms. of jurisdiction… As we continue to create a more effective criminal justice system, we must remember that justice for victims &amp; accountability for criminals must be top priorities. #VTSOTS"
1215360174141136897,2020-01-09 19:50:20,"Many of you, alongside the Agency of Human Services, have worked diligently to improve our mental health system. This includes adding inpatient capacity, which is critical to getting people the care they need, when they need it. #VTSOTS"
1215360098782121985,2020-01-09 19:50:02,We took significant steps over the last year to protect kids: passing legislation to address the vaping epidemic and to ensure drinking water at every school and child care center will be tested for lead. And this work will continue. #VTSOTS
1215359981886824451,2020-01-09 19:49:34,(3/3) ...as well as expanding our battery and renewable energy storage sectors and the jobs they can create. And I’ll propose giving small co-ops and municipal utilities more flexibility in order to innovate. #VTSOTS
1215359906175471616,2020-01-09 19:49:16,"(2/3) As we look even further ahead, I strongly believe it’s incentives, not penalties, which will help us transition more quickly... My budget will propose more incentives and a greater focus on affordable, clean energy... #VTSOTS"
1215359079360745477,2020-01-09 19:45:59,(1/3) We know about half of the emissions that contribute to climate change come from transportation. That’s why we’ve also worked together to make it more affordable to purchase electric vehicles. #VTSOTS
1215358955020607491,2020-01-09 19:45:29,"(2/2) And, when paired with my proposed investments in housing &amp; economic development, will support more vibrant, walkable &amp; livable downtowns &amp; villages which, as the Speaker has said, supports economic growth &amp; is a critical piece of our work to combat climate change. #VTSOTS"
1215358878495444992,2020-01-09 19:45:11,(1/2) I also appreciate the sense of urgency Speaker Johnson and others have placed on modernizing Act 250… The balanced approach we’re working on would enable concentrated development where people want to live &amp; work. #VTSOTS
1215358748878876672,2020-01-09 19:44:40,"Because of the economic imbalance from region to region, I still hear about the difficulty of finding an affordable place to live. That’s why my budget will include a package to revitalize existing homes and build more of them, targeted to the places that need it most. #VTSOTS"
1215357940909182977,2020-01-09 19:41:28,"I propose to you today that we begin creating a universal afterschool network that ensures every child has access to enrichment opportunities outside of current classroom time, and to align the students’ day with the length of the workday. #VTSOTS"
1215357439274516480,2020-01-09 19:39:28,"(2/2) Because, ultimately, we need to help people in all parts of the state move up the economic ladder, and the best way to do this is to level the economic playing field and make Vermont more affordable for all families and every business. #VTSOTS"
1215357360904056833,2020-01-09 19:39:09,"(1/2) Overall tax and fee burden is still growing far too fast, especially property taxes, and you can expect additional targeted tax relief in my budget. #VTSOTS"
1215357152916799491,2020-01-09 19:38:20,"@VermontSOS (3/3) …my budget will include additional investments in training, with an emphasis on the trades and more incentives for young adults and working-age families to stay or move here. #VTSOTS"
1215357092632104960,2020-01-09 19:38:05,(2/3) And we're helping those in recovery or with other barriers to employment find and keep good jobs... In partnership with @VermontSOS let’s further reduce hurdles and costs for licensed professionals so we can bring more of them into the workforce. #VTSOTS
1215357010595794946,2020-01-09 19:37:46,"(1/3) We’re strengthening training, internship &amp; apprenticeship programs for VTers. We established a first-in-the-nation approach to make it easy for veterans to transition to civilian careers. #VTSOTS"
1215356940467023872,2020-01-09 19:37:29,"@VTEconDev (2/2) We know this isn’t the only answer, but this program is a small step towards growing our way out of the demographic crisis facing our state and the affordability crisis facing our families. #VTSOTS @VTEconDev"
1215356621527928832,2020-01-09 19:36:13,"(1/2) Since [the launch of the remote worker incentive], we’ve received worldwide attention, more than $7 million in free advertising, thousands of inquiries and relocated 371 people to more than 68 communities across 13 counties. #VTSOTS @VTEconDev"
1215356482893512704,2020-01-09 19:35:40,"(3/3) ...then our businesses and economy will grow, putting more kids in our schools and broadening our tax base, making our communities stronger and more resilient than ever before. #VTSOTS"
1215356420322996224,2020-01-09 19:35:25,"(2/3) ...if we focus on the fundamentals: a better, more modern government, a stronger fiscal foundation and policy that’s truly equitable... #VTSOTS"
1215356369341177856,2020-01-09 19:35:13,"(1/3) If we’re willing to focus on doing the work, on caring more about the details than we do the talking points; if we can build consensus and trust and avoid national political agendas deliberately designed to divide us... #VTSOTS"
1215356164009005058,2020-01-09 19:34:24,"Sustainable, economic growth has become too hard &amp; too rare in too many areas. It’s hurting people. It’s regressive. It’s creating regional inequity. And it’s by far the biggest &amp; most immediate challenge to our state &amp; the ability of government to help shape the future. #VTSOTS"
1215355994282299397,2020-01-09 19:33:43,"This is what a demographic crisis looks like. In too many places, and in the lives of too many Vermonters, I see and feel the emotional and financial toll of policies built for a few areas in the state that can afford them when the rest of the state cannot. #VTSOTS"
1215355828234063874,2020-01-09 19:33:04,"From county to county, there’s a huge gap between median home values, median household income, average wage &amp; so much more... across the state, we’re feeling the negative impacts in everything from our homes, schools &amp; colleges to our hospitals &amp; nursing homes. #VTSOTS"
1215355668712042507,2020-01-09 19:32:26,"Of the five towns that have seen the most growth in recent years, four of them are in Chittenden County. And in the past 12 years, only three counties have added workers. The other 11 have lost a total of about 18,000. #VTSOTS"
1215355541725249537,2020-01-09 19:31:56,"Today in Vermont, there are about 55,000 fewer people under the age of 45 and 44,000 more over the age of 65 than there were in the year 2000. For years, we had more deaths than births, and have seen more people move out of Vermont than in. #VTSOTS"
1215355352163717121,2020-01-09 19:31:10,"(2/2) So, even as we face major challenges, these Vermonters show that in the hands of our people, doing all they can every day, the state of the state is strong. #VTSOTS"
1215355276750135299,2020-01-09 19:30:52,"(1/2) These people and thousands more—those we hear about and those we don’t—remind us that we are all part of something bigger, and that it’s in our pursuit of purpose and in service to others that we find the best of ourselves, our communities, our state and our nation. #VTSOTS"
1215354621255876609,2020-01-09 19:28:16,"The state of the state, our values and identity are guided by—but have never been defined by—what happens in this building. It’s the people of Vermont, doing all they can to lift each other up, who will shape our future. They define who we are and all we can be. #VTSOTS"
1215354442490445824,2020-01-09 19:27:33,"While good things are happening and progress is being made, too many of our counties, communities and families remain at a critical crossroad. The fact is, where we are as a state, and where we go from here, is in the hands of every Vermonter. #VTSOTS"
1215354263494438912,2020-01-09 19:26:51,"This, my fellow Vermonters, is how we rise above partisanship, how we reject polarization, how we work toward something bigger than ourselves and how we—all of us in this room—can best lead our nation forward. #VTSOTS"
1215354039120072704,2020-01-09 19:25:57,"In state houses and town halls across America, it’s up to us to show that people from different backgrounds, with different points of view, can unite around our core values and our common humanity. #VTSOTS"
1215348811557752832,2020-01-09 19:05:11,"As elected officials, it’s our duty to distinguish what must be done from what we might like to do, and to work together, pulling in the same direction, to make a difference for those we serve. #VTSOTS"
1215331413316251648,2020-01-09 17:56:03,My team will be live tweeting my State of the State address this afternoon. Follow along with #VTSOTS and on my Facebook live stream: https://t.co/SxEPESl9Vf
1214548085524840449,2020-01-07 14:03:23,It’s not the start of the legislative session until Senator Mazza delivers coffee. https://t.co/6oypfiyz1b
1212776097785536513,2020-01-02 16:42:08,Thank you to @TimesArgus for reminding us of all the ways (big and small) we can be better neighbors and role models as we enter the New Year. https://t.co/eM2SkJ2ePx
1212369703060029442,2020-01-01 13:47:16,"Happy New Year, Vermont! https://t.co/VXNUnBMRH0"
