id,created_at,text
1247316910867247104,2020-04-07 00:15:00,The toll this pandemic takes on our fellow Minnesotans isn’t just physical. Economic hardship and isolation from our neighbors and loved ones is challenging our mental health as well. Today I signed a measure to increase telehealth options for mental health support. https://t.co/UOwtzCh2id
1247296526436581376,2020-04-06 22:54:00,"Our veterans chose to raise their hand to serve our country – they deserve our unwavering support during this challenging time. I encourage all veterans struggling during the COVID-19 pandemic to apply for our newly available @MNVeteran relief grants. 

https://t.co/dDeQLilBZy https://t.co/oXnchVWcH0"
1247236883442065418,2020-04-06 18:57:00,"Deeply grateful for the chance to speak to children, parents, front line workers, and all Minnesotans about our new reality and the challenges ahead. We are resilient. We will come out stronger on the other side. Watch here if you missed it👇 #MNSOTS

https://t.co/j5N65wNqSA"
1247210962828038145,2020-04-06 17:14:00,"When the going gets tough, Minnesotans support our neighbors. As Asian Americans report discrimination amid COVID-19, remember this: Viruses don't discriminate and neither should we. Law enforcement and our new helpline are here for support: 833-454-0148. https://t.co/nDSU4S5hFb"
1247190134413557761,2020-04-06 15:51:14,"RT @paulgazelka: As promised, we are clarifying Work Comp language to make sure Covid -19 front line workers, nurses, fire, police, etc.,ar…"
1247188561729855489,2020-04-06 15:44:59,"I’m proud of the tireless, bipartisan collaboration between the legislature, businesses and labor that went into getting this to the finish line. Our front line employees are fighting nonstop to keep Minnesotans safe – if they get sick on the job, we need to be there for them. https://t.co/VFEww798JP"
1247177242603425797,2020-04-06 15:00:00,"Minnesotans are making an amazing effort to prevent the spread of this virus and keep our neighbors safe and healthy. Thank you. #StayHomeMN

https://t.co/7sSNTGCsgN"
1246953970700091392,2020-04-06 00:12:48,The State of our State is strong. The State of our State is resilient. The State of our State is united. #MNSOTS https://t.co/iHS0qn1qaM
1246953794665164801,2020-04-06 00:12:06,We won’t just make it to spring. We will come out better on the other side of this winter. Because we are Minnesotans. We see challenges—and we tackle them. #MNSOTS https://t.co/erg8ngyfMx
1246953246083743747,2020-04-06 00:09:55,"Spring will arrive. And when it does, we will dig out. We will do whatever it takes to support Minnesotans and businesses to get back on their feet. #MNSOTS https://t.co/QUx8LUmzoE"
1246953175975964676,2020-04-06 00:09:39,"While we may be separated physically, we stand united. From Rondo to the Range, from North Minneapolis to North Mankato, we are One Minnesota. #MNSOTS https://t.co/NQtsTN0ZqA"
1246952514626387968,2020-04-06 00:07:01,"My promise is to continue to communicate my decisions, explain when we change course, and never stop fighting alongside you, the people of Minnesota. #MNSOTS https://t.co/bsDSpPsJku"
1246951965143293954,2020-04-06 00:04:50,"Minnesotans are hardworking people who step in to help. In many storms, that means plowing your neighborhood, filing sandbags, or trudging through the snow to check on your loved ones. 

Now that means staying home. What you are doing isn’t paralysis—it is action. #MNSOTS https://t.co/FS7Z4nOxGW"
1246951631905796099,2020-04-06 00:03:30,We won't just prepare for COVID-19 - we will lead. #MNSOTS https://t.co/HjCeaeMeuw
1246951330901569537,2020-04-06 00:02:19,"We are used to long winters in Minnesota. We are resilient people with a deep reserve of courage, optimism, and grit. 

But this will be a winter like we’ve never seen before. #MNSOTS https://t.co/SOTnPtsjsE"
1246951013501861889,2020-04-06 00:01:03,"Self-quarantine. Self-isolation. Social distancing. Phrases that many of us never used before now roll off our tongue in daily conversation. 

A new vocabulary to define a new reality. #MNSOTS https://t.co/xIaHvPzOHd"
1246949493087645696,2020-04-05 23:55:01,"It’s more important than ever that we come together as #OneMinnesota to address the crisis of COVID-19. Tune in live for my State of the State. 🎥#MNSOTS 

https://t.co/9B3z1JY1Sm"
1246931873831563264,2020-04-05 22:45:00,We’re facing an unprecedented crisis in COVID-19. I look forward to the chance to speak directly to Minnesotans tonight. #MNSOTS https://t.co/ZnQqW1kF12
1246792204150026240,2020-04-05 13:30:00,Good morning! Reminder: Tonight at 7pm I’ll give my second State of the State address. You can tune in live on our Facebook page. #MNSOTS https://t.co/IKhMBLKdsU
1246593393574268928,2020-04-05 00:20:00,"Hey Minnesota, my second State of the State address is tomorrow! I’m looking forward to addressing Minnesotans about how we’re going to get through this unprecedented crisis as #OneMinnesota. Tune in at 7pm. #MNSOTS https://t.co/1ABuA40MAZ"
1246575294712078338,2020-04-04 23:08:05,Great burger from @redcow_mn! Thanks to folks making food for carry out. 🍔 ➡️ 🏡 https://t.co/dNxp7bvVvH
1246522174254403584,2020-04-04 19:37:00,Remember that your choice to stay home is an act of compassion and generosity that will save lives. All Minnesotans are making a difference each and every day. #StayHomeMN https://t.co/nR1Ai3Gnt6
1246469227571224576,2020-04-04 16:06:36,"Following our local news is more important than ever. They’re putting out facts, not fear, and that’s what it’s going to take to get through this together. #StayHomeMN https://t.co/jvUJoHsUKG"
1246171800817537024,2020-04-03 20:24:44,Today we launched a public dashboard to provide Minnesotans with the data that drives our response to COVID-19. #StayHomeMN https://t.co/Ij0Ei9QKSY
1246171799794192384,2020-04-03 20:24:44,"During Minnesota’s Stay Home Order, we are working to collect data, increase the availability of life-saving equipment, and develop strategies to address the economic and social impacts of COVID-19."
1246134921032347653,2020-04-03 17:58:11,"During Minnesota’s Stay Home Order, we are working tirelessly to track the spread of COVID-19 and increase hospital capacity across the state. Tune in for an update on our response 🎥

https://t.co/PMaEOY7l1U"
1246122800445825024,2020-04-03 17:10:02,I’m proud to proclaim April 3rd as First Avenue Day in Minnesota and I know Minnesotans look forward to the day we can celebrate together🎶 https://t.co/cUFLszsAz7
1246122799623700483,2020-04-03 17:10:01,"Cheers to 50 years of bringing Minnesotans together, @FirstAvenue! During times like these, it’s even more important to take a moment to recognize what defines the Minnesota we know and love."
1246095722992238592,2020-04-03 15:22:26,"I agree. First responders are putting their physical and mental health on the line battling this pandemic. They deserve more than our thanks - they deserve our collective energy, resources, compassion, and support. #StayHomeMN 

https://t.co/Ktpvlxdosf"
1245877471829995527,2020-04-03 00:55:11,"To the countless first responders, law enforcement, and correctional employees working tirelessly to keep our communities safe during COVID-19: Thank you for going to work so others can stay home. #StayHomeMN ➡️🏠💟 https://t.co/PSHyE1hiWW"
1245857890264420354,2020-04-02 23:37:22,❤️Minnesota is consistently ranked one of the most generous states and this crisis is no exception – great to see Minnesotans showing up for each other and for their communities during these unprecedented times. https://t.co/0cB5Rnfc6f
1245823111733211141,2020-04-02 21:19:10,Thank you to our health plans for putting the health and safety of our fellow Minnesotans first during this pandemic. #StayHomeMN
1245823109615292424,2020-04-02 21:19:10,I’m proud to announce today that Minnesota’s health plans have agreed to waive COVID-19 expenses. Removing cost barriers to care will help ensure no Minnesotan has to sacrifice rent or groceries to cover a hospital bill from COVID-19. https://t.co/hOlVJ29GIB
1245819346313674754,2020-04-02 21:04:13,"If fair representation and potential loss of federal funding haven’t motivated you to fill out the Census yet, the thought of losing to Wisconsin should 👇

https://t.co/hQl3j4wrrL https://t.co/zh3VP2QFQO"
1245508961077538818,2020-04-02 00:30:51,"On Sunday evening I will give my second State of the State address. COVID-19 presents an unprecedented hardship to our state, but Minnesotans always rise to a challenge. I look forward to the opportunity to speak directly to Minnesotans during this uncertain time. https://t.co/zLt37KyfjV"
1245471334638985216,2020-04-01 22:01:20,"Applications for child care grants open today! This funding complements work from the private sector, foundations across the state, and @ThinkSmallMN in providing critical support for our workers on the front lines of #COVID19.
 
https://t.co/Xm2Ypkg44y"
1245421656623001600,2020-04-01 18:43:56,"Thank you to everyone stepping into new roles to support our kids while we work through distance learning. I know it's challenging for our teachers AND our parents, but we’re in this together. #StayHomeMN https://t.co/2On49GpFC5"
1245368061823266817,2020-04-01 15:10:58,"It’s #CensusDay, Minnesota! Don’t let social distancing guidelines keep you from being counted. I encourage you to take 5 minutes today to complete your Census form by phone, online, or by mail.

Let’s make sure every single Minnesotan is counted. https://t.co/uRwvKG0jho"
1245094517239406595,2020-03-31 21:04:00,"COVID-19 presents an unprecedented challenge for our families, our businesses and our communities. I want you to know that we’re doing everything we can to fight this virus and we ask you to do your part too. Stay home if you can, Minnesota. It could save lives. #StayHomeMN https://t.co/NjtGl2WA1J"
1245032920907239424,2020-03-31 16:59:14,"Happy Tuesday from Afton, who’s adjusting to self-quarantine just fine. https://t.co/M0eqXyD76g"
1245004675109105664,2020-03-31 15:07:00,"Stay At Home should never mean you stay somewhere unsafe. There are places of sanctuary open for anyone facing abuse or violence. Please call Minnesota's statewide crisis hotline - available 24 hours a day, 7 days a week - at 1.866.223.1111 or text 612.399.9995."
1244786804672335872,2020-03-31 00:41:15,"It’s fitting that today is #NationalDoctorsDay. Our doctors and health care workers deserve our deepest gratitude – they’re risking their lives to save others during this pandemic. As they work around the clock, you can help them by staying home. #StayHomeMN"
1244729164541890566,2020-03-30 20:52:13,"There is nothing more important than the health, safety, and wellbeing of Minnesotans. Her strong background in procurement and public-private partnerships will serve our state well in the weeks and months to come. #StayHomeMN"
1244729163585593345,2020-03-30 20:52:13,"Commissioner Roberts-Davis will focus on managing inventories, securing needed supplies such as personal protective equipment and ventilators, and developing solutions to offset supply shortages for hospitals and emergency responders."
1244729162209861633,2020-03-30 20:52:12,"Our front-line health care professionals deserve our complete support - that starts with giving them the tools they need to keep themselves and their patients healthy. 

Today I appointed Commissioner @acalicerd to lead Minnesota’s effort to maintain lifesaving care supplies."
1244669466333462549,2020-03-30 16:55:00,"As a former teacher, I'm rooting for our students, parents, and educators today as Minnesota takes on a new challenge! #StayHomeMN

https://t.co/iYtVjq6xTj"
1244399940266123265,2020-03-29 23:04:00,"Minnesotans: Join me in thanking our health care professionals, first responders, educators, grocers, farmers, child care providers, public employees, and so many more on the front lines of this crisis. #StayHomeMN https://t.co/HwqH940Cib"
1244283674155028481,2020-03-29 15:22:00,"These may be challenging times, but Minnesotans look out for one another and that’s how we’re going to get through this. Here are a few ways YOU can give back to our community right now. https://t.co/hyVggpC4Vx"
1244059562346455045,2020-03-29 00:31:27,"Thanks for the suggestions so far! 

Update from Gus: Tournament wrapped up, and he’s currently reading Star Wars: Revenge of the Sith. https://t.co/9atoRWaOG1"
1244055503489118208,2020-03-29 00:15:20,"Let's start the state's largest book club. What are you reading, Minnesota? 📚 

Gwen: Mississippi Sissy

Hope: Uneasy Peace

Gus: Xbox tournament (working on it) 

Me: Just finished Cryptonomicon, looking for suggestions. https://t.co/dq7RdoCz4P"
1244010121442672640,2020-03-28 21:15:00,Worried about health care costs? It’s more important than ever that we’re all covered right now 🩺. Remember you can sign up on MNsure any time before April 21 at https://t.co/btOd88pOY6. #StayHomeMN https://t.co/0Fk2bW033a
1243953263256522753,2020-03-28 17:29:04,"🖊️Just signed a comprehensive COVID-19 package to keep Minnesota healthy, support our food systems, and care for our most vulnerable in the face on an unprecedented crisis.

Proud of the way the Legislature worked across the aisle to get this done. #OneMinnesota #StayHomeMN https://t.co/IzKwkgbv16"
1243930144881901568,2020-03-28 15:57:12,"RT @AGEllison: In order to protect folks who’ve lost income &amp; jobs, @GovTimWalz has suspended evictions during the #COVID19 emergency excep…"
1243698140655517703,2020-03-28 00:35:18,"Thank you to all our first responders across Minnesota, including these two good boys. #StayHomeMN https://t.co/O0vhjjdS4N"
1243657296661475329,2020-03-27 21:53:00,"I’m grateful for @LtGovFlanagan’s partnership and leadership now more than ever. While we’re keeping distance from each other, we’re responding to #COVIDー19 as a team. https://t.co/gEmacras4E #StayHomeMN"
1243613256695963648,2020-03-27 18:58:00,"Minnesota’s two-week Stay at Home order takes effect tonight at 11:59. Here’s what’s open and what’s closed. 
 
Still have questions? Head to https://t.co/7PMq0DKbwP for resources and answers to frequently asked questions. 
 
Let’s keep fighting #COVIDー19, together. #StayHomeMN https://t.co/GNIliXf6lK"
1243590051335999488,2020-03-27 17:25:47,"We’re in uncharted waters, but we’re rowing the boat together. #StayHomeMN https://t.co/6RV3xtoegY"
1243334419336880129,2020-03-27 00:30:00,"In collaboration with our Children’s Cabinet, six Minnesota foundations today joined @ThinkSmallMN in launching a statewide child care program. I’m proud to support this effort, which provides invaluable education and services to our state’s emergency response. https://t.co/NajElZECSc"
1243316299993841666,2020-03-26 23:18:00,"The Legislature came together in a quick, bipartisan fashion to pass our proposed #COVIDー19 legislation. I look forward to signing these bills to keep our state working🛠️, support our food systems🌽, care for children of emergency workers🦺, and more. https://t.co/Vd2MxUQ71b"
1243299071135277067,2020-03-26 22:09:32,"Can’t tell you how much @GwenWalz and I appreciate all you’re doing to step up and protect your neighbors during the #COVIDー19 pandemic. Stay healthy, Minnesota. #StayHomeMN https://t.co/m5aZaoD7px"
1243196329448427521,2020-03-26 15:21:17,I want to thank all of the health care providers who are working around the clock to keep Minnesotans safe and healthy and prepare us for the weeks ahead. #StayHomeMN https://t.co/KKt3jsOQkw
1243196328290725889,2020-03-26 15:21:16,"The health and safety of Minnesotans is my top priority. The COVID-19 pandemic presents unprecedented challenges. During this Stay at Home order, I will work with our world-renowned health care sector to build out hospital capacity and increase access to life-saving equipment."
1242964985011003393,2020-03-26 00:02:00,"I urge you not to take our Stay at Home Order as an opportunity to stockpile more than you need. Our stores will have food and other necessary supplies, and our grocery store workers are keeping things stocked. This is about social distancing and taking precautions to save lives. https://t.co/N7VCtMAjpX"
1242896257913442305,2020-03-25 19:28:54,"These are trying times. But we are Minnesotans. We see challenges, and we tackle them. No matter how daunting the challenge; no matter how dark the times; Minnesota has always risen up—by coming together. If we unite as One Minnesota, we will save lives. #StayHomeMN https://t.co/pAOStd1NG2"
1242896256348848130,2020-03-25 19:28:54,"The virus will still be here when this two-week period is over, but we’ll be better prepared. We will work with our health care sector, manufacturers, business community, and strong-spirited Minnesotans across the state to tackle this virus head on. #StayHomeMN https://t.co/pTSxsNdgqT"
1242896254839017472,2020-03-25 19:28:53,"We must take bold action to save the lives of Minnesotans. As a former Command Sergeant Major in the Army National Guard, I believe in having a plan – which is why I’m directing Minnesotans to stay at home and limit their movements to essential services. #StayHomeMN https://t.co/W2TAejwnBs"
1242892136976199681,2020-03-25 19:12:31,The health and safety of Minnesotans is my top priority. I’m providing an update on our state’s response to COVID-19 and what this means for our neighbors and our loved ones. Tune in: https://t.co/lvcNluCCjS #StayHomeMN https://t.co/NeiZdV5Uki
1242583702120673288,2020-03-24 22:46:55,And the final encouraging statistic for today: https://t.co/4jDzTmBa8V
1242583695468486657,2020-03-24 22:46:53,"If you don’t believe me, see for yourself: https://t.co/ZeVnyZJ1RX"
1242583685054058497,2020-03-24 22:46:51,"Thank you, Minnesota. You’re clearly making sacrifices and doing your part to make sure our hospitals have the supplies necessary to keep Minnesotans safe, and the data backs that up. #StayHomeMN https://t.co/uaBgr3YGVH"
1242235931047985154,2020-03-23 23:45:00,Today I suspended evictions in Minnesota. COVID-19 is causing financial hardship for families across the state and we must ensure everyone can #StayHomeMN. https://t.co/xpBsFis6Tc
1242203970396753920,2020-03-23 21:38:00,"To our small businesses facing unprecedented uncertainty: We’re with you. Unemployment Insurance helps, but it’s not enough. That’s why I just signed an Executive Order to provide immediate relief by creating an emergency loan for struggling businesses. https://t.co/quNFQHt3UM"
1242143372200095744,2020-03-23 17:37:12,"This isn’t a typical Monday morning but we’re still hard at work to combat the #COVIDー19 crisis. Minnesotans have been through long winters before, we’ll get through this one like we always do, together. Be safe, and #StayHomeMN. https://t.co/C0PsPyqIQo"
1242119413890830336,2020-03-23 16:02:00,"Protective gear like face masks are essential for our hospitals, health care facilities, and first responders. The Minnesota National Guard wasted no time delivering these supplies for Minnesotans. Thank you. 
 https://t.co/Nyq32pbCB4"
1242106131180331011,2020-03-23 15:09:13,"After learning I had contact with someone who has COVID-19, I plan to lead by example and work from home. I currently have no symptoms and will continue working tirelessly to combat the spread of COVID-19. #StayHomeMN"
1242076296911470592,2020-03-23 13:10:40,"It’s going to take every single one of us to fight this virus. Thanks for speaking up, Coach. #StayHomeMN https://t.co/P0tr0H1aVA"
1241505367118483457,2020-03-21 23:22:00,Minnesota’s strength comes from our ability to come together and lift each other up. Thank you @ThinkSmallMN for launching supportive local programs for over 4800 children of essential workers!
1241467748561158147,2020-03-21 20:52:31,"Small businesses across Minnesota are putting the health of their neighbors before their bottom line. This loan assistance will help our state’s businesses recover from the economic hardship caused by COVID-19. 
https://t.co/4yPy4Nnq5J"
1241436161190567939,2020-03-21 18:47:00,Every Minnesotan deserves access to health coverage during this uncertain time. We worked with @MNsure to set up a special enrollment period to help ensure Minnesotans can receive the care they need during the #COVIDー19 crisis. https://t.co/TGPzilHphJ
1241406329509609475,2020-03-21 16:48:27,"Health officials today announced Minnesota's first death due to COVID-19. Gwen and I extend our deepest sympathy to their loved ones during this time of loss. As the virus continues to spread in Minnesota, we must all continue to do everything we can to keep each other safe."
1241155813848141824,2020-03-21 00:13:00,"Thank you to the nearly 1000 Minnesota child care providers who've agreed to continue serving children of emergency workers during the COVID-19 crisis. All child care providers, including those who have had to close temporarily, provide critical care for our littlest Minnesotans."
1241138681345384449,2020-03-20 23:04:55,"No one should be targeting Minnesotans for personal gain during the #COVIDー19 crisis. Today I signed an Order banning price gouging during times of emergency. Minnesotans can report instances of price gouging by calling 800-657-3787.
https://t.co/faKXJ0eh79"
1241095186123567106,2020-03-20 20:12:05,"Thank you @Twins for getting the word out to Minnesotans to #StayHomeMN. Together we can #FlattenTheCurve to protect our family, friends, and neighbors. https://t.co/zcht4TeGNX"
1241079500856754176,2020-03-20 19:09:45,"I'm joining our team at @mnhealth for a daily briefing on #COVIDー19. Tune in.

🎥: https://t.co/Wxsfz31kSo"
1241061302673510401,2020-03-20 17:57:27,I’m joining our team at the @mnhealth for a daily briefing on COVID-19 at 2pm. Tune in 🎥: https://t.co/N1RSJ5rMTr https://t.co/CFFYVMovm2
1240779545436971008,2020-03-19 23:17:50,Spread the word: Stay home if you can and save lives. #StayHomeMN https://t.co/n9tovMHliS
1240427758494330881,2020-03-18 23:59:58,Taking care of one another is one tradition all Minnesotans share. I applaud this coalition of statewide partners for launching the Minnesota Disaster Recovery Fund to respond to the unprecedented economic challenges our neighbors are facing. #OneMinnesota https://t.co/JKkevD2jci
1240368486393819137,2020-03-18 20:04:26,"It is more important than ever that we pull together, take care of each other, and stay informed on the #COVIDー19 pandemic.

🎥: https://t.co/L2b2zSFbqH"
1240297659451224065,2020-03-18 15:23:00,"As our Asian American community faces heightened discrimination due to COVID-19, my message is clear: Viruses don’t discriminate and neither should we. #OneMinnesota"
1240069153567821824,2020-03-18 00:15:00,"Minnesotans, do you have questions about COVID-19? Call the Department of Health hotline, open every day between 7AM and 7PM: 
Metro: 651-297-1304
Greater MN: 1-800-657-3504"
1240027881633447939,2020-03-17 21:31:00,"We must do everything we can to support workers who are negatively impacted by #COVIDー19. That is why I signed an Executive Order yesterday to ensure Minnesotans who are not able to work due to COVID-19 have access to Unemployment Insurance. More info:
https://t.co/bKnsm86lCv https://t.co/xIyzs8lF5I"
1240025551496232961,2020-03-17 21:21:44,"Due to COVID-19, I sent a letter to House Speaker @melissahortman today announcing that I will no longer be giving my State of the State address in person. I will instead televise my address to the legislature and the State of Minnesota on a future date. https://t.co/ZNmed6sibX"
1240006755557552131,2020-03-17 20:07:03,"Our #1 priority is combating #COVID-19, but doesn’t mean democracy stops. Today I signed measures to: 
•Improve safety on Hwy 14
•Provide emergency assistance after natural disasters
•Offer low-interest loans to farmers
Whatever comes our way, we're still #OneMinnesota. https://t.co/ZcGAuYz6Yp"
1239988646046044163,2020-03-17 18:55:05,"Listen to @MHealthFairview: stay home, avoid big groups and wash your hands. #FlattenTheCurve #StayHomeMN https://t.co/sf80Xww4Bb"
1239954585915133961,2020-03-17 16:39:45,Thanks to my sister in law Maribeth Sagmoe who sent bars for my team! She then went to prepare to serve her students as a teacher in the Richfield Schools. That’s what Minnesotans do! https://t.co/4ExBVy4StU
1239680871101337605,2020-03-16 22:32:06,"Now is the time to take decisive action to curb the spread of #COVIDー19. That’s why I’m ordering a partial closure of bars, restaurants &amp; other places of public amusement or accommodation beginning tomorrow at 5 p.m.

🎥: https://t.co/HzhRMar0FC"
1239334820070776833,2020-03-15 23:37:01,Let’s work together to keep all Minnesotans safe and healthy. Families with questions about #COVID-19 may call 1-800-657-3903 and child care providers with questions may call 1-888-234-1268.
1239334818820874240,2020-03-15 23:37:01,"During the coming weeks, as we respond to #COVIDー19, families will rely heavily on child care providers. As the child care providers respond to health guidance and changing circumstances, they will need support and flexibility from families too.
https://t.co/QdsPqlzOSq"
1239334817684246529,2020-03-15 23:37:00,@LtGovFlanagan and I are grateful for child care providers who support MN families. Today we encouraged child care providers to remain open at this time and issued guidance to protect their health and safety. Child care providers with questions may call 1-888-234-1268.
1239277515031674880,2020-03-15 19:49:18,I'm there. https://t.co/wWkzfOuCm1
1239205173664284674,2020-03-15 15:01:51,"My top priority as Governor is the safety of Minnesotans, especially our kids. That’s why I’m ordering the temporary closure of schools so we can put plans in place to educate and feed our students, regardless of what's to come.

🎥: https://t.co/QYiiTLN50v"
1238528352895545345,2020-03-13 18:12:24,"The safety of Minnesotans is my top priority which is why I’m declaring a peacetime state of emergency. I advise and urge Minnesotans to follow @mnhealth community mitigation strategies to combat the spread of #COVIDー19.

🎥:
https://t.co/gCOJzZtYof"
1238118653276626944,2020-03-12 15:04:24,"Minnesotans know the importance of having a plan and being prepared for whatever comes our way. That's why @LtGovFlanagan and I are focusing our supplemental budget proposal on emergency response and preparedness.

🎥:https://t.co/tR4c0QYvJG"
1237908439596249088,2020-03-12 01:09:05,"This afternoon I spoke with @SPPS_News Superintendent @JoeGothard and @SPFE28 President @nfabe and strongly encouraged both of them to head back to the table, negotiate in good faith, and come to an agreement that’s good for our students, our schools, and our educators."
1237507341001555971,2020-03-10 22:35:16,"Thank you to the disability community for letting your voices be heard today at the Capitol! Direct support professionals are critical to supporting Minnesotans with disabilities as they live full, meaningful lives, and we’re committed to supporting them in that work #SeeOurDSPs https://t.co/h3rNLCXCgt"
1237420435433816065,2020-03-10 16:49:56,🎥:https://t.co/9STOTVf2qU
1237420434523590658,2020-03-10 16:49:56,Preparing our state for #COVIDー19 has become our top priority. This pressing public health crisis transcends partisanship. That's why I'm proud to sign this bipartisan legislation into law to prepare for a potential outbreak and protect the health of Minnesotans.
1237156059426574339,2020-03-09 23:19:24,"My message at Minnesotanos Day at the Capitol this morning: we value and stand with our Latino community. From boosting our economy as small business owners and employees to contributing to the culture of our great state, we are stronger because you are here. https://t.co/6Pjqh249lV"
1237078218508840962,2020-03-09 18:10:05,"Last Friday, I spent the morning celebrating National Reading Month with Minnesota’s littlest learners. This month pick up a book and read with children in your life. #NationalReadingMonth #MarchIsReadingMonth https://t.co/XSDWJ9hzTn"
1236798266278379520,2020-03-08 23:37:39,RT @mnhealth: News Release: Health officials confirm second case of novel coronavirus in Minnesota https://t.co/fNy2a35ySu
1236727970951311366,2020-03-08 18:58:20,Thank you to my partner-in-justice @LtGovFlanagan and all women who have been leading the way to better representation and better results for all Minnesotans. #IWD2020
1236727968917082112,2020-03-08 18:58:19,"I'm proud to proclaim today #InternationalWomensDay. An equal world is a stronger world, because democracy works best when it reflects the communities we seek to represent. #IWD2020 https://t.co/H32Gi2IvVx"
1236071910259281922,2020-03-06 23:31:23,"Today, I announced the first #COVIDー19 case detected in Minnesota. This may be concerning, but the State of Minnesota is prepared. Learn more and stay up-to-date via @mnhealth: https://t.co/7sUHmtorUz"
1236050034191450112,2020-03-06 22:04:27,We are collaborating across state agencies and remain in close contact with both federal and local partners as we monitor developments with this outbreak. Our state is fortunate to have a strong public health sector and world-class health care providers to keep Minnesotans safe.
1236050031280562178,2020-03-06 22:04:26,"The State of Minnesota has been working around the clock to prepare for #COVIDー19 and I am confident that @mnhealth is up to the challenge.

🎥https://t.co/11QTiDqIwA"
1235712989082333185,2020-03-05 23:45:09,"I welcomed @VP Pence to Minnesota today for a conversation at @3M about how we can partner across state and federal government, as well as the public and private sectors, to keep Minnesotans healthy #COVIDー19 https://t.co/fDRbfMduYh"
1235247667980259328,2020-03-04 16:56:08,"RT @mspairport: @Angsto2 @MnDPS_DPS @GovTimWalz If you are traveling through Terminal 1, pre-apply on the DVS website, and bring your docum…"
1235247384701153281,2020-03-04 16:55:00,"RT @MnDPS_DPS: ""We want to make this as painless and convenient as possible,"" @GovTimWalz said of the opening of a #REALID office at the @m…"
1235231827864047619,2020-03-04 15:53:11,"RT @ConservationMN: More than 61,000 Minnesotans work in clean energy. We're celebrating their contributions with a proclamation from
@GovT…"
1235205245590003712,2020-03-04 14:07:34,"Sitting down with our interns is always a highlight of my day. I love hearing their stories and passion for serving our state.

We're always looking for hardworking and passionate students to come work with us, so I encourage you to learn more and apply.
https://t.co/61fglShgOK https://t.co/VrTiExB7tf"
1235204317310849024,2020-03-04 14:03:52,"RT @MNagriculture: Farmers in Clay, Kittson, Marshall, Traverse, and Wilkin counties may be eligible for assistance, including emergency lo…"
1234941802614067200,2020-03-03 20:40:44,RT @ShingobeeBuild: Governor TIm Walz has declared it Women in Construction week here in Minnesota! Join us all week as we celebrate and re…
1234895865803952134,2020-03-03 17:38:12,"Hey MN, today is our state’s presidential primary! I encourage everyone to get out and vote today — and you can even register at the polls.

Learn more and find your polling place here 🗳⬇️
https://t.co/I5Na9o4z2t https://t.co/pg6DvoXOGz"
1234671774878420992,2020-03-03 02:47:44,RT @mnhealth: Our Public Health Lab is now able to test for #COVID19. This means testing can happen right here in Minnesota rather than sen…
1234520034569003008,2020-03-02 16:44:47,"The best available guidance for avoiding #COVID19 is to take the same precautions you take for avoiding colds and flu:
— Wash your hands thoroughly.
— Cover your cough.
— Stay home when sick.

Visit our @mnhealth website for more info: https://t.co/7sUHmtorUz"
1234520033772089344,2020-03-02 16:44:46,"MN is fortunate to have a strong disease surveillance system in place, and we are prepared to find cases quickly and respond to them effectively. #COVID19"
1234520032916492288,2020-03-02 16:44:46,"The State of Minnesota is taking coronavirus seriously, and I receive daily briefings to monitor developments with this outbreak. While we are thankful that Minnesota has not had a case of novel coronavirus to this point, we are preparing for that possibility. #COVID19"
1233537180733235201,2020-02-28 23:39:16,RT @LtGovFlanagan: Proud to announce Patina Park and Mattie Harper DeCarlo are joining our Administration as the Director and Asst. Directo…
1233510870929616897,2020-02-28 21:54:43,"As someone who has driven countless miles on Highway 14 and who has lost a dear neighbor on this road, this issue is personal to me and it’s personal to everyone in Southern Minnesota. Today I was proud to announce a funding plan to complete the final expansion of #HWY14. https://t.co/8LyZa4nI07"
1233487345397256192,2020-02-28 20:21:14,"RT @RegionNineDC: ""We will turn over every stone, we will get funding, we will get it done."" -@GovTimWalz 
#Hwy14 #Fix14Now"
1233487204959346688,2020-02-28 20:20:41,Couldn’t make a trip to Mankato without stopping at @tandembagels for lunch! 🥯 https://t.co/7lc7luQTLZ
1233262425614569472,2020-02-28 05:27:29,"Great news out of the MN House tonight! The red flag law and background check bills are commonsense pieces of legislation that will reduce gun violence in our state.

It’s now time for the Senate to stand on the side of Minnesotans — not the gun lobby — and pass this bill. #mnleg https://t.co/OJmBxNXOv5"
1233063201132236801,2020-02-27 16:15:51,RT @AGEllison: Proud to join @GovTimWalz @MNSteveSimon &amp; @JulieBlaha in directing State Bd of Investment to continue addressing Environment…
1233041629126299650,2020-02-27 14:50:07,"Thank you to Pilgrim Lutheran Church for the beautiful Ash Wednesday service last night. This Lent season, Pope Francis is giving folks something to think about and asking everyone to spread more kindness.

https://t.co/S5PQ3fxPqb"
1232853973176115207,2020-02-27 02:24:27,"This is an incredible step to ensuring ALL Minnesotans with diabetes can afford the medicine they need to survive. Thank you to the #insulin4all advocates and legislators who worked to pass this.

Now it’s time for the Senate to do the same. I’m ready to sign it into law. #mnleg https://t.co/JaKTPsMEHj"
1232841602625830912,2020-02-27 01:35:17,"School bus drivers are unsung heroes, transporting 760,000 MN students to and from school each day safely.

I am honored to proclaim today School Bus Driver Appreciation Day to recognize the invaluable contribution they make to education and student safety. #OneMinnesota https://t.co/4bESH3Mnal"
1232744184727134212,2020-02-26 19:08:11,"@RyanFiereck @mcricker Hi Ryan, you can write us a message on our website here: https://t.co/DpsTijc4NK. Thanks!"
1232723484863868928,2020-02-26 17:45:56,RT @MNcounties: Governor Tim Walz kicked of the #mncounties Legislative Conference and County Day at the Capitol. Record attendance of more…
1232456831227682816,2020-02-26 00:06:21,"That’s why today we proposed $250,000 in funding to help farmers make safety investments and prevent future tragedies. #OneMinnesota #mnleg 

https://t.co/sN8CIBh43E"
1232456828119699457,2020-02-26 00:06:20,"As someone who grew up on a farm, my heart breaks to hear about the recent injuries and deaths from farm accidents. Thank you to Michele Gran, who lost her 18-year-old son in a grain bin accident, for sharing her story and advocating for stronger farm safety. https://t.co/WnVzytVv64"
1232436144094105600,2020-02-25 22:44:08,"Heartbreaking news out of Alexandria. Thank you to our first responders and firefighters for your tireless work to keep Minnesotans safe. My team and I are monitoring the situation and thinking of the people of Alexandria. 

https://t.co/5kaKOZVbWF"
1232398444326682626,2020-02-25 20:14:20,"This is a beautiful story about a community coming together to unite around their love for the local high school sports teams. #OneMinnesota 

https://t.co/aNtwWsKMSD"
1232340147879981063,2020-02-25 16:22:41,"Too many Minnesota families have lost loved ones to preventable farming accidents. That’s why I’m proposing new funding for safety measures like tractor rollover protection and grain bin safety equipment.

🎥: https://t.co/0vYOJx76vb https://t.co/0JiqVis9aM"
1232128243567931393,2020-02-25 02:20:39,"RT @Results4America: ""We have a moral obligation to take the time to figure out which programs are producing intended results and to improv…"
1232125514028142592,2020-02-25 02:09:48,"That’s right, I wore my 1980 Miracle on Ice jersey all weekend long.

Thank you to everyone who joined us this weekend as I proclaimed it the ""Greatest Day Celebration"" in MN to honor one of the greatest sports moment in American history. 🏒 #MiracleOnIce https://t.co/cFr5I522L2"
1232058618310266881,2020-02-24 21:43:59,I stand with my fellow governors across the country to express concern about the Department of Defense’s planned reprogramming of National Guard funding for construction projects along the southern border. https://t.co/odtyEpj6Xu
1231771815703347201,2020-02-24 02:44:20,Thank you to the Progressive Baptist Church and @MayorCarter for welcoming Gwen and I this morning. I was humbled to join you as we celebrate #BlackHistoryMonth and honor the sacrifices and contributions made by generations of African Americans to our state and our country. https://t.co/l7p3AQJ4X6
1230997925217685506,2020-02-21 23:29:10,"More than 3 years ago, my nephew Jake was in an accident in the Boundary Waters that killed his dad (my brother) and left him with life-threatening injuries. Today, we’re cheering Jake on at the MN state high school swimming tournament.

I’m so proud of him. Let’s go, Jake! https://t.co/S0pQJ9rDBI"
1230679808549556224,2020-02-21 02:25:05,"My team and I are closely monitoring the fire in Becker, and we are grateful to local law enforcement and firefighters who have been working tirelessly to control the situation.

You can stay up-to-date on the situation from @mnhealth and @MnPCA at the link below. https://t.co/Vn2j96iTaB"
1230612601870090241,2020-02-20 21:58:02,"Safe and stable housing is an essential building block to success, but out of reach for too many. That's why we're proposing a historic investment in affordable housing.

Thank you to the folks at @JRLCmn for your tireless advocacy on this issue. #homes4all #BuildOneMN https://t.co/KC5WXwL0Rj"
1230571669745520645,2020-02-20 19:15:23,"Hey MN! Are you flying on an airplane soon? Well, not without a new ID.

You will need a REAL ID, Enhanced Driver's License, or another acceptable form of ID before **October 1, 2020** to fly on an airplane or enter federal buildings. RT this video to spread the word! https://t.co/sNYDX5XVq4"
1230486153465356290,2020-02-20 13:35:34,"Uprooting the Hmong and Lao community is unjust, immoral, and a betrayal of our country’s patriotic duty to these refugees. That’s why I sent a letter to Secretary of State Mike Pompeo condemning these deportation negotiations.

https://t.co/Qh7iaRgMbR"
1230332622485762048,2020-02-20 03:25:30,"Gwen and I are praying for @RepHagedorn as he battles cancer. Thinking of him, @jkcarnah, and their family at this time and wishing him a full recovery."
1230271595450634242,2020-02-19 23:23:00,Our firefighters put their lives on the line to protect our communities. Today I am proud to be with our MN firefighters at Fire Service Day on the Hill.  We are committed to working towards our shared goal of ensuring every firefighter gets home safely at the end of every shift. https://t.co/5UR5Fq0tjv
1230262283483267073,2020-02-19 22:46:00,"I grieve with the MN families who have lost loved ones in these terrible accidents. As someone who grew up on a farm, I know how important it is that we educate folks on the dangers of farming to help decrease the number of preventable injuries and deaths.
https://t.co/Q49f0a2CZS"
1230227135794642944,2020-02-19 20:26:20,Ope! Didn’t mean to barge in here @NJGov https://t.co/0Op0Z0ZY4s
1230155845008285696,2020-02-19 15:43:03,RT @MPRnews: .@GovTimWalz proposes adding $30 million to depleted state natural disaster account: “It would be irresponsible not to assume…
1229911210843348993,2020-02-18 23:30:57,"I look forward to addressing Minnesotans and #mnleg for my State of the State address on Monday, March 23 at 7:00 pm. You can follow along at #MNSOTS and tune in LIVE on our Facebook page!

📽️➡️ https://t.co/xrqnNNvyvL https://t.co/FNkP4cA39o"
1229802438279991299,2020-02-18 16:18:44,"In Minnesota, we come together to help each other when our communities are hit by devasting natural disasters. That’s why I’m asking #mnleg to build our state’s savings account to assist communities in times of need. We cannot afford to be unprepared.

🎥: https://t.co/3GJRbQ8izE https://t.co/G1hSLG4eej"
1228792349834215424,2020-02-15 21:25:00,"Bishop Chilstrom’s life of service made this world a better place. Minnesota grieves this loss with his family.

https://t.co/n8yeywSJxA"
1228480956748660736,2020-02-15 00:47:38,"Happy Valentine’s Day to the loves of my life: Gwen, Hope, and Gus. I’m so lucky to call you my family. https://t.co/l1mFdwARcv"
1228441174500872193,2020-02-14 22:09:33,We will continue working in partnership to ensure Native women are able to thrive and succeed without having to experience trauma and violence. #mmiw https://t.co/jVMH44UW6U
1228441165017554944,2020-02-14 22:09:31,"Today I was honored to join Minnesotans in the March for Missing and Murdered Indigenous Women. Native women face violence at alarmingly high rates. As Governor, I am committed to making Minnesota a state where everyone is safe. #mmiw https://t.co/IPdz3PxMsO"
1228062307445608448,2020-02-13 21:04:05,"I will not stand by as the Trump Administration tries to uproot a community by deporting small business owners, combat veterans who fought alongside American soldiers, and passionate people who have shaped Minnesota’s culture into what it is today."
1228062306262802433,2020-02-13 21:04:04,"Minnesota stands with our Hmong and Lao neighbors, many of whom have called this state home longer than I have. https://t.co/po1HgB5QJD"
1228036128416174081,2020-02-13 19:20:03,RT @EricSannerud: Thank you @GovTimWalz for standing strong in support of $50mil bonding for the Rural Finance Authority! RFA loans are cri…
1228014813030289408,2020-02-13 17:55:21,RT @LeadershipTC: Thank you @GovTimWalz and @LtGovFlanagan for speaking to #LeadershipTC https://t.co/4QB5q2hEJh
1228013918813073409,2020-02-13 17:51:48,It’s a Bold North day in Minnesota today. Stay warm out there! #OneMinnesota https://t.co/46CTL58nmU
1227732435628101632,2020-02-12 23:13:17,RT @LtGovFlanagan: Miigwech to @GovTimWalz @SenTinaSmith @ShelleyCBuck @jbeckerfinn @RLilligren for your kind words as I accepted @NCAI1944…
1227668484018057217,2020-02-12 18:59:10,"Investing in this project will not only create more jobs, but will provide access to curbside food waste collection for more than 800,000 residents and reduce greenhouse gas emissions. #BuildOneMN #mnleg https://t.co/auLT9Jeyza"
1227668473901441025,2020-02-12 18:59:07,Today I toured the Ramsey/Washington Recycling &amp; Energy Center – one of the projects included in my Local Jobs and Projects Plan. #BuildOneMN #mnleg https://t.co/Kojj0oklWn
1227651702997778432,2020-02-12 17:52:29,RT @CMAHMN: Governor Walz @GovTimWalz  and Lt. Governor Flanagan @LtGovFlanagan will speaking during the Council's African Heritage Day on…
1227440918665605120,2020-02-12 03:54:54,"From health care to infrastructure to national security, I’m grateful for the time spent with governors from other states to discuss ways we can work together in a bipartisan way to serve the people of our states. #WeTheStates https://t.co/l5BSXr9HDO"
1227440894275616768,2020-02-12 03:54:48,"This past weekend, I joined my fellow governors in Washington, DC for the @NatlGovsAssoc meeting to represent MN at the federal level. We came together to discuss some of the most pressing issues facing our states and innovative solutions to these challenges. #WeTheStates https://t.co/8ZvSJSmun1"
1227252481245294592,2020-02-11 15:26:07,"RT @mnhouseDFL: It’s the first day of the 2020 #mnleg session! AND it’s the season 2 debut of the Minnesota Values Podcast 🎧

Rep. Liz Olso…"
1227070803541479424,2020-02-11 03:24:12,RT @MnDPS_DVS: “You cannot board an airplane with this ID.” A traveler’s worst nightmare. It could happen if you don’t have a #RealID. Lear…
1227004024244854790,2020-02-10 22:58:50,"Here in Minnesota, I want to thank and uplift the work of the #mnleg United Black Legislative Caucus, who are dedicated to addressing the racial disparities in our state. #BlackHistoryMonth @jeffreyhayden @BobbyJChampion @renamoran @RuthForHouse @mohamudnoor @RepHassan"
1227004022315454465,2020-02-10 22:58:50,I’m honored to proclaim February as #BlackHistoryMonth in Minnesota to recognize the generations of African Americans who have risked their lives for justice and who continue to fight for equality today. https://t.co/piIoUQdSyz
1226915198411386887,2020-02-10 17:05:52,"RT @PremierScottMoe: In 2018 alone, Saskatchewan exported over $2.2 Billion to Minnesota, making Minnesota one of our largest export destin…"
1226879897454424064,2020-02-10 14:45:36,"Last week I was proud to convene our Minnesota Congressional Delegation in Washington, DC to talk about important issues facing our state, from infrastructure to health care.

Thank you to my fellow Minnesotans for joining me over lunch! #OneMinnesota https://t.co/T0YW3ZpDsW"
1225445096151224325,2020-02-06 15:44:13,RT @umngps: Yesterday @GOmn_umn toured the State Capitol and ran into a certain VIP. Thanks for welcoming our students from Seoul National…
1225135956891664394,2020-02-05 19:15:48,"RT @LeadingAgeMN: ""If we are truly going to be #oneminnesota and am Age Friendly State, we need to support the this field and lift up those…"
1224853581192400896,2020-02-05 00:33:45,"Nothing better than Taco Tuesday! 🌮

@ELBURRITOM is one of my favorite restaurants in MN, and I’m glad everyone was safe after the devastating robbery. https://t.co/eU7zzc9T0p"
1224827000914894850,2020-02-04 22:48:07,"With this funding, organizations across Minnesota will open more than 350 emergency shelter beds – from Minneapolis to Mankato and Rondo to the Range.

This partnership is ensuring more Minnesotans have a warm, safe place to sleep at night.

#OneMinnesota"
1224826999715385345,2020-02-04 22:48:07,"This past December, we joined philanthropic leaders to launch the Minnesota Winter Homeless Initiative to bring Minnesotans without shelter in from the cold.

I couldn’t be prouder of the incredible impact this initiative has made across the state.

https://t.co/5x4kgaJ6MB"
1224544323221352449,2020-02-04 04:04:52,RT @SenTinaSmith: This is a powerful op-ed from @GovTimWalz. Alec’s mom Nicole continues to inspire me and has been a passionate advocate a…
1224372776225648642,2020-02-03 16:43:12,"The only way we can provide relief to Minnesotans struggling to afford their insulin is to call upon the pharmaceutical companies who created this crisis to help fund the solution.

It's time to move this commonsense solution forward. #insulin4all #mnleg

https://t.co/JP4FaW4R60"
1224168383878438917,2020-02-03 03:11:01,Congratulations to the @Chiefs and @PatrickMahomes on your SuperBowl win! What an incredible game. #SuperBowlLIV https://t.co/BalGe5QMau
1224125866780827648,2020-02-03 00:22:04,RT @exploreminn: Picture yourself in @VisitWinona. 📸Just like Winona did. #SB54 #OnlyinMN https://t.co/kFHbS4jSDm
1224125800380796930,2020-02-03 00:21:48,"Love seeing Winona, MN featured on a SuperBowl ad! Great place to visit, great place to live.

#WelcomeToWinona #SuperBowlLIV https://t.co/G4O3yusvfg"
1223811656481984512,2020-02-02 03:33:30,RT @seiumn: Today @GovTimWalz visited w/ home care leaders at @SEIUHCMN meeting. Members shared passionate stories about how families are i…
1223642594959331329,2020-02-01 16:21:43,Beautiful Minnesota sunrise this morning. https://t.co/kBorx9JYFg
1223315818697699329,2020-01-31 18:43:13,"MN's economy is strong because of our innovative spirit.

Thank you to the employees at @Medtronic for welcoming me yesterday. I'm committed to working with companies like Medtronic – who are the backbone of our region’s economy – to build #OneMinnesota together. https://t.co/KMv5CS6ui7"
1223290059631353859,2020-01-31 17:00:52,RT @AngelaDavisMPR: Have a question for @GovTimWalz ? He's about to join @MPRnews @MPRsMikeMulcahy live. Call in at 651-227-6000. https://t…
1223258174498770946,2020-01-31 14:54:10,RT @Medtronic: It was an honor to welcome Minnesota @GovTimWalz for a Town Hall at our operational headquarters where the governor met with…
1223257722759655426,2020-01-31 14:52:22,RT @JMHSRockets: @GovTimWalz visited with his Children’s Cabinet.  Their primary purpose was to hear from students. We were selected largel…
1223031808658493441,2020-01-30 23:54:40,"Currently, there is a low immediate health risk for the public in the U.S.  We recommend Minnesotans take the same precautions recommended for avoiding cold and flu. My office remains in close contact with @mnhealth to monitor the situation."
1223031799808516097,2020-01-30 23:54:38,"Today I received a briefing on coronavirus with @mnhealth. With the rising number of cases in China and other countries, it’s a stressful time for all of us, but particularly those who have family and friends in China where most cases have been reported."
1222987405491408896,2020-01-30 20:58:14,"This is Jett. He has type 1 diabetes. He told us that he doesn’t want to become Alec or Jesse, two Minnesotans who died from rationing insulin.

That’s why today we introduced commonsense legislation to make insulin affordable for all Minnesotans. #insulin4all #mnleg"
1222987266567680012,2020-01-30 20:57:41,"“I’m nine years old. I like Legos, Minecraft, Star Wars, Pokémon, and reading. I’ve had diabetes for almost three years. I am worried about what will happen to me when I become an adult and need to pay for my own insulin, because I know it’s so expensive.”

#insulin4all #mnleg https://t.co/iZArstgBz3"
1222911520700497920,2020-01-30 15:56:41,"Taking the best from both Democrat and Republican proposals, this compromise bill would increase access to affordable insulin, hold Big Pharma accountable, and is ready to be implemented. There’s no reason not to support it. #insulin4all #mnleg 

🎥: https://t.co/RLP1Q2qZmU"
1222911516917235718,2020-01-30 15:56:40,"Today we’re announcing commonsense legislation to improve access to affordable insulin and ensure that Minnesotans facing an emergency have access to an immediate refill at their pharmacy. #insulin4all #mnleg 

🎥: https://t.co/RLP1Q2qZmU https://t.co/uq1OhfgU6a"
1222911503424217089,2020-01-30 15:56:37,"The cost of insulin has tripled in the last ten years — raking in the cash for pharmaceutical companies, while Minnesotans with diabetes are left scrambling to afford the drug they need to survive.
 
We have a solution to this crisis. #insulin4all #mnleg https://t.co/z14XuUnq81"
1222691657877016577,2020-01-30 01:23:02,"Through the Children’s Cabinet, state agencies are working collaboratively on policy solutions to ensure MN is the best place for every child to grow up.

Today we heard from students and teachers on issues facing young Minnesotans, from mental health to educational opportunity. https://t.co/V0TRw0L9o2"
1222691640046968834,2020-01-30 01:22:58,"As a teacher, it was great to be back in the classroom today! We convened our Children’s Cabinet meeting in Rochester at @RPS535 John Marshall H.S., a full-service community school that is prioritizing wrap-around services for students. #OneMinnesota https://t.co/adDW3r6GQO"
1222607003337531393,2020-01-29 19:46:39,"Thank you to @barbershop_mn for welcoming me on your podcast today! 💈🎙 Listen to our conversation here ⬇️
https://t.co/IsiaD3CQcL https://t.co/lsSPh4xZBP"
1222362106953129985,2020-01-29 03:33:31,"We cannot allow domestic violence to remain invisible. It is a tragedy for the entire community, and we are committed to working to prevent relationship abuse in Minnesota.
I see you, I stand with you, and — together — we will work toward that vision. #WeRememberMN"
1222362105598369795,2020-01-29 03:33:31,"To the families grieving an unimaginable loss: my deepest condolences.

To law enforcement and advocates: thank you for your work to protect victims of domestic violence and help prevent these tragedies before they happen. #WeRememberMN"
1222362104121917441,2020-01-29 03:33:30,"Tonight, Gwen and I joined @ViolenceFreeMN to honor and remember the victims of intimate partner homicide in 2019. #WeRememberMN https://t.co/1crlyXTCWE"
1222249785756995589,2020-01-28 20:07:11,"Thank you to the advocates from @MinnCCD for coming to the Capitol to discuss issues facing the disability community. I am here to listen and lift up your voices, so we ensure that all Minnesotans have access to the support and services they need to live full lives. #MNCCD2020 https://t.co/eReKVFh7rg"
1222172127455076353,2020-01-28 14:58:36,"RT @Anna_Boroff: Great story on @ArvigHQ on their broadband grant!  @GovTimWalz: Melrose expansion grant will help business, quality of lif…"
1221947183139819522,2020-01-28 00:04:45,RT @AFTunion: Thank you @GovTimWalz! https://t.co/VNQe6A4yxi
1221930223991771137,2020-01-27 22:57:22,We had a great time up in Melrose today! And thanks for the delicious pizza 🍕 https://t.co/yQW2zyzbjp
1221904441491775493,2020-01-27 21:14:55,"Broadband internet access is critical to building thriving communities. No one knows this better than local businesses Farm Systems and @WarriorBoatsinc who joined us today. With this broadband grant, these companies will be able to expand their services and hire more employees. https://t.co/wRGsl4ICsy"
1221904433996599296,2020-01-27 21:14:53,It was great to be up in Melrose with Commissioner @grove today to hear from local internet provider @ArvigHQ on how our border-to-border broadband grant allows them to improve broadband services for more than 400 locations in Greater MN. #OneMinnesota #mnleg https://t.co/QfZVG34qfR
1221827451728384001,2020-01-27 16:08:59,"Today on #HolocaustRemembranceDay, we remember the horrific and tragic genocide that killed millions of Jewish people and civilians. We honor the lives of the victims and those liberated, and we commit ourselves to fighting back against anti-Semitism."
1221816507753254915,2020-01-27 15:25:30,"Thank you, @SteveHunegs @JCRCMINNDAK, for this important article. https://t.co/rNOM0pX6Sx"
1220814206527819786,2020-01-24 21:02:43,"Thank you @GovMarkDayton for your work to restore our beautiful State Capitol. I still can’t believe I get to work here everyday. 

https://t.co/j33yIbkxSB"
1220778976374902784,2020-01-24 18:42:43,"RT @mndnr: ""As a lifelong sportsman and as your Governor, I am committed to the conservation and protection of Minnesota’s natural resource…"
1220778951573983233,2020-01-24 18:42:37,"RT @mndnr: ""This year's theme of connecting people to the outdoors is at the heart of the DNR's mission."" @GovTimWalz #DNRroundtable https:…"
1220529337981710337,2020-01-24 02:10:45,"This experience was powerful, and I will carry their stories with me as we work to ensure that EVERY Minnesotan has a safe, affordable place to call home. https://t.co/3Ki4ova6pk"
1220529326778724352,2020-01-24 02:10:42,"I heard from Minnesotans experiencing homelessness about their challenges finding shelter, their fears of living in public, and their struggles surviving on no sleep. https://t.co/JSHzNXJqtS"
1220529316011937792,2020-01-24 02:10:39,"These volunteers are working to not only ensure that all Minnesotans are counted, but to also make this crisis visible. https://t.co/2jnmlUuatm"
1220529301851865088,2020-01-24 02:10:36,"Last night, I joined fellow Minnesotans who volunteered for the federally mandated count of unsheltered people. The rate of Minnesotans experiencing unsheltered homelessness continues to rise year after year. https://t.co/pANVKY5a8i"
1220391975876210689,2020-01-23 17:04:55,That’s why we invested $1.5 million in this program to prepare tomorrow's workers for the jobs businesses are creating today. #OneMinnesota #mngov #mnleg https://t.co/iXYEWQj3xI
1220391967386931200,2020-01-23 17:04:53,Youth Skills Training grants provide students with hands-on workforce training in high-demand fields. I heard from students and employers at Teamvantage on how these innovative partnerships connect schools with local businesses to create career pathways for young Minnesotans. https://t.co/HiaBnr6oDI
1220098818571751425,2020-01-22 21:40:01,RT @mncorn: Thank you to ⁦@GovTimWalz⁩ for stopping by to discuss ⁦@BetterFuel4MN⁩ and its goal to promote the usage and awareness of biofu…
1220018848235237376,2020-01-22 16:22:14,RT @CCXNewsProducer: .@GovTimWalz bonding proposal revealed last week includes more than $100 million for projects in northwest suburbs. Ci…
1219697427919331329,2020-01-21 19:05:02,"Today, we are awarding over $23 million in border-to-border broadband grants to fund projects in every corner of the state that will provide internet access for over 10,900 businesses, homes, and community institutions. #OneMinnesota

🎥: https://t.co/1ANs2CtgXj"
1219697425557921794,2020-01-21 19:05:01,"Fast, reliable broadband access is critical to improving the quality of life for Minnesotans, modernizing operations for farms, and making businesses in Greater Minnesota more competitive. #OneMinnesota https://t.co/sCw3kZY1Ye"
1219439927596933120,2020-01-21 02:01:49,"We still have work to do to ensure home care workers earn a living wage. But I’m proud that PCAs with @SEIUHCMN, like Deb who I shadowed for a day, won time-and-a-half pay in their union contract for working on #MLKDay to keep seniors and people with disabilities in their homes. https://t.co/bpnGYCZ6Mo"
1219365460145209344,2020-01-20 21:05:55,"The world Dr. King dreamt of is a world we are still working to actualize together.

Thank you to all Minnesotans who came together today to celebrate and honor the legacy of Dr. King! #MNMLK https://t.co/e6vMB28MAo"
1219365446215983105,2020-01-20 21:05:51,Dr. King had a vision for the world that our children could grow up in. He fought to dismantle the structures built by racism. He challenged us to meet fear and hatred with hope and kindness. He recognized the power of the many and brought people together. #MNMLK
1219365443791720454,2020-01-20 21:05:51,Today we celebrate Martin Luther King Jr. Day and honor a man who inspired generations of Americans to build a society that worked for everyone. #MNMLK https://t.co/gc35q8lUUK
1219276224805122049,2020-01-20 15:11:19,"RT @MnDeptEd: If you are not able to make @GovTimWalz and &amp; @LtGovFlanagan's #MNMLK Celebration this #MLKDay in person, you can watch the l…"
1219105395995815936,2020-01-20 03:52:30,"I’m glad that @IBT_320 and St. Louis County are back at the table today. I encourage everyone to negotiate in good faith and get this sorted out.

https://t.co/nYNeti4Zkz"
1219100816449200130,2020-01-20 03:34:19,"Tomorrow we’re excited to come together to celebrate the legacy of Dr. Martin Luther King, Jr.

Doors open at 9:15am at the Ordway, and you can find all info at the link below. Hope to see you there! #MNMLK #MLKDay 

https://t.co/4x3OGu0MkW https://t.co/5dQvq2TuMw"
1218288146753998848,2020-01-17 21:45:03,Great lunch at @AfroDeli in the Minneapolis Skyway today! https://t.co/KmcJfNP17h
1218242769963098117,2020-01-17 18:44:44,RT @AnokaRamseyCC: ICYMI: Governor Walz paid a visit to Anoka-Ramsey earlier this week to share his proposal for investment in higher educa…
1217946356045795328,2020-01-16 23:06:54,"We are not #OneMinnesota when our neighbors are hungry.

The Trump Administration's cuts to SNAP will increase hunger across the state, especially in Greater MN. Thank you @AGEllison for standing up for Minnesotans today. https://t.co/Rm6mVK3s1H"
1217887234218700802,2020-01-16 19:11:58,"That’s why we’re investing in our communities in every corner of Minnesota. Because this proposal is focused on building #OneMinnesota.

Find a proposed project in your community on our website: https://t.co/pfUGr7HKtg

#BuildOneMN"
1217887232758935552,2020-01-16 19:11:58,"Our Local Jobs and Projects Plan includes more local projects than any bonding proposal before. This year, we did things differently and asked Minnesotans to submit their ideas to us. Our plan is in direct response to what communities across the state say they need. #BuildOneMN https://t.co/eQclThs3TP"
1217865087475765254,2020-01-16 17:43:58,RT @cityofalbertlea: Thank you @GovTimWalz  for including our Main Street flooding and Blazing Star Trail funding requests in the bonding b…
1217824784978976768,2020-01-16 15:03:49,"Good morning, Minnesota! Today is a Bold North day. https://t.co/HZgwQOarUy"
1217529658025136130,2020-01-15 19:31:05,"As Governor, my top priority is keeping the people of Minnesota safe. This proposal also includes funding to ensure our emergency services, as well as aging roads and bridges, are repaired and upgraded so Minnesotans can have peace of mind in their day-to-day lives. #BuildOneMN https://t.co/RSvfp3v2ek"
1217477889324732421,2020-01-15 16:05:23,Tune in ➡️🎥 https://t.co/kzFeS2asEJ
1217477887382695939,2020-01-15 16:05:22,"Today I’m proud to announce our Local Jobs and Projects plan proposing $2.03 billion in General Obligation bonds to make critical investments in communities across the state and ensure all Minnesotans enjoy a high quality of life, regardless of race or zip code. #BuildOneMN https://t.co/iscr4yxf8A"
1216935158563078146,2020-01-14 04:08:46,RT @UMNMorris: Thank you @GovTimWalz and @LtGovFlanagan for your strong capital investment recommendation for @UMNews and higher education.…
1216934121496293378,2020-01-14 04:04:38,RT @UMNews: Thank you @GovTimWalz and @LtGovFlanagan for your strong support and your commitment to investing in the #UMN System! Today's p…
1216867439381753861,2020-01-13 23:39:40,"I was proud to be with @DisabilityMN  for their legislative forum today. We are committed to our partnership with the disability community to ensure everyone has access to the support and services they need to live full lives.

And it was great to see my friend, @JustinDFTBA! https://t.co/kVPQTbQOa8"
1216748313074073600,2020-01-13 15:46:18,"That’s why we’re here at @AnokaRamseyCC to propose our investment of $488 million in higher education projects to help prepare our students for the jobs of tomorrow that our businesses are creating today. #BuildOneMN

🎥: https://t.co/xME3Q35pN8 https://t.co/NnC3X3SGmK"
1216748296045322240,2020-01-13 15:46:14,"But insufficient space, aging facilities, and outdated technology on college campuses aren’t just holding our students back — they’re holding Minnesota back in the face of a workforce shortage that’s impacting every corner of the state. #BuildOneMN"
1216748292618571776,2020-01-13 15:46:13,"Every Minnesotan deserves access to opportunities that will lead to a bright future, and for many, that means attending a higher education institution. #BuildOneMN https://t.co/bZ2zmclQiK"
1215776753509113856,2020-01-10 23:25:40,"RT @rchonthego: Well here's a highlight, and probably for my team too - talking water infrastructure with @GovTimWalz 90 feet below ground…"
1215737181710569474,2020-01-10 20:48:26,RT @AnthonySouffle: Spent the morning with @GovTimWalz as he toured the underground storm tunnel system in northeast Minneapolis after unve…
1215726917158043648,2020-01-10 20:07:38,These are the kind of critical projects we just can’t ignore any longer. That’s why this local project is included in my Local Jobs and Projects Plan to improve water quality for Minnesotans across the state. #BuildOneMN https://t.co/djR3VBB8Ij
1215726900049600512,2020-01-10 20:07:34,It’s caused manhole covers to pop off — and led to the discharge of untreated wastewater and stormwater to the Mississippi River in 2010. https://t.co/4q42AsMSXQ
1215726849428533248,2020-01-10 20:07:22,"Today I toured a storm tunnel in Minneapolis. Deep below the streets of downtown, the Central City Storm Tunnel was built more than a century ago to move stormwater to the river. And now it is bursting at the seams each time it rains. #BuildOneMN https://t.co/pOlTDugtkA"
1215720528427802624,2020-01-10 19:42:15,Skol @Vikings! We're rooting for you this weekend. #Skol #GoGetIt https://t.co/QaAOp6tvFQ
1215715119654735873,2020-01-10 19:20:46,"Every Minnesotan deserves access to clean water. Yet this isn’t the case for many communities across the state, especially in Greater MN. We're working to protect our environment and Minnesotans' health by investing $300 mil to improve water quality and infrastructure.#BuildOneMN https://t.co/rttCdchWoz"
1215474415686864897,2020-01-10 03:24:17,"We’re working to make sure all Minnesotans can afford to live in the communities they call home. Whether it’s proximity to work, school, or loved ones, too often Minnesotans can’t find affordable housing near the things that matter most. #BuildOneMN

https://t.co/2vwaQIfp7n"
1215405220076969985,2020-01-09 22:49:20,RT @alxchrstnsn: It is so exciting to see @GovTimWalz and @LtGovFlanagan take time to address the students at @mnymcayig opening ceremony!…
1215376730669682695,2020-01-09 20:56:07,"Yara is not only the star of “grown-ish,” but she’s a community activist who is dedicated to engaging young people in solving some of the biggest challenges we face as a nation — from climate change to voter participation.

Come join us on January 20 ⬇️
https://t.co/82uHZZa7JR"
1215376727674949633,2020-01-09 20:56:07,"We’re excited to welcome @YaraShahidi, actress and producer of ""grown-ish”, back home to MN as our keynote speaker at the 2020 #MNMLK Celebration! https://t.co/gATik8PngU"
1215292984465465345,2020-01-09 15:23:21,"Tune in now! #BuildOneMN

🎥: https://t.co/W19MtORIor"
1215292981923794944,2020-01-09 15:23:20,"Every Minnesotan deserves a safe, affordable place to call home. But too often, folks across the state struggle to find housing. That’s why I’m announcing the first part of my Local Jobs and Projects Plan to invest $276 million in safe, affordable housing projects. #BuildOneMN https://t.co/PTpirHroBy"
1215060112714407936,2020-01-08 23:58:00,"You can’t divide Minnetonka from Mankato. You can’t divide Waseca from Warroad. Because we know that Minnesota thrives when we work together as #OneMinnesota.

https://t.co/kKsQRjvVkA"
1215033556684214272,2020-01-08 22:12:28,"RT @MnEQB: Our #MNEnviroCongress19 recording is now live! 

As we start the new year, we're motivated by @GovTimWalz's charge on the import…"
1215033366837379073,2020-01-08 22:11:43,"I’m proud of all we’ve accomplished just one year in, and looking forward to what’s next! #OneMinnesota https://t.co/wc7hAm7Y6S"
1214652728875651073,2020-01-07 20:59:12,"A year ago today, I was sworn in as Minnesota's 41st Governor. We got a lot done this first year, and I can't wait to continue working for the people of Minnesota in the years to come. Thank you. #OneMinnesota https://t.co/1zdKEB6aaU"
1213935718881382400,2020-01-05 21:30:03,Incredible game! Skol #Vikings! https://t.co/wK2PTNVuPY
1213654941316845571,2020-01-05 02:54:21,Great time watching the #ClashOfChampions MN high school basketball game with my kids today. Congrats to Minnehaha Academy on the win! https://t.co/90rYS8aZc5
1212858439770267661,2020-01-02 22:09:20,"This past #mnleg session, we worked across party lines to pass a budget that invests in our students and protects health care for Minnesotans. This is #OneMinnesota in action – working together across lines of difference to get things done for Minnesotans.
https://t.co/0tdzlStpNi"
1212511894436827139,2020-01-01 23:12:17,"RT @Vikings: Great win, @GopherFootball!

#OneMN https://t.co/b35nZM4jCr"
1212489138685071365,2020-01-01 21:41:52,Congrats to @GopherFootball!! Row the boat! #RTB #SkiUMah #Gophers https://t.co/XSSxSbo46Y
1212183176858214400,2020-01-01 01:26:05,"And I can’t wait to continue working with you by my side to build #OneMinnesota in 2020. Thank you, and I wish all Minnesotans a happy New Year! #2020NewYear"
1212183173498626049,2020-01-01 01:26:04,"2019 was a year filled with new beginnings for me and my family. I am grateful for the opportunity to serve you each and every day. Together, we have accomplished so much — from investing in our students to protecting health care for 1 million Minnesotans. #2020NewYear https://t.co/Q3Zidx8y7D"
