id,created_at,text
1247327114308784129,2020-04-07 00:55:32,I’m grateful to @dananessel and her team at the AG’s office for working tirelessly to protect consumers and helping Michiganders to stay home and stay safe.
1247306222258270210,2020-04-06 23:32:31,RT @BushmanOnAir: Join me and the #mimaskchallenge @FM98WJLB https://t.co/1XzNqUDA7C
1247258296102387719,2020-04-06 20:22:05,"So sad to hear about the passing of Al Kaline. He was a legend on and off the field. Through his 22 seasons with the team, he brought joy to generations of Tigers fans across our state as he worked his way into the 3,000 club. Farewell, Mr. Tiger. https://t.co/OVj83SgyMA"
1247244405653856256,2020-04-06 19:26:53,"RT @migov: Stay Home. Stay Safe. Save Lives. The state of Michigan &amp; @MichiganHHS report today, April 6, 2020, 1,503 new COVID-19 cases &amp; 1…"
1247233701714460678,2020-04-06 18:44:21,"RT @MISaferCampus: REMINDER: Michigan’s Sexual Assault Hotline is free, confidential, anonymous &amp; available 24/7. Call 855-VOICES4 or text…"
1247199480153362434,2020-04-06 16:28:22,RT @MichSoS: Frequently Asked Questions regarding Secretary of State services during the coronavirus outbreak https://t.co/yFxXUM4oft https…
1247180796676452352,2020-04-06 15:14:08,I’m thinking of @KayLyme and wishing her a quick recovery. Let’s all do our part to slow the spread of COVID-19 to keep our loved ones and communities safe.
1247166233364942851,2020-04-06 14:16:15,RT @MichStatePolice: Governor Whitmer provides an update on COVID-19  https://t.co/Cz0ugFNFHU
1246850560390807559,2020-04-05 17:21:53,"Mr. Rogers told us to look for the helpers when things are scary. This is a difficult time, but I know there are helpers everywhere.

I’d love to hear about a Michigander you know who is being a helper right now. Tell me about them by replying to this tweet 👇 #DoingMIPart"
1246822181826428930,2020-04-05 15:29:07,"RT @MichiganLEO: Thousands of critical, immediate jobs to support work during the COVID-19 pandemic need to be filled in Michigan. Apply at…"
1246520351040954373,2020-04-04 19:29:45,"RT @migov: Stay Home. Stay Safe. Save Lives. The state of Michigan &amp; @MichiganHHS report today, April 4, 2020, 1,481 new COVID-19 cases &amp; 6…"
1246498453875810310,2020-04-04 18:02:44,"I’m fighting relentlessly to secure the equipment Michigan needs to save lives during the #COVID19 pandemic, and welcome anyone who will partner with us to make it happen.
https://t.co/0NmLjxopG4"
1246476646183505921,2020-04-04 16:36:05,"The @Tigers, @Lions, @DetroitRedWings, and @DetroitPistons know that when it comes to fighting #COVID19, we’re all on the same team. Visit https://t.co/WZ51AQdAZw to sign up to volunteer. https://t.co/P03JJhfwZK"
1246437040893374467,2020-04-04 13:58:42,"RT @MichiganHHS: All Michiganders can volunteer their compassion and commitment to fighting #COVID19, and saving health and lives. Your tim…"
1246223213496905728,2020-04-03 23:49:02,"RT @MichEMHS: NEWS RELEASE: State Expands Support Services Available for Startups, Entrepreneurs in Response to COVID-19 https://t.co/hiHxL…"
1246199412482809857,2020-04-03 22:14:27,"RT @migov: Stay Home. Stay Safe. Save Lives. The state of Michigan &amp; 
@MichiganHHS report today, April 3, 2020, 1,953 new COVID-19 cases &amp;…"
1246156775390412805,2020-04-03 19:25:02,"Thank you for sharing your wisdom during this #COVID19 crisis, @GabbyGiffords. Your resilience is an example for us all. https://t.co/PIypbOHoiz"
1246110707378200576,2020-04-03 16:21:58,"People prioritizing the health of our communities shouldn’t be punished in the workplace. Today, I prohibited all employers from retaliating against employees for staying home from work if they or a close contact has symptoms of or has COVID-19. Read more: https://t.co/hnuECkDVll"
1246076701462888449,2020-04-03 14:06:51,RT @axios: FRIDAY: Join Axios CEO @JimVandeHei at 12:30pm ET for a live virtual conversation on leading during this pandemic crisis w/ gues…
1246071785436700672,2020-04-03 13:47:19,"I am deeply grateful, but not surprised. Our teachers are the best of the best, and I knew you’d rise to this challenge. 

From the bottom of my heart, thank you. It’s an honor to serve the State of Michigan with you."
1246071773122174976,2020-04-03 13:47:16,"Since our announcement yesterday, I’ve watched educators and administrators rally together with positivity and enthusiasm to plan out how we will ensure our kids continue their education."
1245846177330999297,2020-04-02 22:50:50,Join me for a virtual town hall on the #COVID19 pandemic in 10 minutes. You can view via your local news station or the live stream below ⬇️ https://t.co/sLzvr1XoAi
1245834053628149761,2020-04-02 22:02:39,RT @MichiganHHS: Stay Home. Stay Safe. Save Lives. The most important thing Michiganders can do to protect themselves is social distancing.…
1245817117338935297,2020-04-02 20:55:21,"Yesterday, the @FiatChrysler_NA team at the Mopar Parts Distribution Center donated and shipped out approximately 500,000 face masks to emergency operation centers in Oakland and Wayne counties. This generosity will save lives, and I couldn’t be more grateful. https://t.co/5JnZcLl3Pf"
1245811343044870146,2020-04-02 20:32:24,"The 12 month ban preventing LGBTQ+ men from donating blood is arbitrary and discriminatory. This is a crisis. Hospitals are in desperate need of blood. While lowering it is a step in the right direction, the ban should have been lifted altogether. https://t.co/IDruymVDq1"
1245789131801866242,2020-04-02 19:04:09,"RT @migov: Stay Home. Stay Safe. Save Lives. The state of Michigan &amp; @MichiganHHS report today, April 2, 2020, 1,457 new COVID-19 cases &amp; 8…"
1245786447917047808,2020-04-02 18:53:29,RT @MIDIFS: DIFS is working hard to make sure that staff is available to answer questions and respond to complaints in a timely manner.  As…
1245772238848221184,2020-04-02 17:57:01,"RT @MichiganLEO: “While many Michiganders are being displaced from work, thousands of employers have immediate job openings. We encourage t…"
1245767906857750528,2020-04-02 17:39:48,"Hi Annette — You cannot be evicted at this time for non-payment of rent. Homes provide essential protection against COVID-19, and because of that, I issued Executive Order 2020-19, which suspends enforcement of eviction orders during the COVID-19 crisis. https://t.co/MqdzhF4wI0"
1245763431225085959,2020-04-02 17:22:01,"This is an important question. Under Executive Order 2020-07, labor qualifies as an exigent circumstance and both a partner and doula may accompany a laboring mother if they pass the health evaluation. We have FAQs like this posted on https://t.co/LnGYBeLlkD. https://t.co/D8PovuIqjp"
1245759371856011265,2020-04-02 17:05:53,Hi Hannah — Executive Order 2020-17 does not prevent a licensed medical provider from performing an outpatient procedure if the provider determines that doing so is necessary to preserve the health and safety of the patient. Thinking of you. https://t.co/yKlpTxPu1K
1245758467601809412,2020-04-02 17:02:18,"The federal government is working on rules that will allow people to claim their benefits. We are committed to ensuring that everyone gets the benefits to which they are entitled, and working to get these benefits out the door as quickly as possible once they’re available. https://t.co/LEsse44bbD"
1245752471227633667,2020-04-02 16:38:28,We would love your help! Visit https://t.co/1OwouIqPjx to volunteer. https://t.co/ea2YSIr1Vh
1245750415934750721,2020-04-02 16:30:18,I am so glad to hear that! I’m deeply grateful to every person who is working tirelessly to do their job to the best of their abilities during this crisis. https://t.co/1rxms4Eojb
1245749270550065153,2020-04-02 16:25:45,"The first step is contacting your health care provider to discuss your symptoms. If your health care provider decides it is necessary to test for COVID-19, they will take the sample and order testing. Visit https://t.co/LnGYBeLlkD for more info. https://t.co/Jm9JS0L6hl"
1245733943543988224,2020-04-02 15:24:51,"But the #COVID19 pandemic is an unprecedented threat to our public health, and I’m willing to do whatever it takes to keep you and your family safe.

Deep breath. We’re going to get through this together. Read more: https://t.co/7tZ66EhdiI"
1245733942000529408,2020-04-02 15:24:51,"I know that this is a big challenge. I know that there isn’t a video chat or homework packet that can replace the value of a highly trained, experienced teacher working with students in a classroom."
1245733938343096320,2020-04-02 15:24:50,"For the sake of our students, their families, and the more than 100,000 teachers and staff in our state, I have made the difficult decision to close our school facilities for the remainder of the school year."
1245726535648190468,2020-04-02 14:55:25,RT @MichStatePolice: Governor Whitmer provides update on COVID-19.  https://t.co/gRqEbYc3KE
1245704397637681163,2020-04-02 13:27:27,"If you have #COVID19 related questions, I’ll be participating in a nationwide #AsktheGovernor Twitter Q&amp;A today at 12 pm. Tap below or Tweet your question with #AskGovWhitmer. #AskGovWhitmer"
1245430632215392256,2020-04-01 19:19:36,"Today, I went to the @tcfcenter, where Michigan National Guard members are assembling hospital beds to create an alternate care facility. I am deeply grateful for their work, it will help us save lives. https://t.co/gjuSWbuOPN"
1245426054786887683,2020-04-01 19:01:25,"RT @migov: Stay Home. Stay Safe. Save Lives. The state of Michigan &amp; @MichiganHHS report today, April 1, 2020, 1,719 new COVID-19 cases &amp; 7…"
1245425293642399744,2020-04-01 18:58:23,RT @MichiganHHS: Stores throughout Michigan are offering special shopping hours for older adults in response to #COVID19. Here is a list of…
1245412465829130240,2020-04-01 18:07:25,These are great suggestions from professionals on steps you can take to manage your mental health during this time. Check them out in the replies below ⬇️ https://t.co/UUtMjbs4kL
1245397382566678528,2020-04-01 17:07:29,I’ll be answering your COVID-19 questions tomorrow evening. Submit yours at the link below ⬇️ https://t.co/MU2qbrtZbI
1245386385827209217,2020-04-01 16:23:47,RT @michiganLARA: Our goal is to ensure everyone living in Michigan TODAY is counted on the 2020 Census. Everyone living in your home shoul…
1245381074588512261,2020-04-01 16:02:40,"These signs have boosted my spirit every single time I drive in and out of our neighborhood. The best part about this state are the people who call it home — from the bottom of my heart, thank you. https://t.co/p0D4Qd8Cm9"
1245362279870345224,2020-04-01 14:47:59,"RT @MichiganDOC: For more information and updates on the MDOC's response to the coronavirus COVID-19, please visit: https://t.co/CMMKhEFgvp…"
1245122924308201474,2020-03-31 22:56:53,RT @micensus: Can you guess @GovWhitmer's middle name? Watch the video to find out and fill out your census form today! https://t.co/AsBzNU…
1245101089529180160,2020-03-31 21:30:07,"Today, we received 400 ventilators from the strategic national stockpile. They’re on their way to hospitals in need across the state to help save lives. We are still working to secure more and ensure our health providers have the tools they need. Thank you James Joseph from FEMA. https://t.co/Subeob6Njz"
1245087873281515520,2020-03-31 20:37:36,"Today is #TransDayOfVisibility .
Continue to live your lives unapologetically and I will continue to fight alongside you. You belong."
1245035363309105154,2020-03-31 17:08:56,"RT @MichiganHHS: During these times when Michiganders must #StayHomeStaySafe, some may need a plan to ensure they remain safe. Advocates ar…"
1245008002626748417,2020-03-31 15:20:13,RT @HenryFordNews: SURPRISE! @lizzo treated our ER staff at #HenryFordHospital to lunch today and shared a message of thanks to our #Health…
1244990148217053185,2020-03-31 14:09:16,"March is still reading month, and since I didn't get a chance to read to as many students as I was hoping to, I decided to read to as many kids as possible right here! https://t.co/2PiK2EAqtj"
1244777864974733313,2020-03-31 00:05:44,"If you’re a medical professional anywhere in the United States, Michigan needs you. Please visit https://t.co/WZ51AQdAZw to volunteer to help the residents of our state fight #COVID19. https://t.co/Nl7Gp9uls4"
1244751325323309057,2020-03-30 22:20:16,So grateful to @Ford and @UAW members for working tirelessly to ensure our health care workers have the equipment they need during the COVID-19 pandemic. This important work will help save lives. https://t.co/kOI9uMnFLp
1244724505404149761,2020-03-30 20:33:42,"RT @migov: Stay Home. Stay Safe. Save Lives. The state of Michigan &amp; 
@MichiganHHS report today, March 30, 2020, 1,012 new COVID-19 cases &amp;…"
1244713931182088193,2020-03-30 19:51:41,"As I said this morning, I want to make something clear to those who are at high risk for #COVID19:

I see you &amp; I am fighting for you. Your health is of the utmost importance to me. When I said we’re going to get through this together, I meant it.

You matter. I’ve got your back. https://t.co/KJK4Cad2e3"
1244672377537155072,2020-03-30 17:06:34,"Today is #NationalDoctorsDay. To every doctor that’s working relentlessly to ensure our health and safety — from the bottom of my heart, thank you. I’ve got your back."
1244644924584271876,2020-03-30 15:17:29,"This program offers support for independent contractors, those who are self-employed, seasonal workers, and others who can no longer work because of the #COVID19 pandemic.

Read more: https://t.co/C8OUkHOgAw"
1244644922524868608,2020-03-30 15:17:28,"Today, I announced that I signed an agreement with the U.S. Department of Labor to implement pandemic unemployment programs available to workers who do not qualify for state unemployment benefits."
1244629292836929544,2020-03-30 14:15:22,RT @MichStatePolice: Governor Whitmer provides update on COVID-19.  https://t.co/XuRas45Hf7
1244441324117544960,2020-03-30 01:48:26,"My deepest condolences go out his family and loved ones, and to the people of Detroit and Hamtramck who elected him as their voice in the House."
1244441323123478538,2020-03-30 01:48:26,"He dedicated his career to ensuring justice and security for those he served, and the impact he had on his community will continue to be felt for years to come. Rep. Robinson will be missed by many, including me. It was an honor to serve the people of Michigan alongside him."
1244441322431426560,2020-03-30 01:48:26,"Rep. Isaac Robinson had a huge heart, a quick wit, and a genuine passion for the people. I am very sad to hear of his passing. He was a fierce advocate for Detroiters and people across Southeast Michigan."
1244429621644402688,2020-03-30 01:01:56,"This order gives local officials  flexibility to release inmates who are vulnerable to the virus and do not pose a threat to public safety, and suspends transfers into and from MDOC facilities until risk-reduction protocols are implemented.

Read more: https://t.co/wyucjpiRhm"
1244429619475996678,2020-03-30 01:01:56,"Tonight, I signed an Executive Order that protects vulnerable populations in Michigan’s county jails, local lockups and juvenile detention centers during the ongoing #COVIDー19 pandemic ⬇️"
1244387603895418882,2020-03-29 22:14:59,"To the hardworking @UFCW951 and @UFCW876 members, and to all who are working tirelessly at our grocery stores to ensure families can keep putting food on their tables — thank you."
1244347529145303046,2020-03-29 19:35:44,We all have to be a part of the solution. Post what you’re doing to play your part in slowing the spread of COVID-19 and use the hashtag #DoingMIPart. I’m excited to see how you’re helping us get through this together! https://t.co/1FF0Cwpe0a
1244342634094776322,2020-03-29 19:16:17,RT @MIAttyGen: Thank you to everyone who sent in questions for the AG on the Governor's Executive Orders and how they impact businesses and…
1244301336822325250,2020-03-29 16:32:11,You can get yours here (20% of the proceeds go to the Detroit Small Business Stabilization Fund!) ➡️ https://t.co/4YKlOvhMhV https://t.co/kOMf0PswcB
1244282274377601026,2020-03-29 15:16:26,This isn’t the time to be fighting with each other. We all need to be fighting COVID-19 together. https://t.co/wRtKgZRywu
1244248630615314432,2020-03-29 13:02:45,RT @MeetThePress: COMING UP — A SPECIAL EDITION OF #MTP: Exclusive interviews with former VP @JoeBiden and Dr. Deborah Birx. Plus @Louisian…
1244083818170134530,2020-03-29 02:07:50,Read more: https://t.co/68J2Pg5pcF
1244083815980707845,2020-03-29 02:07:50,"Tonight, I issued an Executive Order requiring the reconnection of service to residences that have had water service shut off in Michigan. This is a critical step both for the health of families living without a reliable water source, and for slowing the spread of  #COVID19."
1243979793844113411,2020-03-28 19:14:29,"RT @MichiganHHS: Dr. Joneigh Khaldun, MDHHS chief medical executive, explains the actions Michigan is taking to make sure our hospitals do…"
1243976973426348035,2020-03-28 19:03:17,".@Delta’s support will help Michigan hospitals and health care providers address the influx of COVID-19 patients and help us all bend the curve and slow the spread of this virus. Thank you! 

To get involved, please visit our volunteer website at https://t.co/WZ51AQdAZw. https://t.co/9xyYU0DVeT"
1243947801765085186,2020-03-28 17:07:22,"Had a good call with @VP this morning. We’ll keep working around the clock with FEMA and the White House to get more of the personal protective equipment we need to keep Michiganders safe.

Stay home. Stay safe. Save lives. https://t.co/vDwSfqYh2k"
1243936946612813825,2020-03-28 16:24:13,"Today we launched a new volunteer website that Michiganders can use to find out how they can help in their local communities, give blood, donate money/needed medical supplies, or assist public health officials in tracking infections. Visit https://t.co/WZ51AQdAZw to learn more."
1243901498666426369,2020-03-28 14:03:22,Let’s all keep working to fight this virus together. https://t.co/UNqU22SuEL
1243897197747408897,2020-03-28 13:46:17,"This morning we received 112,800 N95 masks in our shipment from the strategic national stockpile w/8k more on the way. Great news for our health care workers. We'll keep working hard along with FEMA and the White House to get more of the PPE we need to keep Michiganders safe."
1243713238870745091,2020-03-28 01:35:17,Read more: https://t.co/PS2Y7sp7oH
1243713160160428038,2020-03-28 01:34:59,"Tonight, I signed an Executive Order that expands absentee voting for the May 5th elections. It allows the Department of State to assist local jurisdictions in mailing absentee ballot apps to every registered voter, &amp; to provide absentee ballots directly to new registrants."
1243682509847695361,2020-03-27 23:33:11,"(Yes, lock arms figuratively. Literally... stay at least 6 feet away, and wash your hands. 😉)"
1243680463782383620,2020-03-27 23:25:03,It’s time for everyone to lock arms and fight #COVID19 together. https://t.co/h5WSyppD3n
1243672770430500864,2020-03-27 22:54:29,"The items most needed:

Hospital Gowns 
Ventilators 
Sanitizer (Hand / Wipe) 
Gloves   
Surgical Masks 
Masks N95-N100 
No-Touch Thermometers 

If you have any of the above, the information to donate is here: https://t.co/1ADNAJhIYy"
1243670127716990976,2020-03-27 22:43:59,"Right now, we all need to be focused on fighting the virus, not each other. I’m willing to work with anyone as long as we get the personal protective equipment we need for the people of Michigan. https://t.co/sVZry3weUw"
1243651432185843722,2020-03-27 21:29:42,"Michiganders shouldn’t have to worry about filing their income taxes in the midst of a global pandemic, so today, I signed an Executive Order that pushes all April 2020 state and city income tax filing deadlines in Michigan to July 2020. Read more: https://t.co/sk6svQ8ZWC"
1243644657080426497,2020-03-27 21:02:46,Thank you to the Michigan delegation for working tirelessly to pass this bipartisan legislation that will aid the State and Michiganders. https://t.co/nuyPjQ0wiD
1243585531818188800,2020-03-27 17:07:50,Quick note: there is adult language used.
1243576117577093124,2020-03-27 16:30:25,"This. This is why we are working 24/7 to secure what our medical providers need. Our health care workers are on the front lines of #COVID19 every single day and they are begging each of us to do our part.

Visit https://t.co/m2sOFDoo30 to learn more about how you can help. https://t.co/vnIHReUEdY"
1243544404427759616,2020-03-27 14:24:24,"RT @mieducation: Handwashing is one of the easiest ways to stop the spread of germs but getting kids to do it, and do it right can be a cha…"
1243521775650115585,2020-03-27 12:54:29,RT @MichiganLEO: Filing online remains the fastest way for Michiganders to apply for unemployment benefits. Apply at https://t.co/DWuNIJqZU…
1243362129563906050,2020-03-27 02:20:06,PS: I’m happy to work with the VP! We get along well. https://t.co/OtjJa9pwhD
1243362096118521856,2020-03-27 02:19:58,"Hi, my name is Gretchen Whitmer, and that governor is me 👋

I've asked repeatedly and respectfully for help. We need it. No more political attacks, just PPEs, ventilators, N95 masks, test kits. You said you stand with Michigan — prove it. https://t.co/FtWlTLZdqW"
1243311814013837313,2020-03-26 23:00:10,"RT @WOODTV: Our virtual #MIGovTownHall with @GovWhitmer is about to start. If you can't make it to a TV, watch the livestream ⬇️
https://t.…"
1243309662377857033,2020-03-26 22:51:37,RT @lynseymukomel: COMING UP AT 7 ON @WOODTV: @RickAlbinWoodTV’s virtual town hall with @GovWhitmer will air live across the state. Check t…
1243249940052279300,2020-03-26 18:54:18,"I am thinking of Representative Carter and his family, and am hopeful for a speedy recovery. We all have to do our part to slow the spread of COVID-19."
1243191169288269824,2020-03-26 15:00:46,RT @WOODTV: WATCH LIVE: @GovWhitmer provides updates on the COVID-19 outbreak in Michigan. Airing on WOOD TV8 and streaming online now. ⬇️…
1243187974340255745,2020-03-26 14:48:05,RT @MichStatePolice: .@GovWhitmer to Give Update on COVID-19 at 11 a.m. Follow along live right here on Twitter or on Facebook: https://t.c…
1242892318891532293,2020-03-25 19:13:15,"RT @migov: The state of Michigan (@migov) and @MichiganHHS report today, March 25, 2020, 507 new COVID-19 cases &amp; 19 deaths. This brings th…"
1242871132589621252,2020-03-25 17:49:04,"Teachers, I see you going above and beyond for your students right now. I’m so grateful for your dedication to their well-being. 

Reply to this tweet and tell me about a teacher that is putting in extra work to connect with their kids. I want to hear about it 👇"
1242863499283443712,2020-03-25 17:18:44,RT @MichiganHHS: MDHHS has created a guide to help you determine what to do if you think you've been exposed to #COVID19. View the PDF vers…
1242850394927247363,2020-03-25 16:26:39,"Today, I signed an Executive Order that extends the deadline to complete the canvass of the March 10th Primary to April 24th. This ensures canvassers have time to complete their work, and that state resources remain focused on addressing #COVIDー19. More: https://t.co/9mN3WlG9GL"
1242837033955065861,2020-03-25 15:33:34,"RT @mieducation: Food Service to Children Continues Through the ""Stay Home"" Order

https://t.co/fwuZOf64S1"
1242824307610390528,2020-03-25 14:43:00,"Tomorrow night, I am holding a virtual town hall meeting about COVID-19 on @WOODTV with @RickAlbinWoodTV. I want to answer your questions about the current outbreak and the measures we are taking to combat it. Submit your questions below ⬇️ https://t.co/Yncbt3UWjE"
1242546327524909056,2020-03-24 20:18:24,"Donations can be directed to the Michigan Community Service Commission at COVID19donations@michigan.gov or 517-335-4295. 

Let’s get through this together."
1242546326086332416,2020-03-24 20:18:24,"Items that are most needed at this time:  

Hospital Gowns 
Ventilators 
Sanitizer (Hand / Wipe) 
Gloves   
Surgical Masks 
Masks N95-N100 
No-Touch Thermometers 

This list will be updated regularly here: https://t.co/1ADNAJhIYy"
1242546324093972483,2020-03-24 20:18:23,"I am working relentlessly to secure what our health care workers need so they can continue to fight the spread of #COVIDー19. If you or your business are able to donate essential items to meet our medical providers’ needs, we’d love your help."
1242536267637837824,2020-03-24 19:38:26,Our health care workers are the best of us. They are on the front lines of the #COVIDー19 pandemic and working tirelessly for our families and communities. I am grateful to each and every one of you. https://t.co/8UGsqlxIXj
1242487547416268801,2020-03-24 16:24:50,"RT @MichiganHHS: #COVID19 can live on surfaces; however, the length of time the virus lives on a surface depends on the type of surface (e.…"
1242482681218240513,2020-03-24 16:05:30,"I’ve always said our state is an extraordinary place to live because of those who call it home, and you’re proving that to be true.

Michiganders are tough.
Michiganders care about their neighbors.
Michiganders step up and lead.

We’re going to get through this together. https://t.co/MIOzjElJLS"
1242460768844550145,2020-03-24 14:38:25,"I am so grateful that @Ford, @3M, @GEHealthcare and @UAW are teaming up to build the equipment that we need to keep our health care workers safe and help save lives. https://t.co/whvYGhErs4"
1242228945984065537,2020-03-23 23:17:14,RT @MichSoS: All Secretary of State branch offices are closed in accordance with @GovWhitmer’s stay-at-home order. Customers can go online…
1242180361574141959,2020-03-23 20:04:11,"Yes, we will. Grateful for the support from @LeeChatfield and @SenMikeShirkey. https://t.co/nHb5SPGaO9"
1242172431869120513,2020-03-23 19:32:40,"❌ Visit someone in the hospital, nursing home, or other residential care facilities (with limited exceptions).
❌ Go to the mall or eat at restaurants.

The latest information is available at https://t.co/m2sOFDoo30."
1242172430745063428,2020-03-23 19:32:40,"You may not:
❌ Leave home to work, unless your employer designates you as a critical infrastructure worker.
❌ Participate in any public gatherings."
1242172429650313223,2020-03-23 19:32:40,"✅Leave the State for a home or residence elsewhere. 
✅ Walk your pets and take them to the veterinarian for needed medical care."
1242172428303949828,2020-03-23 19:32:40,"✅ Go to the hospital or secure any care necessary to address a medical emergency or to preserve your health or the health of a loved one.
✅ Fill your car with gas. 
✅ Return to Michigan to a home or place of residence from outside the State."
1242172426336841736,2020-03-23 19:32:39,"[THREAD] Under the Stay Home, Stay Safe Executive Order, you can:
✅ Go to the grocery store or pick up take-out food. 
✅ Go to the pharmacy to pick up a needed prescription. 
✅Engage in outdoor activities like walking, hiking, running, biking."
1242139519115288580,2020-03-23 17:21:53,"RT @MichiganHHS: To combat the spread of #COVID19 in Michigan, @GovWhitmer signed the “Stay Home, Stay Safe” Executive Order. All non-criti…"
1242106135978672136,2020-03-23 15:09:14,"I know this is difficult. I know that this is disruptive. But doing this will save lives. When we look back at this, we must be able to say we did everything we could. We will get through this together.

Read more: https://t.co/Qzwq5pNolf"
1242106120514174976,2020-03-23 15:09:11,"Let me be clear: Your grocery stores will still be open. Your pharmacies will remain open. Your banks and credit unions will still be functioning. You can still fill your car with gas.

The full list of critical services that will remain open is at https://t.co/DcHnXI7Xgu"
1242106107302207494,2020-03-23 15:09:07,"Today, I am issuing a “Stay Home, Stay Safe” Executive Order. It goes into effect tonight at midnight.

The goal here is simple: Stay home. Stay safe. Save lives. If we all stay at home, except for critical work and needs, we can mitigate the spread of COVID-19. https://t.co/JxH3HYCdsE"
1242104135945793538,2020-03-23 15:01:17,RT @MichStatePolice: Governor Whitmer provides update on state's response to COVID-19 https://t.co/L6a5XSfNmt
1242102408714637315,2020-03-23 14:54:26,"RT @migov: .@GovWhitmer &amp; @MichiganHHS Chief Medical Executive Dr. Khaldun will provide an update on #COVID19 today, March 23, at 11AM. Wat…"
1241873396385959936,2020-03-22 23:44:25,RT @MichiganLEO: Michiganders impacted by the COVID-19 epidemic should continue to visit https://t.co/DWuNIJqZUp or call 866-500-0017 to ap…
1241771401289371650,2020-03-22 16:59:07,"Like I said this morning, we all have to do our part to mitigate the spread of #COVIDー19 ⬇️ https://t.co/apXIDJ6Y9F"
1241768030734032896,2020-03-22 16:45:44,Grateful that @GovHolcomb joined @GovMikeDeWine and I to call on the President &amp; Congress to support the automotive industry and protect our auto workers in the wake of COVID-19. https://t.co/S8Y3thKPyO
1241500771558010884,2020-03-21 23:03:44,"RT @MiTreasury: NEWS RELEASE: State Treasurer Urges Michiganders to Be Alert for Phishing Emails 
https://t.co/8ywGWBz6Lw #MIGov https://t.…"
1241487824433668098,2020-03-21 22:12:17,"Today, I signed an Executive Order that temporarily closes facilities that provide non-essential personal care services, including hair, nail, tanning, massage, spa, tattoo, body art &amp; piercing services. These changes are difficult, but necessary to slow the spread of #COVIDー19. https://t.co/VQjrapXbaE"
1241461124236742656,2020-03-21 20:26:11,"To our health care professionals on the front lines, and to those working tirelessly to support them - thank you. https://t.co/ejXAytNplV"
1241391302647971840,2020-03-21 15:48:45,"We have gotten through 100% of our bad days. We will get through this as well, together. #COVIDー19 https://t.co/xsQmUM8Ejj"
1241362530750119937,2020-03-21 13:54:25,"RT @MichiganHHS: [Watch Now] A message from Dr. Joneigh Khaldun, MDHHS chief medical executive, on #COVID19 high risk populations. https://…"
1241172853896155138,2020-03-21 01:20:42,"Today, I joined @GovMikeDewine to call on the President and Congress to support the automotive industry and protect our auto workers in the wake of COVID-19.
Read more: https://t.co/yTwOgmwMUo"
1241155602199597056,2020-03-21 00:12:09,"In the coming days, I’ll be working to ensure that our seniors graduate and that no child is held back as a result of the COVID-19 school closure.  

I’ve got your back. We’ll get through this together. 

Full statement: https://t.co/iJ28Llh1Lc"
1241155598953127938,2020-03-21 00:12:09,"Earlier today, the Michigan Department of Education issued a memo that caused confusion &amp; panic among schools, teachers, &amp; students. Let me be clear: the memo does not mean that school work done during mandatory school closure won’t “count” toward grades, credits, or graduation."
1241116079474249728,2020-03-20 21:35:06,"RT @MISupremeCourt: MSC Chief Justice @BridgetMaryMc Statement on @GovWhitmer Executive Order Temporarily Suspending Evictions: ""I commend…"
1241104370181255168,2020-03-20 20:48:35,Read more: https://t.co/nSTxXStm0m
1241104367870267392,2020-03-20 20:48:34,"Today, I signed an Executive Order that temporarily suspends evictions, ensuring Michiganders are able to remain in their homes during the #COVIDー19 pandemic. Families are facing a number of uncertainties - worrying about whether they’ll be evicted shouldn’t be one of them."
1241100101235466243,2020-03-20 20:31:37,RT @ChadLivengood: UP NEXT: Michigan's @GovWhitmer will give a press update from the state's emergency management center near Lansing. She'…
1241061484911878149,2020-03-20 17:58:10,"@midwestmomts This is Kevin, and we can’t thank you enough for your work to ensure the health and safety of our communities! https://t.co/WayCZKaK1O"
1241060640980119553,2020-03-20 17:54:49,"Today, I signed an Executive Order that temporarily postpones non-essential medical and dental procedures. This will reduce the strain on the health care system, protect people, and help to #FlattenTheCurve. Read more: https://t.co/brK3C0gT53"
1241055944437641216,2020-03-20 17:36:09,School districts and volunteers across Michigan are stepping up to provide families with meals and supplies during the COVID-19 crisis. Visit https://t.co/8VNs83w18f for available resources and food sites in your area. https://t.co/VIZjQnoswb
1241025768521678849,2020-03-20 15:36:15,"Many stores like @meijer are now adjusting hours to allow senior citizens, at-risk shoppers, &amp; service workers a dedicated time to shop.
Please, be respectful, and thank those who are working tirelessly to stock shelves and support our communities. https://t.co/k4YXSLIcj4"
1241022139920199682,2020-03-20 15:21:49,RT @MichiganLEO: Eligible employees can file for unemployment benefits at https://t.co/DWuNIJqZUp or 1-866-500-0017. https://t.co/5BSyoc7EKV
1240992171664314373,2020-03-20 13:22:44,RT @MichEMHS: NEWS RELEASE: Treasury: Michiganders Unemployed Due to COVID-19 Eligible for Collections Assistance https://t.co/GjjxaU5Gyr h…
1240787243507335170,2020-03-19 23:48:26,"Michigan is an extraordinary place to live because of the people who call it home. I am profoundly grateful for the Michigan distilleries that are putting people before profit and stepping up to help our communities.
https://t.co/kCRe6fzkiu"
1240745170062192640,2020-03-19 21:01:15,"We teamed up with @UMich and @MichiganStateU to remind you that no matter who you root for, we need your help to fight the spread of #COVIDー19. When it comes to keeping Michiganders safe, we’re all on the same team. Go Green! Go Blue! https://t.co/YEsdO1aqPx"
1240726148071464965,2020-03-19 19:45:39,This unlocks critical financial resources for small businesses across the state impacted by the necessary steps we have taken to mitigate the spread of COVID-19. Read more: https://t.co/xpIy05TerQ
1240726144187539459,2020-03-19 19:45:39,"Today, I announced today the U.S. Small Business Administration has approved a statewide Economic Injury Disaster Loan declaration, opening the opportunity to small businesses in Michigan to access low-interest loans from the SBA."
1240717987759501314,2020-03-19 19:13:14,"I know this is an unprecedented, stressful time, but let me be clear: unless information comes directly from me or my office, it is a rumor and you should assume it is false. You can find factual information at https://t.co/m2sOFDoo30."
1240686696678567936,2020-03-19 17:08:53,RT @MichiganLEO: The Unemployment Insurance Agency (UIA) will be hosting an informational seminar for Michigan employers regarding unemploy…
1240685633745457154,2020-03-19 17:04:40,"RT @MichiganHHS: Dr. Joneigh Khaldun, MDHHS chief medical executive, shares a message about Michigan's #COVID19 business related closings.…"
1240649449828990976,2020-03-19 14:40:53,.@MichiganHHS has launched several statewide platforms to answer your COVID-19 questions and keep you up to date on rapidly changing information ⬇️ https://t.co/lTIgaanKY9
1240459098493194240,2020-03-19 02:04:30,Read more: https://t.co/yyS7L6eO4w
1240459097297899527,2020-03-19 02:04:30,"It allows:
➡️ LARA to issue expedited provisional licenses to expand capacity. 
➡️ Employers, like hospitals, to operate a disaster relief child care center for their employees.
➡️ School facilities to be utilized for the purposes of maintaining a disaster relief child care."
1240459095620169730,2020-03-19 02:04:29,"Tonight, I signed an Executive Order to expand the capacity for child care services for health care workers, first responders, and other members of the essential workforce providing critical infrastructure to Michiganders during the COVID-19 crisis."
1240393769960312837,2020-03-18 21:44:54,RT @MichEMHS: NEWS RELEASE: Michigan National Guard assisting in getting out COVID-19 supplies https://t.co/SYwa9MtuKb https://t.co/l8fanQf…
1240373052589907970,2020-03-18 20:22:35,"I am grateful for the leadership of @SenGaryPeters and @SenStabenow in passing the Families First Coronavirus Response Act, which will provide vital resources &amp; services to Michiganders as we continue to combat the spread of COVID-19. 
https://t.co/bHTFuXvxsT"
1240371430023483393,2020-03-18 20:16:08,Read more: https://t.co/AAhe3oaB1y
1240371426114371584,2020-03-18 20:16:07,"Today, I signed an Executive Order extending the deadline for Michiganders to pay back taxes &amp; avoid foreclosure during the COVID-19 spread. This gives families immediate relief from the pressure of having their home foreclosed on while trying to focus on their health and safety."
1240367585755095042,2020-03-18 20:00:52,RT @MichStatePolice: Gov. Gretchen Whitmer provides update on COVID-19. https://t.co/6NMvhWRsa4
1240340948669825028,2020-03-18 18:15:01,RT @MichiganHHS: MDHHS has launched several statewide platforms to answer questions about Coronavirus Disease 2019 (COVID-19) and to keep r…
1240313755952652289,2020-03-18 16:26:57,Read more: https://t.co/VlDy6whSn3
1240313753989722120,2020-03-18 16:26:57,"Yesterday, I formally requested that the U.S. Small Business Administration issue an Economic Injury Disaster declaration for Michigan. Small businesses are facing unprecedented challenges due to COVID-19, &amp; we need to ensure every possible resource is available to them."
1240301452670763008,2020-03-18 15:38:04,"RT @MichiganLEO: The Unemployment Insurance Agency announced that beginning today at 3 p.m, it will close its lobbies to visits from the pu…"
1240301236068507649,2020-03-18 15:37:13,"RT @MichiganHHS: [Watch Now] Dr. Joneigh Khaldun, MDHHS chief medical executive, shares a message about Michigan's testing capacity for COV…"
1240285419733991430,2020-03-18 14:34:22,"This morning I went to @RedCross to donate blood. Due to the #COVIDー19 pandemic, they are currently in need of donors. If you are able, please make an appointment to donate as well. https://t.co/p5ko1Aou08"
1240120245601304579,2020-03-18 03:38:01,"RT @MichiganHHS: MDHHS announced it will close its lobbies to visits from the public, except for appointments, and will stop requiring resi…"
1240099955714506756,2020-03-18 02:17:24,"I am grateful to @UAW and our auto companies for coming to this agreement, and I applaud the new measures being agreed to that ensure adherence to CDC recommendations in the workplace. https://t.co/7iESqLMzQY"
1240064045547507712,2020-03-17 23:54:42,"Folks, I know that this is an unprecedented, difficult time. 
But I also know that Michiganders are tough. Michiganders are resilient. And we are going to get through this - together.
#COVIDー19"
1240052333691768833,2020-03-17 23:08:10,RT @RepSlotkin: .@GovWhitmer today notified the Small Business Admin that she is seeking emergency relief for Michigan businesses affected…
1240049435666788352,2020-03-17 22:56:39,"Today, I signed an Executive Order that enhances operational capacity and efficiency in hospitals to ensure an adequate number of health care providers are available to patients during the spread of COVID-19. 
Read more: https://t.co/1rdOIKSiJ3"
1240037593703763968,2020-03-17 22:09:35,RT @WOODRADIO: LIVE now @GovWhitmer joins @WOODradioSteve and @MrJustinBarclay with answers to the Michigan fight against the spread of #CO…
1240026377048465411,2020-03-17 21:25:01,RT @MichiganHHS: .@mieducation has launched an online map to help families find locations where meals are being provided during this period…
1240007986929688578,2020-03-17 20:11:56,"RT @migov: To mitigate the COVID-19 outbreak, the state of #Michigan's Unemployment Insurance Agency and Michigan Works! Agencies are stron…"
1239976820172177408,2020-03-17 18:08:06,"Today, @MIEducation sent a letter to Betsy Devos urging her to grant a nationwide waiver of statewide student assessments. When kids get back to school, the number one priority must be ensuring they have the resources they need, not on state assessments.
https://t.co/6T17L2Ahnp"
1239919598591447045,2020-03-17 14:20:43,"3/16: Lifted road weight restrictions 

The latest information is available at https://t.co/m2sOFDoo30.
 
For those who have questions about the state’s actions to mitigate the spread of coronavirus, please call our COVID-19 Hotline at 1-888-535-6136 between 8AM - 5PM daily."
1239919596863393796,2020-03-17 14:20:43,"3/13: Prohibited large gatherings 250+ 
3/13: Restricted entry into care facilities &amp; juvenile justice facilities 
3/14: Enhanced restrictions on price gouging 
3/16: Closed places of public accommodation 
3/16: Prohibited large gatherings 50+
3/16: Expanded unemployment benefits"
1239919593344372736,2020-03-17 14:20:42,"3/3: Created COVID-19 task forces 
3/6: Ensured Medicaid waiver for copays &amp; cost sharing for testing
3/10: Declared a State of Emergency
3/11: Recommended mitigation strategies 
3/12: Expanded access to telemedicine 
3/12: Closed all K-12 schools"
1239919587266826241,2020-03-17 14:20:40,"Now that I’ve got your attention, Mr. President - attack tweets won’t solve this crisis. But swift and clear guidance, tests, personal protective equipment, and resources would.  

FYI - here’s what I’ve done so far ⬇️ https://t.co/LZkN0U490p"
1239707291705802752,2020-03-17 00:17:05,"If you’re a visual learner, Kara has you covered ⬇️ #FlattenTheCurve https://t.co/r3FjXSl3tJ"
1239702012654161927,2020-03-16 23:56:07,"Folks, I’ve said it a hundred times, and I’ll say it again...

WASH 👏 YOUR 👏 HANDS 👏

Frequently. With soap. For at least 20 seconds. Lather, scrub, rinse, dry. Pass it on."
1239700592429236224,2020-03-16 23:50:28,"RT @migov: Today, @GovWhitmer signed Executive Order 2020-11, to prohibit ALL events over 50 people or assemblages in shared indoor spaces…"
1239659353885609990,2020-03-16 21:06:36,"Earlier today, I signed an Executive Order to expand unemployment benefits for Michiganders. This will provide immediate relief to those who can’t go to work, and who rely on their paycheck to put food on the table for themselves and their families.https://t.co/bGD35Q6c8b"
1239650054132162562,2020-03-16 20:29:39,"RT @migov: Pursuant to @GovWhitmer's EO 2020-9 directing dine-in services for bars &amp; restaurants to close by 3PM today, the Liquor Control…"
1239601887499911168,2020-03-16 17:18:15,Something we can all agree on 👏🏼 https://t.co/hCJgZT80ez
1239586955261874176,2020-03-16 16:18:55,"Today, I signed an Executive Order, which temporarily closes theaters, bars, and casinos, and limits restaurants to carry-out and delivery orders. Read more ⬇️ https://t.co/l6r8CRhC13"
1239320863394205697,2020-03-15 22:41:33,"Tonight, I gave an update that we currently have 45 confirmed COVID-19 cases in Michigan. If you have the ability and would like to help, there is a role for you. Please call 211 to sign up to be on the central registry for volunteers to assist those most vulnerable. https://t.co/mxmra1Rrgm"
1239309726833311744,2020-03-15 21:57:18,"RT @MichEMHS: .@GovWhitmer to Give Update on COVID-19 at 6 p.m. Follow along live at @MichStatePolice, https://t.co/04ODKMhISS or @wilxTV h…"
1239250343881474048,2020-03-15 18:01:20,Information around this outbreak is changing rapidly. The latest information is available at https://t.co/m2sOFDoo30 and https://t.co/ra0iFUPne7.
1239250340102516744,2020-03-15 18:01:19,"We will continue to do everything we can to mitigate the spread of COVID-19 to protect Michiganders, and we need everyone to do their part. #COVIDー19 https://t.co/lhcVlpyUR9"
1239239439785885697,2020-03-15 17:18:01,RT @migov: Check out this live stream (https://t.co/aYENBvOsPw) from the @MIAttyGen's Office to learn more about EO 2020-8 and get other #M…
1239237816653164547,2020-03-15 17:11:34,"Today, I signed an Executive Order that protects Michiganders from price gouging of goods, materials, emergency supplies, and consumer food items. We will continue to take every measure we can to protect families and get through this together. Read more: https://t.co/cXvXBFx6uG"
1239197980160397312,2020-03-15 14:33:16,This COVID-19 article has powerful visuals that explain why we all need to do our part to #FlattenTheCurve ⬇️https://t.co/gyiMJFrNtZ
1238878121505546245,2020-03-14 17:22:16,"Michiganders, if you have questions about COVID-19, please call the COVID-19 Hotline at 1-888-535-6136 between 8AM - 5PM daily. https://t.co/awEkkMl5nr"
1238561034669080583,2020-03-13 20:22:16,I love this! I am so grateful to every single educator who is working hard to ensure students have what they need while they aren’t in their classrooms. https://t.co/fsMrDhZUM5
1238550651900252165,2020-03-13 19:41:01,Our state total of COVID-19 cases is now 16. Information around this outbreak is changing rapidly. The latest information is available at https://t.co/m2sOFDoo30 and https://t.co/ra0iFUPne7 https://t.co/ebrJhRfUUJ
1238529698763870208,2020-03-13 18:17:45,"Earlier today, I spoke with business leaders about today's Executive Order that temporarily prohibits large assemblages and events, and urged them to do everything they can to support their employees at this time. Learn more here: https://t.co/KDC2qHN3CU https://t.co/o41UMViwx2"
1238512706359091201,2020-03-13 17:10:14,The President needs to do the right thing and issue a Presidential Declaration of Emergency in response to the COVID-19 pandemic. Lives are depending on it.
1238468288604184577,2020-03-13 14:13:44,"RT @freep: ⚠ THIS IS IMPORTANT: If you suspect you may have coronavirus, DO NOT GO STRAIGHT TO THE DOCTOR OR HOSPITAL.

Call ahead to figur…"
1238301151176646657,2020-03-13 03:09:35,Information around this outbreak is changing rapidly. The latest information is available at https://t.co/m2sOFDoo30 and https://t.co/ra0iFUPne7
1238301149947727874,2020-03-13 03:09:35,"I know this will be a tough time, but we’re doing this to keep the most people we can safe. I urge everyone to make smart choices during this time and to do everything they can to protect themselves and their families."
1238301148630732800,2020-03-13 03:09:35,"I am working with partners across state government to ensure educators, parents, and students have the support they need, and to ensure our children who rely on school for meals have access to food."
1238301146500009985,2020-03-13 03:09:34,"Tonight, I announced that in order to slow the spread of COVID-19 in Michigan, I am ordering the closure of all K-12 school buildings to students starting Monday, March 16 until Sunday, April 5. School buildings are scheduled to reopen on Monday, April 6."
1238201973222096897,2020-03-12 20:35:29,"Read more here: https://t.co/anNOGBXOnM
Information around this outbreak is changing rapidly. The latest information is available at https://t.co/m2sOFDoo30 and https://t.co/ra0iFUPne7"
1238201971804377088,2020-03-12 20:35:29,"We also called on President Trump to allow for a special enrollment period under the ACA to allow more Americans, including Michiganders, to sign up for coverage and help mitigate the spread of COVID-19."
1238201970277613568,2020-03-12 20:35:29,"Blue Cross Blue Shield of Michigan, Blue Care Network of Michigan, Priority Health, Meridian, CVS Health, McLaren, and Health Alliance Plan also announced that they will cover and encourage the use of virtual care and telemedicine."
1238201964212690944,2020-03-12 20:35:27,"Today, I announced that we will expand access to telemedicine for Michiganders by immediately allowing Medicaid beneficiaries to receive services in their home while we fight the spread of COVID-19. We must do everything we can to ensure access to quality, affordable health care."
1238141209060814850,2020-03-12 16:34:02,RT @karag: I don't think I had heard the phrase #flattenthecurve before last week. But it makes perfect sense. And I hope we can all help d…
1238109114628288513,2020-03-12 14:26:30,"RT @migov: .@MIAttyGen is warning residents to beware of businesses engaging in potential price-gouging, &amp; to report those suspected offens…"
1238088545631383553,2020-03-12 13:04:46,"RT @MichiganHHS: To slow the spread of COVID-19 in Michigan, @GovWhitmer  and MDHHS are recommending mitigation strategies for businesses,…"
1237847769672331266,2020-03-11 21:08:01,Information about this outbreak is changing rapidly. The latest information is available at https://t.co/m2sOFDFYUy and https://t.co/ra0iFV6Y5F
1237847767902384128,2020-03-11 21:08:00,➡️ Limit visitors at hospitals and other facilities to only those who are absolutely necessary and implement screening of visitors for temperature and respiratory symptoms.
1237847766006509570,2020-03-11 21:08:00,"➡️ Consider tele-learning or tele-work opportunities.
➡️ Limit non-essential work travel. 
➡️ If you care for a loved one living in a care facility, monitor the situation, ask about the health of the other residents frequently, and know the protocol if there is an outbreak."
1237847764077178880,2020-03-11 21:07:59,"➡️ Cancel or postpone large gatherings, conferences and sporting events (e.g. events with over 100 people).
➡️ Reduce in-person gatherings and activities, especially for organizations with individuals at risk of severe illness. 
➡️ Consider offering video or audio of events."
1237847762093277195,2020-03-11 21:07:59,"➡️ Regularly clean and disinfect frequently touched surfaces, such as doorknobs and light switches.
➡️ Communicate and reinforce best practices for washing hands and covering coughs and sneezes.
➡️ Maintain a supply of medications, food, and other essentials in your house."
1237847759018848258,2020-03-11 21:07:58,"➡️ Learn about the signs and symptoms of COVID-19, which include fever, cough and difficulty breathing.
➡️ STAY HOME WHEN YOU ARE SICK, and those at risk of severe illness should consider staying at home to avoid others who are sick."
1237847755793428486,2020-03-11 21:07:57,"[THREAD] To slow the spread of COVID-19 in Michigan, the following are some of the mitigation strategies being recommended:"
1237822971726704642,2020-03-11 19:29:28,"RT @MichEMHS: .@GovWhitmer to Give Update on COVID-19 today at 5 p.m. Follow along live at @MichStatePolice, https://t.co/04ODKMhISS or @Lo…"
1237817400931868672,2020-03-11 19:07:20,"RT @MichiganHHS: Dr. Joneigh Khaldun, MDHHS chief medical executive, shares an update on the department's actions to protect Michigan resid…"
1237710257712959490,2020-03-11 12:01:35,RT @freep: WASH YOUR HANDS.
1237577005698125826,2020-03-11 03:12:05,"Tonight, I announced that two Michigan residents tested presumptive positive for coronavirus disease 2019 (COVID-19), the first confirmed cases in our state. I have declared a state of emergency to harness our resources across state government to slow the spread of the virus. https://t.co/zEv8pJsLNt"
1237476615795474433,2020-03-10 20:33:11,RT @MichEMHS: NEWS RELEASE: State of Michigan Joint Information Center activated to support State Emergency Operations Center coronavirus r…
1237062865867202561,2020-03-09 17:09:05,"This morning, to protect families and our public health, we announced the Coronavirus Water Restart Plan to ensure that Detroiters have access to water in their homes. Learn more below ⬇️ https://t.co/ztqmbEdyR8"
1236320913731321858,2020-03-07 16:00:50,"While we currently don’t have any confirmed cases of COVID-19 in Michigan, we must prepare to combat this disease from spreading. The State of Michigan is stepping up by waiving fees for testing and treatment associated with coronavirus through the Michigan Medicaid program. https://t.co/LtGgT8howP"
1236001367753461764,2020-03-06 18:51:04,"I had a blast celebrating #NationalReadingMonth with Mrs. Tandrey’s fifth graders in Livonia this morning! Literacy is vital for success, and I’m committed to ensuring teachers have the resources they need so our kids can flourish. https://t.co/e2B7synjCF"
1235321422106497025,2020-03-04 21:49:12,"I’m proud of the work our administration is doing to reduce recidivism. When we provide those imprisoned with education, skills, and job training, individuals get a second chance and our state prospers. https://t.co/lTF1DOwUCp"
1234929553983889409,2020-03-03 19:52:04,"I’m not afraid of the tough questions, which is why I went to Wass Elementary School in Troy to take a few questions from those who always speak their minds - kids. 
Thank you for having me! https://t.co/r2tSFvgwAR"
1233802584735002627,2020-02-29 17:13:53,Visit https://t.co/LnGYBeLlkD for more information.
1233802582809808897,2020-02-29 17:13:53,"Yesterday, I activated the state Emergency Operations Center to coordinate with state, local and federal agencies to help prevent the spread of Novel Coronavirus.
Read more below 👇 https://t.co/bJeFZZcAaV"
1232767050008944640,2020-02-26 20:39:03,"I asked @Kroger and @UFCW876 to put me to work in Sterling Heights. Thank you to Tanya for showing me the ropes, I had a blast! #WorkWithWhitmer https://t.co/2UypDMiJJ4"
1232753877386235906,2020-02-26 19:46:42,"RT @migov: Don't forget to check the @MichiganDOT's Mi Drive site before heading out on #Michigan's roads! See traffic cameras and speeds,…"
1230862144922693633,2020-02-21 14:29:38,"RT @MIFirstDog: Frens! 2day is National #HugDay!!!! I hate. to brag, but. i am a ~professional~ cuddlebug!!! Here’s how 2 hug:
Step 1: ask…"
1228431433913503752,2020-02-14 21:30:51,"The Senate Republicans rejecting Anna Mitterling from serving on Michigan’s Natural Resources Commission is baseless, cruel, and disgusting. Their phony excuses are an insult. Anna, and Michigan, deserve better."
1228049945145597958,2020-02-13 20:14:57,RT @MichiganEGLE: Registration now open for the first-ever Great Lakes Water Infrastructure Conference: https://t.co/k8ptl7pXbM #MiEnvironm…
1228041268321832964,2020-02-13 19:40:28,I want to applaud Oakland County for setting an ambitious postsecondary attainment goal. This is a critical step for residents and for our entire state as we work to achieve our goal of 60% of Michiganders with a postsecondary degree by 2030. https://t.co/3dim90u4fU
1227388949951283203,2020-02-12 00:28:24,Representation. It matters. https://t.co/E1dioOoHKO
1225521575685959689,2020-02-06 20:48:07,"The FY 2021 Executive Budget is focused on education, families, health care, and cleaning up our drinking water. #MIBudget 
Learn more here: https://t.co/arDOLFa1FI"
1224380031268507648,2020-02-03 17:12:01,Michigan - let’s get to work. #RebuildingMichigan https://t.co/hDEqLLnjOg
1222681384919142410,2020-01-30 00:42:13,"The people of Michigan are on the move. It’s time for Lansing to catch up.

Let’s get to work. Let’s move some dirt. #MiSOTS20 https://t.co/VEdubC2UMZ"
1222680408879517696,2020-01-30 00:38:20,"“We’ll let a woman choose the birth control that works for her. A novel idea, I know – we’re going to ask a woman what she wants, ensure she can get it in one visit, and provide coverage for it.” #MiSOTS20"
1222680186254131200,2020-01-30 00:37:27,"It will:
👉Extend postpartum care from 60 days to one full year after giving birth.
👉Move up a woman’s first postpartum visit to within 3 weeks, with a comprehensive visit within 12 weeks.
#MiSOTS20"
1222680184807141378,2020-01-30 00:37:27,"We are committed to ensuring a safe, healthy environment for all new moms, especially moms of color, which is why this year, my budget proposal will extend health coverage for low-income women who have had babies. #MISOTS20"
1222679539198898176,2020-01-30 00:34:53,"“One of the most important ACA provisions prohibits an insurance company from denying coverage to people with pre-existing conditions. Without that provision, the coverage of millions would be at risk. We need to enshrine these protections for Michiganders.” #MiSOTS20"
1222679266917220352,2020-01-30 00:33:48,"I’ve launched the “Governor’s FAFSA Challenge.” The high schools in Michigan with the highest completion rates can earn prizes, and the top school will take home $10,000. Filling out this form is important for your future. Everyone deserves a path to success. #MiSOTS20 https://t.co/7B08j07Z4V"
1222679135664922629,2020-01-30 00:33:16,"Class of 2020, fill out your FAFSA financial aid form!
Last year, Michigan students left $100 million in federal financial aid on the table. We can't make that mistake again. #MiSOTS20 https://t.co/kjEl7z7Unh"
1222677957946302464,2020-01-30 00:28:36,"Protecting our workforce is one step, preparing our workforce is another, and that starts with our kids. This year, we’re doubling down on the commitment to invest in early literacy. #MiSOTS20 https://t.co/o66RqiRxeC"
1222677696729288704,2020-01-30 00:27:33,"“I’ve directed the Department of Labor and Economic Opportunity to expand the right to overtime pay to tens of thousands of Michigan workers.
If you’re on the clock, you deserve to get paid.” #MiSOTS20 https://t.co/lsdDggusHD"
1222676666880794630,2020-01-30 00:23:28,"A long-term infrastructure solution isn’t the only solution we need. We’ve boasted 10 years of economic growth, but Michiganders aren’t all sharing in it. Despite historically low unemployment, many people are struggling to get ahead. We’re doing something about that. #MiSOTS20"
1222676213136793601,2020-01-30 00:21:40,"Rebuilding Michigan is financed without an increase at the gas pump, and it will do three things: save time, save money, and save lives. #MiSOTS20 https://t.co/qqhWb6Tfik"
1222676087001559040,2020-01-30 00:21:10,"So, it’s time for Plan B: executive action.
Tomorrow, I will ask the State Transportation Commission to issue state road bonds, so we can start fixing the roads now.” #MiSOTS20"
1222676085751590913,2020-01-30 00:21:09,"“When I introduced my proposal, I said I was happy to consider alternative solutions. But no one came up with any— at least not serious ones. Any proposal that creates more problems than it solves is NOT a serious solution. #MiSOTS20"
1222675667902443520,2020-01-30 00:19:30,"""Last year, I proposed a real solution that would have fixed our roads by 2030 and freed up funds for education spending. It was a serious, real, honest solution to problems we inherited.
 
But, some thought otherwise. Let’s just say... it wasn’t warmly embraced."" #MiSOTS20 https://t.co/gbNPxzgrxR"
1222675224824512513,2020-01-30 00:17:44,"“For me, for Michigan, impatience is a virtue. No more waiting around to fix our roads, improve our schools, or strengthen our families. The people of Michigan are counting on us. It’s time to act.” #MISOTS20 https://t.co/tOvC3nEAhD"
1222675019555319808,2020-01-30 00:16:55,"“Michiganders are hardworking people. They expect results. They deserve leaders who will work hard and get things done. They won’t accept excuses, and neither will I. I am not here to play games.” #MISOTS20 https://t.co/eJEvF8Nn31"
1222674635529031680,2020-01-30 00:15:23,"In Michigan, diversity is our strength. Doing is our strength. #MiSOTS20 https://t.co/iTXlLCkG3Q"
1222673266625650689,2020-01-30 00:09:57,"Meet Monte Scott. We won’t be surprised if he’s giving the State of the State one day. #MiSOTS20
https://t.co/CCCRRJRlHx"
1222672448367288321,2020-01-30 00:06:42,"“I don’t care how distracting Senator Shirkey’s outfit is - cut him a break!"" #MiSOTS20 https://t.co/yK2wurf7wJ"
1222672058393473028,2020-01-30 00:05:09,[THREAD] Team Whitmer here! Follow along the 2020 State of the State with us! #MiSOTS20 https://t.co/kC8oZPjLKi
1221838171039846406,2020-01-27 16:51:35,"“I swore never to be silent whenever and wherever human beings endure suffering and humiliation. We must take sides. Neutrality helps the oppressor, never the victim. Silence encourages the tormentor, never the tormented.” ― Elie Wiesel
#HolocaustRemembranceDay"
1221537663272071169,2020-01-26 20:57:28,Happy Birthday to our beloved state! #MiStatehoodDay https://t.co/knnVIe8cWv
1221466140024635393,2020-01-26 16:13:16,https://t.co/iWua5mwi87
1221466136845463552,2020-01-26 16:13:15,"The first line: Am I missing something?

The answer: Yes. 
https://t.co/vKWV9JVtb2"
1220742424307412994,2020-01-24 16:17:28,"Thrilled to have the opportunity to deliver the Democratic Response to the State of the Union. Democrats are laser-focused on building a stronger country, and this is an opportunity to show the American people that we are getting things done for them and for future generations."
1220446548305334275,2020-01-23 20:41:46,"Water is critical to Michigan's way of life. Today’s rollback of WOTUS, a clean water protection, is yet another decision the Trump Admin has made that will harm Michigan's environment &amp; economy. I’m committed to protecting our wetlands &amp; the Great Lakes.https://t.co/czUp2U1txz"
1219299942730280960,2020-01-20 16:45:34,"RT @JeremyAllenMoss: Honoring the life &amp; legacy of Dr. King in Southfield with @GovWhitmer, Rep. @KyraHBolden, Councilman Hoskins &amp; many hu…"
1219261584935149570,2020-01-20 14:13:09,"As we honor the life of Dr. Martin Luther King Jr. today, may his legacy lead to us to action and service with “the fierce urgency of now.”
#MLKDay https://t.co/iku8QKw0ZA"
1218348750910812161,2020-01-18 01:45:52,"RT @MichStatePolice: We're expecting ❄️ this weekend. If you must drive, take it slow.

If your vehicle starts sliding, remember the follow…"
1218278797356732435,2020-01-17 21:07:54,"Thank you to members of the MI congressional delegation for opposing the proposed permanent nuclear repository close to Lake Huron. Protecting our Great Lakes is essential to the safety of Michiganders, &amp; I urge Canadian leaders not to consider a site so close to the Great Lakes."
1218231834980634630,2020-01-17 18:01:17,"Michiganders are hardworking, passionate folks who deserve better than the most commonly used social media platform betraying the public’s trust and allowing for such vitriolic behavior to manifest and grow until it enters actual reality.  
Read the full letter here: https://t.co/yyZkb6wEWn"
1218231629270994946,2020-01-17 18:00:28,"Users have been allowed to call for certain Michigan congressional leaders to be “be hung and raped,” needing of “a bullet between her eyes,” or instead, just “set…on fire.” 

This is disgusting. This is immoral. This is unacceptable."
1218231627052130305,2020-01-17 18:00:28,"We use Facebook to share special moments &amp; funny memes with friends. But Facebook’s refusal to enforce the basic standards that they set themselves has allowed for disinformation, hatred, and violent rhetoric to run rampant."
1218231624963436544,2020-01-17 18:00:27,"THREAD: On Wednesday, I sent a letter to Mark Zuckerberg, calling on him to enforce @Facebook’s own community standards in order to protect the safety of individuals and the security of our elections."
1218212752075915265,2020-01-17 16:45:28,The people have spoken. #Michigander https://t.co/S29QRIhUIV
1217835312505937920,2020-01-16 15:45:39,"@MarisaHFisher I’ve been there! 😂 
Love the creativity! Please thank your daughters for me for their cover ideas. #MomWin"
1216789010493911042,2020-01-13 18:28:01,"There’s still time for Michigan K-12 students to send in their design for the 2020 State of the State program! The contest deadline is 5PM on Wednesday, 1/15. Submit your cover idea using the theme “What Michigan Means To Me” here: https://t.co/PTRwcpdlVz https://t.co/ktmHDiql7n"
1216052048535474177,2020-01-11 17:39:36,Today marks #HumanTraffickingAwarenessDay. Human trafficking is an exploitative criminal industry worldwide. Learn more about how the Michigan Human Trafficking Commission is fighting this injustice here: https://t.co/sEoex8g46G https://t.co/mOhePYOdOC
1216000853133418496,2020-01-11 14:16:10,"For more information on how to prepare before, during and after an emergency, follow @MichEMHS. Stay safe, and look after each other."
1216000851992555520,2020-01-11 14:16:09,"Stay indoors if possible. If you must go outside, wear protective gear.
Charge your phones and electronic devices now.
In case of power outages, have candles/flashlights available.
Check on family, friends and neighbors who are at risk and may need additional assistance."
1216000850910437379,2020-01-11 14:16:09,"As we prepare for extreme weather conditions throughout Michigan today, a few safety reminders ⬇️"
1215721085515288576,2020-01-10 19:44:28,RT @MichEMHS: NEWS RELEASE: Be Safe During Lower Peninsula Winter Storm https://t.co/9YulAE7oeN https://t.co/36DjVVzfgR
1215715372579598337,2020-01-10 19:21:46,"Thrilled to hear that the US House of Representatives passed the PFAS Action Act of 2019. This federal action is needed to keep Michiganders safe. I urge the Senate to do the same – ensuring safe, clean drinking water is about people, not partisanship. https://t.co/BEP1caPeBC"
1215371693314756608,2020-01-09 20:36:06,"Saddened to hear of the death of Raymond Wojtowicz, who served as the Wayne County Treasurer for nearly 40 years. He was a true public servant, and my heart is with his family and loved ones. https://t.co/q5Chlv1meK"
1215052871827427329,2020-01-08 23:29:13,I was thrilled to celebrate with @GVSUsoccer today! #AnchorUp https://t.co/5EZf69X1gY
1214579790537211906,2020-01-07 16:09:22,"This year, I’m challenging our Michigan K-12 students to come up with a design for the 2020 State of the State program cover using the theme “What Michigan Means to Me.” We’ve received great designs and are excited to see more. Submit yours here: https://t.co/OCkpyqEPW4 https://t.co/v8DyGZeOqj"
1213204654538051584,2020-01-03 21:05:04,RT @MichEMHS: Emergency preparedness is important for the entire family. Visit https://t.co/6ag4Hbh8W7 for materials to help put together y…
1212193798555684864,2020-01-01 02:08:17,"We're monitoring the power outages across the Eastern UP. Thank you to the line crews working around the clock to restore power. 
Remember to be safe and call 800-562-4953 to report downed power lines. You can find warming shelters here: 
https://t.co/yxG2OFOkG1"
