id,created_at,text
1247293985871343617,2020-04-06 22:43:54,Appreciate @POTUS for being a partner in our efforts to fight #COVID19. Very good conversation with Dr. Fauci today! @WhiteHouse https://t.co/ibRIZccm6n
1247225102774734851,2020-04-06 18:10:11,RT @GovRicketts: .@IAGovernor and I just wrapped a call with Dr. Fauci. We briefed him on our #COVID19 social distancing rules. He supports…
1247223505202151426,2020-04-06 18:03:50,"Had a productive and positive phone call w/ Dr. Fauci and @GovRicketts today... Dr. Fauci was 100% supportive, saying that IA and NE are “on the same page” with guidance he’s providing other states."
1247213778921496576,2020-04-06 17:25:11,I have ordered additional closures to help limit the spread of #COVID19. Read more below: https://t.co/T4p9epOjaS
1246865675769073665,2020-04-05 18:21:57,"Sunday's #COVID19 Update. I am holding a press conference tomorrow at 11:00 a.m. 

Read more below: https://t.co/nhzZIhaaOc"
1246523299049476097,2020-04-04 19:41:28,Appreciate @POTUS and his team for supporting IA’s efforts to combat the spread of #COVIDー19. Read more: https://t.co/iEisZluxpd
1246215119224389636,2020-04-03 23:16:52,"He will do an incredible job! 
https://t.co/tuc04lsQVn"
1246068738086109184,2020-04-03 13:35:12,Here’s how you can help limit the spread of #COVIDー19! We all have a role to play. https://t.co/BADxLg3OYz
1245841821336567811,2020-04-02 22:33:31,"I have extended the closures of schools, some businesses, and other measures until April 30th as we continue to fight the spread of #COVID19. https://t.co/9trjLlfZcn"
1245120938225602563,2020-03-31 22:48:59,"I signed a new proclamation continuing the State Public Health Emergency Declaration. The proclamation extends regulatory relief for bars, restaurants, and additional measures. Read more: https://t.co/t6LwSq5ESW"
1245055505753612292,2020-03-31 18:28:59,I am holding a press conference at 2:30 p.m. Today's #COVIDー19 Update can be found below: https://t.co/ZrrkkXjSbm
1245027210047750146,2020-03-31 16:36:33,"RT @AtlanticCoke: Proud to answer an immediate request of @UIHealthcare!
 
1000 new 12oz sport-cap bottles were delivered by Rob &amp; Jeff.…"
1245027197770969099,2020-03-31 16:36:30,"RT @AtlanticCoke: Our employees are working tirelessly to meet the needs in our communities during this time.
A special shout out to the en…"
1244336133653377025,2020-03-29 18:50:27,RT @SenJoniErnst: Looking forward to joining @IAGovernor for her press briefing at 2:30pm on #COVID19 and provide an update on the relief p…
1244309305102393344,2020-03-29 17:03:51,"Sunday's #COVID19 Update. 

Today's press conference is at 2:30 p.m. Read more below: https://t.co/IF0vKLcsya"
1243950620794589184,2020-03-28 17:18:34,"#COVID19 Update: 64 additional positive cases. I am holding a press conference tomorrow at 2:30 p.m.
 
Read more: 
https://t.co/Yo8BL1dduu"
1243912465114685443,2020-03-28 14:46:57,Appreciate everything Tailyn is doing to help us communicate with Iowans. https://t.co/OHrnJQUCc0
1243316080879251457,2020-03-26 23:17:08,I issued a new proclamation continuing the State Public Health Emergency Declaration. Read more here: https://t.co/FX452lJLmF
1243232982879666176,2020-03-26 17:46:55,Thursday’s COVID-19 update. Press conference at 2:30 p.m. today. https://t.co/mJ6LTGlBCF
1242885368409731073,2020-03-25 18:45:38,This is a significant victory for @Iowafuel and rural America! Applaud @POTUS for making the right decision to not appeal the 10th circuit decision on SRE’s and now it’s critical that the @EPA applies this rule nationwide! https://t.co/pHdPMXjelw
1242883894745104385,2020-03-25 18:39:46,"VIDEO: I sit down with @IowaDHS Director Kelly Garcia to talk about child care
https://t.co/v1sxqES4fB"
1242844069283446784,2020-03-25 16:01:31,"#COVIDー19 Update: 21 new positive cases. 145 total positives of #COVID19 and 2,578 total negatives. https://t.co/q6FZuYKaL5"
1242826649814564866,2020-03-25 14:52:18,"Thank you! @IowaNatGuard #COVIDー19 
https://t.co/9opeVwQepS"
1242626153258590211,2020-03-25 01:35:36,"Thank you @POTUS for quick approval on our disaster declaration, opening federal resources to Iowa's efforts to combat the spread of #COVID19! https://t.co/CzE0T2PYuV"
1242603804870270978,2020-03-25 00:06:48,"(2/2) I continue to urge all Iowans to protect their health and the health of others, especially older individuals and those with chronic health conditions who are most at risk. We all have a role to play in limiting the spread of this virus."
1242603675580878851,2020-03-25 00:06:17,Our hearts are heavy with this loss. The thoughts and prayers of our entire state are with the family during this difficult time. (1/2) https://t.co/bhl3uEzHxO
1242487885749727233,2020-03-24 16:26:10,"#COVID19 Update! 19 new cases, holding my daily press conference today at 2:30 p.m. https://t.co/CTIGVNUlrr"
1242462222254776322,2020-03-24 14:44:12,RT @IAPublicHealth: https://t.co/Y4ii48wNVz
1242227216878055424,2020-03-23 23:10:22,Here's how you can do your part to limit the spread of #COVIDー19: https://t.co/fAOQysyigs
1242131411060097026,2020-03-23 16:49:40,"UPDATE: 15 additional positive cases of Iowans with #COVIDー19, for a total of 105 positive cases.

There have been a total of 2,043 negative tests to date, which includes testing reported by the State Hygienic Lab and other labs.

Read more below: https://t.co/FSqA8RGJ5p"
1241848165126545409,2020-03-22 22:04:09,We are taking additional steps to limit the spread of #COVIDー19 in Iowa. Read more here: https://t.co/eAdPy0BFoO
1241774705079656448,2020-03-22 17:12:15,I will be holding a press conference today at 2:30 p.m. Watch on my facebook page here: https://t.co/LiI4TTVgoG
1241774580785647616,2020-03-22 17:11:45,#COVIDー19 Update: https://t.co/GI6dSIZHmp
1241773645753724928,2020-03-22 17:08:02,RT @IAPublicHealth: #ThankYou https://t.co/18FDMuIlHS
1241510055930970112,2020-03-21 23:40:38,RT @iowafuel: Big thanks to @IAGovernor and her staff as well as staff with Sens. @ChuckGrassley &amp; @SenJoniErnst for helping overcome regul…
1241451149212909569,2020-03-21 19:46:33,"Help for small businesses impacted by COVID-19 is on the way. Learn more here: 
https://t.co/kw1x252SkI"
1241414684009512960,2020-03-21 17:21:39,"#COVIDー19 Update: 23 new cases, we are recommending those who have traveled outside the state of Iowa self isolate. Read more here: https://t.co/8jKJs35HoR"
1241104792614834176,2020-03-20 20:50:15,"Together, Iowa can weather this storm!
https://t.co/KyKoLwPOeL"
1241033993111437312,2020-03-20 16:08:55,"RT @SecretarySonny: To the heroes in the U.S. food supply chain, we salute you. https://t.co/3wIUuNtUpb"
1241011278610661382,2020-03-20 14:38:40,I issued an additional State Public Health Emergency Declaration effective immediately providing additional regulatory relief to Iowans impacted by #COVIDー19.  https://t.co/zzwP7KicmP
1240771383564664832,2020-03-19 22:45:24,"#COVIDー19 Update:

6 additional positive cases of Iowans with COVID-19, for a total of 44 positive cases. 642 negative tests have been conducted at the State Hygienic Lab. 

Read more here: 
https://t.co/IHdEpXG6Oo"
1240696000097816576,2020-03-19 17:45:52,"I am holding a press conference at 3:30 p.m. to give an update on #COVID19. There will be a livestream on Facebook: https://t.co/LiI4TUcRge

Read more here: https://t.co/62Pytm6n6C"
1240415501760765952,2020-03-18 23:11:16,"Working with @POTUS, the @CDCgov, and everyone across Iowa to #stopthespread over the next 15 days! https://t.co/j0x8X94AjB"
1240367822309658624,2020-03-18 20:01:48,VIDEO: Who should get tested for #COVIDー19? We ask Dr. Pedati from the @IAPublicHealth.  https://t.co/2k0Jzhoqgk
1240366040778973184,2020-03-18 19:54:43,So grateful for the team at @IAPublicHealth working around the clock on the state’s response to #COVIDー19! https://t.co/bU64lrUty9
1240284835580698624,2020-03-18 14:32:02,RT @IowaHSEMD: Practice these healthy habits to help slow the spread of #COVIDー19. https://t.co/eLIhHx7ESM
1240282974903349248,2020-03-18 14:24:39,"RT @IAPublicHealth: Big thanks to @juan_delcan for this visual of what social distancing means. But also remember, you can take action by c…"
1240282894309957632,2020-03-18 14:24:20,"RT @IAPublicHealth: If you feel ill, stay home and contact your healthcare provider BEFORE going into the office. @IAGovernor https://t.co/…"
1240282891625644032,2020-03-18 14:24:19,RT @IAPublicHealth: #TuesdayMotivation @IAGovernor https://t.co/vJqlCPh239
1240073118963707909,2020-03-18 00:30:45,#COVIDー19 update: https://t.co/wEzbj1CL1B
1240022718340349953,2020-03-17 21:10:29,Team Capitol working the phones! We are here for you! https://t.co/YHmIOnrqvv
1240009490906460161,2020-03-17 20:17:55,"Today I signed legislation to fund key services and combat COVID19 spread. 

Read more below: https://t.co/Jaw4UtXRuC"
1240005872853622784,2020-03-17 20:03:32,Giving an update to Iowa Supreme Court Chief Justice Suzy Christensen on the state’s response to #COVIDー19. https://t.co/Pr1nIwc2Qr
1239993431780450305,2020-03-17 19:14:06,"On the phone with @IowaLeague, mayors and city leaders to discuss our efforts to limit the spread of #COVIDー19 in Iowa! We will continue to do whatever is necessary to address this public health disaster. https://t.co/oqdfD6LUOS"
1239951313934434306,2020-03-17 16:26:45,"Casinos and Gaming Facilities

Gatherings of more than 10 people -- Social, community, spiritual, religious, recreational, leisure and sporting gatherings

Senior Citizen and Adult Daycare Facilities 

Read more here: https://t.co/gPL80DqAWo (2/2)"
1239951030957326340,2020-03-17 16:25:37,"This declaration means the following facilities are closed, with the noted exceptions:

Restaurants and Bars -- Carry-out, drive-through and delivery services of food and beverage can be continued

Fitness Centers

Theaters

(1/2)"
1239941050707390464,2020-03-17 15:45:58,"I have issued a State of Public Health Disaster Emergency. These are unprecedented times and the state of Iowa will do whatever is necessary to address this public health disaster.  

Read more here: https://t.co/gPL80DqAWo"
1239685377583198208,2020-03-16 22:50:00,"#COVID19 Update: 

1 new additional case

I held a press conference to update the state of Iowa. 

Read more here: 
https://t.co/z3fBbtzdou"
1239613423152963585,2020-03-16 18:04:05,"I have announced assistance for employees and employers affected by #COVID19 related layoffs: 
https://t.co/17en00eZNz"
1239594994706665472,2020-03-16 16:50:51,I will hold a press conference today from the State Emergency Operations Center (SEOC) to provide an update to the state of Iowa on COVID-19. Read more here: https://t.co/yLBwoBlJ93
1239366313887371264,2020-03-16 01:42:10,I'm recommending Iowa schools close for four weeks to combat the spread of COVID-19. Read more below: https://t.co/5Pq3titM2m
1239216283255746560,2020-03-15 15:46:00,We have seen evidence of #COVIDー19 community spread in Iowa. Here's official guidelines for mitigation put together by the @IAPublicHealth: https://t.co/wsjEmlssFx
1239009482857906178,2020-03-15 02:04:15,"Leaders of institutions and organizers of events should begin to act on their contingency plans related to large gatherings, including church services. Iowans should not hold or attend large gatherings of more than 250 people."
1239009354478731264,2020-03-15 02:03:44,"Community spread occurs when individuals have been infected with the virus in an area and cannot specifically identify the source of the infection, or do not know how or where they became infected."
1239009292663033861,2020-03-15 02:03:29,COVID-19 community spread confirmed in Iowa. Read More here: https://t.co/GH9tCTuIwO
1238939261765849090,2020-03-14 21:25:13,"RT @SenJoniErnst: At the State Emergency Operations Center, I was able to hear from @IAGovernor &amp; state officials about the work they’re do…"
1238894140093607943,2020-03-14 18:25:55,"Appreciate the partnership and seamless coordination, communication between our teams! https://t.co/Hkk8n9iOfl"
1238603988842557447,2020-03-13 23:12:57,I also held a press conference to give a general update on COVID-19. That can be found here: https://t.co/LiI4TTVgoG
1238603677214130177,2020-03-13 23:11:43,"I also signed a proclamation to temporarily suspend requirements for transportation of food, medical supplies, cleaning products, and other household goods by removing restrictions on oversize and overweight loads."
1238603580019544066,2020-03-13 23:11:20,"UPDATE: 1 additional positive case of 2019 novel coronavirus, travel related. Read more: https://t.co/LmLcZ5NWn2"
1238505696976666624,2020-03-13 16:42:23,Updated Time: 4:30pm https://t.co/U1aBk6sN4y
1238483332222115852,2020-03-13 15:13:30,Randy couldn’t have said it any better! #InvestInIowaAct https://t.co/URm2zGCdTV
1238465678535020544,2020-03-13 14:03:21,I will be holding a press conference today from from the State Emergency Operations Center at 1:30 p.m. to give an update on COVID-19. There will be a live stream at https://t.co/LiI4TTVgoG.
1238247777840312320,2020-03-12 23:37:30,.@aelebo will be an important partner in preparing our students for the challenges of the 21st century. https://t.co/AmFg4KZTnc
1238241652164177921,2020-03-12 23:13:09,"COVID-19 Update: 
https://t.co/tBrDwGNNoi"
1238239284471218176,2020-03-12 23:03:45,"Drew, thank you for being here to speak in favor of the #InvestInIowaAct! @IowaPork https://t.co/YCswxWmNAE"
1238233998784159744,2020-03-12 22:42:45,RT @drewseph94: I’m in Ankeny attending @IAGovernor Town Hall talking about the Invest in Iowa Act! https://t.co/kHro1MPyk5
1238202733674577920,2020-03-12 20:38:31,RT @Mike_Pence: Keep yourself and those around you safe from the Coronavirus: https://t.co/XHz9BWzxq0
1238202637268529154,2020-03-12 20:38:08,RT @IAPublicHealth: IDPH Mass Gathering Recommendations for COVID-19: https://t.co/yet3RaAGJo
1237884880052039680,2020-03-11 23:35:28,"UPDATE: One additional positive case of 2019 novel coronavirus (COVID-19), 21 tested negative. Read more here: https://t.co/tIp6PWBitt"
1237788909146439682,2020-03-11 17:14:07,RT @boonechamber: ⁦⁦@IAGovernor⁩ held a town hall in Boone County today.  Nice crowd and dialogue about Invest in Iowa Act #waterquality #o…
1237788873108983810,2020-03-11 17:13:59,Kyle was at our town hall in Boone this morning and he supports the #InvestInIowaAct because it’s a critical first step to improve quality of life in our state! https://t.co/Ap824ZR7Tq
1237758131108626432,2020-03-11 15:11:49,"Greta, thank you for coming to our town hall in Boone to talk about the #InvestInIowaAct! @IowaTurkey https://t.co/XuqHS5x5WH"
1237525588279091202,2020-03-10 23:47:47,The five new cases are all older adults (61 to 80 years) from Johnson County and were on the same Egyptian cruise as seven other presumptive positive cases.
1237525522281684995,2020-03-10 23:47:31,"UPDATE: Testing at Iowa’s State Hygienic Laboratory has indicated 5 new presumptive positive cases of COVID-19 in Iowa, a total of 13. 

Read more here: https://t.co/aCyKH76WkL"
1237468578078695424,2020-03-10 20:01:14,"William Burt had a great idea, and today we changed an outdated law to help his vision become a permanent reality. Thank you William for spearheading this legislation, putting in the work to get this done, and being an incredible advocate for his community. https://t.co/LvgXju1Eqt"
1237423162184339458,2020-03-10 17:00:46,RT @futurereadyiowa: Grab your hardhats and welding torches because on March 12th we have a webinar all about successful advanced manufactu…
1237156908567531522,2020-03-09 23:22:46,"I have signed a Proclamation of Disaster Emergency, activating the disaster response and recovery aspects of the 
@IowaHSEMD's Iowa Emergency Response Plan.  

Read more here: https://t.co/B42f3ru8bN"
1236791901434654722,2020-03-08 23:12:22,"In addition, a public hotline has been established for Iowans with questions about COVID-19. The line is available 24/7 by calling 2-1-1."
1236791845088374784,2020-03-08 23:12:09,"For more information about novel coronavirus, visit https://t.co/7nsGUlUNwE."
1236791598924673024,2020-03-08 23:11:10,RELEASE: 3 presumptive positive COVID-19 cases in Iowa. Read more here: https://t.co/6DohEcOhfk https://t.co/PcIdx5CWEv
1236774144093675520,2020-03-08 22:01:48,I will be holding a press conference from my office at the Iowa State Capitol at 6:00 pm CST to give an update on the Coronavirus. There will be a live stream available at https://t.co/LiI4TTVgoG
1236714683857600512,2020-03-08 18:05:32,"Thank you to women across the globe who have led on equality, reform, and all who continue to have a passion to make a difference. #InternationalWomensDay"
1236312996063989760,2020-03-07 15:29:22,I have ordered a partial activation of the State Emergency Operations Center (SEOC) in Johnston to ensure state agencies are prepared in the event COVID-19 is detected in the state. Read more here: https://t.co/XsSzf2RcTS
1236054203241574400,2020-03-06 22:21:01,"From Harlan to Council Bluffs, there is a lot of support for the #InvestInIowaAct! https://t.co/Vm8blA9u60"
1236045436944859138,2020-03-06 21:46:11,Nick supports the #InvestInIowaAct because of what it will do for Iowa’s overall quality of life! https://t.co/NAkBb3vO0u
1236008452851486721,2020-03-06 19:19:13,Bob’s right! The #InvestInIowaAct is a win for rural Iowa. Thanks for coming to our town hall today. https://t.co/gf3RVwELM1
1236006519126319105,2020-03-06 19:11:32,Nancy thank you for being in Harlan today to support the #InvestInIowaAct! https://t.co/WZ593IWd3W
1235683577079177219,2020-03-05 21:48:17,Great work being done by @IowaCorrections! https://t.co/l5uK8uOn4W
1235655440266080256,2020-03-05 19:56:28,Met with IACP earlier today to thank them for the services they provide to individuals with disabilites and how we can build an even stronger partnership going forward! https://t.co/1nyRz0P8jG
1235610793766338560,2020-03-05 16:59:04,.@IowaStateU is here at the capitol. Great things happening at Iowa State! #Cyclones https://t.co/ep5cTkKugC
1235610268446662657,2020-03-05 16:56:59,"RT @FloraASchmidt: At Capitol SSB3116 @IAGovernor Invest in Iowa Act. It’s bold, innovative &amp; potential to improve Mental Health, workforce…"
1235355790179020800,2020-03-05 00:05:46,Thank you @NAMICommunicate for supporting the #InvestInIowaAct! https://t.co/LHrg18Ao6t
1235344706697076736,2020-03-04 23:21:44,"RT @IowaCorrections: The first Homes for Iowa home is on the move! 

From Newton Correctional Facility to its new home in Jefferson, IA. We…"
1235344461565227010,2020-03-04 23:20:45,"Thanks for your support!!
This is an investment in Iowa’s future and those who are our future!  #InvestInIowa https://t.co/8Y62YNam8p"
1235343721614409733,2020-03-04 23:17:49,Let’s get this done!!! Invest in Iowa! https://t.co/v6jypfRP2G
1235341330647310337,2020-03-04 23:08:19,RT @IowaSoybeans: Lindsay Greiner provides comments during a Senate Ways &amp; Means subcommittee. Greiner thanked Governor Reynolds for her wo…
1235335249242005504,2020-03-04 22:44:09,Uriah supports the #InvestInIowaAct. He’s 28 years old and thinks this legislation will make Iowa an even better place to live. https://t.co/zUrRAGHFwT
1235326955404349442,2020-03-04 22:11:12,Thank you Fred for being here today to support the #InvestInIowaAct. https://t.co/MoJY2y8poj
1235326234428674048,2020-03-04 22:08:20,"Mike supports the #InvestInIowaAct because it’s time to fund the trust fund, enhance Iowa’s quality of life. https://t.co/5x0CmlhMe5"
1235324830314049536,2020-03-04 22:02:45,Dave said it best. The #InvestInIowaAct is about our future. “Period.” https://t.co/yfCVTigdlQ
1235323974604685312,2020-03-04 21:59:21,Eric is here at the Iowa State Capitol to support the #InvestInIowaAct! Here’s why: https://t.co/9owchrvY5q
1235268981050798080,2020-03-04 18:20:49,Celebrating iJAG’s success! https://t.co/cGGEYN9UrX
1234967008623681536,2020-03-03 22:20:54,"Dr. Martin Gross, President and Co-Founder: Gross-Wen Technologies. 2020 Neal Smith Entrepreneur of the Year. Congratulations! https://t.co/x6Za2moEYN"
1234966665491877895,2020-03-03 22:19:32,"Sue Tyrell, CEO &amp; Owner, HandsUp Communications. 2020 Deb Dalziel Woman Entrepreneur of the Year. Congratulations! https://t.co/glCclX4hya"
1234965960345432069,2020-03-03 22:16:44,Honored to have an opportunity this afternoon to thank some incredible entrepreneurs driving economic growth here in Iowa. https://t.co/JHjJUozJe9
1234906818926825479,2020-03-03 18:21:43,"Iowa's high school graduation rate is UP! An important milestone, but the work continues. https://t.co/0WbV8mEhS8"
1234880423030861825,2020-03-03 16:36:50,"“We know that Iowans work hard for every paycheck — every dollar. And what you earn, you should get to keep. It’s why we support Gov. Kim Reynolds’ Invest in Iowa Act.” https://t.co/LUeQS2xgFa"
1234877695940603904,2020-03-03 16:26:00,Great things are happening! @IowaSTEM @IADeptofEd https://t.co/yvIkkwjvPK
1234877437332291585,2020-03-03 16:24:58,RT @SenJoniErnst: Spoke with @IAGovernor this evening about the Coronavirus and what’s being done to keep Iowans safe. Governor Reynolds an…
1234860230355423233,2020-03-03 15:16:36,RT @IowaArtsCouncil: ⁦@IAGovernor⁩ gives shout-out to the Art Church in #IowaGreatPlace Malvern during #IowaTourismConference. #ITC20 #Iowa…
1234858936731406337,2020-03-03 15:11:27,"RT @IowaCulture: @IAGovernor: Iowa tourism annually generates more than $9 billion and employs more than 70,000 workers. #IowaTourismConfer…"
1234858716710756353,2020-03-03 15:10:35,Addressing the Iowa Tourism Conference to highlight the incredible things that are happening! #OpportunityLivesHere #ThisIsIowa @BusinessIOWA @Travel_Iowa https://t.co/SoHBlICV4t
1234582103481823234,2020-03-02 20:51:25,"@IAPublicHealth @IowaHSEMD @VP @POTUS As with all flu, remember to practice safe hygiene practices and if you are sick stay home from work! (3/3)"
1234582046510592002,2020-03-02 20:51:11,@IAPublicHealth @IowaHSEMD I participated in a video conference with @VP earlier today. I want to thank him and @POTUS for coordinating with governors across the country. (2/3)
1234581961726976002,2020-03-02 20:50:51,"This morning, I met with @IAPublicHealth and @IowaHSEMD to discuss the potential dangers of the Coronavirus. Iowa remains at a low risk, but we are taking every precaution to keep Iowans safe and healthy. (1/3)"
1234548479525031937,2020-03-02 18:37:48,I will always fight for the unborn. #IowaPrayerRallyforLife https://t.co/rU1dI7e5zl
1233513468776656896,2020-02-28 22:05:03,Thank you Emily! #InvestInIowaAct https://t.co/tkYiGIk6eI
1233490639238651904,2020-02-28 20:34:20,The Clinton County Public Library is bursting at the seams with people ready to talk about the #InvestInIowaAct. Let’s get started! https://t.co/ELeOXWBvdr
1233451234201362434,2020-02-28 17:57:45,The #InvestInIowaAct will help us recruit and retain the next generation of Iowans! @dubuquechamber https://t.co/QcMUIzoNy9
1233409914187460608,2020-02-28 15:13:33,Appreciate everyone who braved the snow this morning in Monticello for a conversation about the #InvestInIowaAct! https://t.co/71WUnEj8XD
1233401401394503681,2020-02-28 14:39:44,#InvestInIowaAct https://t.co/qU3VuX8xYv
1233401033101053953,2020-02-28 14:38:16,#InvestInIowaAct https://t.co/yQjlo94kfs
1233398913182380038,2020-02-28 14:29:51,One penny at a time! @Trees_Forever #fundthetrust https://t.co/iZ58QObi0n
1233378885628243968,2020-02-28 13:10:16,"It’s 7 am, but Cedar Rapids is eager to talk about the #InvestInIowaAct! https://t.co/3ZLNa4ytFU"
1233163558332092417,2020-02-27 22:54:38,Outstanding turnout for today’s town hall in Waverly! A lot of interest in the #InvestInIowaAct! https://t.co/hptwyGSZEY
1233124543952293893,2020-02-27 20:19:36,The #InvestInIowaAct will help keep our young people here! https://t.co/Dn6lAlomW0
1233121787992514560,2020-02-27 20:08:39,Great conversation in Grundy Center about the #InvestInIowaAct! A lot of people out to support what we are working on... https://t.co/iofKCDb5j4
1233091705718689792,2020-02-27 18:09:07,Looking forward to our #InvestInIowaAct Town Hall in Grundy Center! https://t.co/KqCXFYB1ct
1233046347273646082,2020-02-27 15:08:52,"If the @EPA does reduce small refinery waivers in 2020, it will be a significant boost to IA ethanol producers. We will continue to monitor this development and hold @EPA accountable to @POTUS’s commitment to the #RFS. https://t.co/NgcY7JH97t"
1232431207528501248,2020-02-25 22:24:31,Honored to welcome a delegation from Vietnam to the Governor’s office. Vietnam is an important trading partner for Iowa and I always welcome opportunities to build and expand on this important relationship! https://t.co/RjqmFoKCZZ
1232409939311833089,2020-02-25 21:00:01,Spoke at @NAMICommunicate’s Day On The Hill about the #InvestInIowaAct and how we can fund critical mental health services in Iowa! https://t.co/1IpfQ5b0O2
1232363118262673411,2020-02-25 17:53:58,"In a state with so many rural school districts, transportation costs can quickly eat away at the quality of education. By providing a shock absorber for those costs, the state is able to help those districts succeed. https://t.co/WBdBvelU8Y"
1232313983207694336,2020-02-25 14:38:43,"I am holding 6 #InvestInIowaAct Town Halls this week. Find out where we are going to be: 
https://t.co/06Lt1an9v3"
1232039222535696386,2020-02-24 20:26:55,"Congratulations to the newly elected Chief Justice, Susan Christensen! https://t.co/19FRSBJtF8"
1231998772001026049,2020-02-24 17:46:11,"We must expand broadband access to support high-tech jobs, precision agriculture, quality education, local economies and the limitless opportunities connectivity makes possible. #OpportunityLivesHere
https://t.co/4spUOHDDzx"
1231351118430658560,2020-02-22 22:52:38,RT @SheltonBeth01: This is not a day our little rec basketball team will ever forget! Not only generous court side seats to watch the incre…
1230669200152285185,2020-02-21 01:42:56,IDX and @TheIowaClinic are using Iowa grown tech to transform health care delivery! Exciting announcement today! https://t.co/l8y4Tei1QH
1230632004531761153,2020-02-20 23:15:08,Some thoughtful conversation this afternoon in Adel about the benefits of the #InvestInIowaAct! https://t.co/OrxgmxTtMe
1230292584393793538,2020-02-20 00:46:24,Building support for the #InvestInIowaAct tonight in Newton! Great conversation! https://t.co/I2Ok1OhR6f
1230253568273375232,2020-02-19 22:11:22,"“The most important legislation of my lifetime.” Matt, thank you for coming to my town hall in Toledo in support of the #InvestInIowaAct! https://t.co/WkaFlZhHg2"
1230236704738619397,2020-02-19 21:04:21,Back on the road... heading to a stop near you to talk about the #InvestInIowaAct https://t.co/JZXWyrJnvc
1230223879328686080,2020-02-19 20:13:23,Great questions today from 4H kids! Thanks for visiting with me! #OpportunityLivesHere https://t.co/JNT6xRPccy
1230181966521229314,2020-02-19 17:26:51,#IowaSTEM https://t.co/MgtZIXsOgg
1230181561057906688,2020-02-19 17:25:14,#IowaSTEM https://t.co/feyrekOZ9z
1230180853155844096,2020-02-19 17:22:25,Greatness STEMS from Iowans! #IowaStem @IowaSTEM https://t.co/9iXw0afLSx
1230146556235526147,2020-02-19 15:06:08,"Iowa has jobs waiting for people and professionals who are licensed in another state, and meet certain conditions in our state, should have their licenses recognized here. https://t.co/NCtLx5Jk8y"
1230146504653975553,2020-02-19 15:05:56,"RT @NatlGovsAssoc: ""...prisons should not be one stop in a circle that leads back to prison."" @IAGovernor on workforce re-entry at #WeTheSt…"
1229820634697535490,2020-02-18 17:31:02,RT @BethTownsendIWD: Lots of thought leaders in the room talking about how to expand high school registered apprenticeship programs.  @JoeM…
1229791116410703872,2020-02-18 15:33:45,.@icul plays an integral role in Iowa’s finance industry. Thank you for the continued growth and investment in our state’s future. https://t.co/K7EZQXAsPZ
1229517766585147392,2020-02-17 21:27:33,Today we celebrate the 12th anniversary of #Kosovo’s independence. Proud #sisterstates! https://t.co/6zKMCI92Kp
1229497992564133889,2020-02-17 20:08:59,Scott will do an outstanding job leading @iowadot and I look forward to working with him. https://t.co/PiPQmF6VkA
1229421040406847491,2020-02-17 15:03:12,Today we celebrate &amp; commemorate America's Presidents! 🇺🇸🇺🇸🇺🇸 https://t.co/Ci9a7XC5X7
1228442347379339265,2020-02-14 22:14:13,"Welcome to the Court of Appeals, Judge Ahlers! https://t.co/lhetaDOiNj"
1228415157426171906,2020-02-14 20:26:11,"Farming is a way of life, and to help promote safe practices and raise awareness, I proclaimed Feb 16-22 as Grain Bin Safety Week in Iowa. https://t.co/ivhF9T66wh"
1228410978108411906,2020-02-14 20:09:34,"RT @SecretarySonny: We hope grain operators, farmers, and community leaders will join us in expanding knowledge of safe practices not just…"
1228066468178341888,2020-02-13 21:20:37,"Just signed SF 2144, which allocates over $21 million to flood recovery efforts and provides additional money for assistance to Glenwood Resource Center. https://t.co/Ppv4ykIIpb"
1228031779250098177,2020-02-13 19:02:46,Appreciate everyone who made it to Southeast Iowa Day at the Iowa State Capitol! Great conversation! https://t.co/tXqpClcbUb
1228030982332309505,2020-02-13 18:59:36,Met w/ Iowa Wholesale Beer Distributors Association this morning to discuss #InvestInIowa and key priorities for 2020. https://t.co/AL5DFjUGIC
1227746256753217537,2020-02-13 00:08:12,Appreciate everyone who braved the weather in Ottumwa to hear about the #InvestInIowaAct! Thanks for a great conversation! https://t.co/r13zd3bTwW
1227708910896848896,2020-02-12 21:39:48,"Great conversation in Oskaloosa about the #InvestInIowaAct... how it reduces taxes, invests in mental health, water quality, and improves our quality of life! https://t.co/ZYF2hnRNpt"
1227708766654795776,2020-02-12 21:39:14,"RT @JoeMurphyIBC: Lots of things to like in the #InvestInIowaAct introduced today by @IAGovernor. Childcare, mental health funding, tax ref…"
1227673417677201408,2020-02-12 19:18:46,Spoke to the Agribusiness Association of Iowa to thank incredible ag business leaders and talk about how we can continue to build on conservation &amp; water quality efforts. #InvestInIowaAct https://t.co/ExGyfXOXyg
1227652749086597120,2020-02-12 17:56:38,"Thank you to the various elected officials, farmers, mental health advocates tax advocates, and stakeholders for supporting the Invest In Iowa Act. https://t.co/cT4XdFPSI5"
1227627532029173761,2020-02-12 16:16:26,"RT @CaroRCummings: .@IAGovernor flanked by lawmakers, local business leaders, mental health advocates to unveil her “Invest in Iowa Act” bi…"
1227627465754976256,2020-02-12 16:16:10,RT @IADeptAg: “We’re here today to support @IAGovernor’s bold vision that will put our conservation efforts on a completely different traje…
1227309716583395330,2020-02-11 19:13:33,RT @IowaPoultry: IPA Day on the Hill! IPA members met with @IAGovernor Kim Reynolds and Lt. Governor @AdamGreggIA. #Iowa #agriculture https…
1227287518787330049,2020-02-11 17:45:21,By working with Iowa Primary Care Association providers we can close the gaps that exist in rural health care and improve health outcomes for all Iowans. https://t.co/NxFQTJKBBz
1227276451776540672,2020-02-11 17:01:22,Leadership Sioux Center has immersed themselves in state and local government so that they can take an active role in shaping Iowa’s future! #OpportunityLivesHere https://t.co/qr2ZpsMYiC
1227255999914004480,2020-02-11 15:40:06,Congratulations Colonel Sonya Finch! https://t.co/mTvJyinhoH
1226982133136338944,2020-02-10 21:31:51,Appreciate @POTUS’s optimistic message today at a meeting with governors across America. Great things to come! (Official White House Photo by Sheelah Craighead) https://t.co/sCbg6SvnCM
1226950281994350593,2020-02-10 19:25:17,"RT @JapanEmbDC: To discuss their state's growing ties with Japan, Special Advisor to the Prime Minister Kihara, accompanied by Ambassador S…"
1226654999565959169,2020-02-09 23:51:56,"RT @SenJoniErnst: It was great to discuss workforce issues with Iowans who were in DC for #SkillsSummit2020. Partnering with @IAGovernor, a…"
1226623986831892486,2020-02-09 21:48:42,"RT @NatlGovsAssoc: When discussing re-entry and workforce development, @IAGovernor Kim Reynolds says Iowa's economy is growing and more peo…"
1226599844615196674,2020-02-09 20:12:46,Great meeting today to discuss flood recovery efforts from a regional perspective for the long term success of all of our states. https://t.co/gFXgePxOUe
1225878279699279872,2020-02-07 20:25:32,"RT @NatlGovsAssoc: In this #WeTheStates session on Sunday, @IAGovernor, @AsaHutchinson and @GovLarryHogan will share different programs bei…"
1225474215475806213,2020-02-06 17:39:55,I was joined by state public health officials at my weekly news conference today to discuss the Coronavirus and Iowa’s planning and preparation. https://t.co/oo4FHC6Swj
1225141399445786628,2020-02-05 19:37:26,It was an honor to recognize such an outstanding educator! https://t.co/tL1QA0SAk4
1225101106449190912,2020-02-05 16:57:19,Great things happening in Siouxland! Thank YOU for investing in our communities! #OpportunityLivesHere https://t.co/vFkuGdFlUo
1225090757356331009,2020-02-05 16:16:12,United Ways of Iowa helps Iowans reach financial stability. Proud to partner with them through @FutureReadyIowa as we work to expand opportunities &amp; build tomorrow's economy. #OpportunityLivesHere https://t.co/p44OQHUKn9
1224824963980562433,2020-02-04 22:40:02,Congratulations @GovHolcomb and @NotreDame! Thank you @VandeRoseFarms for honoring our wager. Iowa Pork is the best in the world!!! https://t.co/B7j3QaA9hm
1224776770303463432,2020-02-04 19:28:31,"Feb. 2020 is officially African American History Month in Iowa. Today’s celebration focused on honoring leaders in the community, highlighting their success, learning from their struggles, and passing the torch of leadership to next generation. https://t.co/ScN5KUEerr"
1224698449985253382,2020-02-04 14:17:18,".@GrassleyPress, @SenJoniErnst, and I look forward to Iowa carrying on bipartisan legacy of service in the presidential nominating process. #IACaucus 

Full statement here: https://t.co/hoxi78XYcU https://t.co/iVpObgoHtp"
1224482650666295296,2020-02-03 23:59:48,"RT @GermanAmbUSA: Iowa, you have captivated me! Thrilled to experience the caucuses first-hand. Interesting debates and energetic atmospher…"
1222933024372862977,2020-01-30 17:22:08,RT @iowamotortruck: IMTA Member Midwest Peterbilt Group was recently recognized by @IAGovernor &amp; @IALtGov for developing a new program to m…
1222677484078096384,2020-01-30 00:26:43,"Because of providers like Vera French Community Mental Health Center, Iowans are able to access critical services. Thanks for the discussion and feedback today! https://t.co/AMEVgD27bT"
1222656389648146432,2020-01-29 23:02:53,Projects like “Fueling the Future” are breaking barriers for those in underserved communities. Appreciated the opportunity to visit with them today. #OpportunityLivesHere https://t.co/wyIumsSpie
1222623101734871041,2020-01-29 20:50:37,Outstanding turnout at the Anamosa State Penitentiary for our 3rd Employer Reentry Roundtable. #SecondChances #OpportunityLivesHere https://t.co/kNEeseyjRY
1222587099695677440,2020-01-29 18:27:33,Talking to the Cedar Rapids Econ. Alliance about the #InvestInIA Act and how we can reduce taxes while funding critical priorities. #OpportunityLivesHere https://t.co/tCXTsZd3T2
1222563455179329536,2020-01-29 16:53:36,".@POTUS successfully negotiated a strong, balanced and reciprocal trade agreement that will benefit Iowa and the entire nation. #USMCA will prove to be a major boost to our economy!!! 🇺🇸 🇨🇦 🇲🇽 https://t.co/lDYCeTc2fH"
1222545236569874432,2020-01-29 15:41:12,Homes for Iowa is preparing re-entering citizens with training that leads to a career while also addressing employer’s workforce needs. #OpportunityLivesHere https://t.co/qQFXiAZDjP
1222290174790578177,2020-01-28 22:47:41,Dana Oxley is an exceptional lawyer with a uniquely Iowa story. She will be a valuable new addition to the Iowa Supreme Court! https://t.co/4sYLTAaPAD
1222221150224371713,2020-01-28 18:13:24,Welcomed DM Central Campus students to the Iowa State Capitol this morning. Discussed their incredible work-based learning project that’s connecting common interests found in students from all walks of life! https://t.co/yLY1ru7m3M
1222219274196045824,2020-01-28 18:05:57,Thank you for having me! Local input and decisions made by IA school boards help our kids prepare for a successful future! https://t.co/B5zz6pwYlq
1222204778303950851,2020-01-28 17:08:21,"This court decision confirms what we have known all along, the @EPA is going too far in granting SREs! While this is welcome news, we have to keep the pressure on and continue to hold this agency accountable.
https://t.co/VUcFG2KdS6"
1221174480602587136,2020-01-25 20:54:19,"I want to thank @GovRicketts, @GovParsonMO, and @GovLauraKelly for partnering with IA to find comprehensive solutions that work for the entire region.

Read more here: https://t.co/QwlnUrCABk https://t.co/IjtFE1g34a"
1221144629929746432,2020-01-25 18:55:42,"RT @GovParsonMO: Our citizens cannot continue to risk lives, homes, &amp; livestock on a flood-control system that is insufficient to protect t…"
1221144439575470081,2020-01-25 18:54:56,RT @JacksonRecovery: Thank you to @IAGovernor Kim Reynolds and @IALtGov Adam Gregg for visiting Rosecrance Jackson Centers on Wednesday. We…
1220501223524139009,2020-01-24 00:19:02,"Under Obama admin., IA suffered from uncertainty, excessive regulation &amp; federal overreach. Those days are gone. Thank you @POTUS for taking the necessary steps to rewrite #WOTUS 
https://t.co/EByOKqsEOB"
1220495577038966785,2020-01-23 23:56:35,"Child care continues to be a major barrier for the workforce, and organizations like “Linking Families and Communities” are finding solutions. Thanks for a great discussion today! https://t.co/a6J7ovvIEd"
1220488046509993984,2020-01-23 23:26:40,@StaceyCole @KimReynoldsIA @StormLakeCSD @SLESTornadoes Thank you for going above and beyond to ensure Iowans can succeed.
1220487621635465217,2020-01-23 23:24:59,@putnamtim @IALtGov @MainStMasonCity I am just so impressed by all the incredible work being done!
1220487536444956675,2020-01-23 23:24:38,RT @putnamtim: Was great to have @IAGovernor and @IALtGov  visiting @MainStMasonCity and see all the great things going on in our downtown.…
1220485819254951938,2020-01-23 23:17:49,The River City Renaissance is a vibrant and dynamic project that will attract and retain people to the area sparking continued development for years to come! #Goals https://t.co/OwBeTG5w7t
1220402624970788870,2020-01-23 17:47:14,Storm Lake Elementary is making computer science a central component to the curriculum. Thank you for hosting us this morning! https://t.co/jE6Rk12VTL
1220364830328152066,2020-01-23 15:17:03,Cherokee has officially earned an ACT Work Ready Certification. Here to say congratulations and job well done! https://t.co/xdnyg9ubvm
1220163465949696008,2020-01-23 01:56:54,Visited Rosecrance Jackson Center this evening to meet the incredible people and staff who are providing care and fighting substance abuse every single day. Thank you! https://t.co/9GMtJXtpVt
1220051096342843398,2020-01-22 18:30:23,"Life is precious, life is sacred, and life must always be protected. I am proud to proclaim January 22nd, 2020 Sanctity of Life Day in Iowa! https://t.co/5NZVQpcjfj"
1220045648717742080,2020-01-22 18:08:44,Honoring our veterans this morning at the Iowa State Capitol #VeteransDayOnTheHill 🇺🇸🇺🇸🇺🇸 https://t.co/AKJhpiDW7z
1220043515977240577,2020-01-22 18:00:16,"When we say #ThisIsIowa, we mean Iowa is a great place to grow up! https://t.co/ONgE75JkAf"
1219731534825054214,2020-01-21 21:20:34,"We are working to ensure our schools and local law enforcement are prepared to both respond to and deter threats to the safety of students, teachers and staff.
https://t.co/jddzG87IFj"
1219680769641254912,2020-01-21 17:58:50,"Professionals licensed in another state, and meet certain conditions in our state, should be able to have their licenses recognized here. #OpportunityLivesHere https://t.co/3wmOC7Ka2D"
1217909740388397057,2020-01-16 20:41:24,Thank you @iowafuel for being a partner and tireless advocate in the fight for a robust RFS. https://t.co/5YHeIUJ0aX
1217883011703824387,2020-01-16 18:55:11,"Thank firefighters ✅ 
Eat chili ✅ 
#FireFightersDayOnTheHill https://t.co/11p5FJZuuH"
1217881482531868673,2020-01-16 18:49:07,"Iowa and the entire nation will reap the benefits of #USMCA for years to come. Thank you @POTUS for your work to  promote free, fair, and reciprocal trade. 

Full statement: https://t.co/92QVhu8CR3"
1217844308155518977,2020-01-16 16:21:24,"With Adjutant General Correll and his family before he delivers the Condition of the Guard. General, thank you for your service. https://t.co/79MVwemjcy"
1217815187304124417,2020-01-16 14:25:41,"#OpportunityLivesHere because of the ingenuity of our people. If Iowa is going to thrive in the next decade, we must make sure that government isn’t stifling that ingenuity. https://t.co/pDLVR8UvMo"
1217612022386511872,2020-01-16 00:58:22,".@POTUS’s China Phase 1 Agreement will promote free, fair, and reciprocal trade and significantly expand Iowa exports. Grateful to have participated in the official signing ceremony at the @WhiteHouse today. https://t.co/9ZjFkDgE4V"
1217487778277134338,2020-01-15 16:44:40,Historic day for Iowa and the entire nation! 🇺🇸 🇨🇳 https://t.co/cyEWUo7rSa
1217486554278649858,2020-01-15 16:39:49,Proud to be at the @WhiteHouse today with @SenJoniErnst and @ChuckGrassley as @POTUS gets ready to sign historic Phase 1 Trade Agreement with China! 🇺🇸 🇨🇳 https://t.co/1rihvEPqzZ
1217472783418101762,2020-01-15 15:45:05,RT @SenJoniErnst: Excited to join @IAGovernor and @ChuckGrassley at the White House for today’s signing ceremony. I’m proud of the work we’…
1217417468077072384,2020-01-15 12:05:17,"Heading to Washington, D.C. this morning to join @POTUS as he signs a Phase 1 Trade Deal with China. This agreement will be a win for Iowa families, farmers, and small businesses. https://t.co/aexPDa4Tf5"
1217154618628673538,2020-01-14 18:40:49,"That’s why this year, 2020, we need to plan for 2030 and 2040. We need to seize the opportunities that exist so that years from now, the next generation of Iowans will inherit an Iowa whose greatness comes as no surprise to anyone.#OpportunityLivesHere https://t.co/cX6IpQ7K2x"
1217126890240139264,2020-01-14 16:50:38,It’s time to show the world that #OpportunityLivesHere. https://t.co/hbEh5eZEH8
1217126711067889664,2020-01-14 16:49:55,Let’s seize this opportunity and make the next decade Iowa’s best.
1217126618025644032,2020-01-14 16:49:33,"So as we move into the next decade, let’s put Iowans first. Let’s be bold and visionary."
1217126537763397634,2020-01-14 16:49:14,"As we head into this legislative session, let’s not focus solely on the next 12 months. This is a time to chart the path for the next ten years. #OpportunityLivesHere"
1217125815273578496,2020-01-14 16:46:22,"#OpportunityLivesHere because of the ingenuity of our people. If IA is going to thrive in the next decade, we must make sure that government isn’t stifling that ingenuity. It's been far too long since we’ve modernized our licensing structure. That’s what I’m calling for today."
1217125608024616965,2020-01-14 16:45:32,"Together, we can help put returning citizens on a path to redemption. We can help them become productive members of society, reduce recidivism, and make our communities a safer place."
1217125282345299968,2020-01-14 16:44:15,You can’t imagine the gratitude and dignity that Iowans feel when they’re told they can once again exercise what Ronald Reagan called “the crown jewel of American liberties.”
1217125106566168578,2020-01-14 16:43:33,I am renewing my support to amend our Constitution so that it no longer bars felons from voting after they’ve served their sentence. #OpportunityLivesHere
1217124947199393792,2020-01-14 16:42:55,"But it’s more than that. When someone has lost their way, we’re called to seek them out—to leave the 99 to find the one. I believe in that calling..."
1217124880459628544,2020-01-14 16:42:39,"Those in our correctional facilities are serving time for a reason, but when they leave, we want them to succeed."
1217124812591632384,2020-01-14 16:42:23,"I’ve made it a priority of this administration to focus on prisoner re-entry and rehabilitation, because our prisons shouldn’t be one stop in a circle that leads back to prison. #OpportunityLivesHere"
1217123906538102790,2020-01-14 16:38:47,"Childcare is the next workforce issue we need to tackle. It’s another barrier for families looking for a way up. For some, it’s about affordability; for others, access is the issue; and for thousands of Iowans, it’s both. This year we need to act. #OpportunityLivesHere"
1217123792125865987,2020-01-14 16:38:19,"@futurereadyiowa @FutureReadyIowa will infuse Iowa’s workforce with thousands of skilled employees, providing much needed support to our growing businesses."
1217123079928848384,2020-01-14 16:35:29,"@futurereadyiowa Over 6,000 Iowans are already receiving the Last Dollar Scholarship, almost 80 percent of which are adult learners. That’s 6,000 Iowans who are on their way to a rewarding career."
1217122988128198657,2020-01-14 16:35:08,@futurereadyiowa Iowans who are looking for a way up are finding that opportunity.
1217122880506429441,2020-01-14 16:34:42,"When it comes to workforce opportunities, Iowa is in a strong position. We have thousands of open jobs in rewarding careers. That’s why we launched @FutureReadyIowa. #OpportunityLivesHere"
1217122816627265538,2020-01-14 16:34:27,"The budget I’m presenting to you today makes another historic investment, with over $103 million in new funding so that Iowa schools can maintain the best teachers and classrooms in the world."
1217122684854775808,2020-01-14 16:33:55,"In 2019, we made historic investments in K-12 education, with over $90 million in new money, including an increase in per-pupil funding and transportation equity. #OpportunityLivesHere"
1217122630601465862,2020-01-14 16:33:42,"In the last year alone, we’ve expanded high-school registered apprenticeships and launched the work-based learning clearinghouse, and this year will be adding $1 million for work-based learning coordinators to be covered by operational-sharing agreements."
1217122261322301441,2020-01-14 16:32:14,"One of the best ways for students to learn is through hands-on experience, which is why we’re making Iowa a leader in work-based learning."
1217122190149267461,2020-01-14 16:31:57,"I’m calling on the Legislature to take computer science statewide and ensure every student, at every level, has access to this new basic skill."
1217121483920678912,2020-01-14 16:29:09,"If there’s something Iowans have always understood, it’s that there is no better path to opportunity than a quality education. #OpportunityLivesHere"
1217121177057071104,2020-01-14 16:27:56,"Today, I’m requesting that we appropriate an additional $15 million and adjust our state match so we can continue to leverage private and federal funding to build out broadband to every part of Iowa. #OpportunityLivesHere"
1217120878267445248,2020-01-14 16:26:45,I’ve also directed DHS to remove barriers that are restricting schools from partnering with telehealth providers... What used to be a 70-mile drive in the middle of the school day can now be a walk down the hall.
1217120371452850180,2020-01-14 16:24:44,That’s why I’m taking steps to increase the number of doctors who are willing and able to provide OB services in all four corners of our state.
1217120247695712257,2020-01-14 16:24:14,"We must also do more to promote and support maternal health. Fewer doctors and fewer hospitals are delivering babies and providing care for mothers, especially outside our urban areas."
1217120117613572096,2020-01-14 16:23:43,"And when I say all stages of life, I mean to include the unborn. We must protect life by making clear, through an amendment, that our constitution does not grant a right to abortion."
1217119996045942789,2020-01-14 16:23:14,"As we move into 2020, I’m focused on the overall wellness of all Iowans, in every part of the State, in all stages of life.  #OpportunityLivesHere"
1217119476023549953,2020-01-14 16:21:10,"If we take this bold step, right now, then whoever is standing at this podium in 10, 20, or 30 years—Republican or Democrat—can proudly say what I can say today: The condition of our State is strong."
1217119358880796672,2020-01-14 16:20:42,"The #InvestinIowaAct will bring meaningful change to Iowans in the very first year. But most important, it looks to the future. To our children and theirs."
1217119272000016384,2020-01-14 16:20:22,"I’m also proposing, through the #InvestinIowaAct, that we reduce property tax levies and provide the needed mental health funding through the State general fund."
1217118698072354816,2020-01-14 16:18:05,"I’m proposing to cut income taxes by an additional 10% for almost every Iowan, with lower-income Iowans receiving as much as a 25% cut next year."
1217118437752954880,2020-01-14 16:17:03,"I have no interest in raising taxes, so any increase in revenue from a sales tax must be more than offset by additional tax cuts. That starts with continuing to reduce our uncompetitive income-tax rates."
1217117762126000136,2020-01-14 16:14:22,These changes will make our vision a reality. It’s an investment in our future. And it’s an investment in those who are our future.
1217117648120635392,2020-01-14 16:13:54,"I will introduce the Invest in Iowa Act, a bill that will. significantly cut income taxes, create a sustainable funding source for our mental health system, reduce the burden of property taxpayers, and fund the Natural Resources and Outdoor Recreation Trust. #OpportunityLivesHere"
1217117467392331776,2020-01-14 16:13:11,That kind of planning takes a bold vision. A vision that preserves our heritage while seizing opportunities.
1217117360739573760,2020-01-14 16:12:46,"That’s why this year, 2020, we need to plan for 2030 and 2040. We need to seize the opportunities that exist so that years from now, the next generation of Iowans will inherit an Iowa whose greatness comes as no surprise to anyone."
1217117248516755457,2020-01-14 16:12:19,But we cannot take anything for granted. We cannot become complacent...
1217116723331190784,2020-01-14 16:10:14,"Our unemployment rate has gone from a near-record high to a record low. Instead of cutting school budgets, we’re cutting taxes. Our cash reserves are full, wages are going up, and Iowans once again believe we’re headed in the right direction."
1217116530485362690,2020-01-14 16:09:28,"The Condition of the State is Strong: 

2020 marks the beginning of a new decade, so it’s appropriate that we take stock in what we’ve accomplished in the last 10 years. But also talk about what we want for the next 10 - and beyond. #OpportunityLivesHere"
1217085965933694976,2020-01-14 14:08:01,"This morning I deliver my Condition of the State Address, laying out a vision for 2020 and the decade to come. #OpportunityLivesHere 

Watch live at the link below: https://t.co/OHjBZlg9Kr"
1216772980312768513,2020-01-13 17:24:19,"Thank you to @POTUS for continuing your work to decrease regulation across the states! 
https://t.co/x5AYp4QYWz"
1216765333702352896,2020-01-13 16:53:56,Just received word that the House and Senate have organized and are in session! The 2020 Legislative Session has officially begun. https://t.co/CYQ7c4oH3B
1216520284683063298,2020-01-13 00:40:12,Iowa is in growth mode and 2020 will be an opportunity to build on the successes made from the last couple of years. Stay tuned! https://t.co/eN3GpQhlTj
1215748048497926149,2020-01-10 21:31:36,"Justice Wiggins has been a distinguished and active member of the legal community, and I wish him well on his retirement. (2/2)"
1215747995049906178,2020-01-10 21:31:24,Justice David Wiggins has been a dedicated public servant for the last 17 years and has ably led the court through a difficult time after the passing of Chief Justice Cady. (1/2)
1215284984782692352,2020-01-09 14:51:33,"24 hours a day, 7 days a week, the men and women of law enforcement stand ready to serve, protect, and maintain our safe communities. Thank you! #LawEnforcementAppreciationDay https://t.co/LO7KcQ9b7u"
1214977808839192577,2020-01-08 18:30:57,"I deliver my Condition of the State Address next week!

Watch online Tuesday, January 14th at 10am: https://t.co/reElBFJS51 https://t.co/WhDHf30fT1"
1214627132791504897,2020-01-07 19:17:29,.@POTUS's #USMCA will be a huge win for Iowa. Great to see this agreement one step closer to ratification. https://t.co/STtsWmi3vU
1214578920076595200,2020-01-07 16:05:54,Iowa is in growth mode! Speaking at the @AP’s Legislative Forum about how we build on a successful 2019! https://t.co/vnKairOhmz
1212873637814054913,2020-01-02 23:09:44,"Minor league organizations across Iowa have a positive impact not merely on the communities in which they are located, but in neighboring communities across our state and on the game of baseball itself.
https://t.co/I6U0uqBASI"
1212823938264371200,2020-01-02 19:52:14,"Proud of Beth and the work we’re doing to reform our criminal justice system so that it places a higher value on redemption, second chances, and opportunity. https://t.co/h60E9oBIET"
1212429633335037952,2020-01-01 17:45:25,Happy New Year! https://t.co/4rUY2sMZjl
