id,created_at,text
1247096041083670528,2020-04-06 09:37:20,"Out of 16 samples tested, 1 tested positive. We have a total of 113 confirmed cases with 4 deaths and 25 recoveries."
1247085996732108800,2020-04-06 08:57:26,"RT @_investguam: During these times, credible information is important. Please visit the GEDA website for information on economic relief in…"
1246972029430988800,2020-04-06 01:24:34,@WordofJohnGuam @itsmemichellev The Guam Civil Defense Act of 1951 predates Guam Code Annotated and the 1976 court case. Laws in GCA and the decision in Gayle v. Governor of Guam would supersede this Act. We are following guidance from the AG.
1246954555624935428,2020-04-06 00:15:08,"In order to strengthen enforcement of Executive Orders, legislation is needed. This conclusion was made in consultation with the Attorney General and my legal counsel. I know there is a desire for stricter rules, but the District Court set precedence that we must follow."
1246947263445749760,2020-04-05 23:46:09,"There is no justification for any elected official to disobey the laws of Guam. The need is immediate for this legislation, and we will work as swiftly as possible with the Legislature to enact laws to strengthen enforcement during PH emergencies. https://t.co/FE7w9CTy9x"
1246946191079690240,2020-04-05 23:41:53,@Apochryphal @WordofJohnGuam Power to restrict movement is permitted under drills or attacks. The court decided that this does not apply in other forms of states of emergencies.
1246945670738542592,2020-04-05 23:39:49,"Our current law does not allow me to enact fines and penalties for those who disobey an executive order. For stricter enforcement, the enabling power must come from the legislature. We will work closely with them to ensure that we can do this within a PH emergency. https://t.co/hj2M6cKuNB"
1246944833048109056,2020-04-05 23:36:29,"@WordofJohnGuam The court’s decision was enforcement of curfew and, in general, the restriction of movement is not inherently in the Governor’s authority as provided in the OA. The authority must be provided by the Legislature."
1246939860331421696,2020-04-05 23:16:44,"Unfortunately, I do not have the authority to impose a lockdown. This was decided through Gayle v. Governor of Guam 1976. The court decided that such policing power was not in the Organic Act, and it must be granted from the Legislature. https://t.co/12PikhFmjX"
1246922070954565633,2020-04-05 22:06:03,"Through EO 2020-07, you cannot be evicted during this public health emergency. And we are working with federal partners to ensure you will get the help you need. If you have any questions regarding employment or welfare benefits, you can 311 and someone can assist you. https://t.co/VBeFQREbmP"
1246916962887913472,2020-04-05 21:45:45,"@guinaiya671 According to the AG, the ability to enact checkpoints under a PH emergency must come from the legislature. Present measure will remain, but checkpoints will no longer be pursued until legislation is enacted."
1246914056159543296,2020-04-05 21:34:12,"According to the AG, the governor does not have this authority. In order to enact such strict measures, the legislature must enact legislation. https://t.co/liSh6OeeBz"
1246784918924832768,2020-04-05 13:01:03,"Out of 38 tests, 17 individuals tested positive for COVID-19. To date, we have a total of 112 confirmed cases with 23 recoveries and 4 deaths."
1246751032383700993,2020-04-05 10:46:24,"@iamjeffreywangs Yes, you can still go jogging or running. But be mindful of your distance from others"
1246693798291234822,2020-04-05 06:58:58,Additional guidance relative to Executive Order 2020-09 https://t.co/IzvW8fEtlK
1246692868443365381,2020-04-05 06:55:16,The Public Health Emergency has been extended to May 5 https://t.co/PoBW4ijaRM
1246384786714681344,2020-04-04 10:31:04,"6 individuals tested positive for COVID-19. To date, 93 cases have tested positive with 4 deaths and 20 recoveries."
1246072759014195211,2020-04-03 13:51:11,Tell your kids you love them tonight and heal old wounds wherever they might exist. Tonight we mourn but tomorrow we continue the fight to save those we love.
1246072756107489281,2020-04-03 13:51:10,"It is with great sadness that I must report a fourth death related to COVID-19. Jeff and I send our deepest condolences to her family and everyone who loved her. While COVID-19 has taken so much from so many, it can never rob us of who we are to each other."
1246052964931760128,2020-04-03 12:32:32,"@samirambrale We have since caught up, but we are still running tests based on priority groupings. As far as other forms of test kits and machines, we are still in the process of procurement."
1246048176345198593,2020-04-03 12:13:30,"While we have closed nonessential businesses and banned social gatherings, we have not placed Guam under a lockdown. Lockdown have greater implications and is a more extreme measure. https://t.co/0nqMqHtdEc"
1246043714981519360,2020-04-03 11:55:46,"DRT, DPHSS, and GPD have been monitoring to ensure businesses and individuals are complying. We have already issued several NOVs to those who have not been compliant. If you see any violations, call 311 to report them. https://t.co/Y8UztC3Wax"
1246042938578108416,2020-04-03 11:52:41,We are currently working with the military to verify the dates of these photos and what actions must be taken. https://t.co/FUiHeR65O2
1246042556669943810,2020-04-03 11:51:10,"Today, two more tested positive for COVID-19. To date, we have a total of 84 positive cases with 14 patients who have recovered and three deaths."
1246027630643568640,2020-04-03 10:51:51,"@eurekage Social interactions should be limited to those in your household, so you would still be able to run with each other. However, we are stressing that people should stay home as much as possible."
1246027143269584897,2020-04-03 10:49:55,@nwstrench You would still be able to do this. We understand that many families have unique situations.
1246026359949922304,2020-04-03 10:46:48,"Under the Social Isolation Directive guidance, construction is allowed provided the workers maintain social distancing. https://t.co/HqUPswfGWk"
1246002719199911936,2020-04-03 09:12:52,"@ManamiIijima Yes, you are still able to exercise as long as you practice social distancing. Even I need to be reminded!"
1245989618333302787,2020-04-03 08:20:49,"If you see ANY violations of the Social Isolation Directive, please dial 311. Messages on social media are not always verified or true. https://t.co/ayjttPGWqa"
1245986400605892610,2020-04-03 08:08:01,@duque_ria @PNCGuam There is not enough room at our parks and beaches for 300 people to use and practice social distancing.
1245985846198546433,2020-04-03 08:05:49,This is an old photo. Please do not share unverified information. https://t.co/zqxt2hkxIJ
1245962069041491968,2020-04-03 06:31:20,"You can still fish and surf, but we are emphasizing solitary activities and limiting activities outside. https://t.co/jn6H29TpXF"
1245891397326000128,2020-04-03 01:50:31,We have further guidance for beach and park use. https://t.co/FKl4GDFbd0
1245673027120971777,2020-04-02 11:22:47,"Out of 41 tests with conclusive results, 5 individuals tested positive. To date, we have a total of 82 confirmed cases of COVID-19 with 12 recoveries and 3 deaths."
1245572602363383808,2020-04-02 04:43:44,"Any good partnership does not leave either party in a deficit. DoD has asked us for our list of critical supplies, including masks, gowns, eye gear, and ventilators. These are supplies our frontliners need to keep us safe."
1245567766347702277,2020-04-02 04:24:31,We do have accommodations available for our healthcare professionals working directly with COVID-19 patients or PUIs. This was one of the first things we did at the onset of the pandemic. https://t.co/BzRHdhGf3n
1245564961893445634,2020-04-02 04:13:23,Share only verified and official messages https://t.co/qeA5amSIE5
1245487608949428224,2020-04-01 23:06:00,A message from my Youth Advisory Council https://t.co/bcb4mw0T4Q
1245312798533406720,2020-04-01 11:31:22,"Out of 41 samples tested with conclusive results, 6 tested positive. Additionally, there are 2 more confirmed cases from Naval Hospital. To date, we have 77 confirmed cases with 9 recoveries and 3 deaths."
1245188271052709889,2020-04-01 03:16:32,"Yesterday, I told you that Guam must prepare itself for more days of sadness. Unfortunately, one more of Guam’s COVID positive patients passed away. These moments have come too quickly. To his family and those who knew him, you have our deepest condolences."
1245146235230543873,2020-04-01 00:29:30,Share only verified information. https://t.co/P1AF4hr8uu
1245129603519111168,2020-03-31 23:23:25,"The Guam International Airport is an FAA facility, and it’s closure is dependent upon them. We instituted a mandatory quarantine for Manila flights because that’s where most of our early cases came from. We’ve expanded the quarantine to include everyone coming in to Guam. https://t.co/cX1OUwC1vw"
1244955723928203264,2020-03-31 11:52:29,"Of the 31 samples tested with conclusive results, 9 tested positive. Additionally, the NHRC reported 2 additional COVID-19 positive test results. This brings our total number of cases to 69."
1244828690317336576,2020-03-31 03:27:42,"Today it is my duty to deliver the gravest news a governor can relay. At 11:32 AM this morning, a second patient confirmed to have COVID-19 passed. Know that everyone who loved this person and everyone who called this person a friend has my deepest condolences."
1244738449229275136,2020-03-30 21:29:07,#cancelCOVIDGU by practicing social distancing https://t.co/0vwhRsIjB8
1244541526803230723,2020-03-30 08:26:37,Two more individuals confirmed positive for COVID-19. We now have 58 confirmed cases on Guam with seven recovered and one death.
1244499582794362886,2020-03-30 05:39:56,Tell us how you #CancelCOVIDGU! Stay home. Stop the spread. Save lives. https://t.co/cTA7HKmqBB
1244410116197117952,2020-03-29 23:44:26,"For any COVID-19 related questions, please dial 311. https://t.co/8MZkjfWvLe"
1244195666051485700,2020-03-29 09:32:17,@guinaiya671 23 tests were run today.
1244195489743958022,2020-03-29 09:31:35,"Through EOs2020-04 to -07, I closed nonessential businesses and government operations, banned crowds and large gatherings, and mandated quarantine for all incoming passengers. These are “musts.” https://t.co/vN7Ry54JIp"
1244179197137842176,2020-03-29 08:26:50,"Effective midnight March 31, 2020, all passengers entering Guam will be subject to a 14 day quarantine. https://t.co/iJjRAD5X83"
1244170612223791104,2020-03-29 07:52:44,One tested positive for COVID-19 today. This brings our total number of cases to 56.
1244150374530822145,2020-03-29 06:32:19,We are offering clearer guidance to businesses in regards to the Social Isolation Directive. https://t.co/yxJufxJfDi
1244145925016018944,2020-03-29 06:14:38,I signed an agreement between GovGuam and USDOL to move forward with the Pandemic Unemployment Assistance (PUA) program for the people of Guam. You should not have to choose between keeping our island safe and worrying about your bills.
1244048276225028096,2020-03-28 23:46:37,DPHSS has issued further guidance for business relative to the Social Isolation Directive. https://t.co/UpBnreCVQa
1243865760520261637,2020-03-28 11:41:21,RT @Interior: Yesterday @POTUS signed H.R. 1365 authorizing payments to survivors of Guam’s occupation by Japanese Forces during WWII. Guam…
1243788540892217346,2020-03-28 06:34:31,"4 more individuals tested positive for COVID-19. To date, a total of 55 cases tested positive and 277 cases tested negative with 7 recovered and 1 death."
1243749077105250304,2020-03-28 03:57:42,My request for a Presidential Disaster Declaration has been approved. This allows us to access federal programs to assist our people.
1243501785710542848,2020-03-27 11:35:03,"@itsmemichellev @ClyntRidgell @kayT671 @RegineBLee @sheltonforguam The Executive Order does not extend to the base. The military has said they would follow the spirit of the EO; however, they make the final decision inside the fence."
1243492636486324229,2020-03-27 10:58:42,"Out of 40 samples tested today by DPHSS, 4 tested positive. Additionally, 2 residents tested positive via Naval Hospital. This brings the total count to 51 confirmed cases on Guam."
1243407685837455361,2020-03-27 05:21:08,Please share only verified information. https://t.co/Rp3qGlzPdZ
1243346990672441344,2020-03-27 01:19:57,HR 1365 has just been signed by the President. We will suspend the local war reparations program and the US Treasury will now be dealing directly with the claimants. We will still process those claims that have already been filed with us.
1243122578006241280,2020-03-26 10:28:13,A total of eight people tested positive for COVID-19 today. We now have 45 confirmed cases with four additional cases from USS Theodore Roosevelt. https://t.co/YfZYIQXeS1
1243083479136391169,2020-03-26 07:52:51,I am encouraged whenever I read stories about our people stepping up to help the community. Share your #COVIDHeroesGU to showcase them! https://t.co/lNav9NTW4D
1243022655722123265,2020-03-26 03:51:10,"That is why I tasked Dr. Ricky Hernandez, Deputy Administrator of GEDA to prepare our Economic Recovery Initiatives, which consists of the various economic recovery tools at our disposal."
1243022654208000001,2020-03-26 03:51:09,"I met with the business community to discuss their concerns. My top priorities are the health of the people and the health of the economy. But I will not sacrifice the health and safety of the community. People are scared, and we don’t know when this will end but we are preparing"
1243013385567924228,2020-03-26 03:14:19,"@WordofJohnGuam @Apochryphal We follow the 2008 Pandemic Plan for human remains. According to this plan, human remains are cremated."
1242991695706222592,2020-03-26 01:48:08,"@a_mad_person Yes, but for data management purposes, we report cases that were tested via DPHSS or Naval Hospital cases of local residents with an additional qualifier for JRM cases."
1242924230297006080,2020-03-25 21:20:03,The US Senate package includes $111 million in direct assistance to Guam. Our federal contacts say this is in addition to other programs already in the pipeline.  Passage in both Houses is expected soon.  Help is on the way.
1242783602254827521,2020-03-25 12:01:15,"Looking at the math, even a 50% reduction in social contact can decrease the number of additional infected people to just 4 over the course of 30 days. We also won’t see the effects of the social isolation directive until 3 weeks. Drastic measures aren’t always the most visible https://t.co/jyFMwwwQmA"
1242763161213628416,2020-03-25 10:40:01,We have an additional 5 confirmed cases of COVID-19. This increases our total to 37 cases.
1242683944694214656,2020-03-25 05:25:15,"@lernkirkyesha According to the Social Isolation Directive guidelines, construction can still proceed but they need to maintain social distancing."
1242657081934536704,2020-03-25 03:38:30,"During my call with the White House this morning, I asked for three things: 

1. 1000 more test kits
2. Title 32 designation for full reimbursement of the National Guard 
3. 100% reimbursement from FEMA 

All governors across the nation are urging for direct financial assistance."
1242655971001810944,2020-03-25 03:34:05,"@linperezguam @a_mad_person Thank you! Yes, we’re looking at states like California as models for what we can do. I’ve tasked my policy team to make this a high priority."
1242652037289893888,2020-03-25 03:18:27,"@28WordAverage We cannot confirm at this time. The standard protocol is for Joint Region Marianas to inform us if there are cases, but we received no report."
1242605552984682498,2020-03-25 00:13:44,@28WordAverage Our numbers do not include cases within the military base.
1242569881364520961,2020-03-24 21:52:00,"@a_mad_person We are currently looking into this and seeing what other states and counties have done within their authority. People should not have to choose between the health and safety of their family and paying their bills, especially at this time."
1242425170997809154,2020-03-24 12:16:58,Three more individuals have tested positive for COVID-19. This brings our total number of confirmed cases to 32.
1242299894645153792,2020-03-24 03:59:10,"With EO2020-06, I established the COVID-19 Unified Response Effort (CURE) Healthcare System. This will allow us to use all the medical facilities and resources available to us on island to fight COVID-19 while still providing regular medical care. https://t.co/KLDHiimJPu"
1242170968442728448,2020-03-23 19:26:51,RT @ASIIADomenech: Godspeed @louleonguerrero - We continue to wish Guam the best.
1242035834867437574,2020-03-23 10:29:53,"Today, we have two confirmed cases of COVID-19. We now have a total of 29 confirmed cases with one death."
1242029747552391169,2020-03-23 10:05:42,"With regret, I must veto Bill 308-35. While the bill’s intent was to give me additional transfer authority during a pandemic emergency, it limits the effectiveness of our endeavor to a $1M cap. Some emergencies command speed and efficiency—not decision by committee."
1242017577120874497,2020-03-23 09:17:20,Our actions now define our future. Let’s do our part to #FlattenTheCurve https://t.co/qhCUGdI2YQ
1241926567439163393,2020-03-23 03:15:42,Stay home to slow the spread! https://t.co/7nGopWVbP9
1241681427214696448,2020-03-22 11:01:36,12 more individuals tested positive for COVID-19. We now have a total of 26 positive cases in Guam who remain in isolation.
1241679579908993024,2020-03-22 10:54:15,https://t.co/5PQyNwAmkj
1241668558016237569,2020-03-22 10:10:27,"Should any of these individuals experience flu like symptoms, immediately contact the Medical Triage Hotline."
1241668554920873984,2020-03-22 10:10:27,"Based on DPHSS investigation, at least 2 people testing positive for COVID-19 frequented the Håfa Adai Bingo Hall in Tamuning. As a precautionary measure, all individuals who visited the Håfa Adai Bingo Hall from March 6-16 are asked to self-quarantine at home."
1241641599102140416,2020-03-22 08:23:20,"We issued nine notices of violation, and we are prepared to issue more."
1241629328112119808,2020-03-22 07:34:34,We are enforcing compliance with EO2020-05. Report any violations to these numbers. I continue to urge the community to stay home and practice social distancing. https://t.co/2E9vSmLhPz
1241538049252548608,2020-03-22 01:31:52,"Today, we mourn our first COVID-19 related death. Now more than ever, I urge everyone in the community to help one another, educate one another, and continue to make sacrifices to help prevent the spread of the virus."
1241277504385474561,2020-03-21 08:16:33,"Monitored home isolation frees space for acute care patients, i.e. those with respiratory disorders. Home isolation also lessens the potential infection of frontline health professionals. To flatten the curve, the decisions we make now are critical to preserving our resources."
1241276968772882432,2020-03-21 08:14:25,"Our COVID-19 Isolation Facility is ready to receive the 9 individuals who tested positive for COVID-19 but whose symptoms did not require acute care. During this temporary transition, they were frequently monitored by DPHSS in accordance to CDC guidelines."
1240942757109063681,2020-03-20 10:06:23,Everyone is urged to follow the Social Isolation Directive as outlined in EO2020-04 and EO2020-05. Stay home and limit your movements. Everyone needs to do their part to minimize the spread.
1240942176034385921,2020-03-20 10:04:05,"Today, we tested 19 individuals for COVID-19. 2 tested positive and 17 tested negative. 

A total of 100 tests have been performed with conclusive results. To date, a total of 14 cases tested positive and 86 cases tested negative. All 14 confirmed cases remain in isolation."
1240554626245525505,2020-03-19 08:24:05,DPHSS has released further guidance about our Social Isolation Directive. https://t.co/PMZ02yljwl
1240539964946788353,2020-03-19 07:25:50,"I will be increasing protection measures for the island. Effective Friday, March 20th at noon, all public spaces in which people come together for food and beverage, entertainment, recreation, and leisure will be closed until March 30th. Further guidance will be provided."
1240215969181519872,2020-03-18 09:58:23,"We have three new cases of COVID-19 on Guam. A total of 65 tests were performed from March 12, 2020 through March 18, 2020. To date, a total of eight cases tested positive and 57 cases tested negative for COVID-19."
1240163981408387072,2020-03-18 06:31:48,"While I cannot ban flights, I’ve instituted Mandatory Quarantine Protocols for travelers entering Guam. As this is an evolving process, these guidelines are subject to revision. https://t.co/vW6ix3rSFv"
1240004876467179520,2020-03-17 19:59:35,"@Jenn50291467 Yes, you will be quarantined in your hotel for 14 days or for the duration of your trip. We hope this will help minimize the spread of COVID-19 on Guam."
1239358401903128579,2020-03-16 01:10:43,"Today, I signed Executive Order 2020-04, which closes all non-essential GovGuam offices, closes all public and private schools, and prohibits large gatherings effective TODAY, March 16, 2020."
1239321528056942594,2020-03-15 22:44:12,"The government is doing what we can, but we need your help too. Based on simulations, extensive (and even moderate) social distancing outperforms attempted forced quarantine methods. If we can minimize the amount of contact we have, the virus has less opportunity to spread."
1239273587346771968,2020-03-15 19:33:42,"Effective this morning, March 16, 2020, nonessential Government of Guam operations will be shutdown for two weeks to allow DPHSS and our CDC partners to investigate and mitigate the spread of COVID-19."
1239146026142797824,2020-03-15 11:06:49,"While I do not have the authority to ban travel from an FAA facility, I strongly urge everyone to avoid travel to the Philippines and other affected areas. If you recently traveled to an affected area, please quarantine yourself for no less than 14 days."
1239128272132132866,2020-03-15 09:56:16,We have three confirmed cases of COVID-19 on Guam. Please be aware that all social gatherings of 100 people or more will be cancelled after Wednesday. I strongly urge the public to practice social distancing and avoid close contact.
1238753065626288128,2020-03-14 09:05:20,"I have ordered the closure of all public senior centers by close of business Wednesday, March 18, 2020. Furthermore, any social event for 100 people or more will also be canceled, effective Wednesday at 5 p.m. These mandates will remain in place as necessary."
1238753063768174592,2020-03-14 09:05:19,"While no cases of COVID-19 have been identified on Guam, I have declared a Public Health Emergency in order to safeguard the community and general welfare of the island."
1238315367836991491,2020-03-13 04:06:05,"RT @uogcis: We're not canceling! To protect our participants from COVID-19, we are transitioning CIS 2020 into a 2-part series: a virtual c…"
1237892592211070976,2020-03-12 00:06:07,"The Youth Advisory Council had their first organizing meeting yesterday. Our policies affect their future, and I’m excited to learn from them. https://t.co/LSs58YqX6M"
1237200356062294016,2020-03-10 02:15:25,My fiscal team worked with various stakeholders to create a plan to help our businesses and employees. https://t.co/JYlJvsAB3f
1237199692984799232,2020-03-10 02:12:47,Businesses will be able to postpone payment of 40% of BPT due for a 90 day time period. https://t.co/xUppmZ0lo4
1237199420573155328,2020-03-10 02:11:42,We recognize the impact of  COVID-19 on the people of Guam. Our T.E.A.M. Guam plan is designed to help businesses without hurting employees. https://t.co/3rK0WTsS7Q
1235863078350123008,2020-03-06 09:41:33,"Teach them well and let them lead the way. Today, I convened the Governor’s Youth Advisory Council. These students will be advising the Administration on issues affecting them and their peers. https://t.co/ulcOoOdl8Y"
1235400457469583360,2020-03-05 03:03:16,"It’s National Association of Women in Construction Week. As the Iron Lady said, if you want something said, ask a man. If you want something done, ask a woman. https://t.co/NKXQwJzKrg"
1233624738599038977,2020-02-29 05:27:11,"Our current communicable disease protocol has been approved by national experts and has helped us overcome past pandemics. To supplement the current situation,  on-call nurses will be hired to assist with screening at all ports of entries and health care settings. https://t.co/K6oBrTG3cW"
1233146388709437441,2020-02-27 21:46:24,"RT @CDCgov: CDC does not currently recommend the use of facemasks to help prevent novel #coronavirus. Take everyday preventive actions, lik…"
1232881900911382530,2020-02-27 04:15:25,"Guam controls its sea port, but GIAA is an FAA facility. We are facing a global challenge, and we are working with all our federal partners to face it as one nation. We have screening checks before people board and when they disembark. Everything that can be done is being done. https://t.co/LXaf1lCLlM"
1232876374135689216,2020-02-27 03:53:27,We are currently working with federal partners to screen incoming passengers and following all CDC guidelines. We also encourage people to practice proper cough and sneeze etiquette as well as stay home when they aren’t feeling well to prevent the spread of illness. https://t.co/q0odtqK8c5
1232850131063427073,2020-02-27 02:09:11,RT @CDCgov: #CDCTRAVELNOTICE: #Coronavirus in #SouthKorea. CDC recommends avoiding all nonessential travel to South Korea. More info: https…
1232504046121963520,2020-02-26 03:13:58,"Our children and grandchildren will look back on what we said and ask if we fulfilled our promise. I am committed to making sure our answer is ""Yes, we did."" 

https://t.co/FViP6u7E06"
1232447915957710848,2020-02-25 23:30:55,"On Monday, I delivered my second State of the Island Address. While we are stronger than just one year ago, I know we have a lot of work ahead of us to fully restore faith in Guam’s future. https://t.co/GAi8XFqRya"
1231695037479538688,2020-02-23 21:39:15,Tonight I will be giving my second State of the Island Address at 6:30 PM. Join me as I discuss the progress we’ve made and my vision for the future of our island. https://t.co/LX20NdILjB
1230664457497366528,2020-02-21 01:24:05,"We’re getting a net advantage over mosquitos! Thanks to the @CDCFound, we have 5000 nets to distribute to vulnerable families. https://t.co/GdvmW5GMRK"
1230607316589789184,2020-02-20 21:37:02,"Raising wages is not a personnel expense but an investment in our human resources. Our people want to be able to pay their bills, be able to act fiscally responsible, and be paid based on their hard work. Pausing the minimum wage increase is not the solution right now."
1228170253353402368,2020-02-14 04:13:01,"I met with @SecBernhardt from Dept of Interior and received good news! Guam will be receiving $6.5M in CIP grants to fund projects for GMH, the DOE ABCs initiative, SSHS reconstruction, and DYA. https://t.co/I87ksc7SIp"
1228107825487892480,2020-02-14 00:04:57,"I met with US Treasury today, and they commended the work of the Guam War Claims Processing Center. While we wait for HR 1365 to pass the House and get signed into law, we will continue to process war claims through our local program. https://t.co/sFs9nGejzr"
1228076819393347584,2020-02-13 22:01:44,RT @SECNAV: It was a pleasure hosting Guam Governor @LouLeonGuerrero at the Pentagon today to discuss a review of infrastructure and suppor…
1227390900650700800,2020-02-12 00:36:09,RT @SecBernhardt: I joined @ASIIADomenech at the @WhiteHouse to discuss the constant and urgent pursuit of economic development in our insu…
1227028797074968576,2020-02-11 00:37:16,"During #StateSolutions, I discussed climate change, the military buildup, and Medicaid parity. We cannot forget that these issues affect us differently because of our status as a territory. Meeting with federal counterparts becomes increasingly important to remind them of this. https://t.co/fSnWn3mz1o"
1226257144841850880,2020-02-08 21:31:00,RT @PRFAA: PRFAA Leadership met with our sister territory Guam’s Governor @louleonguerrero at @NatlGovsAssoc Opening Reception at the new @…
1225886434562723840,2020-02-07 20:57:56,"RT @MicrosoftIPC: During #StateSolutions, #Guam Governor @louleonguerrero discussed the importance of addressing #sustainability challenges…"
1225886318728626176,2020-02-07 20:57:28,"RT @NatlGovsAssoc: Guam is focused on sustainability to reduce dependence on imports, @louleonguerrero said during the @PoliticoLive #State…"
1225671924883181569,2020-02-07 06:45:33,"Earlier today, we denied a request from the US State Dept to accept entry of the MS Westerdam because the passengers may be infected with the 2019 Nobel coronavirus. Though we are under the purview of the US, we cannot jeopardize the health and safety of our people."
1225572339078877187,2020-02-07 00:09:50,"Our law enforcement agencies do what they can to keep us safe, but sometimes, they need help. In the 2021 Executive Budget, I proposed a 100% increase in reserve program allowances."
1224978829589893121,2020-02-05 08:51:26,"We will be releasing over 300 checks to war claimants this week, and more will be cut as US Treasury continues to verify claims submitted through our local program. The process may be slower than some would like, but this is a culmination of decades of work."
1224928595404935168,2020-02-05 05:31:49,Misinformation can spread just as quickly as the virus. Stay informed. https://t.co/QgnT2r46x9
1224876679048224774,2020-02-05 02:05:32,"Despite what is being reported, we currently have no confirmed cases of 2019-nCoV in Guam. Please share only official notices as this is a rapidly evolving situation and guidance may change."
1224193455909265408,2020-02-03 04:50:38,"The 2019 Novel Coronavirus is a respiratory illness first detected in Wuhan City, China. Most cases have been associated with recent travel to China. Travel restrictions are currently in place to contain the virus. Guam has no confirmed cases. https://t.co/8llMo4O0KO"
1223199796082528262,2020-01-31 11:02:11,"RT @GovHawaii: This morning, we say goodbye to Officer Tiffany Victoria Enriquez. On behalf of the people of the State of Hawaiʻi, I offer…"
1223162650579718144,2020-01-31 08:34:35,"While we are saddened to lose Frank, his brief return to DOC was transformative. He not only created plans to reduce recidivism and bring stability, he increased morale. We are grateful for his commitment to keeping us safe. I have the utmost faith in Joe to continue this work. https://t.co/pZN9cl977U"
1222782261205987331,2020-01-30 07:23:03,"The Guam Green Growth Working Group launched today with leaders from various sectors who I have charged in creating a collective road map for all Guam agencies, businesses, organizations, and community members to advance sustainable development for our island. https://t.co/DEsHQPFSdm"
1222023578427641856,2020-01-28 05:08:19,"Since opening, we’ve been able to process hundreds of adjudicated claims. However, we understand some cases are more complicated than others. Starting January 29, volunteers from the Guam Bar Association will be answering questions from 9 to 11. https://t.co/eoO0sJzW2n"
1220655647106056194,2020-01-24 10:32:39,"The Guam War Claims Processing Center is now open. On our first day, we processed 230 adjudicated war claims. Our goal is to issue the first checks by the end of the month. https://t.co/BpBHYClyOu"
1220252248124477441,2020-01-23 07:49:41,"A lifetime is too long to wait for war reparations. With the signing of this MOA, we can finally begin to heal old wounds. https://t.co/uBuoX5ok6c"
1220169626786488321,2020-01-23 02:21:23,"The journey is not over, but the manåmko will no longer have to wait. We have signed the MOA and will begin processing war reparations tomorrow. https://t.co/AcRqidtlHn"
1219911854773850112,2020-01-22 09:17:05,"RT @WHOWPRO: Protect others from getting sick 🤒😷🤧
🔺Completely cover your 👄 &amp; 👃 with a tissue or a sleeve or flexed elbow when coughing or s…"
1219755960954048512,2020-01-21 22:57:37,You are never too young to make a difference. Teia and Deion saw how the wildfires were affecting the wildlife in Australia so they decided to donate their Christmas money to the cause and have rallied their school to support. Small acts of kindness do add up. https://t.co/cBkgB2QNyn
1219508849784152065,2020-01-21 06:35:41,"RT @teienriquez: You don’t wake up thinking you won’t be able to tell your mother you love her again. 

My mom dressed in her HPD uniform t…"
1219381793586999296,2020-01-20 22:10:49,"My thoughts are with the families of HPD Officer Tiffany Enriquez, a daughter of Guam, and Officer Kalama, who lost their lives protecting the people they serve. It is always with great sadness whenever we lose one of our own."
1218483865829822464,2020-01-18 10:42:46,"Today, we marched for women—their safety, empowerment, and leadership. https://t.co/u53xYTH0vZ"
1218001265516408832,2020-01-17 02:45:05,"Fight the bite! Highlights from Day 1 of our distribution of mosquito repellents. Thank you to the CDC Foundation for this donation! Though there have been no new confirmed cases, it’s important to eliminate mosquito breeding sites to help stop the spread of the dengue virus. https://t.co/TyUkMyDSMd"
1217985861163208704,2020-01-17 01:43:53,You are never too young to make a change. The active engagement of our youth is paramount to the success of our island. I was honored to be among our future leaders. https://t.co/EnzAHuQo8A
1217752325206376448,2020-01-16 10:15:53,The 2020 Census provides a snapshot of our island. The results can tell us about Guam’s changing needs and inform a wide range of government and business decision making. https://t.co/jmUyfXQr0O
1216141035895574528,2020-01-11 23:33:12,"As part of our plan, we will hold parents accountable for the actions of the children. However, we will ensure parents have the resources they need to raise their family. https://t.co/N4T0w9OR0l"
1215206609288253441,2020-01-09 09:40:07,"We are taking a tough approach on crime by making sure violent offenders fully pay their debt to society and informing victims of potential plea deals. However, we also know the importance of language access in the justice system. https://t.co/5PP13GzUf5"
1214816793430093824,2020-01-08 07:51:08,"In the Safer Guam Initiative, we are taking a wholistic approach to the island’s addiction problem by preventing drugs from entering the community, enforcing alcohol regulation, and treating addiction as a sickness. https://t.co/C0qOYQg58f"
1214457426616782849,2020-01-07 08:03:08,"Our Safer Guam Initiative was created based on what we heard from you—the community. It won’t be easy, but we will continue to work to make Guam safer. https://t.co/PJXOdsSkQT"
1213919694786195456,2020-01-05 20:26:23,"Today, Josh and I unveiled our Safer Guam Initiative. Our plan will increase police officers on our streets and enhance safety in the villages, fight drugs and treat addiction, end the revolving door of crime, and hold negligent parents accountable. https://t.co/R9la0Ba3jX"
1212859689647493120,2020-01-02 22:14:18,"While the holiday season is over, the season of giving doesn’t have to end. Every penny counts for organizations like the @salvationarmygu. Thank you to all the mall goers who opened their wallets and their hearts tonight. https://t.co/sg2Z0rJw8P"
1212630462100729856,2020-01-02 07:03:26,"RT @GuamDYA: In partnership with DPHSS WIC program, immunization clinics will be held every other Friday of the month at Lågu Youth Resourc…"
1212630448204959745,2020-01-02 07:03:23,"Our first bill signed into law this new year ensures we are able to retain and grow interest in the Civilian Volunteer Police Reservists program. Bill 216, now Public Law 35-59, doubles the compensation rate of reservists from $250 to $500 a month. https://t.co/MSaEbU8gDA"
