id,created_at,text
1247280198149496834,2020-04-06 21:49:07,"Today @FEMA, @OregonOEM &amp; @OregonGuard shipped 140 of our ventilators to New York. 

To all in New York, Oregon is keeping you in our hearts. We're all in this together. https://t.co/YgFKOIDanM"
1246825232465137664,2020-04-05 15:41:14,"Arlene Schnitzer’s creative contributions changed Oregon’s cultural landscape, bringing the work of women to the forefront. She will be missed, but her impact is forever woven into the fabric of our state. https://t.co/ITKeORXQfa"
1246458356975276033,2020-04-04 15:23:25,Oregon doesn't have everything we need to fight COVID-19 — we need more PPE and testing — but we can help today with ventilators. We are all in this together.
1246458356312576001,2020-04-04 15:23:24,"New York needs more ventilators, and we are answering their call for help.

We'll be sending 140 ventilators to help NY because Oregon is in a better position right now. We must do all that we can to help those on the front lines of this response."
1246214049622179840,2020-04-03 23:12:37,"Reminder: All Oregon State Parks are closed, and all trails and rec areas are closed on both the OR and WA sides of the Columbia River Gorge National Scenic Area. This weekend, #stayhomesavelives."
1245889585151795202,2020-04-03 01:43:19,The Resource Navigator will help small business owners connect to the financial support and information they need to stay in business through the COVID-19 crisis: https://t.co/uGqazjGRYT
1245889584312905728,2020-04-03 01:43:19,"Today I'm launching a statewide initiative, the Small Business Resource Navigator, to connect Oregon's small businesses with federal, state &amp; local resources. https://t.co/OITjspjhD8"
1245754442219048960,2020-04-02 16:46:18,"COVID-19 is making paying rent difficult for many Oregonians. Yesterday, I strengthened my moratorium on residential evictions. Now, tenants can't be charged late fees for nonpayment. 
https://t.co/GI7zd5jBwd"
1245495568169762817,2020-04-01 23:37:38,"Sending happy birthday wishes to Bill on his 104th birthday! He's one of Oregon's honored veterans and has just recovered from COVID-19. 

You can wish him a happy birthday, and brighten the day of other residents at the Lebanon veterans home. Learn more: https://t.co/NZL2vrrvE9 https://t.co/W3q44FSugr"
1245470881746280448,2020-04-01 21:59:32,"These are difficult times. This order will help Oregon's restaurants and businesses stay in their locations without threat of eviction.
https://t.co/67LnXT6Ko2"
1245397140991397888,2020-04-01 17:06:31,"Today is #CensusDay! Take a few minutes to make sure you are counted at https://t.co/aDpumr2nTX. You can fill out the census by web, phone, or mail. Taking action today will help our communities get essential funding for healthcare, schools, roads, bridges, and more. #2020Census"
1245374626462490624,2020-04-01 15:37:03,"The creativity and dedication of our @ORStateParks rangers means Oregonians can whale watch at Depoe Bay – from home. Thanks for helping us continue to enjoy the magic and beauty of Oregon, while staying safe.
https://t.co/lo7mCjke6Y"
1245128769653731328,2020-03-31 23:20:06,I love how Oregonians get creative and show up for each other in tough times. Coos Bay resident John is (very enthusiastically) reading a book a day to kids on his YouTube channel as he stays at home to save lives: https://t.co/4sb5UCRo4l
1245074957190586369,2020-03-31 19:46:16,"It's the Oregon way to help support each other; proud to see so many come together for our children in foster care &amp; their foster families with groceries, diapers, learning materials, and more through #MyNeighbOR and @ORContingent:
https://t.co/NjzcStarE0"
1245012572576702464,2020-03-31 15:38:23,"Necessity is the mother of invention, and we need innovative solutions more than ever now. Kyle Kirsch of Silverton, OR, donated 40 masks he 3D printed in just one night. Remember that you can donate new PPE here: https://t.co/xGJHYHgYnz"
1245008432429555713,2020-03-31 15:21:56,"In these difficult times, it's nice to appreciate the little things that make us smile – like the first peeps of this newest member of the @OregonZoo.
https://t.co/kf1XmIpVAD"
1244812609024487426,2020-03-31 02:23:48,"One of the things I admire most in Oregonians is that when hard times hit, we always respond with ""How can I help?"" 
My team has compiled 10 great ways you can volunteer, donate, and show up for each other right now. 
https://t.co/l9yZR8waEA"
1244767989510991872,2020-03-30 23:26:30,"Even as the nation faces an unprecedented COVID-19 crisis, the Trump Administration finds a way to roll back auto standards that will increase air pollution by billions of tons. Stunning, but sadly unsurprising.
https://t.co/PrZaNebbqd"
1244762652665991169,2020-03-30 23:05:17,"Important update: Oregon just added 140 ventilators to our state supply to help with our COVID-19 response, via @HHSGov &amp; @fema. 

They will save lives, but we will need more. I'm going to continue to fight for the critical equipment we need to keep Oregonians safe. https://t.co/kgyJJ8m2Db"
1244738476211204096,2020-03-30 21:29:13,"This is a difficult time for anyone who worries about how to care for their loved ones—which means it's difficult for everyone. But modeling shows if people stay home, together we can all flatten the curve. Keep it up, Oregon. #stayhomesavelives https://t.co/fmXtbW4tIU"
1244722000473362432,2020-03-30 20:23:45,"Today, I was proud to (virtually) stand alongside Oregonian workers &amp; hear their stories from the front lines of the coronavirus crisis. You have my commitment: we will continue to fight too, for the protective equipment you need. @SEIU @SenJeffMerkley @RepBonamici https://t.co/sDpHJHKARR"
1244683526789672960,2020-03-30 17:50:52,"In this time of rapid change, we need to make sure everyone has the support they need. If your income has changed and you are pregnant or have a child under 5, you may now qualify for grocery benefits through WIC. Check your eligibility here: https://t.co/yO1TdecabW"
1244639315822403584,2020-03-30 14:55:11,Hardworking Oregonians deserve every chance possible to access the health coverage they need now more than ever. I've asked the federal government to allow us to re-open the enrollment period for https://t.co/c5KgwmIN3T. https://t.co/lkBZV21qNL
1244467069623496710,2020-03-30 03:30:45,More and more businesses are getting creative to meet community needs in this difficult time; Oregon SNAP recipients can now order groceries online @Walmart and @Amazon. https://t.co/mDTtngnhkP
1244453829485056000,2020-03-30 02:38:08,"The coronavirus pandemic is a global and local issue; @Intel, one of Oregon's global companies, is making contributions to relief efforts on both fronts.
https://t.co/cWPmH3Azh1"
1244434277938253825,2020-03-30 01:20:26,"During this unprecedented crisis, I'm thankful to Oregonians who need to keep working for all of us, and for the Oregonians who are staying home to protect them. https://t.co/tCvzls5Ojv"
1244423685651357696,2020-03-30 00:38:21,Oregon is focused on procuring as much PPE as possible for our frontline workers. Donations from groups like @ORdentists truly reflect the Oregon way––coming together in difficult times for the good of Oregonians most in need. https://t.co/6tQXVSEIZm
1244411319891030016,2020-03-29 23:49:13,"This disaster declaration is an important first step toward unlocking all available resources for COVID-19 response, but more federal action is needed. I will continue to fight for access to every tool available to keep Oregonians safe. https://t.co/uIeHUtV3dR"
1244321847207854081,2020-03-29 17:53:41,"The list goes on of hardworking Oregonians on the front line that I'm grateful for: police and firefighters, devoted medical professionals, and those who work in group homes, long-term care facilities &amp; at-home care professionals. We know the hours are long and we appreciate you."
1244058201055563776,2020-03-29 00:26:03,"My top priority is to keep Oregonians safe and healthy as we focus on stopping the spread of COVID-19 –– whether they are living sheltered or unsheltered. 

Read on for further guidance on EO 20-12 as it relates to Oregonians experiencing homelessness.
https://t.co/hF1c4I3KhX"
1244009105406095365,2020-03-28 21:10:57,Sharing an update on Oregon's COVID-19 response efforts. Tune in. https://t.co/Zk4sfNxjo6
1243967173426438144,2020-03-28 18:24:20,"We are facing an unprecedented crisis — and the single most important thing each of us can do to protect our community right now is stay home. 

I want to thank @WiedenKennedy for providing their services to the state during this important time. https://t.co/LpLvxqiq43"
1243703063136763904,2020-03-28 00:54:51,"The CARES act has the potential to help many Oregonians and Oregon businesses suffering due to the COVID-19 pandemic. We will use these funds to help people stay healthy, stay in their homes, keep their businesses and feed their families. https://t.co/81hOjjMgbw"
1243601058997231616,2020-03-27 18:09:32,This is hopeful for our small businesses and workers as we navigate the difficult impacts of COVID-19 on our economy and way of life. I expect President Trump to sign this and get funds out as quickly as possible — Oregonians need it! https://t.co/p3UZUBHdsp
1243560676066381829,2020-03-27 15:29:04,"It's still safe, and allowed, under my #StayHomeSaveLives executive order to donate blood — in fact, I encourage it. Sign up to donate with @RedCrossCasc today: https://t.co/YWTibjAObe"
1243378469284614145,2020-03-27 03:25:02,"When I closed Oregon's schools, I asked all school districts to keep feeding our most vulnerable students. I'm proud of all the creative ways districts across our state are stepping up: https://t.co/IBaVljqMDV"
1243358475662413824,2020-03-27 02:05:35,The last thing we need to do during this crisis is turn out more Oregonians struggling to make ends meet from their homes and onto the streets. I've placed a temporary moratorium on residential evictions — this is both a moral and a public health imperative.
1243314448971923456,2020-03-26 23:10:38,".@ORemployment has doubled the number of employees working on unemployment claims to reduce wait times, and have enacted temporary rules to help more Oregonians affected by COVID-19 business closures. Learn more here: https://t.co/UQBDTf9QxT"
1243304170532114432,2020-03-26 22:29:48,"@ORemployment has doubled the number of employees working on unemployment claims to reduce wait times, and have enacted temporary rules to help more Oregonians affected by COVID-19 business closures. Learn more here: https://t.co/6UheVBJ3Gm"
1243282634219769856,2020-03-26 21:04:13,"We owe a huge debt of gratitude to the Oregonians still hard at work, helping us all: grocery store employees, truck drivers, farmers, ranchers, workers in food processing facilities, port employees unloading shipments, utility operators and many more. 

Thank you, Thank you."
1243275145524871168,2020-03-26 20:34:28,I know how hard it is to telework while also taking care of your children. Thanks to bosses for understanding that parents now NEED to do double duty – they're ensuring that the limited available child care is reserved for people who must work in essential roles outside the home.
1243192206262853632,2020-03-26 15:04:54,"If you ever doubt that your individual actions matter in slowing the spread of COVID-19, check out this graphic by microbiologist @SiouxsieW: https://t.co/w7RXbZu348"
1242995841998061573,2020-03-26 02:04:37,"In Oregon, construction work is allowed to continue IF certain safety guidelines can be followed. Read on for rules and resources for contractors: https://t.co/ih6RZ2g6pH"
1242995840920113152,2020-03-26 02:04:36,I'm hearing that there's some confusion from businesses that aren't sure whether they can remain open. Take this simple three question quiz on our website to find out: https://t.co/Xgqb3oMI5A
1242943639656919041,2020-03-25 22:37:11,"Coronavirus doesn't discriminate and can infect anyone –  any age, any race, any level of health. That's why it's so important to stay home to reduce the spread and #flattenthecurveOR https://t.co/V53jOrxSRy"
1242908140955262976,2020-03-25 20:16:07,"My #StayHomeSaveLives executive order is designed to keep all Oregonians — and workers — safe.

If your employer is staying open and not enforcing 6 feet of social distancing, you can report them to Oregon’s Occupational Safety and Health (OSHA) division: https://t.co/ze2f55xxcN"
1242895709088518144,2020-03-25 19:26:43,I encourage all Oregonians to spread the word about COVID-19 and how we can keep each other safe. We've launched a public awareness campaign to coincide with the #StayHomeSaveLives executive order — help us share these messages. You can find content here: https://t.co/9JMY8rlKRw
1242844662668222464,2020-03-25 16:03:53,Want more info on COVID-19? You can sign up to receive text or email updates about coronavirus from @OHAOregon here ▶️ https://t.co/KoObyw1sxb
1242602765584486401,2020-03-25 00:02:40,"I know this unprecedented pandemic and its effects can trigger stress, anxiety, depression, and feelings of isolation. Here's a few smart tips from @afspnational on how to take care of your mental health as we all face a new way of living with coronavirus. https://t.co/L6yGlp6jys"
1242564848975663105,2020-03-24 21:32:00,"Feeling sick and not sure if you may have COVID-19? 

Follow these instructions if you start feeling symptoms of possible coronavirus. And please remember to stay home. https://t.co/BipKoeKZxj"
1242551210005000192,2020-03-24 20:37:48,"Oregonians are known for our friendly, community-centered lifestyle, so staying home might feel strange or unhelpful. I want to remind you: staying home is the #1 way to serve your community right now."
1242500462630191105,2020-03-24 17:16:09,"#StayHomeSaveLives instructions en #Español. Also available in #Arabic, #Chinese, #Somali, #Russian, #Vietnamese &amp; #Marshallese at https://t.co/VyjhaqtE82 https://t.co/2PC8LMXCA1"
1242156679904411648,2020-03-23 18:30:05,"These social distancing measures are designed to stop the spread of COVID-19 and be more sustainable over time, preserving scarce hospital space and allowing more Oregonians to keep their jobs when their work does not add to the growth of COVID-19 in Oregon."
1242156594407731200,2020-03-23 18:29:44,"I want to make it perfectly clear what's allowed and what's not under my new Executive Order. If you're still not sure about an activity, skip it. Staying home will save lives. https://t.co/Fi8i1oxv4C"
1242155872249204738,2020-03-23 18:26:52,"Today, I am issuing a new statewide order: stay home to the maximum extent possible. Failure to comply with the order will be considered an immediate danger to public health.
https://t.co/NBi2f4Ttox"
1241868154776641536,2020-03-22 23:23:35,"So many of us love to get out into nature to de-stress. But these are not normal circumstances, and our trails and beaches were packed this weekend, making social distancing impossible. I urge you again: stay home. https://t.co/BQXsgSky69"
1241864865263661059,2020-03-22 23:10:31,"I'm also asking mortgage lenders, banks, and credit unions to do all they can to ease burdens on property owners and renters, like waiving fees, extending grace periods, postponing collections actions and foreclosures, and more. https://t.co/pORwutWpic"
1241864228786409472,2020-03-22 23:07:59,Making sure families don't lose their homes during this health crisis is the right thing for Oregon families and for preventing spread of COVID-19. That's why I have ordered protections against residential evictions for the next 90 days. https://t.co/5vLvnf73D1
1241777432513769472,2020-03-22 17:23:05,"But, these actions are necessary to save lives. Please stay at home. It’s a matter of life or death."
1241777431763021825,2020-03-22 17:23:05,"I know this is difficult for everyone. 

It’s not easy for those who can’t visit their loved ones in nursing homes. 
It’s not easy for those trying to balance work at home with their kids out of school. 
It’s not easy for Oregonians with employers that have closed their doors."
1241777431020625926,2020-03-22 17:23:05,That’s why I have put aggressive social distancing orders in place. But it takes each and everyone of you to comply with them to stop the spread of COVID-19.
1241777430253068288,2020-03-22 17:23:05,"I am urging all Oregonians to stay home. We just have to look to Washington, California, and New York to see the storm that is coming. But we still have time to change its course."
1241777429380620288,2020-03-22 17:23:04,"On Friday night, I asked all Oregonians, on the eve of spring break, to stay home and stay healthy. Unfortunately, our trails and beaches were packed this weekend. I want to be absolutely clear, you are endangering all Oregonians when not following social distancing orders."
1241573048458686469,2020-03-22 03:50:56,"What does COVID-19 ""social distancing"" look like?

✅ Stay home unless absolutely necessary
✅ Keep 6 feet away from everyone 
✅ Don’t forget to wash your hands often

Thank you to all the Oregonians responsibly following these measures."
1241566080708907010,2020-03-22 03:23:15,"Spring Break is here. 

Please remember: every action we take has impact in this new reality of living with COVID-19. Social distancing done well, and done early can save lives. I ask you to follow these measures and protect yourself and our neighbors. #StayHomeStaySafe"
1241181729517219840,2020-03-21 01:55:59,Watch live: tonight I'm speaking with Chair of the Board of Commissioners in Multnomah County @dkafoury and Mayor @tedwheeler. https://t.co/jtOHU9KSS6
1241122393902288896,2020-03-20 22:00:12,Healthy people are needed now to donate to help patients counting on lifesaving blood. The Red Cross is of course practicing all sanitizing and social distancing policies to ensure you're safe while donating. Make an appointment today at https://t.co/R12x7U1twf
1241122392971169792,2020-03-20 22:00:12,"The @RedCrossCasc faces a severe blood shortage due to an unprecedented number of blood drive cancellations–73 so far in Oregon, resulting in 2,024 fewer units of blood collected. Since each unit can be used to help 3 people, that will affect at least 6,000 potential recipients.)"
1241112686764519424,2020-03-20 21:21:37,"The U.S. Small Business Administration has approved Oregon for low-interest disaster loans to businesses of all sizes, private non-profits, homeowners, and renters. More info here: https://t.co/KBPnkyFiNJ"
1241112246752653312,2020-03-20 21:19:53,"Social distancing is the best tool to flatten the curve, a crucial way to reduce the strain on our healthcare system and save lives. #FlattentheCurveOR https://t.co/Xgtem08tIG"
1240741567486283776,2020-03-19 20:46:56,"Social distancing, whether indoors or out, is the best tool we have to slow the spread of COVID-19. https://t.co/U467ul0txs"
1240691834210279424,2020-03-19 17:29:18,"If you or your business have stores of gloves, masks, or gowns, please consider donating your surplus items to the state cache for COVID-19 preparedness. You can mail them in or drop them off. Learn how here: https://t.co/xGJHYHgYnz"
1240688142002212865,2020-03-19 17:14:38,"This virus has nothing to do with nationality, race, or ethnicity—it is a global problem. Xenophobia, hate crimes, and perpetuating stigma against Asian-Americans is appalling. This is a time to look out for our neighbors, and to unite against COVID-19."
1240673592443977728,2020-03-19 16:16:49,"The business closures from COVID-19 are unprecedented–so we're enacting new unemployment insurance provisions to cover more affected workers. Learn more here:
https://t.co/7o8nC4nG1p"
1240670268512600064,2020-03-19 16:03:37,It is critical that we preserve personal protective equipment in Oregon so that our health care workers can keep themselves safe while treating COVID-19 patients https://t.co/ryVk5JeCJE
1240476851778105344,2020-03-19 03:15:03,"I know our students have worked hard this school year, and we’re doing everything we can to help them safely finish their learning. 

But we’re also learning more about COVID-19 every day, and social distancing is key to keeping Oregonians safe. https://t.co/rHt6VSsDUn"
1240434692832157696,2020-03-19 00:27:31,"Thank you @newseasons @safeway @albertsons for stepping up to care for the most vulnerable in our communities. Oregonians always rise to the challenge in times of crisis, and I'm proud we are coming together to help each other out.
https://t.co/uvkuTXOgOx"
1240394380084523008,2020-03-18 21:47:20,"Take a look inside the COVID-19 Response Team’s operations center to see how they’re working tirelessly keep Oregonians healthy and safe.
https://t.co/aGesvTeXBn"
1240332866350809088,2020-03-18 17:42:54,"Extending the closure of Oregon’s K-12 schools through April 28 keeps critical social distancing measures in place for students, parents, and teachers, slowing the spread of coronavirus and reducing the demands on our healthcare system. https://t.co/lgCAx8lA3x"
1240031723468935168,2020-03-17 21:46:16,"My team and I have compiled a new website for Oregonians with information and resources about coronavirus. Learn more about it here:
https://t.co/WZ7MYU8NkL"
1240009480407932928,2020-03-17 20:17:53,"RT @OregonDHS: 155,000 Oregonians work in restaurants and bars. Thousands of others work in stores and businesses that are temporarily clos…"
1239696516698091520,2020-03-16 23:34:16,Read more about the steps we’re taking here: https://t.co/1Iw5T3UjtW
1239678842618298369,2020-03-16 22:24:02,"We all know that as a community, we hold each other together in times of need. Working together, we are stronger together. Even if it’s in ways we never thought possible. Thank you. [6/6]"
1239678841016074240,2020-03-16 22:24:02,"I am also urging all other businesses to evaluate your practices to accommodate social distancing measures. As a biz owner, can your business can do the equivalent of restaurant take-out? If you cannot, I strongly urge you to close your doors to customers temporarily. [5/6]"
1239678839371911168,2020-03-16 22:24:02,"Restaurants, bars, and other establishments that offer food or beverages for sale are restricted to carry-out and delivery only, with no on-site consumption permitted. (Food service at hospitals, workplaces and other essential facilities will continue.) [4/6]"
1239678837979373569,2020-03-16 22:24:01,"Statewide cancelation of all events and gatherings larger than 25 people—exempting essential locations like workplaces, grocery stores, pharmacies, and retail stores. I urge Oregonians to avoid any gatherings of 10 people or more. [3/6]"
1239678836846907397,2020-03-16 22:24:01,Effective March 17 for at least 4 weeks: [2/6]
1239678835529900032,2020-03-16 22:24:01,"I am putting in place new social distancing measures for Oregon. My goals are to decrease the rate of coronavirus transmission in Oregon, preserve hospital capacity for those who need it most, &amp; decrease economic impacts on Oregonians. [THREAD, 1/6]"
1239665478907224064,2020-03-16 21:30:56,"In a global pandemic, days are like weeks, and every hour counts. Tune in to hear the actions we’re taking today to save lives.
 
https://t.co/PVGqXxLD0a"
1239287114799255552,2020-03-15 20:27:27,"While Oregon’s K-12 schools are closed, I've asked each district to with continue nutrition services. It’s wonderful to see our schools step up and take care of students in need by providing grab &amp; go meals.
https://t.co/xi1M0lCpgu"
1239031565725782016,2020-03-15 03:32:00,"Although we knew this day would come, it does not make it any easier to learn of the first Oregonian to pass away from COVID-19. He was an honored veteran who served his country to protect the freedoms we all hold dear. Our thoughts are with his family and friends."
1238861875535736832,2020-03-14 16:17:42,"A sweet story and great advice from a kind Oregonian, @rebecca_mehra: ""Offer to help anyone you can. Not everyone has people to turn to.”
https://t.co/GXRDoNXqVr"
1238628037198897152,2020-03-14 00:48:31,America faces critical blood shortages during this public health crisis. Help hospitalized Oregonians by donating blood; go to https://t.co/LnZwIrI9cA or call 1-800-REDCROSS (@redcross is following social distancing &amp; sanitizing rules to prevent exposing donors to coronavirus)
1238623656537808896,2020-03-14 00:31:06,"With Oregonians working and learning remotely, internet access is more important than ever. During these unprecedented times, I'm thankful to @comcast and @GetSpectrum for offering free internet service to students and low-income families.
https://t.co/J2DYFeUPOl"
1238607715120775168,2020-03-13 23:27:46,Oregon has been increasing our support for families for exactly times like these. Don’t forget these resources that are available to you: https://t.co/yoMhQ1xs76 https://t.co/pl2jF8wj64
1238539605265149954,2020-03-13 18:57:07,STARTING AT 12:00PM. Thank you for your patience. https://t.co/jCUCNaFA3S
1238536212584869888,2020-03-13 18:43:38,"@BenBotkin1 @HollyDillemuth If you could kindly stay on, we are working through technical difficulties and will share more info as soon as possible."
1238536091390472194,2020-03-13 18:43:09,"@DickHughes If you could kindly stay on, we are working through technical difficulties and will share more info as soon as possible."
1238535314496352257,2020-03-13 18:40:04,"@DickHughes Hi @DickHughes - we will be sending revised press availability details shortly via email, as well as posting here on Twitter. Please standby and thank you for your patience."
1238529406538141696,2020-03-13 18:16:35,"For all trying to access today's teleconference, we believe there is a network overload. Please standby. We will let you know how to access this conference momentarily. https://t.co/qu5Wr0IwqU"
1238528141351518208,2020-03-13 18:11:34,"HAPPENING NOW, INFO for the press teleconference on school closure: 

Toll-Free: 877-226-8143
 Access Code: 7032200"
1238342218932346881,2020-03-13 05:52:46,This is a trying time for our community and I am reluctant to increase the burden on families who are already struggling during this crisis. I want to thank all of the teachers and school employees who have worked hard to keep our schools open until now. https://t.co/7l4l5BwDDY
1238246966225711107,2020-03-12 23:34:16,"In this unprecedented time, I appreciate businesses caring for our community in different ways. @portlandgeneral @PacificPower_OR &amp; @nwnatural are suspending late fees and disconnections during the coronavirus emergency, ensuring Oregonians have one less thing to worry about."
1238236926408187904,2020-03-12 22:54:23,"The 2020 Census starts today! Counting each and every Oregonian matters more than ever: $19 billion in federal funds &amp; a 6th Congressional seat are at stake. Fill it out online, by phone or by mail. Oregon is *counting* on you!
https://t.co/0lrmpLpa82"
1238176613671424003,2020-03-12 18:54:43,"We are now in an unprecedented public health crisis, a rapidly-evolving global pandemic. What is clear is that we must take immediate action to stem the spread of the COVID-19 coronavirus, and act now to protect those who are most vulnerable. https://t.co/SlU00gpox3"
1238129319982948352,2020-03-12 15:46:47,"I will be discussing these new steps to stem the spread of coronavirus in Oregon this morning at 9am — joined by @OHAOregon, @dkafoury, @tedwheeler, Tri-County health officials, and other state and local officials. 

LIVE STREAM: https://t.co/V42npMPJaY https://t.co/jFtVD7gQhD"
1238126955045634049,2020-03-12 15:37:24,"I have announced urgent new rules to slow the spread of COVID-19 coronavirus in Oregon — measures based on the recommendations of @CDCgov, Oregon public health experts, epidemiologists, and health professionals. https://t.co/sFONSG56wy"
1237833935947628544,2020-03-11 20:13:02,"I’m proud to be leading the charge of states taking action on climate change. This is crucial and urgent to protect the Oregon we know and love for generations to come.
https://t.co/8HbXlzMEBR"
1237828479741128704,2020-03-11 19:51:21,"Young people around the state have made it clear they need today’s leaders to take bold, decisive action now – before our planet runs out of time. My executive order directs state agencies to take every step possible to reduce greenhouse gas emissions.
https://t.co/O9Q7U6ul1S"
1237824855426228224,2020-03-11 19:36:57,RT @nature_oregon: We applaud @OregonGovBrown for taking bold executive action on climate. This is a great step forward to reducing greenho…
1237824737947963393,2020-03-11 19:36:29,RT @tedwheeler: I commend @OregonGovBrown for her leadership in moving forward with an executive order directing state agencies to take act…
1237507678739415040,2020-03-10 22:36:37,"Thanks, @CJMcCollum, for the assist. It's a team effort to guard against the coronavirus. https://t.co/hfOjharfSQ"
1237465027491147777,2020-03-10 19:47:08,"Charlie, a sophomore at Cleveland High, has been coming to the Capitol since 6th grade to testify for climate action. That’s 5 sessions of waiting for adults to do something. I’m proud that today, with Charlie &amp; other students, we put an end to that count.
https://t.co/m31CeEf78L"
1237443700382257152,2020-03-10 18:22:23,"It's time we put Oregon on a path our children can be proud of. Today I issued an executive order setting new science-based climate goals, and directing state agencies to take urgent action to lower greenhouse gas emissions and address climate change. https://t.co/AnDSpsHeaN"
1237430206316437504,2020-03-10 17:28:46,"Climate change is the issue of our time. I’m about to make a big announcement on climate action, watch live here: https://t.co/1JFYzvTjAH"
1237430112250822657,2020-03-10 17:28:23,"I couldn’t agree more. Go Women’s Ducks! 🏀 “I’d challenge anyone to watch Ionescu and these Ducks and not wonder if we’re watching the greatest team to ever suit up on behalf of our state.”
https://t.co/Ivaxt4l3mL"
1236738172056244224,2020-03-08 19:38:52,"I have declared a state of emergency, in consultation with @OHAOregon, to ensure that we are able to swiftly and fully deploy the personnel and resources necessary to address coronavirus in Oregon. https://t.co/tS37psLkIH"
1236378840521273344,2020-03-07 19:51:01,"This weekend is the 55th anniversary of the Bloody Sunday marches in Selma, where civil rights organizers fought for the right to vote. It's a reminder of how precious that right to vote is and the work still ahead to ensure every eligible voter has access to the ballot."
1236340652163514368,2020-03-07 17:19:16,RT @OHAOregon: State and local health officials are moving quickly to contact people who may have been in close contact with the individual…
1236340640159387649,2020-03-07 17:19:13,"RT @OHAOregon: Today we’re announcing 4 new presumptive case of #COVID19 in among residents in Jackson, Klamath and Washington counties. #O…"
1236124683193307137,2020-03-07 03:01:05,"Thanks to infectious disease professor at @OHSUDoernbecher &amp; @OHSUNews Dr. Dawn Nolt for sharing the 3 simple hand washing tricks we need to be doing to protect ourselves and our families from COVID-19 coronavirus.
https://t.co/286WS2BLdp"
1236086938395762689,2020-03-07 00:31:06,"I also applaud self-insured Oregon companies that are waiving cost-sharing for their employees for COVID-19 testing, including A-Dec and Daimler, and hope more will follow as a way to keep employees healthy and safe."
1236086937682718720,2020-03-07 00:31:05,COVID-19 testing won’t have any out-of-pocket costs for people covered by the Oregon Health Plan.
1236086936759988224,2020-03-07 00:31:05,"Insurers who have agreed to waive COVID-19 costs in-network include: Aetna, BridgeSpan Health Company, Health Net Health Plan of Oregon, Kaiser Permanente, Moda, OEBB, PacificSource, PEBB, Providence, Regence Blue Cross Blue Shield, and Samaritan."
1236086935728164864,2020-03-07 00:31:05,"Fearing  medical bills shouldn’t prevent anyone who needs a COVID-19 test from getting it. I’m proud to partner with the following Oregon health insurers to announce that there won’t be charges to patients for COVID-19 tests if you go in-network: (THREAD)

https://t.co/K2enHHS67H"
1235658313066414080,2020-03-05 20:07:53,"When it comes to protecting the health and safety of Oregonians, you put aside your differences and stand united. I spoke with VP @Mike_Pence about how we can work together to get Oregon the critical supplies and funding we need.
 
https://t.co/fP4ArEUbp0"
1235643654888239104,2020-03-05 19:09:39,"Thanks to @calimapnerd and the  @RedCrossCasc team for providing medical treatment, housing &amp; supplies to folks who lost everything in Pendleton. I declared March Red Cross Month to honor their amazing work year-round in Oregon for disaster preparedness, relief, and recovery. https://t.co/PqAM8TWmbT"
1235418719582470145,2020-03-05 04:15:50,"I know Oregonians have questions about Coronavirus, and my goal is to get you information as quickly as possible. Today I sat down with @OHAOregon Director Pat Allen and epidemiologist Dr. Dean Sidelinger for a Q&amp;A. https://t.co/HSsURMIMkS"
1235325659645431816,2020-03-04 22:06:03,"At a time when the fundamental right to access reproductive health care is being challenged in states across the nation, I hope the SCOTUS will uphold precedent and protect women's right to choose. https://t.co/OuvOcNJtfP"
1235279910836428801,2020-03-04 19:04:15,"No eligible voter should have to wait in line for 7 hours to exercise their right to vote. Here in Oregon, we continue to lead the way with vote by mail and automatic voter registration. It should be easy, and without barriers, for eligible voters to make their voices heard. https://t.co/fG3HevhAuX"
1235078467722436608,2020-03-04 05:43:48,"RT @OHAOregon: Join us tomorrow, March 4 at 12:15-12:45 p.m. for a novel coronavirus (COVID-19) Facebook live event with Governor Kate Brow…"
1235054620306575360,2020-03-04 04:09:02,"From jumping slugs to hissing owls to very adorable Humbolt martens, Oregon is home to many weird, wonderful creatures. For #WorldWildlifeDay, learn more about our native animals and how we can keep them safe for years to come.

https://t.co/fxVgLJ2owQ"
1235004816176234496,2020-03-04 00:51:08,"An update on the coronavirus situation in Oregon.

https://t.co/ltxSTEUC0u"
1234948407761895425,2020-03-03 21:06:59,The whole country is watching the national public health response to the coronavirus. I sat down with @npratc (hosted by Oregon native @arishapiro) to share what we know so far and the key steps we’re taking here at home to keep Oregonians safe &amp; healthy. https://t.co/JD6U5tgFUm
1234651838894329856,2020-03-03 01:28:31,"I'll be sharing updates regularly about the COVID-19 Coronavirus in Oregon to get information to you as quickly as possible. You can watch my first one now.

https://t.co/coESOIMXrb"
1234340363671752705,2020-03-02 04:50:50,RT @ORDeptEd: We are committed to providing up-to-date information on coronavirus and its impact on schools in Oregon. Please review the CO…
1234333662826524673,2020-03-02 04:24:12,"Oregonians have a history of bringing out the best in each other in uncertain times. The same simple things that protect us during cold &amp; flu season –– washing hands, properly covering coughs &amp; sneezes, staying home if feeling sick –– can help keep ourselves and loved ones safe."
1234333661773742081,2020-03-02 04:24:12,"State and local health professionals are working around the clock to identify, treat, and contain each case of this disease. My commitment to Oregonians is that our state agencies will be as accurate, transparent, and swift as possible in conveying the info we have to the public."
1234333660863614976,2020-03-02 04:24:12,"My thoughts are with the Oregonians who have contracted this virus, as well as their families. The developments of the last 48 hours in Oregon and across the globe are concerning, and we are taking this extremely seriously. https://t.co/frd7CratS1"
1234236359260299264,2020-03-01 21:57:33,"I want all Oregonians to know that we are taking the coronavirus situation very seriously, and that our state agencies will share new developments as quickly as possible. To learn more about COVID-19, follow @OHAOregon and check out their website: https://t.co/sDFEt32Zbv."
1233608680517451776,2020-02-29 04:23:23,"I understand this news is concerning, and I want Oregonians to know we are taking this very seriously.  

Our health officials are professionally trained to handle this situation and are responding quickly. https://t.co/fle4XEkno3"
1233517479256903681,2020-02-28 22:20:59,"Let’s be clear: we can’t pass budgets when Republicans are not in the building. Beginning of story, middle of story, end of story. https://t.co/ujg9HEYzJJ"
1233461167214825472,2020-02-28 18:37:13,"I've convened the Coronavirus Response Team to ensure we are taking every precaution necessary, in coordination with local health authorities, hospitals, community health partners &amp; school districts — and to make sure that Oregonians know how they can keep their families safe."
1233461166179078144,2020-02-28 18:37:13,"There are zero confirmed cases of coronavirus in Oregon and the risk to Oregonians of contracting it remains low. However, in an escalating global health crisis, we must make sure we are as ready and informed as we can be. https://t.co/CtzzYQTYK2"
1233260702762029056,2020-02-28 05:20:39,"These talented students stopped by the State Capitol today — the robotics team from Bend's Summit High School. Their team is called Chaos Theory, because they believe in the 'butterfly effect' (that little changes scale up and can matter more than we ever know.) https://t.co/bAQhtLZh4O"
1233142016076156929,2020-02-27 21:29:01,"When the Republicans walk away from their jobs, deny quorum and shut down government, it puts critical state funding in jeopardy — for wildfires, for foster care, for Pendleton flooding recovery... https://t.co/f93b18tofO"
1232888554637819905,2020-02-27 04:41:52,"I have been clear since the flooding happened that I am dedicated to making sure the people of the Umatilla Basin receive recovery support from the state. That commitment doesn't change with Republican lawmakers' decision to walk away from their jobs.
https://t.co/UlPSOTKoK7"
1232815893530345472,2020-02-26 23:53:08,"We will keep fighting the Trump Administration’s attempts to deprive Oregon women access to the family planning, reproductive, and preventative health care services they need to make critical decisions about their own health.
 https://t.co/2Y1aviDiOp"
1232763082830532608,2020-02-26 20:23:17,"I'm in our State Capitol, ready to work — ready and waiting for the Republicans to show up and do their jobs. #orpol #orleg https://t.co/0Z54y6S72i"
1232537524670623744,2020-02-26 05:26:59,"I’m disappointed that Republicans in both the House and Senate have walked off the job. 

Good lawmaking comes from consensus and compromise.  If you don’t like a bill, then show up and work to make it better.  Or show up and cast your vote against it. 
https://t.co/sHuZ3NgbIc"
1232161789602754560,2020-02-25 04:33:57,"I am disappointed that the Republicans have chosen to shut down government. We were elected by the voters to represent our communities and be their voices in our Capitol. It's clear the Republicans who walked out are not against climate policy, but against the democratic process."
1231798149737377792,2020-02-24 04:28:59,"Assemble a welcome basket. Renovate a DHS office. Babysit so foster parents can catch a movie. Show up... 

Every Child believes the child-welfare system is only as strong as the community that comes alongside it. They are doing incredible work. https://t.co/q5Oe8Kywxv"
1231613410422312961,2020-02-23 16:14:53,"I am committed to making sure that Oregonians impacted by the flooding have what they need to stay in place, reopen their businesses and rebuild their lives. This $11.65 million proposal includes relief for businesses, homeowners and for levee repairs.  https://t.co/DCWTUPwUNC"
1230963681602588672,2020-02-21 21:13:06,"Happy 80th birthday to voting rights champion, @RepJohnLewis. Thank you for leading the way, and inspiring us all to have the courage to stand up against injustice. #GoodTrouble"
1230715791110131712,2020-02-21 04:48:04,"Much of our health is determined by how and where we live, work and play. So it's no surprise that doctors are connecting the dots between climate change and its impacts on public health — calling it ""the biggest public health crisis we’ve ever faced."" https://t.co/lP1Cey9jAW"
1230276387451228161,2020-02-19 23:42:02,"On the heels of today's voter access victory in FL, I got together with my friend @SenJeffMerkley to chat about how we can continue expanding voting access in our great state.
https://t.co/OM0wsrXn5e"
1230194352476942336,2020-02-19 18:16:04,A momentous victory today for voting rights in Florida. https://t.co/mlGB0WcdHR
1229860518849986560,2020-02-18 20:09:32,"This morning, I hosted the American Foundation for Suicide Prevention's Advocacy Day to hear survivor and advocate stories firsthand. Today and every day, please remember that you matter. If you’re struggling, reach out anytime for help at 800-273-TALK or text “273TALK” to 839863 https://t.co/c6aZ7JsxzN"
1229515071467900928,2020-02-17 21:16:50,"On this #PresidentsDay, I’m thinking of Jimmy Carter, our oldest living U.S. president. A Nobel Peace Prize recipient, he continues to inspire me through his 30+ years working with Habitat for Humanity and his continued dedication to “waging peace” around the world. https://t.co/tE8qNXqIlH"
1229439710390444032,2020-02-17 16:17:23,"A quick update on the 2020 Legislative Session: 
https://t.co/DctPItOJJz"
1229118095437877249,2020-02-16 18:59:24,"Life has been completely turned upside down for Oregonians affected by the floods. Damage has impacted infrastructure, housing... I'm confident we can get these communities the resources they need, but it's so important we work together on solutions. https://t.co/gH8gsKzuXN"
1228902332038955009,2020-02-16 04:42:02,"I'm committed to helping change the future trajectory of wildfire in Oregon — thank you @forestservice for joining us in that commitment. And thank you, Chief Christiansen, for the federal partnership around forest management in our state. https://t.co/91KmFmsOKL"
1228795649920925697,2020-02-15 21:38:07,"I was able to see the flooded areas of Eastern Oregon firsthand, and the damage is extensive. Please keep these Oregonians in your thoughts as we all work together on recovery efforts. https://t.co/IK3rcjKbuq"
1228466621863170049,2020-02-14 23:50:41,"Today I surveyed the devastating flood damage in Pendleton. I'm proud of how Oregonians are coming together to help: @TeamRubicon doing veteran-led disaster response, Tracy Curtis of @WellsFargo donating $100k in aid, and the heroic @OregonGuard for rescuing 54 people. https://t.co/q4iddrcO4q"
1228417645860409344,2020-02-14 20:36:04,It’s no wonder Oregon’s birthday (161 years old today!) falls on Valentine’s Day; it’s easy to fall in love with this amazing place. 💕 https://t.co/5Lm8IyKWL9
1228000472004382720,2020-02-13 16:58:22,"Black history is Oregon history. This is a great 30-minute @OPB documentary about the contributions of Oregon’s Black pioneers from the mid-1800s. #BlackHistoryMonth

https://t.co/TGvJZeKiRK"
1227712572524290054,2020-02-12 21:54:21,"Protecting the rights of LGBTQ+ children takes us one step closer to a more inclusive and welcoming Oregon.

https://t.co/yrLKsPkmoS"
1227462893379235840,2020-02-12 05:22:13,"Antarctica is one of the fastest warming places on Earth, and many of its glaciers are melting due to global warming. 
Stop and think: when temps in one of the coldest places are nearly the same as those in Southern California, doesn't that mean something?
https://t.co/4q5tZTNmb0"
1227393497243639808,2020-02-12 00:46:28,"I've met so many bright, young #WomenInScience here in Oregon — students who are passionate about learning engineering, math, robotics, coding... they tell me ""science is cool."" I agree! And I'm so happy that hands-on learning and #STEAM classes inspire them."
1227085519030382594,2020-02-11 04:22:40,"We all know that if we work together, we can make Oregon a better place for everyone. And that’s exactly what happened here. https://t.co/lrKVsn9Pie"
1227000486529646592,2020-02-10 22:44:47,"This pact proves that when we work together with a willingness to compromise, we can create a better future in Oregon. Oregonians want healthy forests &amp; fish, a vibrant forest sector and prosperous rural communities. These are not mutually exclusive goals. https://t.co/q4ngYmERZW"
1226276909387935744,2020-02-08 22:49:32,"Thank you, @OregonGuard — and all the first responders, state agencies, and volunteers working around the clock to help Oregonians in need right now. https://t.co/titICPbXrS"
1225923443255758848,2020-02-07 23:25:00,"This emergency declaration ensures state resources, emergency response personnel, and equipment can be activated to complement critical local resources. @OregonOEM will continue to provide regular updates."
1225923441800306688,2020-02-07 23:24:59,I am grateful for all of our first responders for their efforts to keep everyone safe since the waters began rising.
1225923440172920833,2020-02-07 23:24:59,"I have declared a state of emergency in Umatilla, Union, and Wallowa Counties due to severe flooding. From the early hours of this situation, @OregonDOT, @ORStatePolice, @OregonGuard and @OregonOEM have been collaborating with local officials to keep people safe."
1225923438952337408,2020-02-07 23:24:59,Please join me in keeping the families of the Confederated Tribes of the Umatilla Indian Reservation and all those displaced by flooding in Eastern Oregon in your thoughts today.
1225630898223083522,2020-02-07 04:02:31,Thrilled to celebrate our wonderful @trailblazers! #RipCity https://t.co/R9T7ZzIwFw
1225272724081168389,2020-02-06 04:19:16,"150 years since the 15th amendment, yet states like Texas &amp; Florida are still making it difficult for people of color to access the ballot box through voter suppression tactics. We must keep fighting to ensure every single eligible voter's voice is heard. https://t.co/ddOHcHHlaD"
1225218850209189889,2020-02-06 00:45:12,"These health care leaders' policy recommendations include meeting and strengthening Oregon’s greenhouse gas emissions reduction goals.

In their words: climate change is the “greatest public health challenge of the 21st century."" https://t.co/gba5SNHJDR"
1225201060639207425,2020-02-05 23:34:30,"For our communities to continue to thrive, Oregon must be resilient and ready to recover from natural disasters, including an eventual Cascadia event — also known as ‘The Big One.’ We must be prepared and we have to prioritize action as a state. https://t.co/1Xojip7TaW"
1224922177897582592,2020-02-05 05:06:19,"The President brought up the marchers of Selma and Martin Luther King Jr. tonight — people who put everything on the line to fight for voter access. We must honor their legacy by restoring the right to vote in this country. 

Let's pass HR1 and protect voting rights.

#SOTU"
1224909773830668288,2020-02-05 04:17:02,"If the President really wants to help Americans with pre-existing conditions, he could stop backing lawsuits that states like Oregon are fighting that could cost 130 million Americans (including 1.6 million Oregonians) their health coverage. #SOTU"
1224814664032243712,2020-02-04 21:59:06,"Oregon is one of the most modern, secure and efficient voting systems in the country. We've made safeguarding the sanctity of our elections a priority. Vote-by-mail is one tool we use to ensure every eligible voter has access to the ballot box — it works. https://t.co/sLqdCU61gZ"
1224547328419172352,2020-02-04 04:16:48,"To Kira: I hear you, and I promise you that I too am concerned about your future if we don't take meaningful action on climate change now. 

Oregon may be small, but I know we can make a huge impact on this crisis by taking urgent action. https://t.co/vT6c9F2EhW"
1224466995652878336,2020-02-03 22:57:35,"Almost every fire season since I became Governor has been a historic fire season. Today I called on the legislature to fund wildfire readiness, response, and recovery — we have a real chance to make a difference ahead of the 2020 fire season, and doing nothing is not an option. https://t.co/t0EuKGFrVm"
1224105454093029376,2020-02-02 23:00:57,"Legislative session kicks off tomorrow, and I believe it's critically important that we come together for Oregon's future. 

Our children have made it very clear: we can't wait to take action on climate change. https://t.co/Hwu2MIMEFd"
1223711993443405824,2020-02-01 20:57:29,"This travel ban goes against American values, and does not represent what our country stands for. In Oregon, immigrants strengthen the very fabric of our communities — and will always be welcome. https://t.co/22nJE0J2Ry"
1223460428551901185,2020-02-01 04:17:51,"Climate change is the most pressing issue of our time. In Oregon, we already feel the impacts from voracious wildfires to the diminishing shellfish populations due to ocean acidification — and it’s only going to get more challenging. We must act now. https://t.co/HZssKCsLEy"
1223364137155055616,2020-01-31 21:55:13,"While the FDA falls short regulating vape products, our youth are getting hooked in alarming numbers. Oregon's vaping work group will look for ways to keep our kids healthy and safe. https://t.co/dux4ao0UM1"
1223294100813729797,2020-01-31 17:16:55,"When it comes to earthquakes, a matter of seconds can mean the difference between Oregonians reaching safety or facing tragedy. ShakeAlert provides that crucial early warning — and is part of my proposed $12.7 investment to make Oregon more resilient. https://t.co/HYlR4FM4Ow"
1223118799630553089,2020-01-31 05:40:20,"From more dollars for our schools and hospitals to ensuring our roads are safe and well kept, the census has a significant impact in the everyday lives of all Oregonians.

Mailings from the Census Bureau will begin arriving in March. Mark your calendar! https://t.co/FXSYPFfW9i"
1223026418705022976,2020-01-30 23:33:15,"Our oceans absorbs as much as 25% of human-made carbon dioxide.

And now those greenhouse gas emissions are causing ocean acidification, threatening Oregon’s most commercially valuable shellfish: the Dungeness crab.
https://t.co/aFVkhI4dFH"
1222940430783803392,2020-01-30 17:51:34,"In Oregon, we’re working hard to contain the growth of health care costs. Taking health coverage away from our friends, our neighbors, and the Oregonians who need it most is not the solution.
https://t.co/jENSKSSs5y"
1222615261850693633,2020-01-29 20:19:28,"If a major Cascadia earthquake were to strike again, we anticipate that Oregonians would be without essential services for weeks — and possibly months. 

We absolutely must be prepared. https://t.co/Bx3TPuHQBX"
1222362576069087234,2020-01-29 03:35:23,"Our democracy's strength relies on representation, and the 2020 Census is integral to making sure that Oregonians receive their fair share of federal resources and congressional representation over the next decade. https://t.co/6kSBydV0gp"
1222289128185708544,2020-01-28 22:43:31,"The effects of global warming are being felt across the globe — and definitely right here at home. 

Climate change is the issue of our time. We need to tackle it now, and preserve a future for our children, and for the generations to come.
https://t.co/t6Hct9rKPZ"
1222216325189128192,2020-01-28 17:54:14,"We can craft climate policy that protects our environment and grows our economy. Capping and pricing carbon pollution provides a way for Oregon to meet our climate goals and create new, good-paying jobs all over the state. 
https://t.co/7EZlPaF5ju"
1222004506017202178,2020-01-28 03:52:32,"Thank you, for all that you do for Oregon. https://t.co/A0xAXga7Ns"
1221878148943335424,2020-01-27 19:30:26,"This rule is wrong, and we will not stand for intolerance in America. It was designed by the Trump administration to intimidate working immigrants who live here lawfully, simply for trying to provide for their children. https://t.co/YOv87EfL8U"
1221557338630262785,2020-01-26 22:15:39,"Thanks to the persistence of our students and their families, and an ongoing commitment of our educators to expand opportunities, Oregon has reached a new milestone: for the first time, 8 of 10 Oregon students graduated high school in four years. https://t.co/ohfqEYaxOW"
1221489225654132737,2020-01-26 17:45:00,"When the next large-scale Cascadia earthquake strikes the PNW, Oregon will face the greatest challenge of our lifetimes. Today marks the anniversary of the last Cascadia earth quake — a good reminder for us all to think about how we can best be prepared. https://t.co/A1awvc99bV"
1220848283062456320,2020-01-24 23:18:07,"""Participation in this process is an opportunity to participate in democracy the way it is supposed to be,"" says Esperanza Tervalon-Garrett. 

She's leading the We Count Oregon team, working to ensure a full and accurate 2020 Census count in Oregon. https://t.co/dqQt8se19z"
1220762411742793730,2020-01-24 17:36:54,"We must do something meaningful, and soon, about climate change — this is the issue of our time. https://t.co/7vYLtsZjp1"
1220576421564669952,2020-01-24 05:17:50,"Salem-Keizer School District administrators credit Dwight Roberson with bumping the district's graduation rate for black students to the highest it’s been in at least a decade. 

He's an incredible role model, working so hard to help our students succeed.
https://t.co/jeShVDhwva"
1220504753098018817,2020-01-24 00:33:03,"Spent the day in Bend previewing my priorities for the upcoming legislative session, including addressing climate change and wildfire response. This is so important — left unchecked, climate change will have devastating effects on all that we hold dear.
https://t.co/MIBkO7g7Cf"
1220418309298040832,2020-01-23 18:49:33,Every student in Oregon deserves to graduate prepared for lifelong success and with a plan for their future. The historic reinvestment in education made possible by the Student Success Act will further empower our schools to reach new levels of learning. https://t.co/2RCxUUEPpo
1220409923693154306,2020-01-23 18:16:14,"RT @ORDeptED_Colt: Students, educators, and families worked hard to achieve these graduation rates. A consistent focus on equity in educati…"
1220109668548132865,2020-01-22 22:23:08,"Building a welcoming environment at school by creating sports teams made up of students with disabilities and without disabilities playing together. Great work happening at South Salem High, where teachers say this inclusivity is decreasing bullying. https://t.co/tPfHwtT2tT"
1220048156630454272,2020-01-22 18:18:42,"The Supreme Court's landmark ruling in Roe v. Wade affirmed the right to safe and legal abortion. 47 years later, this fundamental right is being challenged across the nation. I'm proud Oregon protects a women's right to choose; let's keep fighting to make sure it stays that way."
1219839904332468224,2020-01-22 04:31:11,"The past decade was the hottest ever recorded — caused in large part by carbon dioxide emissions.

""What happens in the future is really up to us,"" says one scientist. https://t.co/nTaxQILKlm"
1219733267399593984,2020-01-21 21:27:27,"Our democracy’s strength relies on representation, and the 2020 Census is integral to making sure that Oregonians receive their fair share of federal resources and congressional representation over the next decade.  https://t.co/1UCCBX4ST2"
1219708808777228289,2020-01-21 19:50:15,"The 2020 Census officially kicks off today in a remote fishing village in Alaska. Oregon and other states' count won't roll out until March, but the frozen ground in Alaska now makes it easier to reach remote communities — and everyone needs to be counted. https://t.co/gMmU8E0wSh"
1219331611306520576,2020-01-20 18:51:24,"I keep a rock engraved with these words from #MLK, “Our lives begin to end when we are silent about the things that matter.”

I believe in the power of speaking up: for a world where the best of humanity prevails, and where every person has the right to life, liberty and justice."
1218402008169713664,2020-01-18 05:17:30,"Kicking off the weekend with a beautiful interfaith community gathering in celebration of Martin Luther King, Jr. — Thank you Congregation Beth Israel for hosting this special Shabbat service. https://t.co/Mewu0giRG2"
1218244087507144704,2020-01-17 18:49:58,"""Voting is a privilege""? No Governor, you're wrong. It's a right.

Let's call this out for what it is: voter suppression. https://t.co/T3SpFS2xfV"
1218028218965352448,2020-01-17 04:32:11,"Amazing game! Was lucky to catch this one in person, and witness @sabrina_i20 score a career-high 37 points. Congratulations, @OregonWBB. #GoDucks https://t.co/S392Q1Fc1e"
1217925548988461056,2020-01-16 21:44:13,"Expanding access to clean, renewable energy for Oregonians who may not otherwise be able to afford the investment in solar is the focus of @ODOEnergy's new solar + energy storage rebate program. https://t.co/NqiUf5lnil"
1217877523435941888,2020-01-16 18:33:23,"An estimated 70% of people will fill out the 2020 Census this year — the remaining are “hard-to-count” as they may not participate, for one reason or another. Local leaders across the state are getting the word out about the importance of participation. https://t.co/cHybcjWU5A"
1217533018396475392,2020-01-15 19:44:26,"A step in the right direction: a federal judge has blocked Trump’s executive order giving states and local governments the power to reject resettling refugees. 

Oregon is, and will continue to be, a sanctuary for refugees. #RefugeesWelcome https://t.co/qFQwL51S7l"
1217302691371552769,2020-01-15 04:29:12,"Congratulations to The Dalles community on snagging a  top five spot on the TV show, @smbizrevolution! If enough people vote, they could win a small business ""makeover"" —what an incredible opportunity. https://t.co/NTJmmQs7cL"
1217193050364973056,2020-01-14 21:13:32,"On this day, 100 years ago: Oregon ratified the 19th amendment. While we celebrate this milestone, we still have so much work to do. We must keep up the fight to ensure that every eligible voter can have their voice heard. https://t.co/uVOrxPPEdZ"
1216862726212837376,2020-01-13 23:20:56,"""... research has shown that automatic vote registration is proven to significantly increase the number of unregistered people who get registered."" 

Yes. We have seen this firsthand in Oregon.

https://t.co/prHQHLL5E5"
1216527280090025984,2020-01-13 01:08:00,"I'm a bit speechless reading Craig's story. This former @BeaverFootball star has summited the highest mountain peak on each of the 7 continents — something only ~500 people in history have done! 

And he climbed 4 of those peaks after an ALS diagnosis. https://t.co/lvT8m3qkgR"
1216413027643412481,2020-01-12 17:34:00,"From improving recycling in multifamily housing in Multnomah County to investing in a farm-to-school program in Jackson County, @OregonDEQ is helping 17 organizations across the state boost projects that benefit our environment. https://t.co/uSDiE92mtU"
1216216890986549248,2020-01-12 04:34:37,The Oregon Army National Guard is blessed with truly remarkable people — and Task Force Jungleer is no exception. These volunteers will be leaving their jobs in order to serve on a peacekeeping mission in Kosovo. You make Oregon proud. #AmazingOregonians https://t.co/IpGN2dOPkU
1216065235729039365,2020-01-11 18:32:00,"Working with local tribal leaders and the National Park Service, @OregonDOT restored the Chief Joseph memorial along Highway 351 in eastern Oregon — a tribute to preserving the past, and ensuring future generations can continue to honor and learn. https://t.co/JjdmNfJfmR"
1215786257122332672,2020-01-11 00:03:26,"A preview of inaction on climate change: as the planet warms (mostly due to increased levels of carbon in the atmosphere) the kinds of things we experience every now and then will happen more frequently — like this weekend's massive tides on the coast.
https://t.co/q36vfy8Bo4"
1215754441325867008,2020-01-10 21:57:01,Oregon’s CCO system is a national model for community-based health solutions — great to see them working with @OHAOregon to ensure patient care for the Oregon Health Plan’s nearly one million members continues uninterrupted during the CCO 2.0 transition. https://t.co/SZktF8174s
1215401761839562754,2020-01-09 22:35:35,"Voting is a fundamental right of being a citizen, and people across the country should have the ability to access this fundamental right without barriers like registration. 

Automatic Voter Registration works. Well done, New York. https://t.co/L9iroOsLnQ"
1215366639102783488,2020-01-09 20:16:01,"In Ben's words:

""As a rural natural-resource based business owner, I realize climate legislation may very well impact my bottom line. There is no magical, free solution to this problem. But the cost of inaction will hurt my bottom line much more."" 

https://t.co/EudWZUMojw"
1215044236791300096,2020-01-08 22:54:55,Free public transportation is helping students in Clatsop County get to school and extracurricular activities — an initiative that launches as communities across Oregon are working together to address barriers that students face in getting to school. https://t.co/ns2QUSdFn4
1214693985307873280,2020-01-07 23:43:08,"Hard to see the devastating wildfires in Australia, and reckon with the fact that climate change is making them worse. We join the world in wishing for the safety of all Australians.

Good luck to the Oregon firefighters deploying to help. https://t.co/QSURA6ApcJ"
1214638776326094849,2020-01-07 20:03:45,"Excited to follow the work of Oregon's new Teacher of the Year, Mercedes Muñoz. She has a powerful message to share — in her own words: “Special education students are general education students first — they belong to all of us.” https://t.co/aTRtVdsw5J"
1214286807455522816,2020-01-06 20:45:09,"Huge congratulations to Oregon's @LAIKAStudios for winning the #GoldenGlobes Award for Best Animated Feature Film! ""Missing Link"" looks fantastic — about a 19th Century explorer who comes across Bigfoot in the PNW. https://t.co/UTWeqZHTzS"
1213574832090017792,2020-01-04 21:36:01,"If you haven’t yet seen a frozen waterfall on a winter hike, try and catch one! It’s pretty remarkable. Dan and I enjoy Silver Falls, the Gorge hikes are great too. https://t.co/18KBQfJ3Jw"
1213242200966025224,2020-01-03 23:34:16,"The facts are clear: Oregon saw youth e-cigarette use jump by nearly 80% between 2017-2019. By failing to ban all flavored vaping products, the FDA’s latest decision falls short of protecting our youth from vaping-related illnesses and a lifetime of nicotine addiction. https://t.co/0huJOs0PyS"
1213189782844538880,2020-01-03 20:05:58,"Scientists agree that sea levels are rising due to climate change, putting Oregon's coastal communities at risk. 

Best-case scenario: if we stop emitting greenhouse gases today, sea levels rise by a foot by the end of the century. Worst-case: 3 feet. https://t.co/GIW174xQok"
1213155276377018370,2020-01-03 17:48:51,Yet another attempt to interfere with a woman's right to choose. The government has no place in the conversations between women and their doctors. How is this still happening in 2020? https://t.co/nkmItWj52I
1212911622248792069,2020-01-03 01:40:40,"Nick Fish was a devoted public servant, and a true leader who cared so deeply about serving the people of Portland. An advocate for our environment, and a champion for the homeless. I will always remember his kindness. Dan and my thoughts are with his family."
1212879605129834496,2020-01-02 23:33:26,"Thanks to a four step treatment process, Washington County’s recycled water can now be used by breweries and distilleries to make beer, whiskey and other adult beverages. https://t.co/4SQiU5hJMj"
1212798310685106178,2020-01-02 18:10:24,"RT @OregonDEQ: Need an easier NY’s resolution than running a marathon?

How about committing to becoming a better recycler? It just takes m…"
1212798021026500613,2020-01-02 18:09:15,"RT @OHAOregon: #Flu season is in full swing, but it’s not too late to get a flu shot! You can find more information on flu clinics near you…"
1212553578214150145,2020-01-02 01:57:55,"What a game. What a season. Congratulations, Ducks! #RoseBowl #GoDucks https://t.co/MFzKQXdg5V"
1212471672038662144,2020-01-01 20:32:27,"Wishing everyone a great start to 2020! There is so much I’m looking forward to this year, and topping that list is continuing to work every day to make sure Oregon is a welcoming place to all who call it home, and one where every Oregonian is given the opportunity to thrive."
