id,created_at,text
1247349526060384257,2020-04-07 02:24:36,RT @Nevada_ONA: Let’s stay home for our families. Let’s stay home for our neighbors. Let’s stay home for our children. Let’s stay home for…
1247339480349954049,2020-04-07 01:44:41,"RT @GovSisolak: We are currently investigating whether all 12 of these deaths occurred today, or if there was a lag in timely reporting ove…"
1247339458904481792,2020-04-07 01:44:36,"RT @GovSisolak: In the short amount of time since my press conference ended, new reports to the State show another 12 deaths as a result of…"
1247332339601948672,2020-04-07 01:16:18,RT @GovSisolak: Ventilator use had increased slightly and is now at 44%. We have submitted an order to FEMA for 450 ventilators &amp; have been…
1247332331955744768,2020-04-07 01:16:16,"RT @GovSisolak: According to @NVHospitals, 282 COVID-19 patients are in Nevada hospitals statewide. Review additional hospitalization data…"
1247332322031988739,2020-04-07 01:16:14,RT @GovSisolak: Maj. Gen. Berry also provided updates on the critical role the @NVNationalGuard in helping us combat the spread of #COVID19…
1247332310837383170,2020-04-07 01:16:11,"RT @GovSisolak: Major General @ondralberry joined me to share our 5 goals:
1-Minimize Deaths &amp; Mitigate Spread
2-Obtain PPE to Protect Safe…"
1247332302792716290,2020-04-07 01:16:09,RT @GovSisolak: I want to thank all who tuned in. I look forward to providing more updates throughout the week. And remember: #StayHomeForN…
1247332296970997762,2020-04-07 01:16:08,"RT @GovSisolak: We know we need more PPE, and we continue our aggressive efforts to attain and distribute more. We won’t stop fighting for…"
1247316448751411200,2020-04-07 00:13:10,RT @GovSisolak: Tune in to my YouTube page at 5pm for an update on COVID-19 in Nevada: https://t.co/J22OrAgsqc
1247316435518386176,2020-04-07 00:13:06,RT @GovSisolak: Tune in NOW: https://t.co/5mT7PZA4XP
1247316388483457024,2020-04-07 00:12:55,"RT @GovSisolak: So far, we’ve lost 46 Nevadans to #COVID19. From yesterday to today, we didn’t lose a single life. We will continue monitor…"
1247316376852639744,2020-04-07 00:12:52,"RT @GovSisolak: As of today, we have 117 new positive cases. Our total positive cases have steadily increased since end of March, to a tota…"
1247315493578391552,2020-04-07 00:09:22,"RT @GovSisolak: That’s why we continue to aggressively explore testing expansion with lab experts in NV. But until we can expand, it’s crit…"
1247315486213197824,2020-04-07 00:09:20,"RT @GovSisolak: To date, NV has received 3k reagent kits for testing &amp; 4K test swabs from the federal government. We appreciate the testing…"
1247315478583726080,2020-04-07 00:09:18,"RT @GovSisolak: As of earlier today, 1,953 individuals have tested positive &amp; 15,676 have tested negative for #COVID19 in Nevada. 17,629 pe…"
1247315470337708032,2020-04-07 00:09:16,"RT @GovSisolak: To start, I want to thank all those who continue to #StayHomeForNevada. You’re doing your part and the State appreciates it."
1247258171791388673,2020-04-06 20:21:35,RT @GovSisolak: Thank you to @RTCSNV and @threesquareLV for all you're doing to help our seniors in need.
1247239732414705664,2020-04-06 19:08:19,RT @GovSisolak: I had a productive 2-hour phone call this morning with Vice President Pence’s Task Force. I’m fighting for Nevada every day…
1247021756667154432,2020-04-06 04:42:09,"RT @NVCensus2020: Nevadans all across the state are taking action in shaping our future.

Want to join them? Get counted now!

Visit https:…"
1246916864166334464,2020-04-05 21:45:21,"RT @NVHealthRespon1: We’re all in this together! Thank you, William Neal! 
#StayHomeForNevada @reviewjournal
https://t.co/hP8eE2zo63 https:…"
1246899784016728064,2020-04-05 20:37:29,"RT @MSNBC: WATCH: While speaking about the economic impact of COVID-19 on Nevada, Gov. Sisolak says ""lives are more important to us than th…"
1246881505332228096,2020-04-05 19:24:51,"RT @GovSisolak: On #GoldStarSpousesDay, we celebrate and bring awareness to the spouses and families who have sacrificed for their country…"
1246846582823116800,2020-04-05 17:06:05,RT @NVHealthRespon1: Shout-out to @WynnLasVegas for continuing to take care of their employees while we all face these uncertain times. #St…
1246836935059890176,2020-04-05 16:27:45,RT @GovSisolak: I will be on @msnbc shortly. Tune in NOW.
1246833734738837504,2020-04-05 16:15:02,RT @GovSisolak: I will be going on @AlexWitt on @MSNBC at 9:30am this morning to talk COVID-19 in Nevada. Tune in!
1246828140313243648,2020-04-05 15:52:48,"RT @GovSisolak: If you need health insurance, you can enroll NOW through April 15 at https://t.co/0Ykuz7hY2c. Subsidies are available for t…"
1246668607167139840,2020-04-05 05:18:52,"RT @GovSisolak: .@LGKateMarshall is right. Let’s show the rest of the country how much we care about funding our schools, hospitals, &amp; law…"
1246657338771005442,2020-04-05 04:34:05,"RT @GovSisolak: This call stems from the directive I signed that waives specific licensing requirements to allow certain doctors, nurses, E…"
1246657327467384832,2020-04-05 04:34:03,"RT @GovSisolak: Our state was born in in the midst of one of our country’s darkest moments, and we rose from those depths to greatness. Fig…"
1246657317040295938,2020-04-05 04:34:00,"RT @repdinatitus: Thank you to all of the postal workers, letter carriers, and delivery drivers who continue to deliver mail, packages, and…"
1246657293472555009,2020-04-05 04:33:55,"RT @News3LV: ""Our state was born in in the midst of one of our country’s darkest moments, and we rose from those depths to greatness,” -- G…"
1246561024485933057,2020-04-04 22:11:22,"RT @GovSisolak: As Mr. Rogers used to say, ""Look for the helpers."" I'm so thankful that we've got a lot of them in our great State."
1246507395213168641,2020-04-04 18:38:16,"RT @GovSisolak: I could not agree more!

Thanks to @krnv and Reno resident, Steve, for sharing shows of support for our first responders &amp;…"
1246442951531585536,2020-04-04 14:22:12,RT @GovSisolak: I realize it’s really tough out there and jobs are in limited supply. But there are a handful of places hiring out there. C…
1246284661409505280,2020-04-04 03:53:12,"RT @GovSisolak: For more specific guidance for those who wish to wear a face covering, some basic design principles and tips, how to care f…"
1246284651947122689,2020-04-04 03:53:10,"RT @GovSisolak: Again, a “face covering” is NOT a “mask.” Those battling #COVID19 on the frontlines—incl. doctors, first responders, &amp; othe…"
1246284639779446784,2020-04-04 03:53:07,"RT @GovSisolak: NV’s Chief Medical Officer: While there is no medical consensus on face coverings preventing contraction of #COVID19, they…"
1246284624369553409,2020-04-04 03:53:03,RT @GovSisolak: Today my Medical Advisory Team issued guidelines for using a face covering as a precautionary measure to prevent the spread…
1246277997553782784,2020-04-04 03:26:43,"RT @GovSisolak: Today, I ordered the flags of the U.S. &amp; the State of NV to be flown at half-staff at the State Capitol &amp; all State public…"
1246270869527130112,2020-04-04 02:58:24,"RT @NVHealthRespon1: We couldn’t be any more proud of what you all are doing for our state! Thank you, @CSNCoyote @DRIScience @gbcnevada @N…"
1246232701847236608,2020-04-04 00:26:44,RT @GovSisolak: Tune in to @MSNBC NOW to watch me talk about NV’s #COVID19 response efforts.
1246232584108920832,2020-04-04 00:26:16,"RT @GovSisolak: I was saddened to learn about the passing of NV Board of Regents member Sam Lieberman, a champion of higher education in Ne…"
1246223700858261505,2020-04-03 23:50:58,RT @GovSisolak: Tune in to @chrislhayes on @MSNBC at 5pm to watch me talk about COVID-19 in Nevada.
1246199116926836736,2020-04-03 22:13:17,RT @GovSisolak: And a special thanks to Sheldon Adelson and all the donors who have stepped up and played a key role in securing much-neede…
1246186158574325760,2020-04-03 21:21:47,"RT @NVHealthRespon1: Over 500 emergency bags have been delivered in the last two weeks! Thank you, @HHOVV and @threesquareLV! #StayHomeForN…"
1246186145932697600,2020-04-03 21:21:44,RT @GovSisolak: TY to Jim Murren &amp; the members of the private sector task force for all they’re doing to help NV during this crisis. Across…
1246186138185818112,2020-04-03 21:21:43,RT @GovSisolak: Need health insurance? You can get it right now through April 15. ⬇️⬇️⬇️
1246186116253810688,2020-04-03 21:21:37,"RT @GovSisolak: The State &amp; its citizens are facing a new, unimaginable reality, but I have faith in our strength. Nevadans have overcome m…"
1246186108137820160,2020-04-03 21:21:35,"RT @GovSisolak: With the near total shutdown of businesses, it is inevitable that decreased revenue will force the State to make tough choi…"
1246186100671930368,2020-04-03 21:21:34,"RT @GovSisolak: Today, due to the unexpected economic impacts of #COVID19, I asked State agencies to begin reviewing their budgets &amp; making…"
1245809469537144837,2020-04-02 20:24:58,RT @NVNationalGuard: What he said.
1245552559198101505,2020-04-02 03:24:06,RT @GovSisolak: Don't see your county in the top three? Head over to https://t.co/zXtzr5G9oR &amp; fill out your Census form now. Let's close o…
1245501105921875969,2020-04-01 23:59:38,RT @GovSisolak: Tune in to Facebook Live (https://t.co/dFfNlvJ3XD) at 5pm for an update on COVID-19 in Nevada.
1245446871671123968,2020-04-01 20:24:08,RT @GovSisolak: Today I visited the State Emergency Operations Center &amp; the Joint Operation Center in Carson City with Major General @ondra…
1245438737649188865,2020-04-01 19:51:48,RT @GovSisolak: This order still allows essential functions like grocery shopping &amp; driving to an essential business. It also allows outdoo…
1245435145139650564,2020-04-01 19:37:32,"RT @GovSisolak: Yesterday, I submitted a formal request to President Trump for a Major Disaster Declaration for the State of NV to free up…"
1245423626016288768,2020-04-01 18:51:45,RT @GovSisolak: NV has a STATE-run health exchange and is NOT impacted by the recent decision made at the national level to keep Obamacare…
1245410730167300097,2020-04-01 18:00:31,RT @GovSisolak: It was my honor to attend NV Adjutant General @ondralberry’s pinning ceremony in Carson City where he was promoted by the @…
1245404582429122560,2020-04-01 17:36:05,RT @GovSisolak: We have taken a number of critical and unprecedented steps since the Emergency Declaration as part of our #StayHomeForNevad…
1245404565370859520,2020-04-01 17:36:01,"RT @GovSisolak: Today I formally issued a Stay at Home order &amp; extended all other directives under the State Emergency Declaration, incl. t…"
1245369705935691778,2020-04-01 15:17:30,"RT @GovSisolak: In recognition of #NationalCensusDay, the First Lady &amp; I are calling on all Nevadans to fill out their census form at https…"
1245169353084956672,2020-04-01 02:01:22,"RT @GovSisolak: Nevadans staying in weekly stays or extended living motels are covered by the eviction moratorium.

If you have additional…"
1245116372108992512,2020-03-31 22:30:50,RT @GovSisolak: It is so nice to see all the positive stories involving our community--from @unlv students making sanitation kits for the h…
1245058975126573056,2020-03-31 18:42:46,"RT @GovSisolak: On #InternationalTransgenderDay of Visibility, we recognize and celebrate trans and non-binary people in Nevada and all aro…"
1245054107460780034,2020-03-31 18:23:25,RT @GovSisolak: A huge thanks to the ⁦@LasVegasSands⁩ for flying in a million masks and 20k protective suits for Nevada. This generous dona…
1244776922703228928,2020-03-31 00:01:59,"RT @GovSisolak: Great news for the folks in @nyecounty and Pahrump regarding drive-up COVID-19 testing on Tuesday and Wednesday.

Please re…"
1244715730307657728,2020-03-30 19:58:50,RT @GovSisolak: Is your landlord still trying to evict you or your business during the moratorium? Help is available from @NevadaAG Aaron F…
1244676771925987328,2020-03-30 17:24:02,"RT @GovSisolak: On #NationalDoctorsDay, we celebrate the countless doctors, nurses, first responders, and other health care workers who put…"
1244676753286545418,2020-03-30 17:23:57,"RT @GovSisolak: For those that missed the press conference yesterday and are looking for a version with better audio quality, please go her…"
1244649845014450176,2020-03-30 15:37:02,"RT @GovSisolak: Thank you, @GoldenKnights and @ChanceNHL! 

If #HomeMeansNevada to you, please #StayHomeForNevada."
1244631755434291201,2020-03-30 14:25:09,"RT @GovSisolak: Beginning this morning, Vegas parents and kids can access a whole range of age-appropriate, curriculum-based programming on…"
1244466582115373057,2020-03-30 03:28:48,RT @NVHealthRespon1: This starts tomorrow! Visit https://t.co/c0TbYr9Wkm for the daily schedule. #StayHomeForNevada @PBSReno https://t.co/k…
1244466004157071361,2020-03-30 03:26:31,"RT @CityOfLasVegas: Tonight, City Hall is dark blue in honor of @NHPNorthernComm/@NHPSouthernComm Sargent Ben Jenkins who was killed in the…"
1244461444160049152,2020-03-30 03:08:23,"RT @GovSisolak: Happy birthday to my good friend, @SenCortezMasto! 

And thank you for always fighting for Nevada!"
1244419155576537088,2020-03-30 00:20:21,"RT @GovSisolak: Great to see everyone practice safe social distancing today, allowing us to give this important update in-person. 

And it…"
1244396446327001088,2020-03-29 22:50:07,"RT @GovSisolak: Today, I announced, in coordination with @NevadaAG Aaron Ford, an emergency directive placing a moratorium on the vast majo…"
1244127015009021954,2020-03-29 04:59:29,"RT @GovSisolak: Every day, I’m reminded of the ingenuity of Nevadans. Whether it’s providing students meals while schools are closed, sewin…"
1244058205518364672,2020-03-29 00:26:04,"RT @GovSisolak: Check out this great social distancing rap from Tazayah Henderson, a super creative 4th grade student at Libby Booth Elemen…"
1244049166835179522,2020-03-28 23:50:09,"RT @GovSisolak: In the midst of an uncertain time, it’s important to hold on to the inspiring stories like this one. #AllInThisTogether"
1244047765736284160,2020-03-28 23:44:35,"RT @NVHealthRespon1: Amazing things coming from our #Vegas community!  @News3LV #StayHomeForNevada

https://t.co/0CNhit3FGz https://t.co/dQ…"
1244022954012241926,2020-03-28 22:05:59,RT @GovSisolak: Watch this brief message from First Lady Kathy Sisolak and I to all Nevadans out there. #StayHomeForNevada #NevadaStrong ht…
1244016853174738949,2020-03-28 21:41:45,"RT @NHPSouthernComm: Sgt Jenkins, we’re bringing you home. ⚫️🔵⚫️🇺🇸 https://t.co/DXDliK7rtl"
1243989374305329152,2020-03-28 19:52:33,"RT @GovSisolak: ICYMI: I also went on @MSNBC yesterday to talk #COVID19 in Nevada with @AriMelber. 

Watch here: https://t.co/OjghlQuMwe"
1243962677774274560,2020-03-28 18:06:28,"RT @GovSisolak: Since schools closed in Nevada just 12 days ago, @NVAgriculture, @NevadaReady, schools districts, &amp; community groups around…"
1243743071012966401,2020-03-28 03:33:50,RT @GovSisolak: A big thanks to @CNN and @donlemon for having me on this evening to tell the nation how proud I am of Nevadans for being so…
1243723638508937216,2020-03-28 02:16:37,RT @GovSisolak: Tune in to CNN right NOW to watch me talk about #COVID19 in Nevada.
1243721097813450752,2020-03-28 02:06:31,RT @GovSisolak: A lot of you have reached out expressing worry and concern about housing stability during this difficult time. I want you t…
1243679336332292096,2020-03-27 23:20:34,RT @GovSisolak: I am thankful the President invoked the Defense Production Act to compel GM to manufacture ventilators that will help save…
1243673593239592962,2020-03-27 22:57:45,"RT @GovSisolak: Today, I ordered the flags of the U.S. &amp; the State of Nevada to be flown at half-staff at the State Capitol &amp; all State pub…"
1243673478558969856,2020-03-27 22:57:18,"RT @lvchamber: Governor @SteveSisolak's COVID-19 Response, Relief &amp; Recovery Task Force is seeking donations of Personal Protective Equipme…"
1243635178095800320,2020-03-27 20:25:06,"RT @GovSisolak: Kathy and I were absolutely heartbroken to learn of the tragic and senseless killing of Sergeant Ben Jenkins, a 12-year vet…"
1243571447529762819,2020-03-27 16:11:52,"RT @GovSisolak: This is an important message from Nevada's Attorney General, @AaronDFordNV. 

All of these organizations are open and ready…"
1243561694778912769,2020-03-27 15:33:06,"RT @ntannenbaum: As @GovSisolak says ""If #HomeMeansNevada to you, PLEASE #StayHomeForNevada. Always glad to bust out my flute on @8NewsNow.…"
1243369703428382721,2020-03-27 02:50:12,RT @GovSisolak: Congratulations to Nevada's Adjutant General @ondralberry for his well-deserved promotion to Major General by the Air Force…
1243343558049849344,2020-03-27 01:06:19,"RT @GovSisolak: Thank you to our police officers, health care workers, and the rest of our essential workers for keeping our State safe and…"
1243295312703148033,2020-03-26 21:54:36,"RT @GovSisolak: TODAY at 3PM: I will be joined by Dr. Shadaba Asad, Director of Infectious Disease at @UMCSN Hospital in Vegas, to hold a v…"
1243295299201667073,2020-03-26 21:54:33,"RT @GovSisolak: A huge shout out and heartfelt thank you to my good friend, Mike Nikhman, for dropping off 3,000 masks and 2,000 gloves to…"
1243222794957025287,2020-03-26 17:06:26,"RT @GovSisolak: Thank you to @WCSDTweet, teachers, staff, and school districts around the State for working so hard to provide remote learn…"
1243173572060655617,2020-03-26 13:50:51,RT @GovSisolak: Never let your capacity for love and kindness be limited by the physical distance between yourself and those around you.…
1243005617322610690,2020-03-26 02:43:27,RT @GovSisolak: Are you looking for more information and regular updates about #COVID19 in Nevada? The Nevada Health Response Center is you…
1242965257129086976,2020-03-26 00:03:05,"RT @GovSisolak: While our students are home away from the classroom, it can be hard to come up with daily activities to keep their young mi…"
1242957854627090433,2020-03-25 23:33:40,"RT @NVHealthRespon1: Thanks for sharing your #StayHomeForNevada story, Hailey Murphy! https://t.co/AVueSn4rHS"
1242885823420182534,2020-03-25 18:47:26,"RT @GovSisolak: We’re in a pandemic. As leaders, let’s stand together as Americans to forget the partisan politics, put the health &amp; safety…"
1242885812947005441,2020-03-25 18:47:24,RT @GovSisolak: 4. Here’s the deal: medical professionals don’t want bad actors to harm Nevadans (or Texans!) by creating a shortage of cri…
1242885801513332736,2020-03-25 18:47:21,"RT @GovSisolak: 3. On March 20, the Texas State Board of Pharmacy adopted even stricter restrictions than NV for the same drugs. To help yo…"
1242885786090889216,2020-03-25 18:47:17,"RT @GovSisolak: 2. As written in the regs, doctors can still administer these drugs to admitted patients, including #COVID19 patients, if t…"
1242885777840726016,2020-03-25 18:47:15,RT @GovSisolak: 1. These regs were developed by the Nevada Board of Pharmacy in coordination with NV’s Chief Medical Officer and our COVID-…
1242885767958892544,2020-03-25 18:47:13,"RT @GovSisolak: Hey, Senator! 👋 I’m glad we agree that it’s critical to trust science &amp; listen to medical professionals...now and always. I…"
1242848230238343168,2020-03-25 16:18:03,RT @GovSisolak: These emergency regulations were promulgated by the Nevads Board of Pharmacy and recommended by the NV #COVID19 Medical Adv…
1242848157345525760,2020-03-25 16:17:46,"RT @GovSisolak: This regulation DOES NOT prohibit prescription of these drugs for inpatient treatment. In other words, if a doctor in a hos…"
1242632855135465473,2020-03-25 02:02:14,RT @NVHealthRespon1: The teachers in our community deserve a HUGE round of applause! #StayHomeForNevada #CCSD #ShareYourStory @ClarkCountyS…
1242620721433436160,2020-03-25 01:14:01,RT @GovSisolak: Today I signed an emergency directive prohibiting gatherings of groups of 10 or more in any indoor or outdoor public area t…
1242597970438017024,2020-03-24 23:43:37,"RT @GovSisolak: Tune in to Facebook Live at 5:15pm for an important update from the Governor's Office.

Watch HERE: https://t.co/JeNglED2jz"
1242586425733681153,2020-03-24 22:57:44,"RT @GovSisolak: Today, I signed an emergency regulation limiting the prescription &amp; issuance of two drugs that have unproven results with t…"
1242577480981962754,2020-03-24 22:22:12,"RT @GovSisolak: Thank you to our Chinese-American community in Las Vegas for generously raising over $50,000 to buy supplies for local hosp…"
1242523087624519680,2020-03-24 18:46:03,"RT @GovSisolak: A huge thanks to our former Nevada Governors: Brian Sandoval, Bob Miller, Richard Bryan, &amp; Robert (Bob) List (@rflist) for…"
1242504914938421250,2020-03-24 17:33:51,"RT @GovSisolak: Live in Vegas and looking for work? All these businesses are currently hiring: @MySmithsGrocery, @amazon @Walmart, @UPS, @F…"
1242504894562439168,2020-03-24 17:33:46,"RT @GovSisolak: .@DignityHealth is currently ""accept[ing] donations of unopened boxes of N-95 masks, surgical masks, and isolation gowns fr…"
1242504880670961664,2020-03-24 17:33:42,"RT @GovSisolak: TY to our cities &amp; counties throughout NV, especially our rural communities like White Pine County, for understanding the g…"
1242504870952747009,2020-03-24 17:33:40,"RT @NVHealthRespon1: Thank you to the Las Vegas Chinese Community, led by representatives from Lan-Tian Cultural Center, for donating thous…"
1242487478998593536,2020-03-24 16:24:33,"RT @GovSisolak: It's wonderful seeing Vegas locals helping where they can. Thank you to all of our nurses, doctors, and first responders al…"
1242481443726487560,2020-03-24 16:00:35,RT @GovSisolak: It’s great to see our community come together to help those in need during these challenging times. About 800 meals were se…
1242216282507735040,2020-03-23 22:26:55,RT @GovSisolak: .@Baldinis_Casino has donated over 140 boxes of food to employees and their families. Thank you for supporting Nevada famil…
1242166922164056064,2020-03-23 19:10:47,"RT @CleanAirMoms_NV: #StayHome - it’s times like these when we need to come together, but in this effort, coming together means staying apa…"
1242131831341715456,2020-03-23 16:51:20,"RT @GovSisolak: Katie Horn of Las Vegas decided to get creative this weekend and let everyone know to #StayHomeForNevada. Thanks, Katie! ht…"
1241876123253784578,2020-03-22 23:55:15,"RT @GovSisolak: It’s going to take all of us working together to battle #COVID19 in our State and around the country, and I’m thankful we h…"
1241876113397125120,2020-03-22 23:55:13,"RT @GovSisolak: Today, I announced the creation of the COVID-19 Response, Relief &amp; Recovery Task Force, led by former MGM Resorts CEO Jim M…"
1241854772942123011,2020-03-22 22:30:25,RT @GovSisolak: Our Facebook Live press conference has been moved to 4pm. Please tune in then. Thank you.
1241854738150424582,2020-03-22 22:30:16,RT @GovSisolak: Tune in to Facebook Live at 3:30PM to watch me make an important announcement related to proactive steps our community and…
1241834591373017089,2020-03-22 21:10:13,"RT @NVHealthRespon1: Thank you, Jayde Powell, for your service to the sick and elderly in the state of Nevada. Helping them #stayhomeforNev…"
1241737365317533705,2020-03-22 14:43:52,"RT @News3LV: According to officials, Nevada and Clark County are capable of meeting the ever-growing demand for essential goods and supplie…"
1241531047600242690,2020-03-22 01:04:02,"RT @GovSisolak: TY to NV's Attorney General, @AaronDFordNV, &amp; Las Vegas City Attorney Jerbic for working together to reach the conclusion t…"
1241531020609871872,2020-03-22 01:03:56,"RT @GovSisolak: Thank you, @NVSupt, for keeping Nevadans updated on measures the State is taking to support NV schools, including extending…"
1241512804533841921,2020-03-21 23:51:33,"RT @NVAgriculture: We have a new webpage dedicated to listing all USDA-approved meal site and COVID-related food resource updates.

We are…"
1241480923918389248,2020-03-21 21:44:52,"RT @GovSisolak: Thank you, @LVchrisbrooks. This is the sort of creative thinking that we need to tackle this crisis head on. It’s on us, Ne…"
1241480906491056128,2020-03-21 21:44:48,"RT @GovSisolak: We WILL flatten the curve. We WILL get through this, thanks to YOU. Our support is behind you, as is our gratitude. We will…"
1241480897020325889,2020-03-21 21:44:46,RT @GovSisolak: We are all so blessed to have you out there everyday fighting this invisible enemy. You’ve stood up and worked tirelessly t…
1241480882378002432,2020-03-21 21:44:42,RT @GovSisolak: I want to thank all the health care professionals who have risen to the challenge during these difficult times. You have an…
1241480868792696834,2020-03-21 21:44:39,"RT @LVMPD: #LVMPD to Begin Compliance Checks Following @GovernorSisolak Declaration of Emergency 

https://t.co/P3vauQ95cH

#VegasSafe
#Sta…"
1241415314815873031,2020-03-21 17:24:10,"RT @frcojmorales: El Gobernador Steve Sisolak y el DMV de NV han concedido una extensión de 90 dias para licencias, registros, y otros docu…"
1241203912561922048,2020-03-21 03:24:07,"RT @GovSisolak: Just after my press conference today, Nevada's total number of positive cases increased. And because this developed elsewhe…"
1241203897076604928,2020-03-21 03:24:04,"RT @GovSisolak: And as our cases increase and our situation becomes more dire, literally by the hour, I will continue to face the challenge…"
1241203885668102144,2020-03-21 03:24:01,"RT @GovSisolak: It feels like the world has turned topsy-turvy. But if, and only if, Nevadans come together and put each other first, we ca…"
1241203868697890817,2020-03-21 03:23:57,RT @GovSisolak: Our choice comes down to how long we want this to drag on. Is it better to let it linger and hope it resolves itself while…
1241203244610637825,2020-03-21 03:21:28,"RT @GovSisolak: While I’m so proud of all those who’ve put their State before themselves &amp; committed to #StayHomeForNV, we know that not ev…"
1241203235290931201,2020-03-21 03:21:26,"RT @GovSisolak: For those interested in reading the directive shutting down all non-essential businesses, which provides more information o…"
1241186138875768835,2020-03-21 02:13:30,RT @GovSisolak: This extension provides some reassurance to drivers that any processing delays caused by physical office closures will not…
1241153560911523842,2020-03-21 00:04:03,"RT @GovSisolak: When I spoke at my press conference earlier today at 1:30pm, the total number of positive cases statewide was 109. 

A litt…"
1241131065600851968,2020-03-20 22:34:39,"RT @GovSisolak: Doctors, nurses, and other health care providers from around the world, including right here in Nevada, are joining the “St…"
1241116238882865152,2020-03-20 21:35:44,"RT @GovSisolak: This decision, like the others before it to close our schools and the industry that is the lifeblood of NV, was incredibly…"
1241116226123739136,2020-03-20 21:35:41,"RT @GovSisolak: Previously, I asked nonessential businesses to close, but this moment now demands more. 

Today, I directed ALL nonessentia…"
1241090541363679232,2020-03-20 19:53:38,"RT @GovSisolak: Today, I will be giving a LIVE announcement from the Governor's Office to deliver an important message related to #COVID19…"
1241000068355772416,2020-03-20 13:54:07,"RT @GovSisolak: I know it’s hard right now. But we have faced challenges before &amp; have overcome. Wherever you live in this great State, kno…"
1240811323853664256,2020-03-20 01:24:07,"RT @NVIC_gov: We have been receiving questions concerning the USDA's  commodity program. Here is an important link. 

https://t.co/Ka0P71EQ…"
1240811298507517952,2020-03-20 01:24:01,RT @UNLV_President: 16 heartwarming ways Las Vegans are helping amid coronavirus | Las Vegas Review-Journal https://t.co/HlUop7QaD8
1240808071053471744,2020-03-20 01:11:11,"RT @NVCensus2020: By filling out the #NevadaCensus, you're ensuring Nevada receives federal funding for 

✅education 
✅health care
✅public…"
1240673186024280067,2020-03-19 16:15:12,"RT @GovSisolak: Why is NV taking such dramatic and immediate steps in response to #COVID19? 

One answer: To flatten the curve.

With prote…"
1240490481533906945,2020-03-19 04:09:12,"RT @GovSisolak: This is incredible! Thank you for creating art that reminds everyone to #StayHomeForNevada

(remember: if you save &amp; share…"
1240485911789334528,2020-03-19 03:51:03,RT @GovSisolak: This should make every Nevadan proud 👇 #StayHomeForNevada
1240477935804411904,2020-03-19 03:19:21,"RT @GovSisolak: Today, I instructed @DETRJobConnect to waive the work search requirement &amp; the 7-day wait period for approved unemployment…"
1240477905051717634,2020-03-19 03:19:14,RT @GovSisolak: Today I also signed an agreement with @FEMA to bring valuable federal funding and resources to Nevada. Thank you to our @NV…
1240417388828315648,2020-03-18 23:18:45,RT @GovSisolak: Grateful I got to talk to Nevada’s 17 Tribal Nations today about the #COVID19 situation. Thank you all for your leadership.…
1240402412235558912,2020-03-18 22:19:15,RT @GovSisolak: And a special thank you to Director Michael Brown (@MJBofNEV) &amp; the @DiversifyNevada team for making this happen! 💯
1240400960037564420,2020-03-18 22:13:29,"RT @GovSisolak: Great news for NV small businesses: After my request, we are now one of the FIRST states to get statewide approval for @SBA…"
1240387218256154625,2020-03-18 21:18:52,"RT @GovSisolak: Today, I released the following statement in support of our strong and vibrant Asian-American community. https://t.co/5pw9x…"
1240383925093978112,2020-03-18 21:05:47,"RT @GovSisolak: TY to grocery stores across NV for adjusting hours to accommodate seniors so they can shop as safely as possible. 

Muchas…"
1240324757699981312,2020-03-18 17:10:41,"RT @GovSisolak: In order for those who will need critical care to be able to receive it, we need to do our part to stay healthy &amp; keep our…"
1240324750167003141,2020-03-18 17:10:39,"RT @GovSisolak: Only essential services should remain open, such as fire, police, transit, &amp; health care services, in addition to businesse…"
1240324741002448897,2020-03-18 17:10:37,"RT @GovSisolak: Non-essential services like beauty &amp; barber shops, &amp; nail, tanning, &amp; waxing salons should close until further notice. Only…"
1240324734560043008,2020-03-18 17:10:35,"RT @GovSisolak: All gatherings should be postponed or canceled. This is not the time for sleepovers, playdates, concerts, theater outings,…"
1240324725072486405,2020-03-18 17:10:33,RT @GovSisolak: Many of you will not be in your office or at work over the next few weeks. This is not a vacation &amp; it’s not the time to ca…
1240324719158517760,2020-03-18 17:10:31,"RT @GovSisolak: Restaurants throughout NV, in addition to wineries, bars, &amp; breweries that include meals provided by a full kitchen, should…"
1240324710564384771,2020-03-18 17:10:29,"RT @GovSisolak: To summarize: I am telling nonessential businesses you have two choices: 

(1) Find a way to service your customers through…"
1240324702209363970,2020-03-18 17:10:27,"RT @GovSisolak: In consultation with Gaming Control Board Chair Sandra Douglass-Morgan, I announced that all gaming machines, devices, tabl…"
1240324694189826048,2020-03-18 17:10:25,RT @GovSisolak: We will ensure that there is as little disruption as possible to transportation &amp; the supply chain in Nevada during this ti…
1240324686312964097,2020-03-18 17:10:23,"RT @GovSisolak: I know there will be some who don’t agree with this decision. Some will think this is an overreaction. I want you to know,…"
1240324680340213760,2020-03-18 17:10:22,RT @GovSisolak: We know that more will need to be done at the federal level in addition to the Families First Act to get our economy back o…
1240324674594078721,2020-03-18 17:10:21,RT @GovSisolak: I ask all our businesses who must remain open to consider hiring those who will be out of work for the next few weeks. Deli…
1240324643593961472,2020-03-18 17:10:13,RT @GovSisolak: Please note that this is likely my last press conference in person to protect my staff &amp; members of the media. We will cont…
1240324636916584448,2020-03-18 17:10:12,"RT @GovSisolak: Let’s show the rest of the world our spirit, our sense of community, and our resolve to help each other and overcome obstac…"
1240324631656984577,2020-03-18 17:10:10,RT @GovSisolak: I know this directive will cause distress for many of us. But I ask you – what are you willing to do to save your own life…
1240102648025497602,2020-03-18 02:28:05,"RT @GovSisolak: Today, I took the necessary steps to date to try to mitigate this pandemic &amp; keep our community safe. Medical experts have…"
1240080856288387073,2020-03-18 01:01:30,"RT @GovSisolak: A livestream of our 6pm press conference updating the public on COVID-19 will be available at https://t.co/FJjpma0LfV. 

Ot…"
1240053058651869185,2020-03-17 23:11:02,"RT @GovSisolak: 🐣Childcare workers
🍽️Restaurant workers
🏪Retail workers
📬Postal workers
🚚Delivery workers
🚒Firefighters
⚕️EMTs
🍎Educators…"
1240053051009843200,2020-03-17 23:11:01,"RT @GovSisolak: Thank you to everyone doing their part to get us through each day:

🏥Public health workers
🧽Custodial workers
🍎Grocery stor…"
1239997213532553217,2020-03-17 19:29:08,"RT @GovSisolak: Nevadans without health insurance can now enroll through April 15, 2020.

I am calling on all uninsured Nevadans, even if y…"
1239927086749380609,2020-03-17 14:50:28,RT @DETRJobConnect: VIDEO ALERT 🎥: Newly-published: DETR instructional Unemployment Insurance (UI) video in English and Spanish about how t…
1239646405632745472,2020-03-16 20:15:09,"RT @GovSisolak: Please practice social distancing, avoid people who are sick, wash your hands often, and seek medical care if you do become…"
1239613621249835008,2020-03-16 18:04:52,"RT @GovSisolak: Today, I named two experienced communications officers, @MeghinDelaney (PIO) &amp; James Humm (Press Assistant), to the Nevada…"
1239437455583035394,2020-03-16 06:24:51,"RT @GovSisolak: After 1 October, Nevadans showed the Nation what it meant to stand together &amp; put our neighbors before ourselves. Tonight,…"
1239437447588720640,2020-03-16 06:24:49,"RT @GovSisolak: Our gov't leaders are working overtime for the benefit of all Nevadans. That includes @DiversifyNevada Director @MJBofNev,…"
1239437439481065472,2020-03-16 06:24:47,RT @GovSisolak: I also strongly encouraged our gaming properties to consider closing to the public if they determine that is the best way t…
1239437430203265026,2020-03-16 06:24:45,"RT @GovSisolak: ✅ Local gov'ts should enforce 50% or less capacity of any public gathering space presently allowed by fire marshals 

Fewer…"
1239437421542100993,2020-03-16 06:24:43,"RT @GovSisolak: ✅Older people, those with health conditions, &amp; other high-risk populations should stay at home &amp; avoid unnecessary contact…"
1239437413329616896,2020-03-16 06:24:41,"RT @GovSisolak: With that in mind, I issued the following directives:

✅Employees who can work from home should do so

✅Ill employees must…"
1239437403179417600,2020-03-16 06:24:39,RT @GovSisolak: Underlying these actions is an important precautionary act that has helped mitigate the spread of the virus in other states…
1239437395189211138,2020-03-16 06:24:37,"RT @GovSisolak: Lastly, we are instituting a hiring freeze &amp; encouraging State agencies to limit spending to essential, emergency purchases…"
1239437387375222784,2020-03-16 06:24:35,"RT @GovSisolak: And I am directing the closure of State offices to the public ASAP. For essential services (eg, unemployment ins, DMV, Medi…"
1239437379087335426,2020-03-16 06:24:33,"RT @GovSisolak: We are also putting in place measures to protect the health and safety of our state workforce, including issuing an emergen…"
1239437368555429889,2020-03-16 06:24:30,"RT @GovSisolak: I know many of you have heard that young people are low risk, but you can still be exposed to COVID-19 &amp; pass it on--to you…"
1239437360514961409,2020-03-16 06:24:29,"RT @GovSisolak: To ALL students: I grew up in Wisconsin where snow days were a time to goof off with friends. 

That is not what this is. T…"
1239437351794982912,2020-03-16 06:24:26,"RT @GovSisolak: For our students who rely on free and reduced food meal programs: those services WILL continue, and @NVAgriculture is worki…"
1239437343238602753,2020-03-16 06:24:24,"RT @GovSisolak: I also have a message for our school employees, who I know are experiencing a lot of uncertainty right now: you will contin…"
1239437304298713096,2020-03-16 06:24:15,"RT @GovSisolak: Tonight, I gave an update on our actions to protect Nevadans from the spread of COVID-19. The State, school and health dist…"
1239437287026503681,2020-03-16 06:24:11,"RT @GovSisolak: In the coming days, I will be consulting with legislative leaders &amp; others to begin to address the financial implications o…"
1239437278595907585,2020-03-16 06:24:09,RT @GovSisolak: We will undoubtedly face hardship. There will be a loss of income. Families &amp; individuals will be inconvenienced. I ask eve…
1239412229427974144,2020-03-16 04:44:37,"RT @GovSisolak: First, I want to say how proud I am of Nevada's frontline heroes: our health care workers, our police, fire, and ambulance…"
1239412218443124736,2020-03-16 04:44:34,"RT @GovSisolak: Our office communicated a lot of information to the public this evening, and I want to make sure all Nevadans got our messa…"
1239317248856051712,2020-03-15 22:27:12,RT @GovSisolak: NV schools may not reopen until the State Chief Medical Officer evaluates the public health risk &amp; determines when it is sa…
1239317240509390848,2020-03-15 22:27:10,"RT @GovSisolak: Today, in coordination with the Nevada Department of Education and district superintendents around Nevada, I have ordered a…"
1239306775641260033,2020-03-15 21:45:35,"RT @GovSisolak: You can file an unemployment claim 24/7 at https://t.co/BowVDAtfdp – the fastest way to file.
 
Starting tomorrow, @DETRJob…"
1238269609137934336,2020-03-13 01:04:15,"RT @GovSisolak: And we have created a website that provides a central, state-wide hub for individuals, businesses, &amp; organizations to acces…"
1238269602611621889,2020-03-13 01:04:13,"RT @GovSisolak: As part of our emergency declaration, I ordered the activation of the State Emergency Operations Center and our Nevada Heal…"
1238269593254113280,2020-03-13 01:04:11,"RT @GovSisolak: Today, I issued a declaration of emergency for the State of Nevada. This declaration will give our State additional tools a…"
1236773825498341376,2020-03-08 22:00:32,"RT @GovSisolak: Happy #InternationalWomensDay! Today, we celebrate the social, economic, cultural, &amp; political achievements of women all ar…"
1235647755575414784,2020-03-05 19:25:56,"RT @GovSisolak: This morning, the First Lady and I had a great time visiting Ann T. Lynch Elementary School and reading to a bright bunch o…"
1235310809749782528,2020-03-04 21:07:02,The @NevadaDMV is helping residents throughout the Silver State learn more about the requirements for Real ID. More details here: https://t.co/ENR5eU7mo3 https://t.co/6q615f73lS
1235030159306018820,2020-03-04 02:31:50,Getting ready for Knight Time!! #GoKnightsGo https://t.co/reREYXygJN
1235017119567351815,2020-03-04 01:40:01,The @goldenknights are taking on the @JerseyDevils tonight at the @TMobileArena Fortress! #GoKnightsGo and play #VegasStrong tonight. #VegasBorn
1234994469109256192,2020-03-04 00:10:01,@unevadareno's 2020 Northern Nevada Diversity Summit Speech Competition is around the corner. The top 3 finalists will receive financial awards! Click here to enter: https://t.co/oI2qbEsFGu https://t.co/cwtz3tOKk0
1234865369090797571,2020-03-03 15:37:01,"Congratulations to @CityofBoulderCityNV's Lexi Lagan, @Lagan1515, Gold Medal winner at the Olympic Trials in 25m Sport Pistol! Next stop, the Olympics in #Tokyo2020, where she's sure to make Nevada proud. #TeamLagan #TeamUSA https://t.co/CdV40M3k7n"
1234632078672760834,2020-03-03 00:10:00,Special thanks to the @CityofReno Clean and Safe Team for their hard work helping to keep Reno's streets safe for us all! https://t.co/ehcYxLQ0MM
1234502977949442051,2020-03-02 15:37:00,"Amazing work @CityofHenderson! Congratulations on receiving the prestigious Pioneer Award for Excellence, well deserved. https://t.co/Gez0X4hpvq"
1234269692463910918,2020-03-02 00:10:00,The Pacific Division leading @goldenknights are facing off against the @LAKings tonight at the @TMobileArena Fortress! #GoKnightsGo Make it 9 in a row! 💪#VegasBorn
1234179347587719173,2020-03-01 18:11:01,What a beautiful moment in @WashoeCounty! To learn more about local adoptions visit: https://t.co/ocMQ0k55I7 https://t.co/hQXsnOhk1a
1234149433220182017,2020-03-01 16:12:08,The @CityofReno's 2020 Corporate Challenge is right around the corner! Accept the Challenge and sign your team up today: https://t.co/QnIQvhScKo https://t.co/Y8pIoPWjrl
1233780973587902465,2020-02-29 15:48:01,"On March 14th, the Sons and Daughters of Erin, along with @CityofHenderson, will host the 50th Annual St. Patrick's Day Parade and Festival! Follow the link for more event details: https://t.co/oatqgNvLRZ https://t.co/dxSxemnd85"
1233626905418485761,2020-02-29 05:35:48,RT @GoldenKnights: EIGHT STRAIGHT WINS BABAY!!!!! https://t.co/b8ZxOiXViU
1233498865908711425,2020-02-28 21:07:01,New career opportunities available in @WashoeCounty! Visit the link to see if there's a job for you: https://t.co/jU6v9uz75M https://t.co/tik3aAMx95
1233182530679037954,2020-02-28 00:10:01,What an amazing and generous donation made to @UNLV by the San Manuel Band of Mission Indians! This gracious donation will go towards @UNLVLaw and @UNLVHospitality. https://t.co/FKh6Qjn66j
1233108460960534529,2020-02-27 19:15:41,My office is really enjoying the @krispykreme Donuts compliments of @GoldenKnights goalie Marc Andre Fleury 🌸. #GoKnightsGo #VegasBorn https://t.co/Cqj1k1DL9s
1232820140993056771,2020-02-27 00:10:00,Lovely seeing the @EastTechTitans visiting #BrookmanES for their #EducationProgram! The East Tech seniors taught lessons in literacy and math. These caring seniors have bright futures in education if they so choose. #FutureTeachers @ClarkCountySch https://t.co/2BK0PrZzLT
1232788937074257923,2020-02-26 22:06:01,"The @goldenknights are back at home vs. the @EdmontonOilers at the @TMobile Arena Fortress after a solid 6 wins in a row. Keep the streak alive, boys! #GoKnightsGo #vegasborn"
1232411700080541696,2020-02-25 21:07:01,Let's go @GoldenKnights! #VegasBorn #GoKnightsGo https://t.co/gkkKogACqg
1232372148385116162,2020-02-25 18:29:51,"Despite strong reforms, fundamental challenges with the caucus process remain. As we look ahead, we must further open up the process of selecting our nominee &amp; I intend to work with State Party &amp; legislative leaders to review how we could switch to an early presidential primary. https://t.co/MlXlp81L0Q"
1231456209175056384,2020-02-23 05:50:14,RT @GoldenKnights: FIVE 👏 WINS 👏 IN 👏 A 👏 ROW 👏👏👏 https://t.co/vAotgNi3VY
1231430453992677377,2020-02-23 04:07:53,RT @reviewjournal: UNLV led by as many as 14 points before holding off a late comeback effort by San Diego State and stunned the No. 4 Azte…
1231408436706852864,2020-02-23 02:40:24,"Thank you to @alanamounce, @ShelbyWiltz, Chair @WillMcCurdyII, and every @nvdems staffer &amp; volunteer! Even under mounting pressure, you accepted the challenge &amp; helped show the country what it means to be #BattleBorn. I can’t express just how proud I am."
1231373828141600769,2020-02-23 00:22:53,"Here's to another @goldenknights win tonight against the @FLAPanthers at the Fortress @TMobileArena! Make us proud, boys. #VegasBorn #GoKnightsGo"
1231313564662562817,2020-02-22 20:23:25,RT @JasonFrierson: The students at @RanchoRamsLV were incredible!  @SteveSisolak and I reminded them that students will be the most impacte…
1231313443518500864,2020-02-22 20:22:56,"Our last stop of the day before the #NevadaCaucus kicked off was Cheyenne High School! Thanks to all the volunteers, staff &amp; caucus participants! #FirstInTheWest https://t.co/qfGQqyeSmq"
1231306343555796992,2020-02-22 19:54:43,RT @cspanbus: Governor @SteveSisolak &amp; @JasonFrierson stop by Rancho High School with donuts for volunteers who helping in the Las Vegas Ca…
1231303921458532352,2020-02-22 19:45:06,RT @MaxMichor: Governor Sisolak stopped by Rancho High School to talk with voters before the caucuses here begin - there are 11 precincts r…
1231301599869276162,2020-02-22 19:35:52,...and we found the youngest student volunteer at the @RanchoRamsLV site! Thanks for all you do! https://t.co/lIgeH0ksum
1231301578985885696,2020-02-22 19:35:47,Speaker @JasonFrierson and I were blown away by the incredible students running the @RanchoRamsLV #NevadaCaucus site! Their engagement is a good reminder that Nevada’s future is bright! 😎 https://t.co/o8ENoHwC6b
1231289493124075521,2020-02-22 18:47:46,"Incredible energy in the @MandalayBay employee dining room only hours before the #NevadaCaucus is set to begin! Thank you to the staff, volunteers &amp; @Culinary226 for ensuring workers can make their voices heard! https://t.co/t9FUoA6ARy"
1231274515243552768,2020-02-22 17:48:15,First Stop of the day is the #NevadaCaucus site at Sierra Vista High School! Speaker @JasonFrierson and I are grateful we had the chance to thank the incredible volunteers! https://t.co/pqTBalDbK1
1231269718054424576,2020-02-22 17:29:11,"Speaker @JasonFrierson and I will be spending the next few hours visiting #NevadaCaucus sites throughout Clark County, so we decided to grab some breakfast at @StacksandYolks to make sure we’re energized &amp; ready to go! #FirstInTheWest https://t.co/egCgH8tupy"
1231267467290300416,2020-02-22 17:20:14,"Nevadans like Treasurer @ZConine are making sure Democrats across the Silver State have the chance to make their voices heard. Thank you, Zach! https://t.co/EZGSNAs2fA"
1231260138691891207,2020-02-22 16:51:07,RT @nvdems: Our team across the state is working to make sure Nevada Democrats have the correct information they need to participate in the…
1231257454526119937,2020-02-22 16:40:27,"RT @CNN: Nevada Governor @SteveSisolak tells @VictorBlackwell his state should be first in the primary process.
""We've got all of these com…"
1231245971847143424,2020-02-22 15:54:49,"RT @nvdems: ☀️ Good morning, Nevada Democrats -- today’s the day!

A few reminders:

1. Caucus check-in opens at 10 am PT
2. You MUST be in…"
1231240714433884160,2020-02-22 15:33:56,"Happy Caucus Day, Nevada! If you haven’t already early voted, today is the day to make your voice heard as a #FirstInTheWest voter! Find your caucus location by visiting https://t.co/fBU0UCSFFl"
1231042644924489729,2020-02-22 02:26:52,It was a pleasure joining @AFSCME members and President Lee Saunders at Doña Maria Tamales in Vegas to pump up hard-working Nevadans to vote in tomorrow’s Caucus! Visit https://t.co/QBw4T6Q1ZF to find out where you can Caucus tomorrow! https://t.co/eFFJqO4SAl
1230937251489533952,2020-02-21 19:28:05,Tune in to to @MSNBC NOW where I’ll be on shortly with @KatyTurNBC LIVE from the Strip talking about the Caucus on Saturday!
1230728443597221888,2020-02-21 05:38:21,RT @GoldenKnights: NOW IT’S A PARTY 🥳🥳 #VegasBorn https://t.co/EqovhwZw9j
1230645811714850819,2020-02-21 00:10:00,#GoKnightsGo and beat the @TBLightning! The @goldenknights are on a winning streak - let's keep the momentum going and rock the Fortress @TmobileArena tonight. #VegasBorn
1230561005941321729,2020-02-20 18:33:01,Want a chance to win free tix to the March 1 @GoldenKnights game? @RTCSNV is giving away two choice seats! Check here to see how to enter: https://t.co/mGnCGm8X9G
1230363458367107073,2020-02-20 05:28:02,"I want to thank @NVDems staff, Chair @WillMcCurdyII, &amp; all the volunteers for doing an amazing job helping make our historic early vote &amp; this presidential debate a resounding success. Also, thank you to @SenatorReid for building the best state party operation in the country!"
1230348061886447616,2020-02-20 04:26:51,"It was great watching our presidential candidates speak passionately about their plans for the future of our country &amp; getting back to the kitchen table issues we all care about, like health care and the economy. NV Democrats: remember to caucus on 2/22 if you haven't yet voted! https://t.co/6cvBh2Nsuv"
1230315654298750976,2020-02-20 02:18:04,RT @nvdems: .@SteveSisolak got a standing ovation while taking the stage at the #DemDemate pre-program!  He shouts out the incredible volun…
1230315478569979905,2020-02-20 02:17:22,"The First Lady &amp; I are excited to watch the #FirstInTheWest presidential debate at @ParisVegas! We’re not just the first Western state to vote--we’re the first state that reflects the diversity of America. Good luck to all the candidates, and remember, it’s Nev-AD-a! #WeMatter"
1230299271955537920,2020-02-20 01:12:58,"It was a pleasure joining @Chispa_NV, @NVConservation, &amp; @LCVoters to talk about the importance of stopping climate change for both our current &amp; future generations. I'm proud that NV is doing its part to reduce emissions &amp; make sure we don't lose what makes this State home. https://t.co/083kaI0uDV"
1230274364542726144,2020-02-19 23:34:00,The @WashoeCounty Commissioners are making great strides with the approval of donations and special district funds for community projects. https://t.co/zDVQiTvII3 https://t.co/8XdfldpgHJ
1230183518334078976,2020-02-19 17:33:01,Amazing! @ClarkCountyNV approved a 5.5 mile trail linking @RedRockCynLV to @summerlinlv. This trail will finally provide a safe route to and from Red Rock for bicyclists and pedestrians https://t.co/7xFv8JKhwP
1230180299033604096,2020-02-19 17:20:13,"RT @GovSisolak: Happy Birthday to my wonderful wife, First Lady Kathy Sisolak! I couldn't have asked for a better partner during this first…"
1229996996087300096,2020-02-19 05:11:50,"Early vote for the #FirstInTheWest caucus is complete! Thank you to every Nevadan who voted, volunteered &amp; worked hard to make this a success. If you didn’t get to vote early, remember to Caucus on Saturday! https://t.co/fBU0UCSFFl https://t.co/jFuudt6h5t"
1229924266314850304,2020-02-19 00:22:50,RT @GovSisolak: Had a great time visiting @CodeCoffeeUSA in Reno. This creative &amp; inspiring coffee shop is dedicated to bringing the commun…
1229917957792333829,2020-02-18 23:57:46,"It was a pleasure joining students, faculty, staff, and members of the community at @unevadareno to highlight the LAST opportunity for Democrats to early vote before Caucus Day on Saturday. Check https://t.co/xftXlbfhhW for voting locations and hours! https://t.co/4MXueGTBPb"
1229853433739567106,2020-02-18 19:41:22,My other daughter caucused early at Culinary Headquarters. The line is moving very quickly. Tremendous turnout. The volunteers and staff should give us all hope. https://t.co/B37WZnwGTe
1229836782621118464,2020-02-18 18:35:12,My daughter caucused early this morning at Palo Verde HS. Great turnout. The best volunteers and staff anyone could ever hope for. Thank you! https://t.co/yhVbTKq0Pv
1229587679169392640,2020-02-18 02:05:22,RT @GoldenKnights: THAT’S THREE IN A ROW 👏 👏 👏 #VegasBorn https://t.co/y9cjfmd69T
1229566788217733120,2020-02-18 00:42:21,Stopped by 'The Joe' @unevadareno. Nice steady line and great volunteers. Thank you for all your efforts!! https://t.co/4tTJambj7T
1229547911156883456,2020-02-17 23:27:20,Huge turnout at Washoe Democratic site this afternoon.  Been busy all day. People are so patient and kind. Tremendous group of volunteers and staff. Thank you!! https://t.co/1nW0FgzHVm
1229507161111384065,2020-02-17 20:45:25,The @goldenknights are taking on the @capitals today in a President's Day matinee game at @TMobileArena! Let's go for three in a row boys. #GoKnightsGo #VegasBorn
1229459186225905665,2020-02-17 17:34:46,My 93 year old mom went to caucus early and express her preference this weekend. Thank you so much to all of the Democratic staff and volunteers for being so kind and patient. You’re all the best!! https://t.co/LqeMMC5ISF
1228927395807318016,2020-02-16 06:21:38,"RT @GoldenKnights: VICT🍩RY!!!!!!!!!!!!

#VegasBorn https://t.co/MuHUo0KQMv"
1228907290683756544,2020-02-16 05:01:44,"It was great joining our presidential candidates, elected leaders, volunteers, &amp; other supporters as part of the @ClarkDems' Kick-Off to Caucus Gala! TY to everyone, especially local &amp; State parties, for promoting the importance of participation &amp; fighting for Democratic values! https://t.co/BZ6MT6mzZA"
1228870067397500928,2020-02-16 02:33:50,"#GoKnightsGo and beat the @NYIslanders! Play strong and make us proud. To all the @goldenknights fans, let's cheer our boys on at the Fortress. #VegasBorn"
1228824021514452992,2020-02-15 23:30:51,"Not currently registered as a Democrat, but want to vote for your favorite candidate? No problem. Same-day registration is available at every voting site!"
1228771385109028864,2020-02-15 20:01:42,All done! https://t.co/Xux5uXBDiv
1228761487013031936,2020-02-15 19:22:22,Kathy and I are working our way through the line at @thecenterlv where early voting for the #FirstInTheWest Caucus has begun! Easy process thanks to great volunteers! https://t.co/Nqhr3CwyR1
1228725866190004224,2020-02-15 17:00:49,"Starting TODAY thru Feb. 18, NV Democrats will be able to vote early at any location within their county! Click the link to find which of the 80+ locations statewide is the best site for you to caucus early: https://t.co/HeMIGlvgaA"
1228494114116767744,2020-02-15 01:39:55,"Check out the below video for helpful information on Early Vote for the Democratic Caucus!

✅ Early Vote is Sat, Feb 15 - Tues, Feb 18

✅ More than 80 early vote locations. Vote at ANY early vote site in your county!

✅ Days and hours at https://t.co/aJdP1CQUh1 https://t.co/Un0b7gj5V6"
1228461505890463745,2020-02-14 23:30:21,FUN FACT FRIDAY: The @nvdems made history as the first &amp; only caucus state to expand upon Caucus Day by including 4 days of in-person early voting (2/15-2/18) to accommodate those unable to attend on Feb. 22! Make a plan to early vote by visiting https://t.co/HeMIGlvgaA
1228376327759200258,2020-02-14 17:51:53,"Let me be clear: members of @Culinary226 are part of our NV family &amp; the fabric of our great State. I stand in solidarity with Culinary members, Local 226 staff, their families, &amp; the working class values they represent and fight for."
1228367241659453441,2020-02-14 17:15:47,"Early voting for the #FirstInTheWest Democratic Caucus officially begins tomorrow, Saturday 2/15/20!"
1228214597871517696,2020-02-14 07:09:13,"RT @GoldenKnights: YES YES YES YES YES YES YES

#VegasBorn https://t.co/gXDgpOIkIw"
1228105506272763904,2020-02-13 23:55:44,The @goldenknights are facing off against the @StLouisBlues tonight at @TMobileArena! Let's show the Blues the power of the #VGK fans and the strength of the Fortress. #GoKnightsGo #VegasBorn
1228080368286420997,2020-02-13 22:15:51,The early vote period for Nevada's 2020 #FirstInTheWest Caucus will run from February 15 – February 18 and Caucus Day is February 22! Click the link to find your closest early vote site or your precinct’s Caucus Day location. https://t.co/HeMIGlvgaA
1228016160341479424,2020-02-13 18:00:42,Just spoke to one of our great caucus volunteers. She said the training last night was great. Very well presented. Thank you to all of our incredible volunteers and staff. You're the best.
1228004837490614273,2020-02-13 17:15:43,Make a plan to vote early in Nevada's #FirstInTheWest Democratic Caucus! Visit https://t.co/HeMIGlvgaA to find your closest early vote site.
1227749583226392578,2020-02-13 00:21:25,.@NevadaHoops goes up against @TheRunninRebels tonight @ThomasAndMack. Best of luck to both the teams. #BattleBorn // #BeARebel
1227290560454647808,2020-02-11 17:57:26,It's #KnightTime in St. Paul! The @goldenknights are on the road again and taking on the @MNWild tonight. We're cheering for a #VGK victory! #GoKnightsGo #VegasBorn
1226307440678846464,2020-02-09 00:50:52,RT @GoldenKnights: Attire for the evening 👌 https://t.co/xMdP8SPAWN
1226251105958494213,2020-02-08 21:07:00,"The @goldenknights are FINALLY back home, ready to take on the @NHLCanes tonight @TMobileArena! Let's give the boys a proud welcome home and show the Hurricanes how we do it at the Fortress. #GoKnightsGo #VegasBorn"
1226174082565234688,2020-02-08 16:00:57,"This morning I met with my fellow @DemGovs to talk about how, despite the gridlock in DC, our States have led on health care, climate &amp; energy, &amp; K-12 education. We've got a lot more work to do back home, but we are laser-focused on delivering results for NV families!"
1226162946390163456,2020-02-08 15:16:42,"Today I joined @DemGovs, including NJ @GovMurphy, @GovofCO Polis, &amp; @OregonGovBrown, for a press conference to discuss how our States have led by example to make people's lives better, investing in schools &amp; workforce training &amp; promoting access to affordable health care. https://t.co/ekAYpFmN4f"
1225615303591153664,2020-02-07 03:00:33,"RT @GoldenKnights: What a KNIGHT!!! 

#VegasBorn https://t.co/JrVSFZOzsJ"
1225534274578911236,2020-02-06 21:38:35,"RT @GoldenKnights: @TheAHL Bill Foley: “By every relevant metric, the growth of the game here the last few years at all levels has been rem…"
1225534263778533386,2020-02-06 21:38:32,"RT @GoldenKnights: Went shopping for socks and a few groceries today....

Ended up splurging on an @TheAHL franchise ¯\_(ツ)_/¯ 

(pending a…"
1225526036357623826,2020-02-06 21:05:50,The @goldenknights are facing off against the @FLAPanthers tonight for their last away game before they bring it home to the Fortress @TmobileArena this Saturday. Let's cheer 'em on! #GoKnightsGo #VegasBorn
1224835110115016704,2020-02-04 23:20:21,The @goldenknights are going for three in a row tonight against the @tblightning! Let's show them how it's done boys! #GoKnightsGo #VegasBorn
1224830468400369664,2020-02-04 23:01:54,Today from 3-7pm @WashoeCounty Animal Services will hold their monthly low cost vaccination clinic. More details here: https://t.co/NmW9LMr6Xv
1224815789808570369,2020-02-04 22:03:34,"I am confident in the Nevada State Democratic Party, and I trust they will execute a successful caucus on February 22nd."
1224103160265883653,2020-02-02 22:51:50,Just saw the 'Only Happens Here' commercial in the @SuperBowl Pregame. Nice work @LVCVA!! #SuperBowl https://t.co/iegacuoI2J
1223812511696211973,2020-02-02 03:36:54,Big win by the @goldenknights! #GoKnightsGo #VegasBorn https://t.co/WlpWKx6ZXQ
1223804185528848384,2020-02-02 03:03:49,The @nvdems organizers &amp; volunteers have a national reputation for being the best...bc they are the BEST! I'm grateful I had the chance to thank everyone for their hard work as we get closer to the #NVCaucus! https://t.co/g06os2CMEZ
1223748292569251840,2020-02-01 23:21:43,Let's cheer on the @GoldenKnights to another victory tonight against the @PredsNHL and keep the momentum going from the last game! #GoKnightsGo #VegasBorn
1223714393877372930,2020-02-01 21:07:01,The Reno/Tahoe Senior Games kicked off yesterday! Best of luck to all the participants. Find out more about the events here: https://t.co/6eP9Z3lKgy #Never2Old4Gold @CityofReno https://t.co/VJIBtm7VJm
1223447275667480576,2020-02-01 03:25:35,"RT @GoldenKnights: rock em like a hurricane 🤘

https://t.co/Ed6P06dz4J"
1223352002903789570,2020-01-31 21:07:00,"The @goldenknights are in North Carolina tonight taking on the @NHLCanes. Let's get it done, boys! #GoKnightsGo #VegasStrong"
1223271721626673152,2020-01-31 15:48:00,"In February, @SmithCenterLV is hosting what promises to be an amazing acoustic set by legendary country star @TravisTritt! Get more info here: https://t.co/xrIoVOO7sQ https://t.co/3q3QHAQ3qL"
1223121733927878658,2020-01-31 05:52:00,"Tax season, it's unavoidable! @NVlawlib and Nevada Free Taxes Coalition are partnering up to host FREE tax prep services for people with incomes under $59,000. Help is available at 309 S. 3rd St. from 10am-2pm every Thursday, from January 30 through April 9. https://t.co/uUXvDwEmbW"
1223068454959271936,2020-01-31 02:20:17,"RT @GovSisolak: Today, First Lady Kathy Sisolak, attended the @American_Heart Go Red for Women event at @unrmed to spread awareness about h…"
1222627229282205696,2020-01-29 21:07:01,.@CityofReno do you know someone who makes you proud to call Reno home? Nominate someone for the Citizen Recognition Program to celebrate their exemplary citizenship! https://t.co/qk9TR6cDGw https://t.co/lpILxyK0yW
1222310894107090945,2020-01-29 00:10:01,"Great to see @ClarkCountySch preparing our students for success! According to @LVGEA, 96,000 new, sustainable jobs will come on line in the Las Vegas valley over the next five years. https://t.co/nVQV8Bdep8"
1222255780293943296,2020-01-28 20:31:01,Friendly advice for all of our visiting candidates. https://t.co/bc4mUUAAFM
1222241239480668160,2020-01-28 19:33:14,RT @GovSisolak: It was a pleasure visiting @NevadaDMV staff to thank them for all their hard work in reducing wait times by a whopping 42 p…
1221902450086555650,2020-01-27 21:07:00,#ElectionDay will be here sooner than we think! Follow the link to see how you can #AdoptAPoll https://t.co/GyEnufyZ16 https://t.co/PHGX4UjmAR
1221552893376913408,2020-01-26 21:57:59,"RT @GovSisolak: It was heartbreaking to learn of the tragic helicopter crash in CA that took the lives of 5 individuals, including Kobe Bry…"
1221297594409734144,2020-01-26 05:03:31,"RT @RonFutrell: Hey, @ChanceNHL scores a goal in the mascots game at the #NHLAllStar game. #VGK #VegasBorn @GoldenKnights @SinBinVegas http…"
1221177673709387784,2020-01-25 21:07:00,Wow! Wonderful to see the @Raiders making such an impact on Las Vegas and @ClarkCountySch already! Thank you for your generosity - we're so excited to have you. https://t.co/SO7ceK38Qp
1221176958127489024,2020-01-25 21:04:09,RT @reviewjournal: The average DMV wait time had a nice little drop from 69 minutes in the last quarter of 2018 to 40 minutes in that same…
1221094053401378818,2020-01-25 15:34:43,"RT @GovSisolak: Kathy and I wish everyone a Happy Chinese New Year! May this year bring you joy, peace, longevity, prosperity and love. #CN…"
1221092897153355776,2020-01-25 15:30:08,RT @GoldenKnights: Marc-Andre Fleury: officially the goalie of the decade in the @NHL! 🌸 👏 😄 https://t.co/f33ie2F9Fo
1220861340283219978,2020-01-25 00:10:00,"The @NFLDraft is going to be amazing. There is truly no place like Las Vegas. What Happens Here, Only Happens Here! #NFLDraft2020 https://t.co/123l142ml1"
1220815286326132736,2020-01-24 21:07:00,.@CityofReno always finds ways to better the community. Take their quick survey to help identify priority areas for new affordable housing. https://t.co/uDMU3oCTq4 https://t.co/EK0t3YdwEN
1220759374932480000,2020-01-24 17:24:50,"RT @GovSisolak: Way to go, Lt. Schumacher! You’re an inspiration to women and girls everywhere, and I’m so proud that the @NVNationalGuard…"
1220452901241479172,2020-01-23 21:07:01,Congratulations to the @UNLVCheer team on their National Championship Win! #GoRebels https://t.co/T6Ftjxr7p2
1220168020317757441,2020-01-23 02:15:00,RT @GovSisolak: It was a pleasure joining @stratvegas for their official rebranding and ribbon cutting ceremony after a $140 million upgrad…
1220135395846836225,2020-01-23 00:05:22,"RT @GovSisolak: The Las Vegas @Raiders made another surprise announcement today: a $500,000 contribution to pay off school lunch debt and t…"
1220135065717395456,2020-01-23 00:04:03,"RT @GovSisolak: Today, I joined the @Raiders at @AllegiantStadm as they announced their official name change to the #LasVegasRaiders! It wa…"
1219728123274637312,2020-01-21 21:07:00,The @goldenknights are taking on the @NHLBruins in Boston tonight! Play hard boys and let's get that W. #GoKnightsGo #VegasBorn
1219646084668166151,2020-01-21 15:41:01,"Today! Calling all senior pet owners 60+ w/ Nevada ID 8am at Washoe County Senior center, Animal Services will be providing FREE pet food. https://t.co/dPMOCXv6bQ"
1219497855058137088,2020-01-21 05:52:00,I love the mission of the #GoTrueBlue campaign created by @LVMPDFoundation! This effort aims to recognize and support @LVMPD officers. Thank you all for your service! https://t.co/OpUS39JSIb
1219060402958430208,2020-01-20 00:53:43,RT @GovSisolak: Kathy and I send our heartfelt sympathies to the friends and family of these two courageous @honolulupolice officers as wel…
1218007685066448897,2020-01-17 03:10:36,"RT @GoldenKnights: V

I

C

T

O

R

Y https://t.co/JJ5Zwc4qnf"
1217886979301371904,2020-01-16 19:10:57,Thank you Coach Gerald Gallant for leading the @GoldenKnights the last two and a half seasons; we wish you all the best! Now let's play hard against the @Senators tonight. #GoKnightsGo #VegasBorn
1217473517572296709,2020-01-15 15:48:00,Is there a small business in town that you feel embodies the spirit of @CityofReno? Follow the link to nominate a local business you feel deserves recognition. https://t.co/hhkt39mEaO https://t.co/zunumLg7xT
1217237463745417221,2020-01-15 00:10:01,"City of Henderson Employee Matt Buckles is a great example for us all! Thank you, Matt, for keeping Henderson clean - and safe too. https://t.co/98hKidOeUY"
1217152067799789569,2020-01-14 18:30:41,"It's #KnightTime in Buffalo! The @goldenknights are on the road for nearly a month, starting tonight against the @BuffaloSabres! Let's cheer for a #VGK victory! #GoKnightsGo #VegasBorn"
1216192779098832897,2020-01-12 02:58:48,Just arrived at the Fortress for tonight's @GoldenKnights game against the @BlueJacketsNHL #GoKnightsGo #VegasBorn https://t.co/59K3xalbpD
1215655541084696581,2020-01-10 15:24:01,New job opportunities available in @washoecounty! Check out the link for more details on open positions: https://t.co/jU6v9uz75M https://t.co/q3IuSUpIyj
1215435973279879170,2020-01-10 00:51:32,The @GoldenKnights are facing off against the @LAKings tonight @TmobileArena! Let's get out there and #BeatLA. #GoKnightsGo #VegasBorn
1215353298984849408,2020-01-09 19:23:01,Great things happening @washoecounty to reduce jail populations and improve the lives of vets. Read more here: https://t.co/d1bKSZTceg https://t.co/uCUoqZmmSS
1214975557668093952,2020-01-08 18:22:00,"Getting ready for college? Next week, @CSNCoyote will be hosting a FAFSA workshop to help prospective students and families. More details here: https://t.co/xtQ5oGEoh1 https://t.co/fR7ELHqVcS"
1214688415679205378,2020-01-07 23:21:00,So much hard work went into creating the beautiful firework show on the #lasvegasstrip on NYE. Thanks to the Grucci team for your efforts to make the holiday that much more special! https://t.co/GDgYzCzOLq
1214680231476228096,2020-01-07 22:48:29,"RT @GovSisolak: From Fallon, to Ely, to Alamo, it was truly humbling to reflect on the past year &amp; meet with NV leaders &amp; citizens to discu…"
1214680213927317504,2020-01-07 22:48:25,"RT @GovSisolak: Prior to inauguration, Kathy &amp; I toured rural NV, and we couldn’t think of a better way to celebrate the 1st year in office…"
1214680189768060929,2020-01-07 22:48:19,"RT @GovSisolak: Today marks the 1-year anniversary since I became NV's Governor. On behalf of myself, the First Lady, &amp; our family, we want…"
1214637914241417216,2020-01-07 20:00:20,The @penguins are no match for the @goldenknights with the #FortressFanatics bringing the noise! Let's get it done boys. #GoKnightsGo #VegasBorn
1214007531598569472,2020-01-06 02:15:25,Thanks @GoldenKnights and @ChanceNHL for visiting and for stopping by the Governor's mansion to say hello. #GoKnightsGo #VegasBorn https://t.co/XOP7mCRn4s
1213976152923983875,2020-01-06 00:10:44,"RT @GovSisolak: One of the most awe-inspiring places in all of NV: Cathedral Gorge State Park, Nevada's so-called “best-kept secret.” Betwe…"
1213622813514330113,2020-01-05 00:46:41,RT @GovSisolak: It was wonderful being able to visit the Ely home in which Kathy’s family was living when she was born. Her family would la…
1213610864634290177,2020-01-04 23:59:12,".@GoldenKnights 
W
I
N
#GoKnightsGo #VegasBorn https://t.co/3IfPw6wxgE"
1213524429898166274,2020-01-04 18:15:44,The @goldenknights are battling the @StLouisBlues tonight at @TMobileArena! Thursday night's win assured the #VGK with the best record at the halfway point; head coach Gerard Gallant will be the coach of the Pacific Division All-Stars. #FirstPlace #GoKnightsGo #VegasBorn
1213251194493263872,2020-01-04 00:10:00,This Friday and Saturday the Fortress Invitational makes way to @TMobileArena! Get an inside look @GoldenKnights prospect Jack Dugan and others from the participating schools. https://t.co/S7jg53CaQk
1213148930227064832,2020-01-03 17:23:38,"RT @GoldenKnights: Gerard Gallant is an ALL-STAR!!!

Congrats, Coach 🤩👏

#VegasBorn | #NHLAllStar 

https://t.co/sEgLaejDeT"
1213146659720515584,2020-01-03 17:14:37,Be sure to tune in today at 12:30 pm to watch @NevadaWolfPack play for the 3rd time at the Famous Idaho Potato Bowl. Let’s go pack! #UNR #Wolfpack #PotatoBowl https://t.co/yTLYA8oDrn
1213102271354957824,2020-01-03 14:18:14,The @GoldenKnights starting 2020 off with a hard fought victory over the @NHLFlyers! #GoKnightsGo #VegasBorn https://t.co/bIUB7yL6oc
1212857388375654400,2020-01-02 22:05:09,The @goldenknights are taking on the @NHLFlyers tonight at the @TmobileArena Fortress! Play hard and make us proud. #GoKnightsGo #VegasBorn
1212759957398884352,2020-01-02 15:38:00,Not sure where to take your Christmas tree in Reno? Recycle it with @ktmbeautiful now until January 7th. Follow the link to find your drop off location: https://t.co/EAncSobQ0R https://t.co/2rJKRs20FO
1212403100771741696,2020-01-01 15:59:59,"RT @GovSisolak: Happy New Year, Nevada! It has been the honor of my lifetime representing each and every one of you this past year. Let’s k…"
